item_code,item_name,famille,sous_famille,sous_famille_code,nouveau_code,nouvelle_description
312005081,STEAMCARE 619 MAKE: INDIGO,CS,CS-GC,GC,CS-GC-STM-001,
100800011,TRANSFORMER BK-1500 ARA-2J2L/B,EL,EL-DI,DI,EL-DI-015-001,"DISJONCTEUR [Type: [VIDE,BAIN D'HUILE,GAZ,MOTEUR,MANETTE]  [Calibre/A] [Tension/Volt][Nbr Pôles] [Fabricant]"
100800012,SILICON CONTROL SSR-25 VA ARA-2J2L/B,EL,EL-CO,CO,EL-CO-025-001,CONTACTEUR [Intensité/A] BOBINE [Tension/V] [Nbr Contacts NO/NF]
100800013,CIRCUIT BOARD AMP-2 ARA-2J2L/B,EE,EE-CA,CA,EE-CA-AMP-001,CARTE ELECTRONIQUE [Fonction/Usage] [Réf Modèle] [Constructeur]
100800014,PLC (FX2N - 2DA) ARA-2J2L/B,EE,EE-AU,AU,EE-AU-2DA-001,AUTOMATE PLC [Série/Modèle] [Configuration E/S] [Alimentation]
100800015,PLC (FX2N-4AD) ARA-2J2L/B,EE,EE-AU,AU,EE-AU-4AD-001,AUTOMATE PLC [Série/Modèle] [Configuration E/S] [Alimentation]
100800016,PROPORTIONAL VALVEG03-125-2-20 ARA-2J2L/B,PN,PN-EV,EV,PN-EV-PRO-001,"ELECTROVANNE PNEU [Fonction: 5/2, 3/2] [Filetage] [Tension Commande]"
100800017,HYDRAULIC HOSE (ARA-2J2L/B) ARA-2J2L/B,HY,HY-FL,FL,HY-FL-HYD-001,FLEXIBLE HYDRAULIQUE [type: DN[Diamètre Ø int ] L=[Longueur] [Embouts]
100800018,REXROTH ELECTROMAGNETIC VALVE (082002302624DV),PN,PN-EV,EV,PN-EV-REX-001,"ELECTROVANNE PNEU [Fonction: 5/2, 3/2] [Filetage] [Tension Commande]"
100800019,SEAL FOR CLOSING CYLINDER (ARA (ARA 2J2L/B),ME,ME-JO,JO,ME-JO-PST-001,JOINT [Type: SPI/O-RING/LEVRE] [Dimensions: IntXExtXEp] [Matière: NBR/FKM]
100800020,SEAL FOR SHAFT CYLINDER (ARA 2 (ARA 2J2L/B),ME,ME-JO,JO,ME-JO-RDS-001,JOINT [Type: SPI/O-RING/LEVRE] [Dimensions: IntXExtXEp] [Matière: NBR/FKM]
100800021,SEAL FOR NEEDLE CYLINDER (ARA (ARA 2J2L/B),ME,ME-JO,JO,ME-JO-NDL-001,JOINT [Type: SPI/O-RING/LEVRE] [Dimensions: IntXExtXEp] [Matière: NBR/FKM]
100800024,SWITCH OF PLASTIC MACHINE (ARA 2J2L/B),EE,EE-CP,CP,EE-CP-SWI-001,CAPTEUR [Type: PROXIMITE/PHOTO] [Signal: PNP/NPN/TOR] [Raccordement]
100800026,LIGHT OPERATED SWITCH OF LEAK TESTING MACHINE - CNXDND,EE,EE-CP,CP,EE-CP-LIG-001,CAPTEUR [Type: PROXIMITE/PHOTO] [Signal: PNP/NPN/TOR] [Raccordement]
100800027,SENSORS SDP2000-C (ARA - 2J2L/B),EE,EE-CP,CP,EE-CP-SEN-001,CAPTEUR [Type: PROXIMITE/PHOTO] [Signal: PNP/NPN/TOR] [Raccordement]
100800029,SOLENOID OF LEAK TESTING M/C S SMC,PN,PN-EV,EV,PN-EV-SOL-001,"ELECTROVANNE PNEU [Fonction: 5/2, 3/2] [Filetage] [Tension Commande]"
100800031,JOINT OF THE CYLINDER ASL6-01,ME,ME-JO,JO,ME-JO-CYL-001,JOINT [Type: SPI/O-RING/LEVRE] [Dimensions: IntXExtXEp] [Matière: NBR/FKM]
100800032,CYLINDER -LEAK TESTING MA25-50 MA25*50-S-U,HY,HY-VE,VE,HY-VE-025-001,VERIN HYDRAULIQUE [Type] Ø[Piston]/Ø[Tige]X[Course] [Pression Max]
100800033,CYLINDER -LEAK TESTING MA20-75 MA20*75-S-U,HY,HY-VE,VE,HY-VE-020-001,VERIN HYDRAULIQUE [Type] Ø[Piston]/Ø[Tige]X[Course] [Pression Max]
100800041,RELAY OF THE CHILLER MK2P-I,EL,EL-RE,RE,EL-RE-REL-001,RELAIS [Type: EMBROCHABLE/STAT] BOBINE [Tension/V] [Nbr Contacts]
100800043,DISCHARGE VALVE FPR KAISHAN,PN,PN-CO,CO,PN-CO-DIS-001,COMPRESSEUR AIR [Puissance/kW] [Débit] [Capacité Cuve/L] [Pression]
100800054,OIL RETURN SINGLE DIRECTION VA,CS,CS-GC,GC,CS-GC-OIL-001,
100800069,AIR FILTER ELEMENT T,HY,HY-FI,FI,HY-FI-AIR-001,FILTRE HYDRAULIQUE [Type: RETOUR/ASP] [Seuil/µm] [Raccordement/Débit]
100800071,COIL HEATER 22 MM OD FOR 1 LIT PET MOULD,CS,CS-GC,GC,CS-GC-022-001,
100800076,HEAT EXCHANGER FOR PARISON PUMP TANK,HY,HY-PO,PO,HY-PO-HEA-001,POMPE HYDRAULIQUE [Type:volumetrique/Turbo pompe] [Cylindrée] [Pression Max][type de liquide]
100800078,U SEAL 53x63x6.5,ME,ME-JO,JO,ME-JO-053-001,JOINT [Type: SPI/O-RING/LEVRE] [Dimensions: IntXExtXEp] [Matière: NBR/FKM]
100800083,RELAY OF THE CHILLER XJ3-G,EL,EL-RE,RE,EL-RE-REL-002,RELAIS [Type: EMBROCHABLE/STAT] BOBINE [Tension/V] [Nbr Contacts]
100800093,RETURN LINE FILTER D332-186 WI,HY,HY-FI,FI,HY-FI-RET-001,FILTRE HYDRAULIQUE [Type: RETOUR/ASP] [Seuil/µm] [Raccordement/Débit]
100800096,2FT*2FT TUBLIGHT FIXTURE 4*20W 220 AC FALSECEILING FIXTURE FOR CLEAN ROOMS LIGHTING,SE,SE-EC,EC,SE-EC-004-001,ECLAIRAGE [Type: LED/Halogènes] [Puissance/W] [Tension/V]
100800097,REXROTH  AC DRIVE B011-15K0-3P 4-MN4 FRENQUENCY CONVERTER FB ARA 8,IN,IN-VA,VA,IN-VA-REX-001,"VARIATEUR VITESSE [Type: MONO, TRIPHASE] [Puissance/kW]  [Mode: Réseau/Simple][Fabricant]"
100800101,"CYLINDER HEATER BAND K07-1 (W1000, V230) - TAV 8A",HY,HY-VE,VE,HY-VE-CYL-001,VERIN HYDRAULIQUE [Type] Ø[Piston]/Ø[Tige]X[Course] [Pression Max]
100800102,"CYLINDER HEATER BAND K07-2 (W1000, V230) - TAV 8A",HY,HY-VE,VE,HY-VE-CYL-002,VERIN HYDRAULIQUE [Type] Ø[Piston]/Ø[Tige]X[Course] [Pression Max]
100800104,"CYLINDER HEATER BAND ASSBLY  WITH FAN (REF.6, TAV-8)",HY,HY-VE,VE,HY-VE-CYL-003,VERIN HYDRAULIQUE [Type] Ø[Piston]/Ø[Tige]X[Course] [Pression Max]
100800105,EXTRUDER CYLINDER COOLING FAN (U112),HY,HY-VE,VE,HY-VE-CYL-004,VERIN HYDRAULIQUE [Type] Ø[Piston]/Ø[Tige]X[Course] [Pression Max]
100800106,THERMOCOUPLE FOR EXTRUDER CYLI CYLINDER (TAV 8),HY,HY-VE,VE,HY-VE-CYL-005,VERIN HYDRAULIQUE [Type] Ø[Piston]/Ø[Tige]X[Course] [Pression Max]
100800117,THERMOCOUPLE FOR DIE (TAV16) TAV 16,IN,IN-TH,TH,IN-TH-THE-001,THERMOCOUPLE [Type: K/J/T] [Longueur Gaine] [Raccordement]
100800118,THERMOCOUPLE FOR HEAD (TAV16) TAV 16,IN,IN-TH,TH,IN-TH-THE-002,THERMOCOUPLE [Type: K/J/T] [Longueur Gaine] [Raccordement]
100800119,BLOW SOLENOID VALVE A7166 CYBERMATIC -A7166,PN,PN-EV,EV,PN-EV-BLO-001,"ELECTROVANNE PNEU [Fonction: 5/2, 3/2] [Filetage] [Tension Commande]"
100800120,COOLING SOLENOID VALVE A7166 CYBERMATIC -A7166,PN,PN-EV,EV,PN-EV-COO-001,"ELECTROVANNE PNEU [Fonction: 5/2, 3/2] [Filetage] [Tension Commande]"
100800122,CUTTING SOLENOID VALVE A7166 CYBERMATIC -A7166,PN,PN-EV,EV,PN-EV-CUT-001,"ELECTROVANNE PNEU [Fonction: 5/2, 3/2] [Filetage] [Tension Commande]"
100800123,POST COLLING SOLENOID VALVE CYBERMATIC -A7166,PN,PN-EV,EV,PN-EV-POS-001,"ELECTROVANNE PNEU [Fonction: 5/2, 3/2] [Filetage] [Tension Commande]"
100800124,SAFETI SOLENOID VALVE A7166 CYBERMATIC -A7166,PN,PN-EV,EV,PN-EV-SAF-001,"ELECTROVANNE PNEU [Fonction: 5/2, 3/2] [Filetage] [Tension Commande]"
100800125,TAKE OUT CYLINDER A7166 CYBERMATIC -A7166,HY,HY-VE,VE,HY-VE-CYL-006,VERIN HYDRAULIQUE [Type] Ø[Piston]/Ø[Tige]X[Course] [Pression Max]
100800126,CUTTING CYLINDER A7166 CYBERMATIC -A7166,HY,HY-VE,VE,HY-VE-CYL-007,VERIN HYDRAULIQUE [Type] Ø[Piston]/Ø[Tige]X[Course] [Pression Max]
100800127,DEFLASHING CYLINDER A7166 CYBERMATIC -A7166,HY,HY-VE,VE,HY-VE-CYL-008,VERIN HYDRAULIQUE [Type] Ø[Piston]/Ø[Tige]X[Course] [Pression Max]
100800128,OPEN CLOSE TAKE OUT CYLINDER CYBERMATIC -A7166,HY,HY-VE,VE,HY-VE-CYL-009,VERIN HYDRAULIQUE [Type] Ø[Piston]/Ø[Tige]X[Course] [Pression Max]
100800130,SAFETY SWITCH AUTOMA CYCLE FC1 TAV 05-UE-D-NO-PREL-SI PF,EE,EE-CP,CP,EE-CP-SAF-001,CAPTEUR [Type: PROXIMITE/PHOTO] [Signal: PNP/NPN/TOR] [Raccordement]
100800131,LIMIT SWITCH-RIGHT BLOW PIN UP FC2 TAV 05-UE-D-NO-PREL-SI PF,EE,EE-CP,CP,EE-CP-LIM-001,CAPTEUR [Type: PROXIMITE/PHOTO] [Signal: PNP/NPN/TOR] [Raccordement]
100800132,LIMIT SWITCH-RIGHT CARRIAGE FO FORWARD FC3 TAV 05-UE-D-NO-PREL-SI PF,EE,EE-CP,CP,EE-CP-LIM-002,CAPTEUR [Type: PROXIMITE/PHOTO] [Signal: PNP/NPN/TOR] [Raccordement]
100800133,LIMIT SWITCH-RIGHT CARRAGE BAC BACK FC4 TAV 05-UE-D-NO-PREL-SI PF,EE,EE-CP,CP,EE-CP-LIM-003,CAPTEUR [Type: PROXIMITE/PHOTO] [Signal: PNP/NPN/TOR] [Raccordement]
100800134,LIMIT SWITCH-RIGHT CARR BACK Z ZERO SETTING AXIS FC-4-A TAV 05-UE-D-NO-PREL-SI PF,EE,EE-CP,CP,EE-CP-LIM-004,CAPTEUR [Type: PROXIMITE/PHOTO] [Signal: PNP/NPN/TOR] [Raccordement]
100800135,LIMIT SWITCH-RIGHT MOULD OPEN  FC 5B TAV 05-UE-D-NO-PREL-SI PF,EE,EE-CP,CP,EE-CP-LIM-005,CAPTEUR [Type: PROXIMITE/PHOTO] [Signal: PNP/NPN/TOR] [Raccordement]
100800136,LIMIT SWITCH-RIGHT MOULD CLAM  BRAKING FC 5B TAV 05-UE-D-NO-PREL-SI PF,EE,EE-CP,CP,EE-CP-LIM-006,CAPTEUR [Type: PROXIMITE/PHOTO] [Signal: PNP/NPN/TOR] [Raccordement]
100800137,LIMIT SWITCH-RIGHT MOULD CLOSE CLOSED FC 5C TAV 05-UE-D-NO-PREL-SI PF,EE,EE-CP,CP,EE-CP-LIM-007,CAPTEUR [Type: PROXIMITE/PHOTO] [Signal: PNP/NPN/TOR] [Raccordement]
100800138,RIGHT MOVABLE PLATE SAFETY DEV DEVICE FC 18 TAV 05-UE-D-NO-PREL-SI PF,CS,CS-MS,MS,CS-MS-PLT-001,
100800140,LIMIT SWITCH-RIGHT POSITIONING PISTON UP FC 28 TAV 05-UE-D-NO-PREL-SI PF,EE,EE-CP,CP,EE-CP-LIM-008,CAPTEUR [Type: PROXIMITE/PHOTO] [Signal: PNP/NPN/TOR] [Raccordement]
100800141,LIMIT SWITCH-EXTRUDER POSITION UP FC 315 TAV 05-UE-D-NO-PREL-SI PF,EE,EE-CP,CP,EE-CP-LIM-009,CAPTEUR [Type: PROXIMITE/PHOTO] [Signal: PNP/NPN/TOR] [Raccordement]
100800143,FILTER Y-SAS-145/003 TAV 17-9A0041,HY,HY-FI,FI,HY-FI-145-001,FILTRE HYDRAULIQUE [Type: RETOUR/ASP] [Seuil/µm] [Raccordement/Débit]
100800146,FILTER Y-9-MPF-400-2-A-G3-A25- Y-9-MPF-400-2-A-G3-A25-H-B-S TAV 17-9A0041,HY,HY-FI,FI,HY-FI-FIL-001,FILTRE HYDRAULIQUE [Type: RETOUR/ASP] [Seuil/µm] [Raccordement/Débit]
100800147,FILTER Y-FMP-065/1/B/10/S TAV 17-9A0041,HY,HY-FI,FI,HY-FI-065-001,FILTRE HYDRAULIQUE [Type: RETOUR/ASP] [Seuil/µm] [Raccordement/Débit]
100800148,FILTER X-FUI-250/125 10 TAV 17-9A0041,HY,HY-FI,FI,HY-FI-250-001,FILTRE HYDRAULIQUE [Type: RETOUR/ASP] [Seuil/µm] [Raccordement/Débit]
100800149,THERMOCOUPLE TC-1-B-1-J-5-A-J- TC-1-B-1-J-5-A-J-B-1 TAV 17-9A0041,IN,IN-TH,TH,IN-TH-THE-003,THERMOCOUPLE [Type: K/J/T] [Longueur Gaine] [Raccordement]
100800150,COIL Y-COIL-24DG TAV 17-9A0041,CS,CS-GC,GC,CS-GC-017-001,
100800152,LINE FILTER 49.796.4 AUTOMATIC GREASE LUBRICATION MACHINE IB DOUBLE 49.796.4,HY,HY-FI,FI,HY-FI-LIN-001,FILTRE HYDRAULIQUE [Type: RETOUR/ASP] [Seuil/µm] [Raccordement/Débit]
100800158,THERMOCOUPLE COMP.ISOLATED 190 32701401190,IN,IN-TH,TH,IN-TH-THE-004,THERMOCOUPLE [Type: K/J/T] [Longueur Gaine] [Raccordement]
100800160,THERMOCOUPLE COMP.ISO (800L) 32591401390,IN,IN-TH,TH,IN-TH-THE-005,THERMOCOUPLE [Type: K/J/T] [Longueur Gaine] [Raccordement]
100800161,THERMOCOUPLE K TYPE ISOLATED 32591401490,IN,IN-TH,TH,IN-TH-THE-006,THERMOCOUPLE [Type: K/J/T] [Longueur Gaine] [Raccordement]
100800162,THERMOCOUPLE- 4.0 DIA 250L (IS 4290G2105A0,IN,IN-TH,TH,IN-TH-250-001,THERMOCOUPLE [Type: K/J/T] [Longueur Gaine] [Raccordement]
100800165,"SSR, 801ZDA489001,90A,4-32VDC",EL,EL-CO,CO,EL-CO-090-001,CONTACTEUR [Intensité/A] BOBINE [Tension/V] [Nbr Contacts NO/NF]
100800166,ROTARY ENCODER E6 A2-CS5C-200P,EE,EE-CP,CP,EE-CP-ROT-001,CAPTEUR [Type: PROXIMITE/PHOTO] [Signal: PNP/NPN/TOR] [Raccordement]
100800167,LIN. TRANSDUCER TLH-225,EE,EE-CP,CP,EE-CP-LIN-001,CAPTEUR [Type: PROXIMITE/PHOTO] [Signal: PNP/NPN/TOR] [Raccordement]
100800168,LIN. TRANSDUCER TLH-450,EE,EE-CP,CP,EE-CP-LIN-002,CAPTEUR [Type: PROXIMITE/PHOTO] [Signal: PNP/NPN/TOR] [Raccordement]
100800169,LIN. TRANSDUCER TLH-150,EE,EE-CP,CP,EE-CP-LIN-003,CAPTEUR [Type: PROXIMITE/PHOTO] [Signal: PNP/NPN/TOR] [Raccordement]
100800171,CT-10 AMP & 10 MM LED & HOLDER,SE,SE-EC,EC,SE-EC-010-001,ECLAIRAGE [Type: LED/Halogènes] [Puissance/W] [Tension/V]
100800172,CT-3 AMP & 10 MM LED & HOLDER,SE,SE-EC,EC,SE-EC-010-002,ECLAIRAGE [Type: LED/Halogènes] [Puissance/W] [Tension/V]
100800179,1.6A FUSE THYRISTOR,EL,EL-FU,FU,EL-FU-FUS-001,FUSIBLE [Type: AM/GG/UR] [Taille] [Calibre/A] [Tension]
100800182,GLASS FUSE 500MA/250V,EL,EL-FU,FU,EL-FU-GLA-001,FUSIBLE [Type: AM/GG/UR] [Taille] [Calibre/A] [Tension]
100800186,AMPLIFIER CARD 0 811 405 143,EE,EE-CA,CA,EE-CA-AMP-002,CARTE ELECTRONIQUE [Fonction/Usage] [Réf Modèle] [Constructeur]
100800187,AMPLIFIER CARD VT-SSPA1-508-2X,EE,EE-CA,CA,EE-CA-AMP-003,CARTE ELECTRONIQUE [Fonction/Usage] [Réf Modèle] [Constructeur]
100800188,BUFFER CARD (ECONIX) RMIC359,EE,EE-CA,CA,EE-CA-BUF-001,CARTE ELECTRONIQUE [Fonction/Usage] [Réf Modèle] [Constructeur]
100800189,TRANSISTOR O/P CARD SPH RMIC60,EE,EE-CA,CA,EE-CA-TRA-001,CARTE ELECTRONIQUE [Fonction/Usage] [Réf Modèle] [Constructeur]
100800190,MOV CARD FOR PSU RMIC 601,EE,EE-CA,CA,EE-CA-MOV-001,CARTE ELECTRONIQUE [Fonction/Usage] [Réf Modèle] [Constructeur]
100800194,"GAFLOW HOSE 3 1/2"" ID X 400L",HY,HY-FL,FL,HY-FL-001-001,FLEXIBLE HYDRAULIQUE [type: DN[Diamètre Ø int ] L=[Longueur] [Embouts]
100800195,FILTER ELEMENT 0240 D010 BN3HC,HY,HY-FI,FI,HY-FI-FIL-002,FILTRE HYDRAULIQUE [Type: RETOUR/ASP] [Seuil/µm] [Raccordement/Débit]
100800196,SUCTION FILTER SC3-150,HY,HY-FI,FI,HY-FI-SUC-001,FILTRE HYDRAULIQUE [Type: RETOUR/ASP] [Seuil/µm] [Raccordement/Débit]
100800197,PRESSURE SWITCH XML-A160D2S11,IN,IN-CP,CP,IN-CP-PRE-001,CAPTEUR PRESSION [Plage/Bars] [Signal: 4-20mA/TOR] [Raccordement]
100800199,OIL COOLER GC09X30(MIX THITA),CS,CS-GC,GC,CS-GC-009-001,
100800200,RELAY MODULE 4CH.IMRE 1SS4/24/,EL,EL-RE,RE,EL-RE-004-001,RELAIS [Type: EMBROCHABLE/STAT] BOBINE [Tension/V] [Nbr Contacts]
100800203,ENCODER CARD FOR SUMO,EE,EE-CA,CA,EE-CA-ENC-001,CARTE ELECTRONIQUE [Fonction/Usage] [Réf Modèle] [Constructeur]
100800204,ANALOG DRIVER CARD-2CH,IN,IN-VA,VA,IN-VA-ANA-001,"VARIATEUR VITESSE [Type: MONO, TRIPHASE] [Puissance/kW]  [Mode: Réseau/Simple][Fabricant]"
100800219,DISPLAY HMI CONTROL SP170001 MODEL HITACHI SP170001 6015T REV. 060936 P1N2K7J,ME,ME-RO,RO,ME-RO-DIS-001,ROULEMENT [Type: BILLES/ROULEAUX] [Série/Réf] Ø[Intérieur]XØ[Extérieur]X[Épaisseur] [Flasque/Jeu]
100800220,DISPLAY HMI CONTROL SP17Q01L6 HITACHI SP17Q01L6ALZZ 7034T REV. 006281. P1A22K7B,ME,ME-RO,RO,ME-RO-DIS-002,ROULEMENT [Type: BILLES/ROULEAUX] [Série/Réf] Ø[Intérieur]XØ[Extérieur]X[Épaisseur] [Flasque/Jeu]
100800224,HRC FUSE/CR61-150A/UL AC600V/BC100KA/150A MUTSUBISHI VFD/ARA MACHINE,EL,EL-FU,FU,EL-FU-HRC-001,FUSIBLE [Type: AM/GG/UR] [Taille] [Calibre/A] [Tension]
100800225,SEALING RING FOR MG 880 PET BELOW LINE -MG880 SA,ME,ME-JO,JO,ME-JO-SEA-001,JOINT [Type: SPI/O-RING/LEVRE] [Dimensions: IntXExtXEp] [Matière: NBR/FKM]
100800229,"MAGIC PR. FILTER X-FUI -250/125 10 UE-L2/D, MAGIC BELOW MACHINE",HY,HY-FI,FI,HY-FI-250-002,FILTRE HYDRAULIQUE [Type: RETOUR/ASP] [Seuil/µm] [Raccordement/Débit]
100800233,MAGIC HYDRALIC PUMP TAV 17-14 PUMP PFG-343/RO,HY,HY-PO,PO,HY-PO-017-001,POMPE HYDRAULIQUE [Type:volumetrique/Turbo pompe] [Cylindrée] [Pression Max][type de liquide]
100800235,GLYD RING P. NO.18005000405 PT 0200 630 T46N  WINDSOR EJECTOR CYLINDER,HY,HY-VE,VE,HY-VE-CYL-010,VERIN HYDRAULIQUE [Type] Ø[Piston]/Ø[Tige]X[Course] [Pression Max]
100800236,WEAR RING P. NO.18005000840 GR 6900 400 C-380  WINDSOR EJECTOR CYLINDER,ME,ME-RO,RO,ME-RO-CYL-001,ROULEMENT [Type: BILLES/ROULEAUX] [Série/Réf] Ø[Intérieur]XØ[Extérieur]X[Épaisseur] [Flasque/Jeu]
100800237,SCRAPER P. NO.18005000841 WD 1700 400 N9  WINDSOR EJECTOR CYLINDER,HY,HY-VE,VE,HY-VE-CYL-011,VERIN HYDRAULIQUE [Type] Ø[Piston]/Ø[Tige]X[Course] [Pression Max]
100800238,O RING P. NO.18005000653 56.74x3.53 (2-228)  WINDSOR EJECTOR CYLINDER,ME,ME-JO,JO,ME-JO-056-001,JOINT [Type: SPI/O-RING/LEVRE] [Dimensions: IntXExtXEp] [Matière: NBR/FKM]
100800239,STEP SEAL P. NO.18005000839 RS1300 400 T46N  WINDSOR EJECTOR CYLINDER,ME,ME-JO,JO,ME-JO-CYL-002,JOINT [Type: SPI/O-RING/LEVRE] [Dimensions: IntXExtXEp] [Matière: NBR/FKM]
100800240,SLYD RING P. NO. 18005001199 GP 6500 630 C-380  WINDSOR EJECTOR CYLINDER,HY,HY-VE,VE,HY-VE-CYL-012,VERIN HYDRAULIQUE [Type] Ø[Piston]/Ø[Tige]X[Course] [Pression Max]
100800241,BACK UP RING P.N.4659A2404A0 Ejector Cylinder WINDSOR EJECTOR CYLINDER,HY,HY-VE,VE,HY-VE-CYL-013,VERIN HYDRAULIQUE [Type] Ø[Piston]/Ø[Tige]X[Course] [Pression Max]
100800243,O RING P. NO.18005001088 24.99x3.53 (2-214)  WINDSOR RETRACTION CYLINDER,ME,ME-JO,JO,ME-JO-024-001,JOINT [Type: SPI/O-RING/LEVRE] [Dimensions: IntXExtXEp] [Matière: NBR/FKM]
100800244,WEAR RING P. NO.1611421003 GP 650 0360 C-380  WINDSOR RETRACTION CYLINDER,HY,HY-VE,VE,HY-VE-CYL-014,VERIN HYDRAULIQUE [Type] Ø[Piston]/Ø[Tige]X[Course] [Pression Max]
100800250,LUBRICATION PUMP FOR MEGA 3980 F5 LUBRICATION OIL SUPPLY SYST EM MEGA 3980 F 5,HY,HY-PO,PO,HY-PO-005-001,POMPE HYDRAULIQUE [Type:volumetrique/Turbo pompe] [Cylindrée] [Pression Max][type de liquide]
100800253,TOGGLE LINKS FOR MEGA 3980 F5 LAST PL LAST PLATEN WITH HEIGH GEAR MEGA 3980 F 5,ME,ME-EN,EN,ME-EN-PLT-001,ENGRENAGE [Type: DROIT/HELIC] [Module]  [Ø exterieur/Matière][Ø Alésage/Matière]
100800256,PRES RELIEF VALV 3/8*3/8 40TR NUVU CONAIR SHELL & TUBE 40TR CHILLER MOLDING PLANT,HY,HY-FL,FL,HY-FL-003-001,FLEXIBLE HYDRAULIQUE [type: DN[Diamètre Ø int ] L=[Longueur] [Embouts]
100800257,RTD PT100 5MTR*25MM 40TR NUVU CONAIR SHELL & TUBE MOLDING PLANT CHILLER,IN,IN-TE,TE,IN-TE-P10-001,SONDE TEMPERATURE [Type: PT100/TC-K] L=[Longueur] Ø[Tige]
100800258,LEVEL SENSOR TANK ASSY 40TR NUVU CONAIR SHELL & TUBE MOLDING PLANT CHILLER,EE,EE-CP,CP,EE-CP-LEV-001,CAPTEUR [Type: PROXIMITE/PHOTO] [Signal: PNP/NPN/TOR] [Raccordement]
100800261,CT-100/5 SKT 40TR CHILLER NUVU CONAIR SHELL & TUBE MOLDING PLANT CHILLER,HY,HY-FL,FL,HY-FL-100-001,FLEXIBLE HYDRAULIQUE [type: DN[Diamètre Ø int ] L=[Longueur] [Embouts]
100800262,CURRENT TRANSDUCER PT1611 40TR NUVU CONAIR SHELL & TUBE MOLDING PLANT CHILLER,HY,HY-FL,FL,HY-FL-CUR-001,FLEXIBLE HYDRAULIQUE [type: DN[Diamètre Ø int ] L=[Longueur] [Embouts]
100800263,VOLTAGE PROTECTION RELAY 40TR NUVU CONAIR SHELL & TUBE MOLDING PLANT CHILLER,EL,EL-RE,RE,EL-RE-VOL-001,RELAIS [Type: EMBROCHABLE/STAT] BOBINE [Tension/V] [Nbr Contacts]
100800264,WL CD1 SENSOR 220V 40TR NUVU CONAIR SHELL & TUBE MOLDING PLANT CHILLER,EE,EE-CP,CP,EE-CP-CD1-001,CAPTEUR [Type: PROXIMITE/PHOTO] [Signal: PNP/NPN/TOR] [Raccordement]
100800265,RELAY CARD FOR 40TR CHILLER NUVU CONAIR SHELL & TUBE MOLDING PLANT CHILLER,EL,EL-RE,RE,EL-RE-REL-003,RELAIS [Type: EMBROCHABLE/STAT] BOBINE [Tension/V] [Nbr Contacts]
100800266,DISPLAY HMI 40TR CHILLER NU-VU CONAIR SHELL & TUBE PCW-40 MOLDING PLANT CHILLER,EE,EE-HM,HM,EE-HM-DIS-001,ECRAN IHM TACTILE [Taille/Pouces] [Résolution/Type] [Alimentation]
100800270,"MOTOR/PUMP COUPLING WINDSOR MC WITH GASKET, AXE DIA -22.2 MM WINDSOR CODE - 3686.035.0240",ME,ME-JO,JO,ME-JO-022-001,JOINT [Type: SPI/O-RING/LEVRE] [Dimensions: IntXExtXEp] [Matière: NBR/FKM]
100800271,LUBRICATION PRESURE SWITCH WINDSOR 220 CASTLE MC WINDSOR PART NO - B260000004,EE,EE-CP,CP,EE-CP-LUB-001,CAPTEUR [Type: PROXIMITE/PHOTO] [Signal: PNP/NPN/TOR] [Raccordement]
100800273,"ARA-8 CONTROL TRANSFORMER 63VA IN220VAC,OUT16VAC,24VAC& 36VAC FOR ARA-8 MOLDING MACHINE",EL,EL-DI,DI,EL-DI-001-001,"DISJONCTEUR [Type: [VIDE,BAIN D'HUILE,GAZ,MOTEUR,MANETTE]  [Calibre/A] [Tension/Volt][Nbr Pôles] [Fabricant]"
100800274,BOTHFIT BTR 12A-060C PLC FOR MEGA 880 MC PET SEMI AUTO STRETCH BLOW MC,EE,EE-AU,AU,EE-AU-FOR-001,AUTOMATE PLC [Série/Modèle] [Configuration E/S] [Alimentation]
100800275,40TRCHILL CONTACT3RT20261BB40 SIEMENS 24VDC COIL MOUNTED NO+NC TRIPPING RELAY,EL,EL-RE,RE,EL-RE-40T-001,RELAIS [Type: EMBROCHABLE/STAT] BOBINE [Tension/V] [Nbr Contacts]
100800276,40TR CHILL CONTACT 3RT20361N30  SIEMENS MAKE 24VDC COIL WITH MOUNTED NO+NC,CS,CS-GC,GC,CS-GC-40T-001,
100800277,"POWER SUPPLY MAKE:ATOS;TYPE: E-RI-AE-05F 10 A:POWER 24VDC,B:POWER GND,G:PE",EE,EE-CA,CA,EE-CA-POW-001,CARTE ELECTRONIQUE [Fonction/Usage] [Réf Modèle] [Constructeur]
100800285,VDF INOVANCE IS580T 3PH AC 380-480V 57.0A AC DRIVE IS 580T,IN,IN-VA,VA,IN-VA-VDF-001,"VARIATEUR VITESSE [Type: MONO, TRIPHASE] [Puissance/kW]  [Mode: Réseau/Simple][Fabricant]"
100800303,COMPRESSEUR FILTRE A AIR HENGD,PN,PN-CO,CO,PN-CO-COM-001,COMPRESSEUR AIR [Puissance/kW] [Débit] [Capacité Cuve/L] [Pression]
100800304,COMPRESSOR OIL KAISHAN,PN,PN-CO,CO,PN-CO-COM-002,COMPRESSEUR AIR [Puissance/kW] [Débit] [Capacité Cuve/L] [Pression]
100800313,PLC - KS025KAISHAN,PN,PN-CO,CO,PN-CO-000-001,COMPRESSEUR AIR [Puissance/kW] [Débit] [Capacité Cuve/L] [Pression]
100800323,"MUFFLER 1"" (INLET AIR FILTER) B10-1",HY,HY-FI,FI,HY-FI-MUF-001,FILTRE HYDRAULIQUE [Type: RETOUR/ASP] [Seuil/µm] [Raccordement/Débit]
100800324,PRESSURE REGULATOR LR14DOMINI,PN,PN-RE,RE,PN-RE-PRE-001,REGULATEUR PRESSION [Filetage] [Plage/Bars] [Options: MANOMETRE/FILTRE]
100800334,FESTO PNEUMATIC CYLINDER DNCB -32-100-PPV-A,PN,PN-VE,VE,PN-VE-CYL-001,VERIN PNEUMATIQUE [Type: ISO/COMPACT] Ø[Alésage]X[Course] [Amortissement]
100800335,FESTO PNEUMATIC CYLINDER-DNCB 40-125-PPV-A,PN,PN-VE,VE,PN-VE-CYL-002,VERIN PNEUMATIQUE [Type: ISO/COMPACT] Ø[Alésage]X[Course] [Amortissement]
100800337,LIN. TRANSDUCER SCALE TLH-450 MOULD STOKE WINDSOR 180 M/C,EE,EE-CP,CP,EE-CP-LIN-004,CAPTEUR [Type: PROXIMITE/PHOTO] [Signal: PNP/NPN/TOR] [Raccordement]
100800338,LIN. TRANSDUCER SCALE TLH-600  MOULD STOKE WINDSOR 220 M/C,EE,EE-CP,CP,EE-CP-LIN-005,CAPTEUR [Type: PROXIMITE/PHOTO] [Signal: PNP/NPN/TOR] [Raccordement]
100800339,LIN. TRANSDUCER SCALE TLH-300 INJECTION STOKE WINDSOR 220 M/C,EE,EE-CP,CP,EE-CP-LIN-006,CAPTEUR [Type: PROXIMITE/PHOTO] [Signal: PNP/NPN/TOR] [Raccordement]
100800340,LIN. TRANSDUCER SCALE TLH-225 INJECTION STOKE WINDSOR 220 M/C,EE,EE-CP,CP,EE-CP-LIN-007,CAPTEUR [Type: PROXIMITE/PHOTO] [Signal: PNP/NPN/TOR] [Raccordement]
100800342,LIN. TRANSDUCER SCALE TLH-150 INJECTION STOKE WINDSOR 180 M/C,EE,EE-CP,CP,EE-CP-LIN-008,CAPTEUR [Type: PROXIMITE/PHOTO] [Signal: PNP/NPN/TOR] [Raccordement]
100800350,LG AIR COMP SOLENOID VALVE SET SOLENOID VALV + 220V COIL SET SET INCL 2PC VALVE & 2PC COIL,PN,PN-EV,EV,PN-EV-AIR-001,"ELECTROVANNE PNEU [Fonction: 5/2, 3/2] [Filetage] [Tension Commande]"
100800351,POWER SUPPLY CL-B-100-LB ARA LEAK TESTER MACHINE BIDON LEAK TEST,EE,EE-CA,CA,EE-CA-POW-002,CARTE ELECTRONIQUE [Fonction/Usage] [Réf Modèle] [Constructeur]
100800352,ELECTROVALVE CAAP SV 252-S-N-22D ARA LEAK TEST BIDON LEAK TEST,PN,PN-EV,EV,PN-EV-ELE-001,"ELECTROVANNE PNEU [Fonction: 5/2, 3/2] [Filetage] [Tension Commande]"
100800353,GEAR MOTOR JSCC 90YT120GV22 ARA LEAK TESTER BIDON LEAK TEST,ME,ME-EN,EN,ME-EN-GEA-001,ENGRENAGE [Type: DROIT/HELIC] [Module]  [Ø exterieur/Matière][Ø Alésage/Matière]
100800354,PLC DELTA DVP16ES2 ARA LEAK TESTER MACHINE BIDON LEAK TEST,EE,EE-AU,AU,EE-AU-DEL-001,AUTOMATE PLC [Série/Modèle] [Configuration E/S] [Alimentation]
100800355,DRIVE JSCC LAPPING GOVORNER SF120E 120W/220V ARA LEAK TEST BIDON LEAK TEST,IN,IN-VA,VA,IN-VA-DRI-001,"VARIATEUR VITESSE [Type: MONO, TRIPHASE] [Puissance/kW]  [Mode: Réseau/Simple][Fabricant]"
100800356,"HMI DOP-B07S410, INPUT 24VDC CLASS 2/250MA ARA LEAK TESTER BIDON LEAK TEST",EE,EE-HM,HM,EE-HM-002-001,ECRAN IHM TACTILE [Taille/Pouces] [Résolution/Type] [Alimentation]
100800363,EXTENSION MODULE DELTA DVP04AD-E2 ARA LEAK TEST BIDON LEAK TEST,EE,EE-AU,AU,EE-AU-EXT-001,AUTOMATE PLC [Série/Modèle] [Configuration E/S] [Alimentation]
100800370,"24V SOLENOID COIL 40TR CHILLER NU VU CONAIR, SHELL & TUBE FOR MOLDING PLANT",CS,CS-GC,GC,CS-GC-24V-001,
100800372,"ORIFIC NO-6 TEX-12,40TR CHILR NUVU CONAIR, SHELL & TUBE FOR MOLDING PLANT",HY,HY-FL,FL,HY-FL-ORI-001,FLEXIBLE HYDRAULIQUE [type: DN[Diamètre Ø int ] L=[Longueur] [Embouts]
100800376,"ANTIFREEZE THERMOSTAT 40TR NUVU CONAIR, SHELL & TUBE FOR MOLDING PLANT",IN,IN-TE,TE,IN-TE-ANT-001,SONDE TEMPERATURE [Type: PT100/TC-K] L=[Longueur] Ø[Tige]
100800378,IR-15T2 CYLINDER AIR-1.625 AIRCYLINDER 3RD STAGE REF:3-23 OEM CODE: 37128685,PN,PN-VE,VE,PN-VE-CYL-003,VERIN PNEUMATIQUE [Type: ISO/COMPACT] Ø[Alésage]X[Course] [Amortissement]
100800383,"IR15T2 CRANKSHAFTASSY REF2-32 CRANK SHAFT BEARING KEY & NUT FOR IR 15T2, REF 2-32",ME,ME-RO,RO,ME-RO-IR1-001,ROULEMENT [Type: BILLES/ROULEAUX] [Série/Réf] Ø[Intérieur]XØ[Extérieur]X[Épaisseur] [Flasque/Jeu]
100800384,BEARING 6310N WITH CIRCLIPS BEARING 6310N WITH CIRCLIPS  DEDICATED FOR INGERSOLL,ME,ME-RO,RO,ME-RO-631-001,ROULEMENT [Type: BILLES/ROULEAUX] [Série/Réf] Ø[Intérieur]XØ[Extérieur]X[Épaisseur] [Flasque/Jeu]
100800387,TB 12 MODULE - WINDSOR WINDSOR 180/220  PART CODE- 21005002024,EE,EE-CA,CA,EE-CA-180-001,CARTE ELECTRONIQUE [Fonction/Usage] [Réf Modèle] [Constructeur]
100800400,SIEMENS SERVO MOTOR 1FK7063 SIEMENS SERVO MOTOR SIEMENS SERVO MOTOR,EL,EL-MO,MO,EL-MO-SIE-001,MOTEUR ASYNCHRONE [Puissance/kW] [Vitesse/tr/min] [Fixation] [Tension]
100800401,SIEMENS DRIVE LT MODUL COM SIMODRIVE SIEMENS SIEMENS SIMO0DRIVE,IN,IN-VA,VA,IN-VA-SIE-001,"VARIATEUR VITESSE [Type: MONO, TRIPHASE] [Puissance/kW]  [Mode: Réseau/Simple][Fabricant]"
100800403,"SCREEN DISK FILTER 2½""T TYPE 30M³/HR P/N CI109522921B",HY,HY-FI,FI,HY-FI-SCR-001,FILTRE HYDRAULIQUE [Type: RETOUR/ASP] [Seuil/µm] [Raccordement/Débit]
100800405,KDS335++ / MECHANICAL SEAL KIRLOSKAR PUMP BRAND,ME,ME-JO,JO,ME-JO-KDS-001,JOINT [Type: SPI/O-RING/LEVRE] [Dimensions: IntXExtXEp] [Matière: NBR/FKM]
100800406,DKM 200HH INJECTION M/C INJECTION UNIT SEAL KIT SET INJ UNIT CYL SEAL KIT 200 HH,ME,ME-JO,JO,ME-JO-DKM-001,JOINT [Type: SPI/O-RING/LEVRE] [Dimensions: IntXExtXEp] [Matière: NBR/FKM]
100800407,DKM 300HH INJ CYL SEAL KIT NJECTION UNIT CYL SEAL KIT SEAL KIT INJEC UNIT DKM 300,ME,ME-JO,JO,ME-JO-DKM-002,JOINT [Type: SPI/O-RING/LEVRE] [Dimensions: IntXExtXEp] [Matière: NBR/FKM]
100800414,WINDSOR 2CH RELAY MODULE IMRE / 1SS2/24/OM OEM 21008000041A / FOR COSMETIC MOLDING MACHINE,EL,EL-RE,RE,EL-RE-002-001,RELAIS [Type: EMBROCHABLE/STAT] BOBINE [Tension/V] [Nbr Contacts]
100801001,"HYDR HOSE 1""- L 5.1 MTR ADPTR BOTH SIDE 1""- JAGMOHAN CHILLER LINE TO MOULD MANIFOLD",PN,PN-DI,DI,PN-DI-HYD-001,DISTRIBUTEUR HYDRAULIQUE [Type] [Nbr Voies][Tiroir] [Tension Bobine]
100801006,"HEATER TUBULAR D6,5X675,1150W NEW 20/25 L NEW BIDONCAP MOULD MOULD MANIFOLD HEATER",PN,PN-DI,DI,PN-DI-012-001,DISTRIBUTEUR HYDRAULIQUE [Type] [Nbr Voies][Tiroir] [Tension Bobine]
100801007,HEATER CAP BX/SX16 20/25 L NEW DEIGN CAP MOULD HEATER CAP FOR MANIFOLD,PN,PN-DI,DI,PN-DI-020-001,DISTRIBUTEUR HYDRAULIQUE [Type] [Nbr Voies][Tiroir] [Tension Bobine]
100801008,TC 1.0X150X2 J TYPE NEW 20/25 L CAP MOULD HR MANIFOLD THERMOCOUPLE,PN,PN-DI,DI,PN-DI-001-001,DISTRIBUTEUR HYDRAULIQUE [Type] [Nbr Voies][Tiroir] [Tension Bobine]
100801009,NOZZLE HEATER BAND D30X20-100W 20/25 LTR NEW CAP NOZZLE HT J-TYPE 2 M CABLE,EL,EL-CA,CA,EL-CA-001-001,CABLE [Type] [Nbr Conducteurs]X[Section/mm²] [Matière/Blindage]
100801010,HEATER BX/SX16095 X 2M CABLE 20/25 L NEW CAP MOULD HR MANIFOLD HEATER WITH CABLE,PN,PN-DI,DI,PN-DI-020-002,DISTRIBUTEUR HYDRAULIQUE [Type] [Nbr Voies][Tiroir] [Tension Bobine]
100801020,"HYDRAULIC HOSE 1"", 2.52 M L JM MC WATER LINE CHILLER TO MC ISA CODE - R2AT16, F112216",HY,HY-FL,FL,HY-FL-HYD-002,FLEXIBLE HYDRAULIQUE [type: DN[Diamètre Ø int ] L=[Longueur] [Embouts]
100801022,HYDRAULIC U-SEAL- 100X115X9 PISTON- CLOSING CYLINDER JAGMOHAN 30L MC,ME,ME-JO,JO,ME-JO-100-001,JOINT [Type: SPI/O-RING/LEVRE] [Dimensions: IntXExtXEp] [Matière: NBR/FKM]
100801032,OIL FILTER(IN) - BIG OIL TANK JAGMOHAN MACHINE  MC MODEL -901484-30 LTR D/S,HY,HY-FI,FI,HY-FI-030-001,FILTRE HYDRAULIQUE [Type: RETOUR/ASP] [Seuil/µm] [Raccordement/Débit]
100801033,SEAL KIT - PNEUMATIC CYLINDER CYLINDER MODEL - MB1B40-160Z JAGMOHAN MC- 901484-30 LTR D/S,ME,ME-JO,JO,ME-JO-CYL-003,JOINT [Type: SPI/O-RING/LEVRE] [Dimensions: IntXExtXEp] [Matière: NBR/FKM]
100801034,QUICK EXHAUST- JM MACHINE BRRIT PNEUMATIC SYSTEM MC MODEL - 901484-30 LTR D/S,PN,PN-RA,RA,PN-RA-QUI-001,RACCORD PNEUMATIQUE [Type: INSTANT/NIPPLE] Ø[Tube] [Filetage]
100801035,SHAFT FOR SUB MOULD CYLINDER 20 LTR JERRYCAN MOULD JAGMOHAN MACHINE,HY,HY-VE,VE,HY-VE-SFT-001,VERIN HYDRAULIQUE [Type] Ø[Piston]/Ø[Tige]X[Course] [Pression Max]
100801036,OIL FILTER - OUTLET  MAIN BIG TANK JAGMOHAN MC- 901484-30 LTR D/S,HY,HY-FI,FI,HY-FI-030-002,FILTRE HYDRAULIQUE [Type: RETOUR/ASP] [Seuil/µm] [Raccordement/Débit]
100801037,SHAFT FOR SUB MOULD CYLINDER 25 LTR JERRYCAN MOULD JAGMOHAN MACHINE,HY,HY-VE,VE,HY-VE-SFT-002,VERIN HYDRAULIQUE [Type] Ø[Piston]/Ø[Tige]X[Course] [Pression Max]
100801038,"PNEUMATIC CYLINDER FESTO DGC-K-50, 1000-PPV-A-GK JM MC GRIPPER",PN,PN-VE,VE,PN-VE-CYL-004,VERIN PNEUMATIQUE [Type: ISO/COMPACT] Ø[Alésage]X[Course] [Amortissement]
100801039,OIL FILTER- PARISION PUMP JAGMOHAN MACHINE MC MODEL- 901484-30 LTR D/S,HY,HY-PO,PO,HY-PO-030-001,POMPE HYDRAULIQUE [Type:volumetrique/Turbo pompe] [Cylindrée] [Pression Max][type de liquide]
100801041,SEAL KIT - PNEUMATIC CYLINDER FESTO -DSBC-40-50-PPVA-N3  JAGMOHAN MC - 901484-30LTR D/,ME,ME-JO,JO,ME-JO-CYL-004,JOINT [Type: SPI/O-RING/LEVRE] [Dimensions: IntXExtXEp] [Matière: NBR/FKM]
100801042,PNEUMATIC CYLINDER SEAL KIT STRETCH PIN SEAL MB1B40-100Z JM MACHINE- 901484-30 LTR D/S,ME,ME-JO,JO,ME-JO-CYL-005,JOINT [Type: SPI/O-RING/LEVRE] [Dimensions: IntXExtXEp] [Matière: NBR/FKM]
100801043,SEAL KIT BLOW PIN CYLINDER SHOOTING CYLINDER- JM JAGMOHAN 30 LTR MACHINE,ME,ME-JO,JO,ME-JO-CYL-006,JOINT [Type: SPI/O-RING/LEVRE] [Dimensions: IntXExtXEp] [Matière: NBR/FKM]
100801044,SEAL KIT-CLAMP CYLINDER -JM BORE-180 X600 STROKEX120 ROD JAGMOHAN 30 LTR EBM MACHINE,ME,ME-JO,JO,ME-JO-180-001,JOINT [Type: SPI/O-RING/LEVRE] [Dimensions: IntXExtXEp] [Matière: NBR/FKM]
100801045,EXHAUST FAN DB150S2- DYNAMIC MOTOR JAGMOHAN 30 LTR EBM MC,EL,EL-MO,MO,EL-MO-EXH-001,MOTEUR ASYNCHRONE [Puissance/kW] [Vitesse/tr/min] [Fixation] [Tension]
100801047,PROXIMITY SWITCH- TEKNIC FG2X05APO24-2000L - EUCHNER JAGMOHAN 30 LTR EBM MACHINE,EE,EE-CP,CP,EE-CP-002-001,CAPTEUR [Type: PROXIMITE/PHOTO] [Signal: PNP/NPN/TOR] [Raccordement]
100801048,"SEAL KIT- SUB MOULD CYLINDER GG-25,TTI-L 25-35-7, AND D50 JAGMOHAN 30 LTR EBM MACHINE",ME,ME-JO,JO,ME-JO-CYL-007,JOINT [Type: SPI/O-RING/LEVRE] [Dimensions: IntXExtXEp] [Matière: NBR/FKM]
100801049,SEAL KIT- CARRIAGE CYLINDER JAGMOHAN 30 LTR MC HYDRAULIC SEAL KIT,ME,ME-JO,JO,ME-JO-CYL-008,JOINT [Type: SPI/O-RING/LEVRE] [Dimensions: IntXExtXEp] [Matière: NBR/FKM]
100801050,"LINEAR SCALE FOR CLAMPING- JM LT-M-0400-P-XL 0202, GEFRAN JAGMOHAN 30 LTR MACHINE",SE,SE-EC,EC,SE-EC-LIN-001,ECLAIRAGE [Type: LED/Halogènes] [Puissance/W] [Tension/V]
100801051,"LENEAR SCALE FOR PUSHOUT-JM LT-M-0225-P-XL 0202, GEFRAN JAGMOHAN 30 LTR MACHINE",EL,EL-CO,CO,EL-CO-LEN-001,CONTACTEUR [Intensité/A] BOBINE [Tension/V] [Nbr Contacts NO/NF]
100801053,"SEAL KIT-SUB MOULD-25 L GG-35, TTI-L 35-45-7, D63 JAGMOHAN 30 LTR EBM MACHINE",ME,ME-JO,JO,ME-JO-SEA-002,JOINT [Type: SPI/O-RING/LEVRE] [Dimensions: IntXExtXEp] [Matière: NBR/FKM]
100801054,"GLASS FUSE - 6.3 AMPS 220 V , 6.3 AMPS FOR CARD JAGMOHAN 30 LTR EBM MACHINE",EL,EL-FU,FU,EL-FU-GLA-002,FUSIBLE [Type: AM/GG/UR] [Taille] [Calibre/A] [Tension]
100801057,CERAMIC FUSE - 20A 250A TEMP CONTROLLER FOR 25L CAP MAC-15 TEMP CONTROLLER,EL,EL-FU,FU,EL-FU-RLR-001,FUSIBLE [Type: AM/GG/UR] [Taille] [Calibre/A] [Tension]
100801058,DELTA SERVO DRIVE ASD-B3 400W SERVO DRIVE ASD-0421-L DELTA SERVO DRIVE,IN,IN-VA,VA,IN-VA-DEL-001,"VARIATEUR VITESSE [Type: MONO, TRIPHASE] [Puissance/kW]  [Mode: Réseau/Simple][Fabricant]"
100801061,JM HMI CP2712-0010 BECKHOFF OPERATING PANEL JM BECKHOFF PLC HMI,EE,EE-AU,AU,EE-AU-HMI-001,AUTOMATE PLC [Série/Modèle] [Configuration E/S] [Alimentation]
100821002,"LUB.OIL-INGERSOLL RAND CMPRESR T-30 DISTINCT, CASTROL",CS,CS-GC,GC,CS-GC-030-001,
100827013,CARTIDGE FILTER ELEMENT,HY,HY-FI,FI,HY-FI-CAR-001,FILTRE HYDRAULIQUE [Type: RETOUR/ASP] [Seuil/µm] [Raccordement/Débit]
100827019,HIGH PRESS BLOWING VALVE 80X25 WITH SEAL KIT,ME,ME-JO,JO,ME-JO-080-001,JOINT [Type: SPI/O-RING/LEVRE] [Dimensions: IntXExtXEp] [Matière: NBR/FKM]
100827020,SMC CYLINDER 40 X 75,PN,PN-VE,VE,PN-VE-040-001,VERIN PNEUMATIQUE [Type: ISO/COMPACT] Ø[Alésage]X[Course] [Amortissement]
100827021,SEAL RINGH PCO,ME,ME-JO,JO,ME-JO-SEA-003,JOINT [Type: SPI/O-RING/LEVRE] [Dimensions: IntXExtXEp] [Matière: NBR/FKM]
100827022,14MM STRETCHING & SEALING RING,ME,ME-JO,JO,ME-JO-014-001,JOINT [Type: SPI/O-RING/LEVRE] [Dimensions: IntXExtXEp] [Matière: NBR/FKM]
100827039,U SEAL 60 X 70 X 7  U SEAL FOR PLAT FORM UP/DOWN,ME,ME-JO,JO,ME-JO-060-001,JOINT [Type: SPI/O-RING/LEVRE] [Dimensions: IntXExtXEp] [Matière: NBR/FKM]
100827040,ROD AND BEARING SI 20T / K NORMAL THREAD FOR ARA 2J-2L/B DEDICATED FOR HDPE PLANT,ME,ME-RO,RO,ME-RO-20T-001,ROULEMENT [Type: BILLES/ROULEAUX] [Série/Réf] Ø[Intérieur]XØ[Extérieur]X[Épaisseur] [Flasque/Jeu]
100828005,SEAL KIT PNEMATIC CYLINDER SH-DNC-40X250-PPV CYLINDER MOHE CYLINDER - ARA 8,ME,ME-JO,JO,ME-JO-040-001,JOINT [Type: SPI/O-RING/LEVRE] [Dimensions: IntXExtXEp] [Matière: NBR/FKM]
100828013,TEMPERATURE CONTROLLER,IN,IN-TE,TE,IN-TE-RLR-001,SONDE TEMPERATURE [Type: PT100/TC-K] L=[Longueur] Ø[Tige]
100828016,PCB LEAK TESTER,EE,EE-CA,CA,EE-CA-PCB-001,CARTE ELECTRONIQUE [Fonction/Usage] [Réf Modèle] [Constructeur]
100828017,RUBBER WASHER LEAK TESTER,ME,ME-VI,VI,ME-VI-RUB-001,VIS [Type: CHC/TH/FHC] M [Diamètre]X[Longueur]en mm [Matiere:Acier/Inox]
100828018,PRESSURE SENSOR LEAK TESTER,IN,IN-CP,CP,IN-CP-PRE-002,CAPTEUR PRESSION [Plage/Bars] [Signal: 4-20mA/TOR] [Raccordement]
100828020,PNEUMATIC SEAL SET CYLINDER- SH-DNC-40-250-PPV-S MOHE CYLINDER- ARA 6,ME,ME-JO,JO,ME-JO-CYL-009,JOINT [Type: SPI/O-RING/LEVRE] [Dimensions: IntXExtXEp] [Matière: NBR/FKM]
100828021,LIP SEAL 50X58X5/6.5 PLATFORM UP/DOWN ARA 2J12L ARA MACHINE,ME,ME-JO,JO,ME-JO-050-001,JOINT [Type: SPI/O-RING/LEVRE] [Dimensions: IntXExtXEp] [Matière: NBR/FKM]
100828022,HYDRAULIC SEAL SHAFT SCALE 16X22X3/4 - 16X22X5 JAGMOHAN MACHINE SCALE,ME,ME-JO,JO,ME-JO-016-001,JOINT [Type: SPI/O-RING/LEVRE] [Dimensions: IntXExtXEp] [Matière: NBR/FKM]
100828027,BEARING 29424E ZHJ,ME,ME-RO,RO,ME-RO-294-001,ROULEMENT [Type: BILLES/ROULEAUX] [Série/Réf] Ø[Intérieur]XØ[Extérieur]X[Épaisseur] [Flasque/Jeu]
100828028,BEARING 22224 CAC/W33,ME,ME-RO,RO,ME-RO-222-001,ROULEMENT [Type: BILLES/ROULEAUX] [Série/Réf] Ø[Intérieur]XØ[Extérieur]X[Épaisseur] [Flasque/Jeu]
100828029,BEARING 22222 PX ET,ME,ME-RO,RO,ME-RO-222-002,ROULEMENT [Type: BILLES/ROULEAUX] [Série/Réf] Ø[Intérieur]XØ[Extérieur]X[Épaisseur] [Flasque/Jeu]
100828030,PUSH-IN FITTING QS-1/8-6 153002,PN,PN-RA,RA,PN-RA-001-001,RACCORD PNEUMATIQUE [Type: INSTANT/NIPPLE] Ø[Tube] [Filetage]
100828032,PUSH-IN QSL-1/2-10 PU FITTING FESTO NO 190661 PNEUMATIC TYPE,PN,PN-RA,RA,PN-RA-001-002,RACCORD PNEUMATIQUE [Type: INSTANT/NIPPLE] Ø[Tube] [Filetage]
100828035,PUSH-IN PU CONNECTOR QST-1/4-8 -FESTO PART NO-153005,PN,PN-RA,RA,PN-RA-001-003,RACCORD PNEUMATIQUE [Type: INSTANT/NIPPLE] Ø[Tube] [Filetage]
100828036,PUSH-IN PU CONNECTOR QS-1/4-10- FESTO PART NO-153007,PN,PN-RA,RA,PN-RA-001-004,RACCORD PNEUMATIQUE [Type: INSTANT/NIPPLE] Ø[Tube] [Filetage]
100828039,REDUCING PU NIPPLE NPFC-R-G12-G38-MF- FESTO PART NO-8030312,PN,PN-RA,RA,PN-RA-NPL-001,RACCORD PNEUMATIQUE [Type: INSTANT/NIPPLE] Ø[Tube] [Filetage]
100828045,RELAIS STATIQUE POUR,EL,EL-RE,RE,EL-RE-REL-004,RELAIS [Type: EMBROCHABLE/STAT] BOBINE [Tension/V] [Nbr Contacts]
100828049,PNEUMATIC PRESSUREREDUCER 25BA,PN,PN-RA,RA,PN-RA-PNE-001,RACCORD PNEUMATIQUE [Type: INSTANT/NIPPLE] Ø[Tube] [Filetage]
100828052,30320 BEARING TAPERED ROLLER BEARING -ID-100 OD-215W BIG GRANDING MACHINE,ME,ME-RO,RO,ME-RO-303-001,ROULEMENT [Type: BILLES/ROULEAUX] [Série/Réf] Ø[Intérieur]XØ[Extérieur]X[Épaisseur] [Flasque/Jeu]
100828054,INNER BAR CHAIN ADJUST-MENT SH,ME,ME-CH,CH,ME-CH-INN-001,CHAINE ROULEAUX [Pas] [Type: SIMPLEX/DUPLEX] L=[Nbr Maillons/Longueur en mm]
100828056,JOINT EX PAND 25X33X5,ME,ME-JO,JO,ME-JO-025-001,JOINT [Type: SPI/O-RING/LEVRE] [Dimensions: IntXExtXEp] [Matière: NBR/FKM]
100828057,HYDRLIC SEAL 90X100X6/8 LIP DHS-90 (DH-90) LIP SEAL MEGA 3980F5 CLAMP CYLINDER,ME,ME-JO,JO,ME-JO-090-001,JOINT [Type: SPI/O-RING/LEVRE] [Dimensions: IntXExtXEp] [Matière: NBR/FKM]
100828060,TEMPERATURE CONTROLLER XMTC-7401 28 GMS PREFORM (400ML),IN,IN-TE,TE,IN-TE-RLR-002,SONDE TEMPERATURE [Type: PT100/TC-K] L=[Longueur] Ø[Tige]
100828064,TEMPERATURE CONTROLLER XMTG  800 PREFORM MOULD HOT RUNNER 28 GM PREFORM MOULD,IN,IN-TE,TE,IN-TE-RLR-003,SONDE TEMPERATURE [Type: PT100/TC-K] L=[Longueur] Ø[Tige]
100828067,AL SOCGRUB SCREW M6 X 15- PUMP WINDSOR 180/220 MACHINE WINDSOR CODE -21701310603A,ME,ME-VI,VI,ME-VI-015-001,VIS [Type: CHC/TH/FHC] M [Diamètre]X[Longueur]en mm [Matiere:Acier/Inox]
100828068,PUMP COUPLING-(KTR-55/70) WINDSOR 180/220 HYDR PUMP WINDSOR CODE -36860350340C,HY,HY-PO,PO,HY-PO-055-001,POMPE HYDRAULIQUE [Type:volumetrique/Turbo pompe] [Cylindrée] [Pression Max][type de liquide]
100828076,"SOLID STATE RELAY-25VA - ARA8 24-380VAC, 500KOHMS 1/4W SSR MODULE - 4 POINTS",EL,EL-RE,RE,EL-RE-001-001,RELAIS [Type: EMBROCHABLE/STAT] BOBINE [Tension/V] [Nbr Contacts]
100828077,"HMI & DISPLAY -COMPLETE MEGA HMW-3980 F5, TM214722N TECHMATION - TM21K3-NA",EE,EE-HM,HM,EE-HM-HMI-001,ECRAN IHM TACTILE [Taille/Pouces] [Résolution/Type] [Alimentation]
100828082,SEAL KIT PNEUMATIC FESTO CYLINDE -DNC-50-400-PPV MEGA 880 SEMI AUTO MACHINE,ME,ME-JO,JO,ME-JO-SEA-004,JOINT [Type: SPI/O-RING/LEVRE] [Dimensions: IntXExtXEp] [Matière: NBR/FKM]
100828083,PNEUMATIC SEAL KIT FESTO  CYLINDER - DNC-100-280-PPV MEGA SEMI AUTO 880 MC,ME,ME-JO,JO,ME-JO-CYL-010,JOINT [Type: SPI/O-RING/LEVRE] [Dimensions: IntXExtXEp] [Matière: NBR/FKM]
100828084,PNEUMATIC SEALS KIT FESTO CYLINDER- ADVU-63-45-P  MEGA 880 SEMI AUTO MC CYLINDER,ME,ME-JO,JO,ME-JO-CYL-011,JOINT [Type: SPI/O-RING/LEVRE] [Dimensions: IntXExtXEp] [Matière: NBR/FKM]
100828085,"PNEUMATIC PU NIPPLE 1/2""X10 MM T-TYPE CONNECTOR/NIPPLE MEGA BLOWING MACHINE",PN,PN-RA,RA,PN-RA-001-005,RACCORD PNEUMATIQUE [Type: INSTANT/NIPPLE] Ø[Tube] [Filetage]
100828086,"REDUCED PNEUMATIC PU NIPPLE 3/8"" TO 1/4"" PU CONNECTOR MEGA BLOWING MACHINE",PN,PN-RA,RA,PN-RA-003-001,RACCORD PNEUMATIQUE [Type: INSTANT/NIPPLE] Ø[Tube] [Filetage]
100828087,"PNEUMATIC PU NIPPLE 1/8""X10 MM T-TYPE CONNECTOR PU TUBE 10 MM MEGA BLOWING MACHINE",PN,PN-RA,RA,PN-RA-001-006,RACCORD PNEUMATIQUE [Type: INSTANT/NIPPLE] Ø[Tube] [Filetage]
100828088,"PNEUMATIC REDUCED PU NIPPLE 1/4"" TO 1/8"" PU TUBE MEGA BLOWING MACHINE",PN,PN-RA,RA,PN-RA-001-007,RACCORD PNEUMATIQUE [Type: INSTANT/NIPPLE] Ø[Tube] [Filetage]
100828091,O RING 109X3.55G GB3452.FOR HM,ME,ME-JO,JO,ME-JO-109-001,JOINT [Type: SPI/O-RING/LEVRE] [Dimensions: IntXExtXEp] [Matière: NBR/FKM]
100828092,PISTON SEAL RING KDS115-90  HM,ME,ME-JO,JO,ME-JO-PST-002,JOINT [Type: SPI/O-RING/LEVRE] [Dimensions: IntXExtXEp] [Matière: NBR/FKM]
100828094,POLE SEAL RING UHS75FOR HMW 22,ME,ME-JO,JO,ME-JO-POL-001,JOINT [Type: SPI/O-RING/LEVRE] [Dimensions: IntXExtXEp] [Matière: NBR/FKM]
1008281000,PUSH-IN FITTING QSR-1/8-6 PART NUMBER: 15340,PN,PN-RA,RA,PN-RA-001-008,RACCORD PNEUMATIQUE [Type: INSTANT/NIPPLE] Ø[Tube] [Filetage]
1008281001,PUSH-IN L-FITTING QSL-1/8-6 153046 0.95 BAR - 14 BAR,PN,PN-RA,RA,PN-RA-001-009,RACCORD PNEUMATIQUE [Type: INSTANT/NIPPLE] Ø[Tube] [Filetage]
100828107,SCREW HEADFOR HMW 2280-F5 MACH,ME,ME-VI,VI,ME-VI-SCR-001,VIS [Type: CHC/TH/FHC] M [Diamètre]X[Longueur]en mm [Matiere:Acier/Inox]
100828125,CYLINDERFOR HMW 3980-F5 PET M/,HY,HY-VE,VE,HY-VE-CYL-015,VERIN HYDRAULIQUE [Type] Ø[Piston]/Ø[Tige]X[Course] [Pression Max]
100828129,SCREW M3xpas 0.05 longueur  25mm PAS 0.05 Longueur 25mm ELECTRICAL WORKS SHOP,ME,ME-VI,VI,ME-VI-025-001,VIS [Type: CHC/TH/FHC] M [Diamètre]X[Longueur]en mm [Matiere:Acier/Inox]
100828130,PISTON SEAL RING KDAS95-75 FOR,ME,ME-JO,JO,ME-JO-PST-003,JOINT [Type: SPI/O-RING/LEVRE] [Dimensions: IntXExtXEp] [Matière: NBR/FKM]
100828134,NUT M20 GB 41FOR HMW 3980-F5 P,ME,ME-VI,VI,ME-VI-M20-001,VIS [Type: CHC/TH/FHC] M [Diamètre]X[Longueur]en mm [Matiere:Acier/Inox]
100828138,CYLINDER (INJECTION)FOR HMW 39,HY,HY-VE,VE,HY-VE-CYL-016,VERIN HYDRAULIQUE [Type] Ø[Piston]/Ø[Tige]X[Course] [Pression Max]
100828148,BEARING LOCKING NUTFOR HMW 398,ME,ME-RO,RO,ME-RO-398-001,ROULEMENT [Type: BILLES/ROULEAUX] [Série/Réf] Ø[Intérieur]XØ[Extérieur]X[Épaisseur] [Flasque/Jeu]
100828150,THRUST BALLBEARING 513241 DIRE,ME,ME-RO,RO,ME-RO-513-001,ROULEMENT [Type: BILLES/ROULEAUX] [Série/Réf] Ø[Intérieur]XØ[Extérieur]X[Épaisseur] [Flasque/Jeu]
100828151,DEEP RING BALL BEARING6019 FOR,ME,ME-RO,RO,ME-RO-DEE-001,ROULEMENT [Type: BILLES/ROULEAUX] [Série/Réf] Ø[Intérieur]XØ[Extérieur]X[Épaisseur] [Flasque/Jeu]
100828154,OIL MOTOR NHM11-1300FOR HMW 39,EL,EL-MO,MO,EL-MO-OIL-001,MOTEUR ASYNCHRONE [Puissance/kW] [Vitesse/tr/min] [Fixation] [Tension]
100828157,FILTER FOR PARISION RED PUMP RED - MODEL ZU-H40X10 ARA MACHINE,HY,HY-PO,PO,HY-PO-FIL-001,POMPE HYDRAULIQUE [Type:volumetrique/Turbo pompe] [Cylindrée] [Pression Max][type de liquide]
100828158,FILTER FOR PARISION YLW PUMP YELLOW - MODEL ZU-A40X10 ARA MACHINE,HY,HY-PO,PO,HY-PO-FIL-002,POMPE HYDRAULIQUE [Type:volumetrique/Turbo pompe] [Cylindrée] [Pression Max][type de liquide]
100828159,"HYDRAULIC HOSE 1/2"" 5-6 M SAE 100R2AT W.P 2000 PSI ARA J 30L PARISION PUMP VALVE",HY,HY-FL,FL,HY-FL-001-002,FLEXIBLE HYDRAULIQUE [type: DN[Diamètre Ø int ] L=[Longueur] [Embouts]
100828160,"HYDRAULIC HOSE 1/2"" 0.8- 1 M SAE 100R2AT W.P 2000 PSI ARA J 30L SUB MOULD COLLECTOR",HY,HY-FL,FL,HY-FL-001-003,FLEXIBLE HYDRAULIQUE [type: DN[Diamètre Ø int ] L=[Longueur] [Embouts]
100828161,CUTTING BLADE CYLINDER SH-DNC-40X200PPV-S ARA 8 - MOHE CYLINDER,HY,HY-VE,VE,HY-VE-040-001,VERIN HYDRAULIQUE [Type] Ø[Piston]/Ø[Tige]X[Course] [Pression Max]
100828168,Liquid Filled Gauge - JM M/C Range : 0/400 kg/cm2 Connection 1/4 NPT (M),SE,SE-EC,EC,SE-EC-000-001,ECLAIRAGE [Type: LED/Halogènes] [Puissance/W] [Tension/V]
100828169,Pneumatic Electro Valve JM M/C MFH 3-1/2 Matr. Nr 9857,PN,PN-EV,EV,PN-EV-001-001,"ELECTROVANNE PNEU [Fonction: 5/2, 3/2] [Filetage] [Tension Commande]"
100828175,O RING 50X60X5,ME,ME-JO,JO,ME-JO-050-002,JOINT [Type: SPI/O-RING/LEVRE] [Dimensions: IntXExtXEp] [Matière: NBR/FKM]
100828176,O RING 40X50X6,ME,ME-JO,JO,ME-JO-040-002,JOINT [Type: SPI/O-RING/LEVRE] [Dimensions: IntXExtXEp] [Matière: NBR/FKM]
100828178,U SEAL 32X46X10 CLAMPING VALVE FOR ARA 2J-2L/B ARA MACHINE,ME,ME-JO,JO,ME-JO-032-001,JOINT [Type: SPI/O-RING/LEVRE] [Dimensions: IntXExtXEp] [Matière: NBR/FKM]
100828179,PNEUMATIC NIPPLE 6MM -10 MM PU TUBE 6 MM TO 10 MM CONNECT MEGA BLOWING MACHINE,PN,PN-RA,RA,PN-RA-006-001,RACCORD PNEUMATIQUE [Type: INSTANT/NIPPLE] Ø[Tube] [Filetage]
100828180,SCREW HEADFOR HMW 3980,ME,ME-VI,VI,ME-VI-SCR-002,VIS [Type: CHC/TH/FHC] M [Diamètre]X[Longueur]en mm [Matiere:Acier/Inox]
100828184,MODULE 20 DI -6372,ME,ME-RO,RO,ME-RO-MOD-001,ROULEMENT [Type: BILLES/ROULEAUX] [Série/Réf] Ø[Intérieur]XØ[Extérieur]X[Épaisseur] [Flasque/Jeu]
100828185,MODULE 20 DI- 9372,EE,EE-CA,CA,EE-CA-MOD-001,CARTE ELECTRONIQUE [Fonction/Usage] [Réf Modèle] [Constructeur]
100828186,MODULE 20 DI- 2100,EE,EE-CA,CA,EE-CA-MOD-002,CARTE ELECTRONIQUE [Fonction/Usage] [Réf Modèle] [Constructeur]
100828187,BASE FOR MODULE 20 BM01,EE,EE-CA,CA,EE-CA-BAS-001,CARTE ELECTRONIQUE [Fonction/Usage] [Réf Modèle] [Constructeur]
100828188,BASE FOR MODULE 20 BM11,EE,EE-CA,CA,EE-CA-BAS-002,CARTE ELECTRONIQUE [Fonction/Usage] [Réf Modèle] [Constructeur]
100828192,LIP SEAL 60X68X5/6.5 MOULD CLAMPING CYLINDER  ARA MACHINE 2J12L,ME,ME-JO,JO,ME-JO-060-002,JOINT [Type: SPI/O-RING/LEVRE] [Dimensions: IntXExtXEp] [Matière: NBR/FKM]
100828209,SWITCH S-50-12,EE,EE-CP,CP,EE-CP-SWI-002,CAPTEUR [Type: PROXIMITE/PHOTO] [Signal: PNP/NPN/TOR] [Raccordement]
100828210,PHOTOELECTRIC SWITCH A3R-1 MX,EE,EE-CP,CP,EE-CP-PHO-001,CAPTEUR [Type: PROXIMITE/PHOTO] [Signal: PNP/NPN/TOR] [Raccordement]
100828211,MID-RELAY MY2NJ 24V,EL,EL-RE,RE,EL-RE-MID-001,RELAIS [Type: EMBROCHABLE/STAT] BOBINE [Tension/V] [Nbr Contacts]
100828212,MID-RELAY MY4NJ DC24V,EL,EL-RE,RE,EL-RE-MID-002,RELAIS [Type: EMBROCHABLE/STAT] BOBINE [Tension/V] [Nbr Contacts]
100828215,THERMOCOUPLE K,IN,IN-TH,TH,IN-TH-THE-007,THERMOCOUPLE [Type: K/J/T] [Longueur Gaine] [Raccordement]
100828228,MODULE X20AT2402,EE,EE-CA,CA,EE-CA-MOD-003,CARTE ELECTRONIQUE [Fonction/Usage] [Réf Modèle] [Constructeur]
100828231,SWITCH S-100-24,EE,EE-CP,CP,EE-CP-SWI-003,CAPTEUR [Type: PROXIMITE/PHOTO] [Signal: PNP/NPN/TOR] [Raccordement]
100828244,ELECTROLYTE REVERSALVALVE SW-G,PN,PN-EV,EV,PN-EV-ELE-002,"ELECTROVANNE PNEU [Fonction: 5/2, 3/2] [Filetage] [Tension Commande]"
100828246,ELECTROMAGNETIC REVERSALVALVE,PN,PN-EV,EV,PN-EV-ELE-003,"ELECTROVANNE PNEU [Fonction: 5/2, 3/2] [Filetage] [Tension Commande]"
100828248,ONE-WAY INTERCEPT VALVEMT-03W-,PN,PN-EV,EV,PN-EV-ONE-001,"ELECTROVANNE PNEU [Fonction: 5/2, 3/2] [Filetage] [Tension Commande]"
100828251,ELEYTROLYTE REVERSALVALVE SWH-,PN,PN-EV,EV,PN-EV-ELE-004,"ELECTROVANNE PNEU [Fonction: 5/2, 3/2] [Filetage] [Tension Commande]"
100828252,ONE-WAY INTERCEPT VALVEMT-02B-,PN,PN-EV,EV,PN-EV-ONE-002,"ELECTROVANNE PNEU [Fonction: 5/2, 3/2] [Filetage] [Tension Commande]"
100828258,HEADING CYLINDER SEALING,ME,ME-JO,JO,ME-JO-CYL-012,JOINT [Type: SPI/O-RING/LEVRE] [Dimensions: IntXExtXEp] [Matière: NBR/FKM]
100828260,O RING FOR BLOWING PIN,ME,ME-JO,JO,ME-JO-RIN-001,JOINT [Type: SPI/O-RING/LEVRE] [Dimensions: IntXExtXEp] [Matière: NBR/FKM]
100828265,SCREW FAN 130FLJ3-B 3,ME,ME-VI,VI,ME-VI-SCR-003,VIS [Type: CHC/TH/FHC] M [Diamètre]X[Longueur]en mm [Matiere:Acier/Inox]
100828271,PU PIPE PU 10,PN,PN-TU,TU,PN-TU-PIP-001,TUBE PNEUMATIQUE [Matière: PU/PA] Ø[Extérieur]XØ[Intérieur] [Couleur]
100828272,PU PIPE PU 12,PN,PN-TU,TU,PN-TU-PIP-002,TUBE PNEUMATIQUE [Matière: PU/PA] Ø[Extérieur]XØ[Intérieur] [Couleur]
100828274,ELECTRICAL SENSOR TR25,EE,EE-CP,CP,EE-CP-ELE-001,CAPTEUR [Type: PROXIMITE/PHOTO] [Signal: PNP/NPN/TOR] [Raccordement]
100828277,SEAL KIT CASTLE 180 INJECTION CYL. CASTLE 180 WINDSOR MACHINE,ME,ME-JO,JO,ME-JO-SEA-005,JOINT [Type: SPI/O-RING/LEVRE] [Dimensions: IntXExtXEp] [Matière: NBR/FKM]
100828278,HYDRAULIC PUMP-HMW 3980 F5 IMM MACHINE- MEGA MEGA MACHINE,HY,HY-PO,PO,HY-PO-HYD-001,POMPE HYDRAULIQUE [Type:volumetrique/Turbo pompe] [Cylindrée] [Pression Max][type de liquide]
100828283,COIL,CS,CS-GC,GC,CS-GC-COI-001,
100828294,OIL PUMP 2J12L PV2R12-17-59-FR,HY,HY-PO,PO,HY-PO-017-002,POMPE HYDRAULIQUE [Type:volumetrique/Turbo pompe] [Cylindrée] [Pression Max][type de liquide]
100828296,FILTER SCREEN FOR OILCASE J30L,HY,HY-FI,FI,HY-FI-FIL-003,FILTRE HYDRAULIQUE [Type: RETOUR/ASP] [Seuil/µm] [Raccordement/Débit]
100828297,FILTER SCREEN FOR OIL 2J12L WU CASE 2J12L WU-160*180,HY,HY-FI,FI,HY-FI-160-001,FILTRE HYDRAULIQUE [Type: RETOUR/ASP] [Seuil/µm] [Raccordement/Débit]
100828299,FILTER SCREEN FOR AIRCOMPRESSO,HY,HY-FI,FI,HY-FI-FIL-004,FILTRE HYDRAULIQUE [Type: RETOUR/ASP] [Seuil/µm] [Raccordement/Débit]
100828301,CHAIN METALICD40mm/L25mm/0.4mm,ME,ME-CH,CH,ME-CH-040-001,CHAINE ROULEAUX [Pas] [Type: SIMPLEX/DUPLEX] L=[Nbr Maillons/Longueur en mm]
100828304,CHAIN ADJUSTING SHAFTSHORT,ME,ME-CH,CH,ME-CH-SFT-001,CHAINE ROULEAUX [Pas] [Type: SIMPLEX/DUPLEX] L=[Nbr Maillons/Longueur en mm]
100828308,HEATING SENSORS FOR VERT-ICAL,EE,EE-CP,CP,EE-CP-HEA-001,CAPTEUR [Type: PROXIMITE/PHOTO] [Signal: PNP/NPN/TOR] [Raccordement]
100828311,SIEMENS RTD 331 MODULE AIBXTC/4XRTD SIEMENS 331,EE,EE-CA,CA,EE-CA-SIE-001,CARTE ELECTRONIQUE [Fonction/Usage] [Réf Modèle] [Constructeur]
100828316,OUTPUT TIMING PULLEY14L 100,EE,EE-CA,CA,EE-CA-OUT-001,CARTE ELECTRONIQUE [Fonction/Usage] [Réf Modèle] [Constructeur]
100828317,TAPER LOCK FOR INPUTTIMING PUL,EE,EE-CA,CA,EE-CA-TAP-001,CARTE ELECTRONIQUE [Fonction/Usage] [Réf Modèle] [Constructeur]
100828318,DRIVE INPUT TIMINGPULLEY TP30L,IN,IN-VA,VA,IN-VA-DRI-002,"VARIATEUR VITESSE [Type: MONO, TRIPHASE] [Puissance/kW]  [Mode: Réseau/Simple][Fabricant]"
100828320,MAIN DRIVE TIMING PULLEYTP28L,IN,IN-VA,VA,IN-VA-MAI-001,"VARIATEUR VITESSE [Type: MONO, TRIPHASE] [Puissance/kW]  [Mode: Réseau/Simple][Fabricant]"
100828322,CHAIN SPROCKET IDLER,ME,ME-CH,CH,ME-CH-CHA-001,CHAINE ROULEAUX [Pas] [Type: SIMPLEX/DUPLEX] L=[Nbr Maillons/Longueur en mm]
100828328,ALLEN BOLT - M16 X 150 MM,ME,ME-VI,VI,ME-VI-M16-001,VIS [Type: CHC/TH/FHC] M [Diamètre]X[Longueur]en mm [Matiere:Acier/Inox]
100828329,ALLEN BOLT - M12 X 70 MM,ME,ME-VI,VI,ME-VI-M12-001,VIS [Type: CHC/TH/FHC] M [Diamètre]X[Longueur]en mm [Matiere:Acier/Inox]
100828330,HEATING LAMP 1080 MM,SE,SE-EC,EC,SE-EC-080-001,ECLAIRAGE [Type: LED/Halogènes] [Puissance/W] [Tension/V]
100828332,HEATING LAMP 655 MM,SE,SE-EC,EC,SE-EC-655-001,ECLAIRAGE [Type: LED/Halogènes] [Puissance/W] [Tension/V]
100828336,HYDRAULIC CYLINDER,HY,HY-VE,VE,HY-VE-CYL-017,VERIN HYDRAULIQUE [Type] Ø[Piston]/Ø[Tige]X[Course] [Pression Max]
100828341,LINER BEARING HGW30HC 20C6H-64,ME,ME-RO,RO,ME-RO-HGW-001,ROULEMENT [Type: BILLES/ROULEAUX] [Série/Réf] Ø[Intérieur]XØ[Extérieur]X[Épaisseur] [Flasque/Jeu]
100828343,LINEAR BEARING BRS 35 B,ME,ME-RO,RO,ME-RO-350-001,ROULEMENT [Type: BILLES/ROULEAUX] [Série/Réf] Ø[Intérieur]XØ[Extérieur]X[Épaisseur] [Flasque/Jeu]
100828344,INNER BAR FOR BEARING BRS35B,ME,ME-RO,RO,ME-RO-BRS-001,ROULEMENT [Type: BILLES/ROULEAUX] [Série/Réf] Ø[Intérieur]XØ[Extérieur]X[Épaisseur] [Flasque/Jeu]
100828349,SEAL KIT FOR DNCB-40-125-PPV-A SEAL KIT FOR FESTO CYLINDER,ME,ME-JO,JO,ME-JO-CYL-013,JOINT [Type: SPI/O-RING/LEVRE] [Dimensions: IntXExtXEp] [Matière: NBR/FKM]
100828350,SEAL KIT FOR DNCB-80-290-PPV-A SEAL KIT FOR FESTO CYLINDER,ME,ME-JO,JO,ME-JO-CYL-014,JOINT [Type: SPI/O-RING/LEVRE] [Dimensions: IntXExtXEp] [Matière: NBR/FKM]
100828353,"""30CM, PHOTO SENSOR M-18""",EE,EE-CP,CP,EE-CP-30C-001,CAPTEUR [Type: PROXIMITE/PHOTO] [Signal: PNP/NPN/TOR] [Raccordement]
100828354,AC DRIVER -30 KW MOTOR ARA- J30L MACHINE 380 - 440 V/50 HZ-60HZ,EL,EL-MO,MO,EL-MO-300-001,MOTEUR ASYNCHRONE [Puissance/kW] [Vitesse/tr/min] [Fixation] [Tension]
100828356,MOULD CLAMP 140 X 50 MM SMALL MEGA 2280 F5 IMM MOULD CLAMP BOLT SIZE M 16,ME,ME-VI,VI,ME-VI-M16-002,VIS [Type: CHC/TH/FHC] M [Diamètre]X[Longueur]en mm [Matiere:Acier/Inox]
100828357,MOULD CLAMP 170 X 60 MM BIG MEGA 3980 F5 IMM MOULD CLAMP BOLT SIZE M 20,ME,ME-VI,VI,ME-VI-M20-002,VIS [Type: CHC/TH/FHC] M [Diamètre]X[Longueur]en mm [Matiere:Acier/Inox]
100828362,FRL UNIT SUITABLE,PN,PN-RE,RE,PN-RE-FRL-001,REGULATEUR PRESSION [Filetage] [Plage/Bars] [Options: MANOMETRE/FILTRE]
100828369,"""HOSE CLIP M.S 1/2""""""""",HY,HY-FL,FL,HY-FL-001-004,FLEXIBLE HYDRAULIQUE [type: DN[Diamètre Ø int ] L=[Longueur] [Embouts]
100828370,NOZZLE VLV. SEAL KIT NOZZLE VALVE CYLINDERSEAL KIT WINDSOR 220 M/C,ME,ME-JO,JO,ME-JO-CYL-015,JOINT [Type: SPI/O-RING/LEVRE] [Dimensions: IntXExtXEp] [Matière: NBR/FKM]
100828371,MOLD CLAMP CY. SEAL KIT NOZZLE VALVE CYLINDERSEAL KIT WINDSOR 180 M/C,ME,ME-JO,JO,ME-JO-CYL-016,JOINT [Type: SPI/O-RING/LEVRE] [Dimensions: IntXExtXEp] [Matière: NBR/FKM]
100828372,RET. CYL. SEAL KIT SET RETRACTION CYLINDER SEAL KIT WINDSOR 180 M/C,ME,ME-JO,JO,ME-JO-CYL-017,JOINT [Type: SPI/O-RING/LEVRE] [Dimensions: IntXExtXEp] [Matière: NBR/FKM]
100828373,HYD. EJE. CYL. SEAL KIT  EJECTOR CYLINDER SEAL KIT SET WINDSOR 220 M/C,ME,ME-JO,JO,ME-JO-CYL-018,JOINT [Type: SPI/O-RING/LEVRE] [Dimensions: IntXExtXEp] [Matière: NBR/FKM]
100828374,HYD. EJE. CYL. SEAL KIT  EJECTOR CYLINDER SEAL KIT SET WINDSOR 180 M/C,ME,ME-JO,JO,ME-JO-CYL-019,JOINT [Type: SPI/O-RING/LEVRE] [Dimensions: IntXExtXEp] [Matière: NBR/FKM]
100828375,MOLD CLAMP CY. SEAL KIT  MOLD CLAMP CYL. SEAL KIT SET WINDSOR 220 M/C,ME,ME-JO,JO,ME-JO-MOL-001,JOINT [Type: SPI/O-RING/LEVRE] [Dimensions: IntXExtXEp] [Matière: NBR/FKM]
100828393,O RING 20 x 28 x 5UHS 20 VAIQU,ME,ME-JO,JO,ME-JO-020-001,JOINT [Type: SPI/O-RING/LEVRE] [Dimensions: IntXExtXEp] [Matière: NBR/FKM]
100828402,AIR PRESSURE REGULATOR30MPA -,PN,PN-RE,RE,PN-RE-AIR-001,REGULATEUR PRESSION [Filetage] [Plage/Bars] [Options: MANOMETRE/FILTRE]
100828420,HDPE SHOE COVER,SE,SE-PM,PM,SE-PM-HDP-001,PROTECTION MACHINE [Type: CARTER/GRILLAGE/Switch] [Dimensions][Capteurs sécurité/Fin de course/dispositif d'arret d'urgence] [Matière][Tension]
100828425,"FLEXIBLE HOSE BRAIDED 1""",HY,HY-FL,FL,HY-FL-FLE-001,FLEXIBLE HYDRAULIQUE [type: DN[Diamètre Ø int ] L=[Longueur] [Embouts]
100828432,NIPPLE MOULD COOLING,PN,PN-RA,RA,PN-RA-NPL-002,RACCORD PNEUMATIQUE [Type: INSTANT/NIPPLE] Ø[Tube] [Filetage]
100828436,PU AIR PIPE 10.5 x 6.5,PN,PN-TU,TU,PN-TU-010-001,TUBE PNEUMATIQUE [Matière: PU/PA] Ø[Extérieur]XØ[Intérieur] [Couleur]
100828437,PU AIR PIPE 8mm,PN,PN-TU,TU,PN-TU-008-001,TUBE PNEUMATIQUE [Matière: PU/PA] Ø[Extérieur]XØ[Intérieur] [Couleur]
100828438,PU AIR PIPE 6mm,PN,PN-TU,TU,PN-TU-006-001,TUBE PNEUMATIQUE [Matière: PU/PA] Ø[Extérieur]XØ[Intérieur] [Couleur]
100828439,PU AIR PIPE 4mm,PN,PN-TU,TU,PN-TU-004-001,TUBE PNEUMATIQUE [Matière: PU/PA] Ø[Extérieur]XØ[Intérieur] [Couleur]
100828442,"""HOSE CLIPS 1""""""""",HY,HY-FL,FL,HY-FL-HOS-001,FLEXIBLE HYDRAULIQUE [type: DN[Diamètre Ø int ] L=[Longueur] [Embouts]
100828461,MOTOR 52W 6 rpm,EL,EL-MO,MO,EL-MO-001-001,MOTEUR ASYNCHRONE [Puissance/kW] [Vitesse/tr/min] [Fixation] [Tension]
100828468,V25 MIXER MOTOR WITHGEAR BOX,ME,ME-EN,EN,ME-EN-V25-001,ENGRENAGE [Type: DROIT/HELIC] [Module]  [Ø exterieur/Matière][Ø Alésage/Matière]
100828472,FILTER KPL,HY,HY-FI,FI,HY-FI-FIL-005,FILTRE HYDRAULIQUE [Type: RETOUR/ASP] [Seuil/µm] [Raccordement/Débit]
100828484,CONTROL CARD SL31,EE,EE-CA,CA,EE-CA-CON-001,CARTE ELECTRONIQUE [Fonction/Usage] [Réf Modèle] [Constructeur]
100828488,PROXIMITY SENSOR OMRON,EE,EE-CP,CP,EE-CP-PRO-001,CAPTEUR [Type: PROXIMITE/PHOTO] [Signal: PNP/NPN/TOR] [Raccordement]
100828491,HIDRAULIC CYLINDER-ARA-2J2L/B LEFT 1 RIGHT STATION MOVEMENT,HY,HY-VE,VE,HY-VE-CYL-018,VERIN HYDRAULIQUE [Type] Ø[Piston]/Ø[Tige]X[Course] [Pression Max]
100828493,"3PH INDUCTIONMOTOR/TYPE=Y200L2 -6,22KW/RPM=970/V=380/A=44.6 ARA MACHINE/HDPE MODLING PLANT",EL,EL-MO,MO,EL-MO-062-001,MOTEUR ASYNCHRONE [Puissance/kW] [Vitesse/tr/min] [Fixation] [Tension]
100828494,"3PH INDUCTIONMOTOR/TYPE=Y200L2 -4,30KW/RPM=1470/V=380/A=46.8 ARA MACHINE/HDPE MODLING PLANT",EL,EL-MO,MO,EL-MO-043-001,MOTEUR ASYNCHRONE [Puissance/kW] [Vitesse/tr/min] [Fixation] [Tension]
100828495,VANE PUMP VT6CC VELJAN VT6-CCW-031-025-RR00-C1-11 WINDSOR MC HYD PUMP,HY,HY-PO,PO,HY-PO-006-001,POMPE HYDRAULIQUE [Type:volumetrique/Turbo pompe] [Cylindrée] [Pression Max][type de liquide]
100828504,BALL BEARING FC 214 FOR  GRANULATOR 150-35 MODEL HDPE MOULDING,ME,ME-RO,RO,ME-RO-214-001,ROULEMENT [Type: BILLES/ROULEAUX] [Série/Réf] Ø[Intérieur]XØ[Extérieur]X[Épaisseur] [Flasque/Jeu]
100828514,PNEUMATIC PU NIPPLE 8 MM-12 MM PU TUBE CONNECTOR 8 MM -12 MM MEGA BLOWING MACHINE,PN,PN-RA,RA,PN-RA-008-001,RACCORD PNEUMATIQUE [Type: INSTANT/NIPPLE] Ø[Tube] [Filetage]
100828523,"""NIPPLE 8MM,1/4 MALE""",PN,PN-RA,RA,PN-RA-001-010,RACCORD PNEUMATIQUE [Type: INSTANT/NIPPLE] Ø[Tube] [Filetage]
100828524,"""NIPPLE 8MM,1/8 MALE""",PN,PN-RA,RA,PN-RA-001-011,RACCORD PNEUMATIQUE [Type: INSTANT/NIPPLE] Ø[Tube] [Filetage]
100828525,"""NIPPLE 10MM,1/8 MALE""",PN,PN-RA,RA,PN-RA-001-012,RACCORD PNEUMATIQUE [Type: INSTANT/NIPPLE] Ø[Tube] [Filetage]
100828526,"""NIPPLE 10MM,1/4 MALE""",PN,PN-RA,RA,PN-RA-001-013,RACCORD PNEUMATIQUE [Type: INSTANT/NIPPLE] Ø[Tube] [Filetage]
100828530,"""NIPPLE 12 MM,1/8 MALE""",PN,PN-RA,RA,PN-RA-001-014,RACCORD PNEUMATIQUE [Type: INSTANT/NIPPLE] Ø[Tube] [Filetage]
100828531,NIPPLE 10 MM PU T,PN,PN-RA,RA,PN-RA-010-001,RACCORD PNEUMATIQUE [Type: INSTANT/NIPPLE] Ø[Tube] [Filetage]
100828534,NIPPLE 10 MM 1/4 MALE,PN,PN-RA,RA,PN-RA-001-015,RACCORD PNEUMATIQUE [Type: INSTANT/NIPPLE] Ø[Tube] [Filetage]
100828535,NIPPLE 8MM PU -Y,PN,PN-RA,RA,PN-RA-008-002,RACCORD PNEUMATIQUE [Type: INSTANT/NIPPLE] Ø[Tube] [Filetage]
100828536,NIPPLE 10 MM PU-Y,PN,PN-RA,RA,PN-RA-010-002,RACCORD PNEUMATIQUE [Type: INSTANT/NIPPLE] Ø[Tube] [Filetage]
100828552,RELAIS INTER FACE,EL,EL-RE,RE,EL-RE-REL-005,RELAIS [Type: EMBROCHABLE/STAT] BOBINE [Tension/V] [Nbr Contacts]
100828553,JM SSR50AMP-901ZDA609001 OEM REF : SSR090AUN2 UNISON MAKE FOR JM MACHINE,EL,EL-CO,CO,EL-CO-SSR-001,CONTACTEUR [Intensité/A] BOBINE [Tension/V] [Nbr Contacts NO/NF]
100828554,JM SSR50AMP-901ZDA605001 OEM REF : SSR050AUN2 UNISON MAKE FOR JM MACHINE,EL,EL-CO,CO,EL-CO-SSR-002,CONTACTEUR [Intensité/A] BOBINE [Tension/V] [Nbr Contacts NO/NF]
100828556,"JM SERVOVALVE CARD ASAA01CH001 OEM REF PLC-BH-T, ASAUTOMATION FOR JM 12/VI/2019",EE,EE-AU,AU,EE-AU-BHT-001,AUTOMATE PLC [Série/Modèle] [Configuration E/S] [Alimentation]
100828557,JM RELAY CARD 8CHANNEL OEM REF : RELAYCARD-8 FOR JM12/VI/2019,EL,EL-RE,RE,EL-RE-REL-006,RELAIS [Type: EMBROCHABLE/STAT] BOBINE [Tension/V] [Nbr Contacts]
100828559,"COMPRESSEUR COPELAND SCROLL ZR125KC-TFD-522 SERIE:12G2186HT, R22",PN,PN-CO,CO,PN-CO-COM-003,COMPRESSEUR AIR [Puissance/kW] [Débit] [Capacité Cuve/L] [Pression]
100828565,NIPPLE 3/8-8MM,PN,PN-RA,RA,PN-RA-003-002,RACCORD PNEUMATIQUE [Type: INSTANT/NIPPLE] Ø[Tube] [Filetage]
100828566,JM MACHINE BECKOFF EL3318 8* INPUT FOR THERMO ELEMENTS FOR JM DOUBLE STATION MACHINE,EE,EE-CA,CA,EE-CA-MAC-001,CARTE ELECTRONIQUE [Fonction/Usage] [Réf Modèle] [Constructeur]
100828567,"JM ABB ACS560-01-106A VFD55KW 380/480VAC,50HZ,106AMPS JM DOUBLE STATION MACHINE",IN,IN-VA,VA,IN-VA-380-001,"VARIATEUR VITESSE [Type: MONO, TRIPHASE] [Puissance/kW]  [Mode: Réseau/Simple][Fabricant]"
100828568,"JM MACHINE BECKOFF EL 1809 16* DIGITAL INPUT, 24VDC FOR JM DOUBLE STATION MACHINE",EE,EE-CA,CA,EE-CA-MAC-002,CARTE ELECTRONIQUE [Fonction/Usage] [Réf Modèle] [Constructeur]
100828569,JM BECKOFF EL 3255 5-I/P POT MEASURE WITH SENSOR  FOR JM DOUBLE STATION MACHINE,EE,EE-CP,CP,EE-CP-BEC-001,CAPTEUR [Type: PROXIMITE/PHOTO] [Signal: PNP/NPN/TOR] [Raccordement]
100828570,NIPPLE DE CHARGE ¼,PN,PN-RA,RA,PN-RA-NPL-003,RACCORD PNEUMATIQUE [Type: INSTANT/NIPPLE] Ø[Tube] [Filetage]
100828575,NIPPLE 12MM 1/8 PU-LMALE,PN,PN-RA,RA,PN-RA-001-016,RACCORD PNEUMATIQUE [Type: INSTANT/NIPPLE] Ø[Tube] [Filetage]
100828576,NIPPLE 6MM 1/8 PU-LMALE,PN,PN-RA,RA,PN-RA-001-017,RACCORD PNEUMATIQUE [Type: INSTANT/NIPPLE] Ø[Tube] [Filetage]
100828577,NIPPLE 8MM 1/8 PU-LMALE,PN,PN-RA,RA,PN-RA-001-018,RACCORD PNEUMATIQUE [Type: INSTANT/NIPPLE] Ø[Tube] [Filetage]
100828578,NIPPLE 10 MM 1/8PU-LMALE,PN,PN-RA,RA,PN-RA-001-019,RACCORD PNEUMATIQUE [Type: INSTANT/NIPPLE] Ø[Tube] [Filetage]
100828579,NIPPLE 8MM TO 10 MM,PN,PN-RA,RA,PN-RA-008-003,RACCORD PNEUMATIQUE [Type: INSTANT/NIPPLE] Ø[Tube] [Filetage]
100828580,NIPPLE 10 MM TO 12 MM,PN,PN-RA,RA,PN-RA-010-003,RACCORD PNEUMATIQUE [Type: INSTANT/NIPPLE] Ø[Tube] [Filetage]
100828584,AIR PRESSURE REGULATOR,PN,PN-RE,RE,PN-RE-AIR-002,REGULATEUR PRESSION [Filetage] [Plage/Bars] [Options: MANOMETRE/FILTRE]
100828586,NIPPLE 10 MM 3/8 MALE,PN,PN-RA,RA,PN-RA-003-003,RACCORD PNEUMATIQUE [Type: INSTANT/NIPPLE] Ø[Tube] [Filetage]
100828587,NIPPLE 6MM PU MALE,PN,PN-RA,RA,PN-RA-006-002,RACCORD PNEUMATIQUE [Type: INSTANT/NIPPLE] Ø[Tube] [Filetage]
100828601,OIL SEAL 75X85X6,ME,ME-JO,JO,ME-JO-075-001,JOINT [Type: SPI/O-RING/LEVRE] [Dimensions: IntXExtXEp] [Matière: NBR/FKM]
100828602,OIL SEAL 35X45X60,ME,ME-JO,JO,ME-JO-035-001,JOINT [Type: SPI/O-RING/LEVRE] [Dimensions: IntXExtXEp] [Matière: NBR/FKM]
100828603,OIL SEAL 60X70X6,ME,ME-JO,JO,ME-JO-060-003,JOINT [Type: SPI/O-RING/LEVRE] [Dimensions: IntXExtXEp] [Matière: NBR/FKM]
100828604,OIL SEAL 50 X 60 X6,ME,ME-JO,JO,ME-JO-050-003,JOINT [Type: SPI/O-RING/LEVRE] [Dimensions: IntXExtXEp] [Matière: NBR/FKM]
100828605,OIL SEAL 28 X 36 X5,ME,ME-JO,JO,ME-JO-028-001,JOINT [Type: SPI/O-RING/LEVRE] [Dimensions: IntXExtXEp] [Matière: NBR/FKM]
100828606,OIL SEAL RINGAIR COMPRESSOR,ME,ME-JO,JO,ME-JO-OIL-001,JOINT [Type: SPI/O-RING/LEVRE] [Dimensions: IntXExtXEp] [Matière: NBR/FKM]
100828607,U SEAL 70/80/8,ME,ME-JO,JO,ME-JO-070-001,JOINT [Type: SPI/O-RING/LEVRE] [Dimensions: IntXExtXEp] [Matière: NBR/FKM]
100828608,LIP SEAL 70/80/6,ME,ME-JO,JO,ME-JO-070-002,JOINT [Type: SPI/O-RING/LEVRE] [Dimensions: IntXExtXEp] [Matière: NBR/FKM]
100828609,U SEAL 18/25/5,ME,ME-JO,JO,ME-JO-018-001,JOINT [Type: SPI/O-RING/LEVRE] [Dimensions: IntXExtXEp] [Matière: NBR/FKM]
100828610,U SEAL25/35/8,ME,ME-JO,JO,ME-JO-025-002,JOINT [Type: SPI/O-RING/LEVRE] [Dimensions: IntXExtXEp] [Matière: NBR/FKM]
100828611,U SEAL40/50/6,ME,ME-JO,JO,ME-JO-040-003,JOINT [Type: SPI/O-RING/LEVRE] [Dimensions: IntXExtXEp] [Matière: NBR/FKM]
100828612,U SEAL20/28/5,ME,ME-JO,JO,ME-JO-020-002,JOINT [Type: SPI/O-RING/LEVRE] [Dimensions: IntXExtXEp] [Matière: NBR/FKM]
100828613,U SEAL 30/40/6,ME,ME-JO,JO,ME-JO-030-001,JOINT [Type: SPI/O-RING/LEVRE] [Dimensions: IntXExtXEp] [Matière: NBR/FKM]
100828614,O RING 130/142/6,ME,ME-JO,JO,ME-JO-130-001,JOINT [Type: SPI/O-RING/LEVRE] [Dimensions: IntXExtXEp] [Matière: NBR/FKM]
100828615,O RING 47/54/3.5,ME,ME-JO,JO,ME-JO-047-001,JOINT [Type: SPI/O-RING/LEVRE] [Dimensions: IntXExtXEp] [Matière: NBR/FKM]
100828616,O RING 49/55/3,ME,ME-JO,JO,ME-JO-049-001,JOINT [Type: SPI/O-RING/LEVRE] [Dimensions: IntXExtXEp] [Matière: NBR/FKM]
100828618,U SEAL 53/63/6,ME,ME-JO,JO,ME-JO-053-002,JOINT [Type: SPI/O-RING/LEVRE] [Dimensions: IntXExtXEp] [Matière: NBR/FKM]
100828619,SIEMENS IM 153 - 1 SIMATIC ET 200 MAGIC MACHINE MODULE SIMATIC ET 200,EE,EE-CA,CA,EE-CA-SIE-002,CARTE ELECTRONIQUE [Fonction/Usage] [Réf Modèle] [Constructeur]
100828620,SIEMENS  SEC GAT 3TK2827 1BB40 MAGIC MACHINE MODULE SIEMENS 3TK2827 - 1BB40,EE,EE-CA,CA,EE-CA-SIE-003,CARTE ELECTRONIQUE [Fonction/Usage] [Réf Modèle] [Constructeur]
100828622,SIEMENS SM331 AO 4X12BIT MAGIC MACHINE PLC ANALOGIQUE OUTPUT MODULE,EE,EE-AU,AU,EE-AU-ANA-001,AUTOMATE PLC [Série/Modèle] [Configuration E/S] [Alimentation]
100828623,SIEMENS SM321 DI 32XDC24/0.5A MAGIC MACHINE PLC DIGITAL INPUT MODULE,EE,EE-AU,AU,EE-AU-DIG-001,AUTOMATE PLC [Série/Modèle] [Configuration E/S] [Alimentation]
100828624,SIEMENS SM322 DO 32XDC24/0.5A MAGIC MACHINE PLC DIGITAL OUTPUT MODULE,EE,EE-AU,AU,EE-AU-DIG-002,AUTOMATE PLC [Série/Modèle] [Configuration E/S] [Alimentation]
100828625,SIEMENS SM331 AI 8XTC/4XRTD MAGIC MACHINE PLC ANALOGIQUE INPUT MODULE,EE,EE-AU,AU,EE-AU-ANA-002,AUTOMATE PLC [Série/Modèle] [Configuration E/S] [Alimentation]
100828626,U SEAL 40X50X7 EJECTION CYLINDER IMM HMW 2280- F5,ME,ME-JO,JO,ME-JO-040-004,JOINT [Type: SPI/O-RING/LEVRE] [Dimensions: IntXExtXEp] [Matière: NBR/FKM]
100828627,LIP SEAL 40X50X6+LIP EJECTION CYLINDER IMM HMW 2280- F5,ME,ME-JO,JO,ME-JO-040-005,JOINT [Type: SPI/O-RING/LEVRE] [Dimensions: IntXExtXEp] [Matière: NBR/FKM]
100828628,U SEAL 75X85X7 EJECTION CYLINDER IMM HMW 2280- F5,ME,ME-JO,JO,ME-JO-075-002,JOINT [Type: SPI/O-RING/LEVRE] [Dimensions: IntXExtXEp] [Matière: NBR/FKM]
100828629,LIP SEAL 75X85X6 +LIP EJECTION CYLINDER IMM HMW 2280- F5,ME,ME-JO,JO,ME-JO-075-003,JOINT [Type: SPI/O-RING/LEVRE] [Dimensions: IntXExtXEp] [Matière: NBR/FKM]
100828630,LIP SEAL 55X63X5/6.5 INJECTION CYLINDER IMM HMW 2280- F5,ME,ME-JO,JO,ME-JO-055-001,JOINT [Type: SPI/O-RING/LEVRE] [Dimensions: IntXExtXEp] [Matière: NBR/FKM]
100828631,U SEAL 45X55X7 CARRIAGE CYLINDER IMM HMW 2280- F5,ME,ME-JO,JO,ME-JO-045-001,JOINT [Type: SPI/O-RING/LEVRE] [Dimensions: IntXExtXEp] [Matière: NBR/FKM]
100828633,HYDRAULIC HOSE GH506-20-1.5 DN 31 350 BAR/5076 PSI IMM HMW 2280- F5,HY,HY-FL,FL,HY-FL-031-001,FLEXIBLE HYDRAULIQUE [type: DN[Diamètre Ø int ] L=[Longueur] [Embouts]
100828636,"PISTON WASHER OD-20.12,ID17.1 WIDTH 2.9,THICKNESS 1.6mm 28 GM PREFORM MOULD",ME,ME-VI,VI,ME-VI-001-001,VIS [Type: CHC/TH/FHC] M [Diamètre]X[Longueur]en mm [Matiere:Acier/Inox]
100828637,"HOT RUNNER PISTON WASHER OD-50.35, ID-44.35, THICKNESS 2.7 MM 28 GM PREFORM MOULD",ME,ME-VI,VI,ME-VI-002-001,VIS [Type: CHC/TH/FHC] M [Diamètre]X[Longueur]en mm [Matiere:Acier/Inox]
100828639,"SILICON O RING FOR PREFORM HOT RUNNER OD-44.45, ID36.65, TH- 3.5 MM 28 MM PREFOM HOT RUNNER",ME,ME-JO,JO,ME-JO-003-001,JOINT [Type: SPI/O-RING/LEVRE] [Dimensions: IntXExtXEp] [Matière: NBR/FKM]
100828644,OIL SEAL 55*80*12,ME,ME-JO,JO,ME-JO-055-002,JOINT [Type: SPI/O-RING/LEVRE] [Dimensions: IntXExtXEp] [Matière: NBR/FKM]
100828645,OIL SEAL 55*65*12,ME,ME-JO,JO,ME-JO-055-003,JOINT [Type: SPI/O-RING/LEVRE] [Dimensions: IntXExtXEp] [Matière: NBR/FKM]
100828646,U SEAL 60 X 70 X 7MM ARA 30 LITERS MACHINE,ME,ME-JO,JO,ME-JO-060-004,JOINT [Type: SPI/O-RING/LEVRE] [Dimensions: IntXExtXEp] [Matière: NBR/FKM]
100828647,U SEAL 28x36x4.5/6 MM ARA 30 LITERS MACHINE,ME,ME-JO,JO,ME-JO-028-002,JOINT [Type: SPI/O-RING/LEVRE] [Dimensions: IntXExtXEp] [Matière: NBR/FKM]
100828648,U SEAL 125x140x9 MM CLAMP CYLINDER ARA 30 LITERS MACHINE,ME,ME-JO,JO,ME-JO-125-001,JOINT [Type: SPI/O-RING/LEVRE] [Dimensions: IntXExtXEp] [Matière: NBR/FKM]
100828651,U SEAL 30 x 38 x 6 MM ARA 30 LITERS MACHINE,ME,ME-JO,JO,ME-JO-030-002,JOINT [Type: SPI/O-RING/LEVRE] [Dimensions: IntXExtXEp] [Matière: NBR/FKM]
100828654,RELAY 24 V DC ARA 30 LITERS MACHINE,EL,EL-RE,RE,EL-RE-REL-007,RELAIS [Type: EMBROCHABLE/STAT] BOBINE [Tension/V] [Nbr Contacts]
100828656,"HYDRAULIC HOSE 1/2""  L 1.7 MTR W P 2000 Psi - PLATFORM  J 30L ARA 1,2,3,4 MACHINE",HY,HY-FL,FL,HY-FL-001-005,FLEXIBLE HYDRAULIQUE [type: DN[Diamètre Ø int ] L=[Longueur] [Embouts]
100828658,"HYDRAULIC HOSE 1/2""- L 3.2 MTR W P 2000 Psi-MOULD CLOSE  2J 12L ARA 6 & 8 MACHINE",HY,HY-FL,FL,HY-FL-001-006,FLEXIBLE HYDRAULIQUE [type: DN[Diamètre Ø int ] L=[Longueur] [Embouts]
100828659,"HYDRAULIC HOSE 1/2"" -L 5.0 MTR W P 2000 Psi - PARISION PUMP  ARA J30L ARA 1,2,3,4 MACHINE",HY,HY-FL,FL,HY-FL-001-007,FLEXIBLE HYDRAULIQUE [type: DN[Diamètre Ø int ] L=[Longueur] [Embouts]
100828660,"HYDRAULIC HOSE 1/2""-L 0.68 MTR W P 2000 Psi - BLOW PIN ARA  J30L ARA 1,2,3,4 MACHINE",HY,HY-FL,FL,HY-FL-001-008,FLEXIBLE HYDRAULIQUE [type: DN[Diamètre Ø int ] L=[Longueur] [Embouts]
100828661,"HYDRAULIC SEAL KIT FOR ARA J30 L PUMP 45V-43A-1-22A-R PUMP ARA 1,2,3,4 MACHINE",ME,ME-JO,JO,ME-JO-001-001,JOINT [Type: SPI/O-RING/LEVRE] [Dimensions: IntXExtXEp] [Matière: NBR/FKM]
100828662,"HYDRAULIC HOSE 1/2"" -L 1.2 MTR W P 2000 Psi - V. CYLINDER B P J30L ARA 1,2,3,4 MACHINE",HY,HY-VE,VE,HY-VE-001-001,VERIN HYDRAULIQUE [Type] Ø[Piston]/Ø[Tige]X[Course] [Pression Max]
100828664,"HYDRAULIC SEAL 60x40x10 HYDRAULIC PUMP ARA J30L ARA 1,2,3,4 MACHINE",ME,ME-JO,JO,ME-JO-001-002,JOINT [Type: SPI/O-RING/LEVRE] [Dimensions: IntXExtXEp] [Matière: NBR/FKM]
100828665,V BELT C 3226 LI FOR GRANULATOR XFS 800 ARA GRANULATOR,ME,ME-CO,CO,ME-CO-C32-001,COURROIE [Type: Profil(TRAP/DENT/plate)] [dimension: L=[Longueurx epaisseur  en mm]
100828669,JM MACHINE BECKOFF EL9550 SURGE FILTER PROTECTION FOR JM DOUBLE SATTION MACHINE,HY,HY-FI,FI,HY-FI-MAC-001,FILTRE HYDRAULIQUE [Type: RETOUR/ASP] [Seuil/µm] [Raccordement/Débit]
100828670,"JM MACHINE BECKOFF EL4034 4*ANALOG OUTPUT, 10V FOR JM DOUBLE STAION MACHINE",EE,EE-CA,CA,EE-CA-MAC-003,CARTE ELECTRONIQUE [Fonction/Usage] [Réf Modèle] [Constructeur]
100828671,"JM MACHINE BECKOFF EL2828 8 * DIGITAL OUTPUTS , 24VDC FOR JM DOUBLE STATION MACHINE",EE,EE-CA,CA,EE-CA-MAC-004,CARTE ELECTRONIQUE [Fonction/Usage] [Réf Modèle] [Constructeur]
100828672,"JM MACHINE BECKOFF EL3064 4*ANALOG INPUT, 0-10VDC FOR JM DOUBLE STATION MACIHINE",EE,EE-CA,CA,EE-CA-MAC-005,CARTE ELECTRONIQUE [Fonction/Usage] [Réf Modèle] [Constructeur]
100828702,MODULE DIGITAL DE SORTIE,EE,EE-CA,CA,EE-CA-MOD-004,CARTE ELECTRONIQUE [Fonction/Usage] [Réf Modèle] [Constructeur]
100828709,"NIPPLE WITH REGULATOR 1/4x8mm NIPPLE WITH REGULATOR PSI MODEL-MG880, MEGA BELOW MC",PN,PN-RE,RE,PN-RE-001-001,REGULATEUR PRESSION [Filetage] [Plage/Bars] [Options: MANOMETRE/FILTRE]
100828710,"CABLE DATA PANNEL TO MODULE PSI MODEL-MG880, MEGA BELOW MC",EL,EL-CA,CA,EL-CA-CAB-001,CABLE [Type] [Nbr Conducteurs]X[Section/mm²] [Matière/Blindage]
100828712,"AIR CYLINDER FESTO DNC50-400-PPV,MAX-12BAR/175PSI PSI MODEL-MG880, MEGA BELOW MC",PN,PN-VE,VE,PN-VE-CYL-005,VERIN PNEUMATIQUE [Type: ISO/COMPACT] Ø[Alésage]X[Course] [Amortissement]
100828713,"AIR CYLINDER FESTO ADVU 63-45-P, P MAX 10 BAR/145PSI PSI MODEL-MG880, MEGA BELOW MC",PN,PN-VE,VE,PN-VE-CYL-006,VERIN PNEUMATIQUE [Type: ISO/COMPACT] Ø[Alésage]X[Course] [Amortissement]
100828714,"AIR REGULATOR AIRTAC MODEL-QTYH-15,PRESS.0-3.5 MPA PSI MODEL-MG880, MEGA BELOW MC",PN,PN-RE,RE,PN-RE-AIR-003,REGULATEUR PRESSION [Filetage] [Plage/Bars] [Options: MANOMETRE/FILTRE]
100828717,"AIR CYLINDER FESTO DNC-100-280-PPV-MAX-12BAR/175 PSI MODEL-MG880, MEGA BELOW MC",PN,PN-VE,VE,PN-VE-CYL-007,VERIN PNEUMATIQUE [Type: ISO/COMPACT] Ø[Alésage]X[Course] [Amortissement]
100828718,"FRL UNIT FESTO LEO-D-MADI,PMAX-12BAR/230PSI MODEL-MG880, MEGA BELOW MC",PN,PN-RE,RE,PN-RE-FRL-002,REGULATEUR PRESSION [Filetage] [Plage/Bars] [Options: MANOMETRE/FILTRE]
100828725,"REDUCE PU NIPPLE 1/2""-1/8"" PU TUBE 1/2"" & 1/8"" MEGA BLOWING MACHINE",PN,PN-RA,RA,PN-RA-001-020,RACCORD PNEUMATIQUE [Type: INSTANT/NIPPLE] Ø[Tube] [Filetage]
100828726,PNEUMATIC PU NIPPLE 6-8 MM 6 MM TO 8 MM PU TUBE MEGA BLOWING MACHINE,PN,PN-RA,RA,PN-RA-008-004,RACCORD PNEUMATIQUE [Type: INSTANT/NIPPLE] Ø[Tube] [Filetage]
100828727,"PNEUMATIC NIPPLE 1/2""X10 MM L - TYPE FOR PU TUBE 10 MM MEGA BLOWING MACHINE",PN,PN-RA,RA,PN-RA-001-021,RACCORD PNEUMATIQUE [Type: INSTANT/NIPPLE] Ø[Tube] [Filetage]
100828728,PNEUMATIC NIPPLE 8 MM T-TYPE - ALL 8 MM- NO THREAD MEGA BLOWING MACHINE,PN,PN-RA,RA,PN-RA-008-005,RACCORD PNEUMATIQUE [Type: INSTANT/NIPPLE] Ø[Tube] [Filetage]
100828729,"REDUCE PU NIPPLE 1/2""-3/8"" FOR PU TUBE 1/2"" & 3/8"" MEGA BLOWING MACHINE",PN,PN-RA,RA,PN-RA-001-022,RACCORD PNEUMATIQUE [Type: INSTANT/NIPPLE] Ø[Tube] [Filetage]
100828734,Stretch Pin Cylinder seal kit / SMC MB1B40 - 160 / JM 30L Machine,ME,ME-JO,JO,ME-JO-CYL-020,JOINT [Type: SPI/O-RING/LEVRE] [Dimensions: IntXExtXEp] [Matière: NBR/FKM]
100828735,Stretch Pin Cylinder seal Kit / SMC MB1B40 - 100Q / JM 30L Machine,ME,ME-JO,JO,ME-JO-CYL-021,JOINT [Type: SPI/O-RING/LEVRE] [Dimensions: IntXExtXEp] [Matière: NBR/FKM]
100828902,FAN POUR VARIATEUR24V 3 FILS,IN,IN-VA,VA,IN-VA-024-001,"VARIATEUR VITESSE [Type: MONO, TRIPHASE] [Puissance/kW]  [Mode: Réseau/Simple][Fabricant]"
100828903,RELAIS,EL,EL-RE,RE,EL-RE-REL-008,RELAIS [Type: EMBROCHABLE/STAT] BOBINE [Tension/V] [Nbr Contacts]
100828905,DISJONCTEUR POURRESISTANCE C10,EL,EL-DI,DI,EL-DI-DIS-001,"DISJONCTEUR [Type: [VIDE,BAIN D'HUILE,GAZ,MOTEUR,MANETTE]  [Calibre/A] [Tension/Volt][Nbr Pôles] [Fabricant]"
100828906,DISJONCTEUR POURRESISTANCE C20,EL,EL-DI,DI,EL-DI-DIS-002,"DISJONCTEUR [Type: [VIDE,BAIN D'HUILE,GAZ,MOTEUR,MANETTE]  [Calibre/A] [Tension/Volt][Nbr Pôles] [Fabricant]"
100828908,DISJONCTEUR POURRESISTANCE C32,EL,EL-DI,DI,EL-DI-DIS-003,"DISJONCTEUR [Type: [VIDE,BAIN D'HUILE,GAZ,MOTEUR,MANETTE]  [Calibre/A] [Tension/Volt][Nbr Pôles] [Fabricant]"
100828909,DISJONCTEUR POURRESISTANCE C6,EL,EL-DI,DI,EL-DI-DIS-004,"DISJONCTEUR [Type: [VIDE,BAIN D'HUILE,GAZ,MOTEUR,MANETTE]  [Calibre/A] [Tension/Volt][Nbr Pôles] [Fabricant]"
100828915,DISJONCTEUR POURRESISTANCE C16,EL,EL-DI,DI,EL-DI-DIS-005,"DISJONCTEUR [Type: [VIDE,BAIN D'HUILE,GAZ,MOTEUR,MANETTE]  [Calibre/A] [Tension/Volt][Nbr Pôles] [Fabricant]"
100828917,PROPOSIONE BOARD(CARTE ELECTRO,EE,EE-CA,CA,EE-CA-PRO-001,CARTE ELECTRONIQUE [Fonction/Usage] [Réf Modèle] [Constructeur]
100828919,"POMPE A EAU CHL4-30LSW6C 0.75K 0.75KW, 2900RPM Q:4M3/H",HY,HY-PO,PO,HY-PO-000-001,POMPE HYDRAULIQUE [Type:volumetrique/Turbo pompe] [Cylindrée] [Pression Max][type de liquide]
100828921,POMPE CENTRIFUGE 40M3/H 20M CENTRIFUGE PUMP 40M3/H 20M,HY,HY-PO,PO,HY-PO-POM-001,POMPE HYDRAULIQUE [Type:volumetrique/Turbo pompe] [Cylindrée] [Pression Max][type de liquide]
100828923,WATER PUMP 0.75KW TYPE:YS8012 3-PH 380VAC 4KL/H 2900 RPM FOR CHILLER WATER CIRCULATION,HY,HY-PO,PO,HY-PO-000-002,POMPE HYDRAULIQUE [Type:volumetrique/Turbo pompe] [Cylindrée] [Pression Max][type de liquide]
100828930,SUMODRIVE ALIMENTATION 10KW,IN,IN-VA,VA,IN-VA-SUM-001,"VARIATEUR VITESSE [Type: MONO, TRIPHASE] [Puissance/kW]  [Mode: Réseau/Simple][Fabricant]"
100828932,MITSUBISH INVERTER D203-025-ES,IN,IN-VA,VA,IN-VA-MIT-001,"VARIATEUR VITESSE [Type: MONO, TRIPHASE] [Puissance/kW]  [Mode: Réseau/Simple][Fabricant]"
100828991,ALLEN KEY BOLT M10X80 GENERAL USE BB MOULDING,ME,ME-VI,VI,ME-VI-M10-001,VIS [Type: CHC/TH/FHC] M [Diamètre]X[Longueur]en mm [Matiere:Acier/Inox]
100828999,SENSOR DE PROXIMITE SMP-SE/178,EE,EE-CP,CP,EE-CP-SEN-002,CAPTEUR [Type: PROXIMITE/PHOTO] [Signal: PNP/NPN/TOR] [Raccordement]
100829000,"HYDRAULIC HOSE ID-3"" * 290 MM FOR HMW 2280 F5 MACHINE",HY,HY-FL,FL,HY-FL-290-001,FLEXIBLE HYDRAULIQUE [type: DN[Diamètre Ø int ] L=[Longueur] [Embouts]
100829001,"HYDRAULIC HOSE ID 4"" *230 MM HMW 3980 F5 MACHINE",HY,HY-FL,FL,HY-FL-230-001,FLEXIBLE HYDRAULIQUE [type: DN[Diamètre Ø int ] L=[Longueur] [Embouts]
100829003,SEAL KIT FOR TRAVERSE CYLINDER HYDRON 450 T MILACRON 450 T MC,ME,ME-JO,JO,ME-JO-CYL-022,JOINT [Type: SPI/O-RING/LEVRE] [Dimensions: IntXExtXEp] [Matière: NBR/FKM]
100829004,"PART NO-5242805 20- HYDRON 450 THERMOCOUPLE J 0.19OD STR240 BAYONET, MILACRON 450",IN,IN-TH,TH,IN-TH-PAR-001,THERMOCOUPLE [Type: K/J/T] [Longueur Gaine] [Raccordement]
100829005,SEAL KIT - INJECTION CYLINDER HYDRON 450 T MILACRON 450 T MC,ME,ME-JO,JO,ME-JO-CYL-023,JOINT [Type: SPI/O-RING/LEVRE] [Dimensions: IntXExtXEp] [Matière: NBR/FKM]
100829006,PART NO-5404774 -SEAL KIT SET PULL IN CYLINDER HYDRON MILACRON 450 T MC,ME,ME-JO,JO,ME-JO-CYL-024,JOINT [Type: SPI/O-RING/LEVRE] [Dimensions: IntXExtXEp] [Matière: NBR/FKM]
100829007,PART NO-10600691- HYDRON 450 THERMOCOUPLE OIL TANK MILACRON HYDRON 450 MC,IN,IN-TH,TH,IN-TH-PAR-002,THERMOCOUPLE [Type: K/J/T] [Longueur Gaine] [Raccordement]
100829008,PART NO-10923470 HYDRON 450 THERMOCOUPLE-1400MM LG (Z3-5) MILACRON HYDRON 450 T MC,IN,IN-TH,TH,IN-TH-400-001,THERMOCOUPLE [Type: K/J/T] [Longueur Gaine] [Raccordement]
100829013,"PART NO-225944, HYDRON-450 SEAL KIT FOR EJECTOR CYLINDER 4.0""BX 2.5'' R X8.25"" S",ME,ME-JO,JO,ME-JO-CYL-025,JOINT [Type: SPI/O-RING/LEVRE] [Dimensions: IntXExtXEp] [Matière: NBR/FKM]
100829015,PART NO- 5224261 9 -HYDRON 450 THERMOCOUPLE ADJ-2450LG (Z1) MILACRON 450 T MACHINE,IN,IN-TH,TH,IN-TH-PAR-003,THERMOCOUPLE [Type: K/J/T] [Longueur Gaine] [Raccordement]
100829017,"SOLID STATE RELAY HC 50A 420, MAKE-HELLO 15 LTR LID MOULD TC",EL,EL-RE,RE,EL-RE-050-001,RELAIS [Type: EMBROCHABLE/STAT] BOBINE [Tension/V] [Nbr Contacts]
100829018,"TEMPERATURE CONTROLLER SDU 440N- UUCFN, SANUP 15 LTR LID MOULD",IN,IN-TE,TE,IN-TE-RLR-004,SONDE TEMPERATURE [Type: PT100/TC-K] L=[Longueur] Ø[Tige]
100829023,"PNEUMATIC ELECTROVALVE ASLT3100NBDO, MAKE- YUDO 15 LTR BUCKET MOULD - SAVIO",PN,PN-EV,EV,PN-EV-PNE-001,"ELECTROVANNE PNEU [Fonction: 5/2, 3/2] [Filetage] [Tension Commande]"
100829026,"CERAMIC FUSE 15 A, 250V TEMP CONTROLLER - 10 LTR MOULD DANIEL & SONS BKT, LID MOULD",EL,EL-FU,FU,EL-FU-RLR-002,FUSIBLE [Type: AM/GG/UR] [Taille] [Calibre/A] [Tension]
100829033,"FILTER - HOPPER LOADER NU-VU CONAIR LODER- HYDRON 450 AT5-MC, 2.2 KW",HY,HY-FI,FI,HY-FI-FIL-006,FILTRE HYDRAULIQUE [Type: RETOUR/ASP] [Seuil/µm] [Raccordement/Débit]
100829035,PU NIPPLE 1/4 X 8 MM BSP / For New 225G POT BB MOULD,PN,PN-RA,RA,PN-RA-001-023,RACCORD PNEUMATIQUE [Type: INSTANT/NIPPLE] Ø[Tube] [Filetage]
100829036,Lubrication Manifold - HYDRON / LUBRR 21DN-08 / Manifold with Pressure Switch,PN,PN-DI,DI,PN-DI-LUB-001,DISTRIBUTEUR HYDRAULIQUE [Type] [Nbr Voies][Tiroir] [Tension Bobine]
100829037,Lubrication Pump -HYDRON 450T / Model: LFX-24-02-LE LUBERR / SI.NO.P-80-D-19927 2LTR 24V DC,HY,HY-PO,PO,HY-PO-024-001,POMPE HYDRAULIQUE [Type:volumetrique/Turbo pompe] [Cylindrée] [Pression Max][type de liquide]
100829038,Lubrication Grease Grade EP00 / Lithium Based grease / HYDRON 450T M/C Lubrication,CS,CS-GC,GC,CS-GC-LUB-001,
1008828523,PU SEAL 125X140X10,ME,ME-JO,JO,ME-JO-125-002,JOINT [Type: SPI/O-RING/LEVRE] [Dimensions: IntXExtXEp] [Matière: NBR/FKM]
100900029,VMPA-KMS1-24-5 ELCTROVALVE PNEUMATIC ELECTRO VALVE PNEUMATIC VALVE,PN,PN-EV,EV,PN-EV-VMP-001,"ELECTROVANNE PNEU [Fonction: 5/2, 3/2] [Filetage] [Tension Commande]"
100900031,PLC KEMERO K2-200 CP ECO: KEBA-KEMERO K2 - 200CP031/Z,EE,EE-AU,AU,EE-AU-KEM-001,AUTOMATE PLC [Série/Modèle] [Configuration E/S] [Alimentation]
100900040,DELTA SERVO DRIVE ASD-A2 4.5KW SERVO DRIVE: ASD-A2-4523-L DELTA SERVO DRIVE 4.5KW,IN,IN-VA,VA,IN-VA-DEL-002,"VARIATEUR VITESSE [Type: MONO, TRIPHASE] [Puissance/kW]  [Mode: Réseau/Simple][Fabricant]"
100900041,OIL FILTER- AIR COMPRESSOR MODEL NO-WD 950 AIR COMPRESSOR- EC 11,PN,PN-CO,CO,PN-CO-950-001,COMPRESSEUR AIR [Puissance/kW] [Débit] [Capacité Cuve/L] [Pression]
100900042,GASKET FOR VACUUM PUMP-IML PUMP MODEL - BECKER X0117637C PART NO - 901352,ME,ME-JO,JO,ME-JO-GAS-001,JOINT [Type: SPI/O-RING/LEVRE] [Dimensions: IntXExtXEp] [Matière: NBR/FKM]
100900043,"STACKER SERVO BELT(TIMING) PITCH - HTD 8MM,WIDTH- 20 MM LENGTH - 4 MTR IML",ME,ME-CO,CO,ME-CO-008-001,COURROIE [Type: Profil(TRAP/DENT/plate)] [dimension: L=[Longueurx epaisseur  en mm]
100900044,VACUUM PUMP INTERNAL FILTER PUMP MODEL - BECKER X0117637C PART NO - 909505- IML,HY,HY-PO,PO,HY-PO-VAC-001,POMPE HYDRAULIQUE [Type:volumetrique/Turbo pompe] [Cylindrée] [Pression Max][type de liquide]
100900045,"PROXIMITY SENSOR - FOTEK MODEL - PL-05P, PNP IML ROBOT",EE,EE-CP,CP,EE-CP-PRO-002,CAPTEUR [Type: PROXIMITE/PHOTO] [Signal: PNP/NPN/TOR] [Raccordement]
100900046,"PRODUCT PICK DUMMY SERVO BELT MAKE - OPTI BELT, MODEL - OMEGA 950 5M",ME,ME-CO,CO,ME-CO-PRO-001,COURROIE [Type: Profil(TRAP/DENT/plate)] [dimension: L=[Longueurx epaisseur  en mm]
100900047,"AIR PRESSURE REGULATOR MODEL - LRLL-1/8-QS-6, FESTO 6MM PU CONNECTOR, THREAD 1/8""",PN,PN-RE,RE,PN-RE-001-002,REGULATEUR PRESSION [Filetage] [Plage/Bars] [Options: MANOMETRE/FILTRE]
100900049,STAKER FORWARD CYLINDER PART NO- CDG1BN40-100Z MAKE - SMC- FOR IML ROBOT,PN,PN-VE,VE,PN-VE-CYL-008,VERIN PNEUMATIQUE [Type: ISO/COMPACT] Ø[Alésage]X[Course] [Amortissement]
100900050,FILTER SEPARATOR- COMPRESSOR PART NO-17 160 4DDC0V AIR COMPRESSOR- EC 11,PN,PN-CO,CO,PN-CO-FIL-001,COMPRESSEUR AIR [Puissance/kW] [Débit] [Capacité Cuve/L] [Pression]
100900051,"MAIN AXIS SERVOBELT(TIMING) PITCH - HTD 8MM,WIDTH - 50 MM LENGTH - 7 MTR- IML",ME,ME-CO,CO,ME-CO-008-002,COURROIE [Type: Profil(TRAP/DENT/plate)] [dimension: L=[Longueurx epaisseur  en mm]
100900053,"STAKER FORWARD CYLINDER PART NO- CDG1BN32-75Z MAKE - SMC, IML ROBO",PN,PN-VE,VE,PN-VE-CYL-009,VERIN PNEUMATIQUE [Type: ISO/COMPACT] Ø[Alésage]X[Course] [Amortissement]
100900056,VACUUM PUMP EXTERNAL FILTER PUMP MODEL - BECKER X0117637C PART NO - 84040105,HY,HY-PO,PO,HY-PO-VAC-002,POMPE HYDRAULIQUE [Type:volumetrique/Turbo pompe] [Cylindrée] [Pression Max][type de liquide]
100900059,"AIR PRESSURE REGULATOR MODEL - LRLL-M5-QS-4, FESTO 4MM PU CONNECTOR, THREAD- M5",PN,PN-RE,RE,PN-RE-004-001,REGULATEUR PRESSION [Filetage] [Plage/Bars] [Options: MANOMETRE/FILTRE]
100900060,AIR FILTER -COMPRESSOR EC11 MODEL NO-YTF Y05007 AIR COMPRESSOR- EC 11,PN,PN-CO,CO,PN-CO-AIR-001,COMPRESSEUR AIR [Puissance/kW] [Débit] [Capacité Cuve/L] [Pression]
100900061,VACUUM SENSOR- CP5 MAKE - AND IML ROBOT,EE,EE-CP,CP,EE-CP-VAC-001,CAPTEUR [Type: PROXIMITE/PHOTO] [Signal: PNP/NPN/TOR] [Raccordement]
100900068,MANIFOLD HEATER 225 LID MOULD DIA 6.6 * 525 MM,PN,PN-DI,DI,PN-DI-006-001,DISTRIBUTEUR HYDRAULIQUE [Type] [Nbr Voies][Tiroir] [Tension Bobine]
100900078,COMPRESSOR - BLUEBAND CHILLER MODEL : ZR 190 KC TFD - 522 SERIAL : 22BC3283Z SINO,PN,PN-CO,CO,PN-CO-COM-004,COMPRESSEUR AIR [Puissance/kW] [Débit] [Capacité Cuve/L] [Pression]
100900079,BB CHILLER DRYER FILTER FILTRE A GAZ MODEL: EK 305S DRYER FILTER MWP 680 PSIG,HY,HY-FI,FI,HY-FI-CHI-001,FILTRE HYDRAULIQUE [Type: RETOUR/ASP] [Seuil/µm] [Raccordement/Débit]
100900084,BB MOULD EJECTOR CYLINDER WITH INSTALLATION SCREW BB ALL LID MOULDS,ME,ME-VI,VI,ME-VI-CYL-001,VIS [Type: CHC/TH/FHC] M [Diamètre]X[Longueur]en mm [Matiere:Acier/Inox]
100900086,BB MOULD HIGH TEMP WIRE 2.5M2 HIGH TEMP WIRE BB MOULD HOT RUNNER WIRE,EL,EL-CA,CA,EL-CA-MOU-001,CABLE [Type] [Nbr Conducteurs]X[Section/mm²] [Matière/Blindage]
100900087,BB MOULD HIGH TEMP WIRE HIGH TEMP WIRE 1.0M2 BB MOULD TEMP CONTROLLER WIRE,EL,EL-CA,CA,EL-CA-RLR-001,CABLE [Type] [Nbr Conducteurs]X[Section/mm²] [Matière/Blindage]
100900090,NOZZLE COVER 900G BB LID MOULD DIA 28*135 MM SS NOZZLE COVER BB 900G LID MOULD NOZZLE COVER,SE,SE-PM,PM,SE-PM-028-001,PROTECTION MACHINE [Type: CARTER/GRILLAGE/Switch] [Dimensions][Capteurs sécurité/Fin de course/dispositif d'arret d'urgence] [Matière][Tension]
100900091,NOZZLE COVER 900G POT BB MOULD DIA28*92MM SS NOZZLE COVER BB 900G POT MOULD NOZZLE COVER,SE,SE-PM,PM,SE-PM-028-002,PROTECTION MACHINE [Type: CARTER/GRILLAGE/Switch] [Dimensions][Capteurs sécurité/Fin de course/dispositif d'arret d'urgence] [Matière][Tension]
100900092,NOZZLE COVER 450G LID BB MOULD DIA 28*136MM SS NOZZLE COVER BB 450 G LID MOULD SS COVER,SE,SE-PM,PM,SE-PM-028-003,PROTECTION MACHINE [Type: CARTER/GRILLAGE/Switch] [Dimensions][Capteurs sécurité/Fin de course/dispositif d'arret d'urgence] [Matière][Tension]
100900093,NOZZLE COVER 450 G POT MOULD DIA 28*91 MM SS NOZZLE COVER BB 450 G MOULD SS COVER,SE,SE-PM,PM,SE-PM-028-004,PROTECTION MACHINE [Type: CARTER/GRILLAGE/Switch] [Dimensions][Capteurs sécurité/Fin de course/dispositif d'arret d'urgence] [Matière][Tension]
100900094,NOZZLE COVER BB 225 G LID DIA 28*136 MM SS COVER BB 225 G LID MOULD,SE,SE-PM,PM,SE-PM-028-005,PROTECTION MACHINE [Type: CARTER/GRILLAGE/Switch] [Dimensions][Capteurs sécurité/Fin de course/dispositif d'arret d'urgence] [Matière][Tension]
100900095,NOZZLE SS COVER 225G POT MOULD DIA 28*89MM STAINLESS COVER BB 225G POT MOULD NOZZLE COVER,SE,SE-PM,PM,SE-PM-028-006,PROTECTION MACHINE [Type: CARTER/GRILLAGE/Switch] [Dimensions][Capteurs sécurité/Fin de course/dispositif d'arret d'urgence] [Matière][Tension]
100900096,BB 900G LID MANIFOLD HEATER DIA 6.6*575MM 900G LID MOULD 900G LID MOULD MANIFOLD HEATER,PN,PN-DI,DI,PN-DI-006-002,DISTRIBUTEUR HYDRAULIQUE [Type] [Nbr Voies][Tiroir] [Tension Bobine]
100900097,BB 900 G POT MANIFOLD HEATER DIA 6.6*850 MM MANIFOLD HEATER BB 900G POT MOULD,PN,PN-DI,DI,PN-DI-006-003,DISTRIBUTEUR HYDRAULIQUE [Type] [Nbr Voies][Tiroir] [Tension Bobine]
100900098,BB 450G LID MANIFOLD HEATER DIA 6.6*600 MM 450G LID MOULD 450G BB LID MANIFOLD HEATER,PN,PN-DI,DI,PN-DI-006-004,DISTRIBUTEUR HYDRAULIQUE [Type] [Nbr Voies][Tiroir] [Tension Bobine]
100900099,BB 450G POT MANIFOLD HEATER DIA 6.6*775 MM MANIFOLD HEATER BB 450G POT MOULD,PN,PN-DI,DI,PN-DI-006-005,DISTRIBUTEUR HYDRAULIQUE [Type] [Nbr Voies][Tiroir] [Tension Bobine]
100900100,BB MOULD MANIFOLD HEATER 225G DIA 6.6 * 750 MM 225G POT 225G POT MOULD MANIFOLD HEATER,PN,PN-DI,DI,PN-DI-006-006,DISTRIBUTEUR HYDRAULIQUE [Type] [Nbr Voies][Tiroir] [Tension Bobine]
100900101,BB MOULD MANIFOLD THERMOCOUPLE T TYPE TC ALL BB MOULDS T TYPE THERMOCOUPLE BB MOULDS,PN,PN-DI,DI,PN-DI-MOU-001,DISTRIBUTEUR HYDRAULIQUE [Type] [Nbr Voies][Tiroir] [Tension Bobine]
100900102,BB MOULD MAINGATE BECU SEAL COPPER RING - MAINGATE ALL BLUE BAND MOULDS,ME,ME-JO,JO,ME-JO-MOU-001,JOINT [Type: SPI/O-RING/LEVRE] [Dimensions: IntXExtXEp] [Matière: NBR/FKM]
100900103,BB MOULD MANIFOLD MAIN GATE DIA56*30MM MAIN GATE BB MOULDS MANIFOLD MAIN GATE,PN,PN-DI,DI,PN-DI-056-001,DISTRIBUTEUR HYDRAULIQUE [Type] [Nbr Voies][Tiroir] [Tension Bobine]
100900104,NOZZLE HEATER THERMOCOUPLE 980*1000MM 690W BB POT MOULD NOZZLE HEATER & THEMOCOUPLE,IN,IN-TH,TH,IN-TH-007-001,THERMOCOUPLE [Type: K/J/T] [Longueur Gaine] [Raccordement]
100900105,NOZZLE HEATER &THERMOCOUPLE 750*1000MM 570W BB LID MOULD,IN,IN-TH,TH,IN-TH-006-001,THERMOCOUPLE [Type: K/J/T] [Longueur Gaine] [Raccordement]
100900108,DKM300HH CLAMPING SEAL KIT MOULD CLAMPLING CY SEAL KIT CLAMPING CYLINDER SEAL KIT,ME,ME-JO,JO,ME-JO-CYL-026,JOINT [Type: SPI/O-RING/LEVRE] [Dimensions: IntXExtXEp] [Matière: NBR/FKM]
100900109,DKM 200HH CLAMPING SEAL KIT CLAMPING CYLINDER SEAL KIT USH - 80 SEAL KIT DKM 200HH,ME,ME-JO,JO,ME-JO-CYL-027,JOINT [Type: SPI/O-RING/LEVRE] [Dimensions: IntXExtXEp] [Matière: NBR/FKM]
100900111,100900111 C110 V-BELT PANCHAL GRINDER V- BELT C110,ME,ME-CO,CO,ME-CO-C11-001,COURROIE [Type: Profil(TRAP/DENT/plate)] [dimension: L=[Longueurx epaisseur  en mm]
100900114,"Nozzle Heater for DKM 300HH DIA 50mm , L 50mm, 300W, 380V With connecter and cable",EL,EL-CA,CA,EL-CA-003-001,CABLE [Type] [Nbr Conducteurs]X[Section/mm²] [Matière/Blindage]
100900115,"Nozzle Heater for DKM 200HH Dia 36mm, L 40mm, 170W,380V With connector and cable",EL,EL-CA,CA,EL-CA-002-001,CABLE [Type] [Nbr Conducteurs]X[Section/mm²] [Matière/Blindage]
100900116,OIL Seal for BB Material Mixer Size : ID30 xOD65 x THICK12 mm For BB Material Mixer Machine,ME,ME-JO,JO,ME-JO-012-001,JOINT [Type: SPI/O-RING/LEVRE] [Dimensions: IntXExtXEp] [Matière: NBR/FKM]
100900117,Linear Transducer scale DKM MC LTC-M-0600-S-XL0396 GEFRAN LIN +/- 0.05 R5,EE,EE-CP,CP,EE-CP-LIN-009,CAPTEUR [Type: PROXIMITE/PHOTO] [Signal: PNP/NPN/TOR] [Raccordement]
100900120,Shredding Machine Lip Seal ID35mm x OD45mm x Thick 4.5mm Lip Seal -Shredding M/C,ME,ME-JO,JO,ME-JO-035-002,JOINT [Type: SPI/O-RING/LEVRE] [Dimensions: IntXExtXEp] [Matière: NBR/FKM]
100900121,Shredding Machine U Seal U Seal ID35mm x OD43mm x T10mm HDPE Moulding,ME,ME-JO,JO,ME-JO-035-003,JOINT [Type: SPI/O-RING/LEVRE] [Dimensions: IntXExtXEp] [Matière: NBR/FKM]
100900122,"Shredding M/C U Seal 51x62x12 U Seal ID51MM,OD62MM,Thick12mm",ME,ME-JO,JO,ME-JO-051-001,JOINT [Type: SPI/O-RING/LEVRE] [Dimensions: IntXExtXEp] [Matière: NBR/FKM]
100900131,O-RING ID 26mm X 2mm CS dia,ME,ME-JO,JO,ME-JO-026-001,JOINT [Type: SPI/O-RING/LEVRE] [Dimensions: IntXExtXEp] [Matière: NBR/FKM]
100900133,Top Entry Robot Cable - DKM / 0.25 mm SQ 12 core 9 Meter /DKM Top entry robot coppecable,EL,EL-CA,CA,EL-CA-000-001,CABLE [Type] [Nbr Conducteurs]X[Section/mm²] [Matière/Blindage]
100900134,Robot Cable Chain Tray -DKM / W-72.6 mm H-36.6 mm 1 set / DKM Robot moving Cable Tray,ME,ME-CH,CH,ME-CH-072-001,CHAINE ROULEAUX [Pas] [Type: SIMPLEX/DUPLEX] L=[Nbr Maillons/Longueur en mm]
100900136,DKM Side Entry Robot Belt / 6.6 Meter（HTD8M-50) / Robot Access Belt - DKM,ME,ME-CO,CO,ME-CO-DKM-001,COURROIE [Type: Profil(TRAP/DENT/plate)] [dimension: L=[Longueurx epaisseur  en mm]
100900137,DKM Top entry Robot Cylinder / Model BSN - 3204L / Complete set of Air Cylinder,PN,PN-VE,VE,PN-VE-CYL-010,VERIN PNEUMATIQUE [Type: ISO/COMPACT] Ø[Alésage]X[Course] [Amortissement]
100900139,DKM IML Robot Conveyor Belt / 4310mm*600mm*1.5mm PU Belt / Conveyor belt for Finished Pot,ME,ME-CO,CO,ME-CO-310-001,COURROIE [Type: Profil(TRAP/DENT/plate)] [dimension: L=[Longueurx epaisseur  en mm]
100900140,Toggle Arm set - DKM 300HH / Toggle Arm Assembly set / With Auto Lubrication System,CS,CS-GC,GC,CS-GC-TOG-001,
100900143,Push In Fittings - DKM Robot / Model : QS-3/8-6 / Festo Material Number : 190645,PN,PN-RA,RA,PN-RA-003-004,RACCORD PNEUMATIQUE [Type: INSTANT/NIPPLE] Ø[Tube] [Filetage]
100900149,Pressure Transducer PTC 131 / DKM Compressor / 0-1.6Mpa 9-30V 4-20mA,PN,PN-CO,CO,PN-CO-PRE-001,COMPRESSEUR AIR [Puissance/kW] [Débit] [Capacité Cuve/L] [Pression]
100900150,Seal Kit Neck Cutting - TONGDA / DSBC-80-200-PPVA-N3 / For Neck Cutting Pneu Cylinder,ME,ME-JO,JO,ME-JO-CYL-028,JOINT [Type: SPI/O-RING/LEVRE] [Dimensions: IntXExtXEp] [Matière: NBR/FKM]
100900151,Seal Kit Airtac - TONGDA M/C / Size : SA 140 X 280 / Airtac Pneumatic Cylinder,ME,ME-JO,JO,ME-JO-140-001,JOINT [Type: SPI/O-RING/LEVRE] [Dimensions: IntXExtXEp] [Matière: NBR/FKM]
100900152,Seal Kit Robot Griper - TONGDA / DSBC-32-25-PPVA-N3 / Pneumatic Cylinder Robo Griper,ME,ME-JO,JO,ME-JO-CYL-029,JOINT [Type: SPI/O-RING/LEVRE] [Dimensions: IntXExtXEp] [Matière: NBR/FKM]
100900153,RELAY SUPPORT - TONGDA M/C / Model : HF41Fα 41F-1Z-C2-1 / Make : HONGFA,EL,EL-RE,RE,EL-RE-REL-009,RELAIS [Type: EMBROCHABLE/STAT] BOBINE [Tension/V] [Nbr Contacts]
100900155,Seal Kit Under Cut - TONGDA / FESTO : DSBC-80-40-PPVA-N3 / For Festo Pneumatic Cylinder,ME,ME-JO,JO,ME-JO-CYL-030,JOINT [Type: SPI/O-RING/LEVRE] [Dimensions: IntXExtXEp] [Matière: NBR/FKM]
100900157,"LINEAR SCALE - TONGDA M/C / SIN-D-025-C-L01M LIN 0,20% / For Parision Cylinder. R=1KΩ",HY,HY-VE,VE,HY-VE-CYL-019,VERIN HYDRAULIQUE [Type] Ø[Piston]/Ø[Tige]X[Course] [Pression Max]
100900158,POWER SUPPLY SMPS- TONGDA M/C / Model : S8FS / Make : OMRON,EE,EE-CA,CA,EE-CA-POW-003,CARTE ELECTRONIQUE [Fonction/Usage] [Réf Modèle] [Constructeur]
100900159,ELECTRO VALVE - TONGDA M/C / VUVS-LT25-M52-MD-G14-F8 / For all Pneumatic Cylinders,PN,PN-VE,VE,PN-VE-CYL-011,VERIN PNEUMATIQUE [Type: ISO/COMPACT] Ø[Alésage]X[Course] [Amortissement]
100900163,Pneumatic Fitting - TONGDA M/C / 1/4 -16MM Push in fitting / QS-G1/4-16,PN,PN-RA,RA,PN-RA-001-024,RACCORD PNEUMATIQUE [Type: INSTANT/NIPPLE] Ø[Tube] [Filetage]
100900164,PHOTO SENSOR - TONGDA M/C / Model : BR 100 - DDT /12-24V DC,EE,EE-CP,CP,EE-CP-PHO-002,CAPTEUR [Type: PROXIMITE/PHOTO] [Signal: PNP/NPN/TOR] [Raccordement]
100900165,Pressure Switch - TONGDA M/C / Model : ZSE30AF-01-A Digital / Make : SMC,IN,IN-CP,CP,IN-CP-PRE-003,CAPTEUR PRESSION [Plage/Bars] [Signal: 4-20mA/TOR] [Raccordement]
100900166,T Slot Nut M5 - TONGDA M/C / Part No. 2020M5TN / For Tongda Machine,ME,ME-VI,VI,ME-VI-M05-001,VIS [Type: CHC/TH/FHC] M [Diamètre]X[Longueur]en mm [Matiere:Acier/Inox]
100900167,Seal Kit - Blow Pin Cylinder / TONGDA Machine / For Hydraulic Cylinder,ME,ME-JO,JO,ME-JO-CYL-031,JOINT [Type: SPI/O-RING/LEVRE] [Dimensions: IntXExtXEp] [Matière: NBR/FKM]
100900168,Electro Valve - TONGDA M/C / FESTO MFH-3-1/2 / For Blowing,PN,PN-EV,EV,PN-EV-001-002,"ELECTROVANNE PNEU [Fonction: 5/2, 3/2] [Filetage] [Tension Commande]"
100900173,"Pressure Switch for TONGDA M/C / Range 0-250bar, Output 0-10Vdc / 12-32VDC HONEYWELL GPTJG3YG250",IN,IN-CP,CP,IN-CP-PRE-004,CAPTEUR PRESSION [Plage/Bars] [Signal: 4-20mA/TOR] [Raccordement]
100900175,Bearing for Material Mixer M/C / Tapered Bearing No. 4T 33208 / Mfg : R.R. Engineering Works,ME,ME-RO,RO,ME-RO-332-001,ROULEMENT [Type: BILLES/ROULEAUX] [Série/Réf] Ø[Intérieur]XØ[Extérieur]X[Épaisseur] [Flasque/Jeu]
100900178,IML Robot PY Pneumatic Cylinder / Make: SMC Model: CY3B20-500 / IML Forward Backward Cylinder,PN,PN-VE,VE,PN-VE-CYL-012,VERIN PNEUMATIQUE [Type: ISO/COMPACT] Ø[Alésage]X[Course] [Amortissement]
100900180,IML Robot Static Cable / Static Cable for Robot / High Voltage Cable,EL,EL-CA,CA,EL-CA-IML-001,CABLE [Type] [Nbr Conducteurs]X[Section/mm²] [Matière/Blindage]
100900181,DKM M/C - Thermo Couple / TYPE: PT100 Connector Size: M6 / Length: 3 Meter - DKM M/C,IN,IN-TE,TE,IN-TE-P10-002,SONDE TEMPERATURE [Type: PT100/TC-K] L=[Longueur] Ø[Tige]
100900182,IML Robot 2 Way Air Regulator / Model: ASC200-08 Make: Airtac / Pressure : 0.05 - 0.95 Mpa,PN,PN-RE,RE,PN-RE-IML-001,REGULATEUR PRESSION [Filetage] [Plage/Bars] [Options: MANOMETRE/FILTRE]
100900189,"DKM- Top Entry Robot Gear / Model: FA00A240, ZJ GEARS / Teeth OD 74.4mm, ID 23.6mm.",ME,ME-EN,EN,ME-EN-074-001,ENGRENAGE [Type: DROIT/HELIC] [Module]  [Ø exterieur/Matière][Ø Alésage/Matière]
100900191,TONGDA LEAK TEST CONVEYOR BELT,ME,ME-CO,CO,ME-CO-TON-001,COURROIE [Type: Profil(TRAP/DENT/plate)] [dimension: L=[Longueurx epaisseur  en mm]
100900193,"CYLINDER HSII12LB-35C-00 FOR CARRIAGE UP DOWN, TONGDA",HY,HY-VE,VE,HY-VE-CYL-020,VERIN HYDRAULIQUE [Type] Ø[Piston]/Ø[Tige]X[Course] [Pression Max]
100900194,VACCUM PUMP HEAD FOR LEAK TESTER,HY,HY-PO,PO,HY-PO-VAC-003,POMPE HYDRAULIQUE [Type:volumetrique/Turbo pompe] [Cylindrée] [Pression Max][type de liquide]
100900195,"SEAL KITS FOR CYLINDER HSII12LB-35C-00, TONGDA 5L M/C",ME,ME-JO,JO,ME-JO-CYL-032,JOINT [Type: SPI/O-RING/LEVRE] [Dimensions: IntXExtXEp] [Matière: NBR/FKM]
100900206,"TRANSFORMER FOR TONGDA COMPRESSOR, GZ TRANSFORMER JBK 31-100",PN,PN-CO,CO,PN-CO-TRA-001,COMPRESSEUR AIR [Puissance/kW] [Débit] [Capacité Cuve/L] [Pression]
124805008,VIBRETORYMOTOR/MODEL=EV3344 140V P=0.56/3PH/440V/50Hz/ FLANGE MOUNTED,EL,EL-MO,MO,EL-MO-140-001,MOTEUR ASYNCHRONE [Puissance/kW] [Vitesse/tr/min] [Fixation] [Tension]
124805009,ETHERNET MODULE CAT 1734 -AENT ROCKWELL AUTOMATION ALLEN BRADELY ETHERNET,EE,EE-CA,CA,EE-CA-ETH-001,CARTE ELECTRONIQUE [Fonction/Usage] [Réf Modèle] [Constructeur]
124805013,AP. CHOKE 2HP 415 VAC-3PH SR.N°: CJR-38154  TRANSFORMER AUTOPACK MACHINES  TURN TABLE,EL,EL-DI,DI,EL-DI-CHO-001,"DISJONCTEUR [Type: [VIDE,BAIN D'HUILE,GAZ,MOTEUR,MANETTE]  [Calibre/A] [Tension/Volt][Nbr Pôles] [Fabricant]"
124805014,AP. SIMATIC S7-200-CPU ST 40 SMART  PLC  CPU ST 40 AUTOPACK MACHINES  TURN TABLE,EE,EE-AU,AU,EE-AU-CPU-001,AUTOMATE PLC [Série/Modèle] [Configuration E/S] [Alimentation]
124805015,AP.SIMATIC S7-200 EM AM03 SMART ANALOG MODULE  I/O AUTOPACK MACHINES TURN TABLE,EE,EE-CA,CA,EE-CA-SIM-001,CARTE ELECTRONIQUE [Fonction/Usage] [Réf Modèle] [Constructeur]
124805017,PHOTO CELL OBT 200-18GM6-ES V1-PEPPERL+FUCHS SENSOR AUTOPACK MACHINES TURN TABLE,EE,EE-CP,CP,EE-CP-PHO-003,CAPTEUR [Type: PROXIMITE/PHOTO] [Signal: PNP/NPN/TOR] [Raccordement]
124805018,ULTRASONIC  UB 200-F42-U-V15 PEPPERL+FUCHS SENSOR AUTOPACK MACHINES TURN TABLE,EE,EE-CP,CP,EE-CP-ULT-001,CAPTEUR [Type: PROXIMITE/PHOTO] [Signal: PNP/NPN/TOR] [Raccordement]
124805020,THERMOSTAT THERSIIN,IN,IN-TE,TE,IN-TE-THE-001,SONDE TEMPERATURE [Type: PT100/TC-K] L=[Longueur] Ø[Tige]
124805048,THERMOCOUPLE K5000 SS BRAIDED PART NO 6236,ME,ME-RO,RO,ME-RO-THE-001,ROULEMENT [Type: BILLES/ROULEAUX] [Série/Réf] Ø[Intérieur]XØ[Extérieur]X[Épaisseur] [Flasque/Jeu]
124805049,HEAT TRANSFORMER 800VA 40-48-54 V PART NO 6923,ME,ME-RO,RO,ME-RO-008-001,ROULEMENT [Type: BILLES/ROULEAUX] [Série/Réf] Ø[Intérieur]XØ[Extérieur]X[Épaisseur] [Flasque/Jeu]
124805050,SIEMENS LOGO POWER SUPPLY 24V PART NO 10539,EE,EE-CA,CA,EE-CA-SIE-004,CARTE ELECTRONIQUE [Fonction/Usage] [Réf Modèle] [Constructeur]
124805052,CONTROL TECK VFD 0.37 KW 230V PART NO 11405,IN,IN-VA,VA,IN-VA-CON-001,"VARIATEUR VITESSE [Type: MONO, TRIPHASE] [Puissance/kW]  [Mode: Réseau/Simple][Fabricant]"
124805057,BONFIGLIOLI 0.37KW 4 P MOTOR PART NO 8434,EL,EL-MO,MO,EL-MO-004-001,MOTEUR ASYNCHRONE [Puissance/kW] [Vitesse/tr/min] [Fixation] [Tension]
124805060,BONFIGLIOLI 0.55KW 4P MOTOR PART NO 8619,EL,EL-MO,MO,EL-MO-006-001,MOTEUR ASYNCHRONE [Puissance/kW] [Vitesse/tr/min] [Fixation] [Tension]
124805064,SEAL BAR PART NO EK02130A,ME,ME-JO,JO,ME-JO-SEA-006,JOINT [Type: SPI/O-RING/LEVRE] [Dimensions: IntXExtXEp] [Matière: NBR/FKM]
124805065,TOP SEAL BAR TEFLON TAPE PART NO 780,ME,ME-JO,JO,ME-JO-TOP-001,JOINT [Type: SPI/O-RING/LEVRE] [Dimensions: IntXExtXEp] [Matière: NBR/FKM]
124805070,BOTTOM SEAL BAR TEFLON TAPE PART NO 781,ME,ME-JO,JO,ME-JO-BOT-001,JOINT [Type: SPI/O-RING/LEVRE] [Dimensions: IntXExtXEp] [Matière: NBR/FKM]
124805079,POWER SUPPLU CARD 24V DC 4.5 A AM LABELLING SYSTEM,EE,EE-CA,CA,EE-CA-POW-004,CARTE ELECTRONIQUE [Fonction/Usage] [Réf Modèle] [Constructeur]
124805081,ELECT.CONT/INDUC.SEL/SIGMA2ACE MAIN ELECTRONIC CONTROLLER CARD COSMATIC PLANT,EE,EE-CA,CA,EE-CA-RLR-001,CARTE ELECTRONIQUE [Fonction/Usage] [Réf Modèle] [Constructeur]
124805088,PONT DE FILTRAGE INPUT 220V 50 Hz OUTPUT 220V,EE,EE-CA,CA,EE-CA-PON-001,CARTE ELECTRONIQUE [Fonction/Usage] [Réf Modèle] [Constructeur]
124805089,PONT REDRESSEUR INPUT 220V 50 Hz OUTPUT 220V DC,EE,EE-CA,CA,EE-CA-PON-002,CARTE ELECTRONIQUE [Fonction/Usage] [Réf Modèle] [Constructeur]
124805090,CAPTEURDEPOID/TYPE=PR6211/53D1 OLSA EMAX=5T/12NC940526211531 UMAX = 32V S/N=3023951030,EE,EE-CP,CP,EE-CP-CAP-001,CAPTEUR [Type: PROXIMITE/PHOTO] [Signal: PNP/NPN/TOR] [Raccordement]
124805091,BASEPLATE DE CAPTEUR/TYPE=PR 6011/305 12NC940536011302 S/N= 0209 SARRORIUS OLSA MACHINE,ME,ME-RO,RO,ME-RO-PLT-001,ROULEMENT [Type: BILLES/ROULEAUX] [Série/Réf] Ø[Intérieur]XØ[Extérieur]X[Épaisseur] [Flasque/Jeu]
124805093,"SLV M/C MOTOR 2HP 380V 1400RPM MAKE HINDUSTAN,FLANGE MTG.",EL,EL-MO,MO,EL-MO-380-001,MOTEUR ASYNCHRONE [Puissance/kW] [Vitesse/tr/min] [Fixation] [Tension]
124805097,MAGIC M/C IMPELLER 700-260-23  DIA * HT =  178MM*64MM,HY,HY-PO,PO,HY-PO-178-001,POMPE HYDRAULIQUE [Type:volumetrique/Turbo pompe] [Cylindrée] [Pression Max][type de liquide]
124805101,CHAIN CONVOYEUN INOX LARGEUR 8CM LARGEUR 27M,ME,ME-CH,CH,ME-CH-CHA-002,CHAINE ROULEAUX [Pas] [Type: SIMPLEX/DUPLEX] L=[Nbr Maillons/Longueur en mm]
124805113,MICROMASTER 11KW DRIVE  6SE6440-2AD31-1CA1 INPUT: 380V-480V +10% -10%,IN,IN-VA,VA,IN-VA-MIC-001,"VARIATEUR VITESSE [Type: MONO, TRIPHASE] [Puissance/kW]  [Mode: Réseau/Simple][Fabricant]"
124805115,SELFALIGNING BALL BEARING 1217,ME,ME-RO,RO,ME-RO-121-001,ROULEMENT [Type: BILLES/ROULEAUX] [Série/Réf] Ø[Intérieur]XØ[Extérieur]X[Épaisseur] [Flasque/Jeu]
124805194,"0.75 KW,YS8024, 1400R/M MOTOR 380/220V, 50HZ 2.01/3.48A",EL,EL-MO,MO,EL-MO-008-001,MOTEUR ASYNCHRONE [Puissance/kW] [Vitesse/tr/min] [Fixation] [Tension]
124805202,HEAT.RESIST.750W/L=450MM / DIA =10MM FAIRPACK MACHINE/SEAL  BAR,ME,ME-JO,JO,ME-JO-450-001,JOINT [Type: SPI/O-RING/LEVRE] [Dimensions: IntXExtXEp] [Matière: NBR/FKM]
124805203,HOLE Yx-TYPE O-RING Yx D70 FILLING CYLINDER,ME,ME-JO,JO,ME-JO-CYL-033,JOINT [Type: SPI/O-RING/LEVRE] [Dimensions: IntXExtXEp] [Matière: NBR/FKM]
124805204,O-RING 15.47 (INNER) x 3.25 FILLING CYLINDER,ME,ME-JO,JO,ME-JO-CYL-034,JOINT [Type: SPI/O-RING/LEVRE] [Dimensions: IntXExtXEp] [Matière: NBR/FKM]
124805256,"""BUTTWELD FLANGER 2""""""""",CS,CS-SC,SC,CS-SC-BUT-001,
124805259,COIL 220V 50Hz,CS,CS-GC,GC,CS-GC-COI-002,
124805264,BEARING TEFLON ET VESCONITE,ME,ME-RO,RO,ME-RO-BEA-001,ROULEMENT [Type: BILLES/ROULEAUX] [Série/Réf] Ø[Intérieur]XØ[Extérieur]X[Épaisseur] [Flasque/Jeu]
124805265,PINION GEAR FILQUIP,ME,ME-EN,EN,ME-EN-PIN-001,ENGRENAGE [Type: DROIT/HELIC] [Module]  [Ø exterieur/Matière][Ø Alésage/Matière]
124805266,IDLER (FOLPES) GEAR,ME,ME-EN,EN,ME-EN-IDL-001,ENGRENAGE [Type: DROIT/HELIC] [Module]  [Ø exterieur/Matière][Ø Alésage/Matière]
124805268,ORING (LARGE) VITON,ME,ME-JO,JO,ME-JO-ORI-001,JOINT [Type: SPI/O-RING/LEVRE] [Dimensions: IntXExtXEp] [Matière: NBR/FKM]
124805277,OPTO SENSOR 560OHM,EE,EE-CP,CP,EE-CP-OPT-001,CAPTEUR [Type: PROXIMITE/PHOTO] [Signal: PNP/NPN/TOR] [Raccordement]
124805278,FREQUENCY INVERTER,IN,IN-VA,VA,IN-VA-FRE-001,"VARIATEUR VITESSE [Type: MONO, TRIPHASE] [Puissance/kW]  [Mode: Réseau/Simple][Fabricant]"
124805280,ORING (SMALL) VITON,ME,ME-JO,JO,ME-JO-ORI-002,JOINT [Type: SPI/O-RING/LEVRE] [Dimensions: IntXExtXEp] [Matière: NBR/FKM]
124805288,BOTTEL SENSOR PZ-G6-NPN KEYENCE,EE,EE-CP,CP,EE-CP-BOT-001,CAPTEUR [Type: PROXIMITE/PHOTO] [Signal: PNP/NPN/TOR] [Raccordement]
124805289,PROXIMITY SENSOR M12-NPN/24VDC,EE,EE-CP,CP,EE-CP-PRO-003,CAPTEUR [Type: PROXIMITE/PHOTO] [Signal: PNP/NPN/TOR] [Raccordement]
124805290,EYE MARK SENSOR SUNX RT 610,EE,EE-CP,CP,EE-CP-EYE-001,CAPTEUR [Type: PROXIMITE/PHOTO] [Signal: PNP/NPN/TOR] [Raccordement]
124805293,VARIABLE FREQ DRIVE 0.5HP /DONFOSS,IN,IN-VA,VA,IN-VA-VAR-001,"VARIATEUR VITESSE [Type: MONO, TRIPHASE] [Puissance/kW]  [Mode: Réseau/Simple][Fabricant]"
124805294,TIMING BELT 520-5M-125T/W=9MM,ME,ME-CO,CO,ME-CO-009-001,COURROIE [Type: Profil(TRAP/DENT/plate)] [dimension: L=[Longueurx epaisseur  en mm]
124805295,GEARED MOTOR 90W/RATIO1:16/3PH,ME,ME-EN,EN,ME-EN-001-001,ENGRENAGE [Type: DROIT/HELIC] [Module]  [Ø exterieur/Matière][Ø Alésage/Matière]
124805299,PNUMATIC CYLINDER/MA25*75-S-CA,HY,HY-VE,VE,HY-VE-025-002,VERIN HYDRAULIQUE [Type] Ø[Piston]/Ø[Tige]X[Course] [Pression Max]
124805307,PNUMATIC CYLINDER TN 32*125,HY,HY-VE,VE,HY-VE-032-001,VERIN HYDRAULIQUE [Type] Ø[Piston]/Ø[Tige]X[Course] [Pression Max]
124805308,TIMING BELT 630-5M-104T/W=9mm,ME,ME-CO,CO,ME-CO-009-002,COURROIE [Type: Profil(TRAP/DENT/plate)] [dimension: L=[Longueurx epaisseur  en mm]
124805309,TIMING BELT 960-5M-192T/W=9mm,ME,ME-CO,CO,ME-CO-009-003,COURROIE [Type: Profil(TRAP/DENT/plate)] [dimension: L=[Longueurx epaisseur  en mm]
124805310,TIMING BELT 920-5M-184T/W=9mm,ME,ME-CO,CO,ME-CO-009-004,COURROIE [Type: Profil(TRAP/DENT/plate)] [dimension: L=[Longueurx epaisseur  en mm]
124805311,PHOTO SENSOR 24VDC/NPN/P&F,EE,EE-CP,CP,EE-CP-PHO-004,CAPTEUR [Type: PROXIMITE/PHOTO] [Signal: PNP/NPN/TOR] [Raccordement]
124805314,DRIVE ROLLER 1060-01-18,IN,IN-VA,VA,IN-VA-RLR-001,"VARIATEUR VITESSE [Type: MONO, TRIPHASE] [Puissance/kW]  [Mode: Réseau/Simple][Fabricant]"
124805315,VARIABL FREQ DRIVE/DONFOSS 1HP,IN,IN-VA,VA,IN-VA-VAR-002,"VARIATEUR VITESSE [Type: MONO, TRIPHASE] [Puissance/kW]  [Mode: Réseau/Simple][Fabricant]"
124805317,ELECTRICMOTOR3P/0.25HP/2800RPM,EL,EL-MO,MO,EL-MO-ELE-001,MOTEUR ASYNCHRONE [Puissance/kW] [Vitesse/tr/min] [Fixation] [Tension]
124805318,DRIVEN ROLLER 3007-00-10,IN,IN-VA,VA,IN-VA-RLR-002,"VARIATEUR VITESSE [Type: MONO, TRIPHASE] [Puissance/kW]  [Mode: Réseau/Simple][Fabricant]"
124805319,DG BALL BEARING/SKF 6005-2Z,ME,ME-RO,RO,ME-RO-025-001,ROULEMENT [Type: BILLES/ROULEAUX] [Série/Réf] Ø[Intérieur]XØ[Extérieur]X[Épaisseur] [Flasque/Jeu]
124805322,VAR FREQ DRIVE/DONFOSS 2HP,IN,IN-VA,VA,IN-VA-VAR-003,"VARIATEUR VITESSE [Type: MONO, TRIPHASE] [Puissance/kW]  [Mode: Réseau/Simple][Fabricant]"
124805323,SENSOR LION LRD 2100+12-24VDC APPLICATOR SLEEVING MACHINE  COSMATIC PLANT,EE,EE-CP,CP,EE-CP-SEN-003,CAPTEUR [Type: PROXIMITE/PHOTO] [Signal: PNP/NPN/TOR] [Raccordement]
124805324,THREE-AXIS CYLINDER TCM 20 X 40 MAKE AIRTEC,HY,HY-VE,VE,HY-VE-020-002,VERIN HYDRAULIQUE [Type] Ø[Piston]/Ø[Tige]X[Course] [Pression Max]
124805325,CYLINDER SAI 80 X 150 STANDARD CYLINDER    MAKE AIRTEC,HY,HY-VE,VE,HY-VE-080-001,VERIN HYDRAULIQUE [Type] Ø[Piston]/Ø[Tige]X[Course] [Pression Max]
124805326,PNEUMATIC BALL THREAD JL2000 DN40-2 MAKE JULIANG,PN,PN-RA,RA,PN-RA-040-001,RACCORD PNEUMATIQUE [Type: INSTANT/NIPPLE] Ø[Tube] [Filetage]
124805327,PNEUMATIC TEE CLAMP BALL VALVE JLQ685F-16P DN25 MAKE JULIANG,SE,SE-EC,EC,SE-EC-025-001,ECLAIRAGE [Type: LED/Halogènes] [Puissance/W] [Tension/V]
124805328,HOSE DZG10/S-03-07A FILLING HOSE L100,HY,HY-FL,FL,HY-FL-HOS-002,FLEXIBLE HYDRAULIQUE [type: DN[Diamètre Ø int ] L=[Longueur] [Embouts]
124805331,LEVEL SWITCH LBFS-01111.0 MAKE BAUMER,EE,EE-CP,CP,EE-CP-LEV-002,CAPTEUR [Type: PROXIMITE/PHOTO] [Signal: PNP/NPN/TOR] [Raccordement]
124805332,PROXIMITY SWITCH PR18-8 MAKE AUTONICS,EE,EE-CP,CP,EE-CP-PRO-004,CAPTEUR [Type: PROXIMITE/PHOTO] [Signal: PNP/NPN/TOR] [Raccordement]
124805334,PHOTOELECTRIC SENSOR CX-491 MAKE PANASONIC,EE,EE-CP,CP,EE-CP-PHO-005,CAPTEUR [Type: PROXIMITE/PHOTO] [Signal: PNP/NPN/TOR] [Raccordement]
124805335,STEPPER MOTOR 42HSL34-1304A 001 MAKE ZZ MOTOR,EL,EL-MO,MO,EL-MO-STE-001,MOTEUR ASYNCHRONE [Puissance/kW] [Vitesse/tr/min] [Fixation] [Tension]
124805336,STEPPER MOTOR 2H42B MAKE ZZ MOTOR,EL,EL-MO,MO,EL-MO-STE-002,MOTEUR ASYNCHRONE [Puissance/kW] [Vitesse/tr/min] [Fixation] [Tension]
124805337,CHANGE SPEED/GEAR REDUCER MOT OR 90YF120GV22/  90GF50HK MATCH WITH SFB120E REGULATOR,ME,ME-EN,EN,ME-EN-022-001,ENGRENAGE [Type: DROIT/HELIC] [Module]  [Ø exterieur/Matière][Ø Alésage/Matière]
124805343,MAGIC 5'' OPERT TOUCH SCREEN DELTA DOP-B03S211 24VDC200MA MAGIC CREAM FILLING MACHINE,EE,EE-HM,HM,EE-HM-MAG-001,ECRAN IHM TACTILE [Taille/Pouces] [Résolution/Type] [Alimentation]
124805344,"SEAL RING 4"" MAGIC SPM",ME,ME-JO,JO,ME-JO-SEA-007,JOINT [Type: SPI/O-RING/LEVRE] [Dimensions: IntXExtXEp] [Matière: NBR/FKM]
124805347,LINE FILTER LFSIIN,HY,HY-FI,FI,HY-FI-LIN-002,FILTRE HYDRAULIQUE [Type: RETOUR/ASP] [Seuil/µm] [Raccordement/Débit]
124805348,RELAYCARDED187AR 2RC187SIIN,EL,EL-RE,RE,EL-RE-REL-010,RELAIS [Type: EMBROCHABLE/STAT] BOBINE [Tension/V] [Nbr Contacts]
124805349,POWER CARD PCSIIN,EE,EE-CA,CA,EE-CA-POW-005,CARTE ELECTRONIQUE [Fonction/Usage] [Réf Modèle] [Constructeur]
124805350,IGBT INVERTER IGBTIN,IN,IN-VA,VA,IN-VA-IGB-001,"VARIATEUR VITESSE [Type: MONO, TRIPHASE] [Puissance/kW]  [Mode: Réseau/Simple][Fabricant]"
124805351,CONTROL CARD CCSIIN,EE,EE-CA,CA,EE-CA-CON-002,CARTE ELECTRONIQUE [Fonction/Usage] [Réf Modèle] [Constructeur]
124805352,RECTIFIER SKD 81/16 RESKD82/16,EL,EL-DI,DI,EL-DI-081-001,"DISJONCTEUR [Type: [VIDE,BAIN D'HUILE,GAZ,MOTEUR,MANETTE]  [Calibre/A] [Tension/Volt][Nbr Pôles] [Fabricant]"
124805353,TRANSFORMCONTROLPANEL MOUNTED,EL,EL-DI,DI,EL-DI-TRA-001,"DISJONCTEUR [Type: [VIDE,BAIN D'HUILE,GAZ,MOTEUR,MANETTE]  [Calibre/A] [Tension/Volt][Nbr Pôles] [Fabricant]"
124805355,DISPLAY CARD DCSIIN,EE,EE-CA,CA,EE-CA-DIS-001,CARTE ELECTRONIQUE [Fonction/Usage] [Réf Modèle] [Constructeur]
124805356,BURKERT MODULE PROFIBUS DP/V1 NEW BURKERT MODULE PROFIBUS DP BURKERT MODULE PROFIBUS DP/V1,EE,EE-CA,CA,EE-CA-BUR-001,CARTE ELECTRONIQUE [Fonction/Usage] [Réf Modèle] [Constructeur]
124822394,MOTORGEARBOX STM MOD.AMP100/2 12.1KW/11RPM/116V 3PH/400V/50Hz VOLUMETRIC PUMP,ME,ME-EN,EN,ME-EN-002-001,ENGRENAGE [Type: DROIT/HELIC] [Module]  [Ø exterieur/Matière][Ø Alésage/Matière]
124822395,MOTOR 7.5KW/4P/400V/1500RPM PTC(201) INCLUDED IP55,EL,EL-MO,MO,EL-MO-075-001,MOTEUR ASYNCHRONE [Puissance/kW] [Vitesse/tr/min] [Fixation] [Tension]
124822396,MOTOR 5.5KW/4P/400V/1500RPM PTC(101) INCLUDED / IP55,EL,EL-MO,MO,EL-MO-055-001,MOTEUR ASYNCHRONE [Puissance/kW] [Vitesse/tr/min] [Fixation] [Tension]
124822397,MOTOR 45 KW/4P/400V/1500RPM PTC(003) INCLUDED / IP55,EL,EL-MO,MO,EL-MO-450-001,MOTEUR ASYNCHRONE [Puissance/kW] [Vitesse/tr/min] [Fixation] [Tension]
124900003,10 HP MOTOR-ABB MAKE 380 VOLT SPARE PART FOR TALK POWDER MAC JABHASE-TPMP-500,EL,EL-MO,MO,EL-MO-MOT-001,MOTEUR ASYNCHRONE [Puissance/kW] [Vitesse/tr/min] [Fixation] [Tension]
124900004,2 HP MOTOR-ABB MAKE 380 VOLT SPARE PART FOR TALK POWDER MAC JABHASE-TPMP-500,EL,EL-MO,MO,EL-MO-MOT-002,MOTEUR ASYNCHRONE [Puissance/kW] [Vitesse/tr/min] [Fixation] [Tension]
124900006,0.5HP MOTOR-REMI MAKE 380 VOLT SPARE PART FOR TALK POWDER MAC JABHASE-TPMP-500,EL,EL-MO,MO,EL-MO-5HP-001,MOTEUR ASYNCHRONE [Puissance/kW] [Vitesse/tr/min] [Fixation] [Tension]
124900026,CONTACTEUR 24VDC 2NC 17A 3RT1025-1BB40+3RH1921 1CA0,EL,EL-CO,CO,EL-CO-017-001,CONTACTEUR [Intensité/A] BOBINE [Tension/V] [Nbr Contacts NO/NF]
124900028,CONTACTEUR 24VDC 32A 3RT1034 1BB40,EL,EL-CO,CO,EL-CO-032-001,CONTACTEUR [Intensité/A] BOBINE [Tension/V] [Nbr Contacts NO/NF]
124900032,TRANSFORMATEUR 400-230V AC 1600VA TYPE 142586,EL,EL-DI,DI,EL-DI-016-001,"DISJONCTEUR [Type: [VIDE,BAIN D'HUILE,GAZ,MOTEUR,MANETTE]  [Calibre/A] [Tension/Volt][Nbr Pôles] [Fabricant]"
124900039,RELAIS HCY 24VDC 94.04+55.34.9.024.0094,EL,EL-RE,RE,EL-RE-REL-011,RELAIS [Type: EMBROCHABLE/STAT] BOBINE [Tension/V] [Nbr Contacts]
124900040,RELAIS CAPTEUR 24VDC KFD2-SR2-EX2W,EL,EL-RE,RE,EL-RE-REL-012,RELAIS [Type: EMBROCHABLE/STAT] BOBINE [Tension/V] [Nbr Contacts]
124900041,TRANSMETTEUR DE TEMPERATURE ITM121 24VDC,IN,IN-TE,TE,IN-TE-TRA-001,SONDE TEMPERATURE [Type: PT100/TC-K] L=[Longueur] Ø[Tige]
124900048,ALIMENTATION MODEL TIS150-122 POWER SUPPLY,EE,EE-CA,CA,EE-CA-ALI-001,CARTE ELECTRONIQUE [Fonction/Usage] [Réf Modèle] [Constructeur]
124900063,TEMP. CONTROLLER LC-C4 0-399 C RANGE - 0-399 CENTRIGRADE OUTPUT RELAY,EL,EL-RE,RE,EL-RE-RLR-001,RELAIS [Type: EMBROCHABLE/STAT] BOBINE [Tension/V] [Nbr Contacts]
124900066,ELGI FILTER ELEMENT PN S0001 AIR FILTER  BMG11-55 ELGI MAKE,HY,HY-FI,FI,HY-FI-ELG-001,FILTRE HYDRAULIQUE [Type: RETOUR/ASP] [Seuil/µm] [Raccordement/Débit]
124900069,ELGI XD AIRLUBE PN 000998053 LUBE OIL 20 LTR CAN ELGI MAKE,CS,CS-GC,GC,CS-GC-020-001,
124900072,ELGI SOLENOID VALVE 24V DC FOR AUTO DRAIN ATM 0-15 ELGI MAKE,PN,PN-EV,EV,PN-EV-ELG-001,"ELECTROVANNE PNEU [Fonction: 5/2, 3/2] [Filetage] [Tension Commande]"
124900073,CP PLC PANASONIC FP-XOL30R CHINA COMBI PACK-WD 150A PANASONIC MAKE PLC,EE,EE-AU,AU,EE-AU-PAN-001,AUTOMATE PLC [Série/Modèle] [Configuration E/S] [Alimentation]
124900074,CP PNU. CYLINDER TN 25X40 BOTTLE PRESSURE LOG MAKE SNLG,HY,HY-VE,VE,HY-VE-025-003,VERIN HYDRAULIQUE [Type] Ø[Piston]/Ø[Tige]X[Course] [Pression Max]
124900076,CP PNU. CYLINDER SDA 32X10 FILM SEALING MAKE AIRTEC,ME,ME-JO,JO,ME-JO-032-002,JOINT [Type: SPI/O-RING/LEVRE] [Dimensions: IntXExtXEp] [Matière: NBR/FKM]
124900077,CP PNU. CYLINDER SU 50X125 BOTTLE PRESSURE LOG MAKE AIRTEC,HY,HY-VE,VE,HY-VE-050-001,VERIN HYDRAULIQUE [Type] Ø[Piston]/Ø[Tige]X[Course] [Pression Max]
124900078,CP 24 VDC RELAY MY2N GS RELAY WITH BASE 24VDC MAKE OMRON,EL,EL-RE,RE,EL-RE-VDC-001,RELAIS [Type: EMBROCHABLE/STAT] BOBINE [Tension/V] [Nbr Contacts]
124900079,CP SENSOR PR12-4DN AUTONICS PHOTO SENSOR 3 WIRE AUTONICS MAKE,EL,EL-CA,CA,EL-CA-SEN-001,CABLE [Type] [Nbr Conducteurs]X[Section/mm²] [Matière/Blindage]
124900080,CP SENSOR BR100 DDT AUTONIC PHOTO SENSOR 4 WIRE AUTONICS MAKE,EL,EL-CA,CA,EL-CA-SEN-002,CABLE [Type] [Nbr Conducteurs]X[Section/mm²] [Matière/Blindage]
124900082,CP ROLLER MOTOR 0.09KW 1400RPM FILM RELEASE COMBIPAK WD-150A MAKE DACHENG ELECTRICAL,EL,EL-MO,MO,EL-MO-001-002,MOTEUR ASYNCHRONE [Puissance/kW] [Vitesse/tr/min] [Fixation] [Tension]
124900083,CP HMITK6070IQ SN 151182187 COMBI PAK WD-150A MAKE WEINVIEW CO LTD,EE,EE-HM,HM,EE-HM-HMI-002,ECRAN IHM TACTILE [Taille/Pouces] [Résolution/Type] [Alimentation]
124900084,"CP MOTOR 0.37KW,1.12A,1400 CONVEYOR MOTOR WITH GEAR UNIT MAKE YONGJIA ZHENGDA",ME,ME-EN,EN,ME-EN-004-001,ENGRENAGE [Type: DROIT/HELIC] [Module]  [Ø exterieur/Matière][Ø Alésage/Matière]
124900087,CP NET BELT HEATING TUNNEL COMBI PACK WD 150A,ME,ME-CO,CO,ME-CO-NET-001,COURROIE [Type: Profil(TRAP/DENT/plate)] [dimension: L=[Longueurx epaisseur  en mm]
124900088,CP HEATING SEALING KNIFE COMBI PACK WD 150A,ME,ME-JO,JO,ME-JO-HEA-001,JOINT [Type: SPI/O-RING/LEVRE] [Dimensions: IntXExtXEp] [Matière: NBR/FKM]
124900090,FLEXI LDPE PIPE 10MM REPFUME SUPPLY PIPE TALC PLANT,HY,HY-FL,FL,HY-FL-010-001,FLEXIBLE HYDRAULIQUE [type: DN[Diamètre Ø int ] L=[Longueur] [Embouts]
124900091,ELGI160P LUBRICANT OIL OIL FOR AIR COMPRESSOR ELGI AIR LUBE SYNTHETIC,PN,PN-CO,CO,PN-CO-ELG-001,COMPRESSEUR AIR [Puissance/kW] [Débit] [Capacité Cuve/L] [Pression]
124900092,ELGI160P PM KIT-4000HRS CONSUMABLE P.NO0124744439 AIR COMPRESSOR SPARES PM KIT,PN,PN-CO,CO,PN-CO-ELG-002,COMPRESSEUR AIR [Puissance/kW] [Débit] [Capacité Cuve/L] [Pression]
124900094,"ELGI AIR OIL SEP B006700770010 EG11-13 , AIR-OIL SEPERATOR FOR ELGI AIR COMPRESSOR",PN,PN-CO,CO,PN-CO-013-001,COMPRESSEUR AIR [Puissance/kW] [Débit] [Capacité Cuve/L] [Pression]
124900095,"ELGI 160 PRESSURE TRANSDUCER DANFOSS MAKE, 00897902N FOR ELGI COMPRESSOR 160",PN,PN-CO,CO,PN-CO-ELG-003,COMPRESSEUR AIR [Puissance/kW] [Débit] [Capacité Cuve/L] [Pression]
124900096,ELGI160 TEMP SENSOR018400077 DANFOSS PT1000 TS1 FOR ELGI 160KW SCREWCOMPRESSOR,ME,ME-VI,VI,ME-VI-P10-001,VIS [Type: CHC/TH/FHC] M [Diamètre]X[Longueur]en mm [Matiere:Acier/Inox]
124900098,"200 KW VFD ELGI AIR COMPRESSOR IN:3X380-500V, 50/60 HZ",PN,PN-CO,CO,PN-CO-003-001,COMPRESSEUR AIR [Puissance/kW] [Débit] [Capacité Cuve/L] [Pression]
124900099,ELGI EG11-13 SUCTION PREFILTER OEM CODE: 015400889 SUCTION PREFILTER ELEMENT,HY,HY-FI,FI,HY-FI-ELG-002,FILTRE HYDRAULIQUE [Type: RETOUR/ASP] [Seuil/µm] [Raccordement/Débit]
124900100,ELGI 11-13 DRIVE COUPLING ELEM OEM CODE: B011201170003 DRIVE COUPLING ELEMENT,IN,IN-VA,VA,IN-VA-ELG-001,"VARIATEUR VITESSE [Type: MONO, TRIPHASE] [Puissance/kW]  [Mode: Réseau/Simple][Fabricant]"
124900101,EG11-13 ORING & GASKET KIT 102 OEM CODE:012447699 FOR ELGI EG11-13 AIR COMPRESSR,ME,ME-JO,JO,ME-JO-EG1-001,JOINT [Type: SPI/O-RING/LEVRE] [Dimensions: IntXExtXEp] [Matière: NBR/FKM]
124900102,ELGI160 PRESURE REGULATOR PRNE OEM CODE: B001501070001 FOR ELGI EG160 COMPRESSOR,PN,PN-RE,RE,PN-RE-ELG-001,REGULATEUR PRESSION [Filetage] [Plage/Bars] [Options: MANOMETRE/FILTRE]
124900103,ELGI160 SERVCE KIT ACTR PISTON OEM CODE: B015401070005 FOR ELGI 160 AIR COMPRESSOR,PN,PN-CO,CO,PN-CO-ELG-004,COMPRESSEUR AIR [Puissance/kW] [Débit] [Capacité Cuve/L] [Pression]
124900104,ELGI160 MIN PRESSUREVAL KIT3'' OEM CODE: B009301070017 FOR ELGI 160 AIR COMPRESSOR,PN,PN-CO,CO,PN-CO-ELG-005,COMPRESSEUR AIR [Puissance/kW] [Débit] [Capacité Cuve/L] [Pression]
124900105,ELGI160 DRIVE COUPLING ELEMENT OEM CODE: B005401170007 FOR ELGI 160 AIR COMPRESSOR,PN,PN-CO,CO,PN-CO-ELG-006,COMPRESSEUR AIR [Puissance/kW] [Débit] [Capacité Cuve/L] [Pression]
124900106,ELGI 160 BLOW DOWN KIT OEM CODE : B009801070050 FOR ELGI 160 AIR COMPRESSOR,PN,PN-CO,CO,PN-CO-ELG-007,COMPRESSEUR AIR [Puissance/kW] [Débit] [Capacité Cuve/L] [Pression]
124900107,ELGI 11 SERV KIT FOR VVF15 BDV OEM CODE : B009401070003 FOR ELGI 160 AIR COMPRESSOR,PN,PN-CO,CO,PN-CO-ELG-008,COMPRESSEUR AIR [Puissance/kW] [Débit] [Capacité Cuve/L] [Pression]
124900108,ELGI 160 AIR OIL SEPERATOR OEM CODE B006704620010 MODEL ELGI EG 160,CS,CS-GC,GC,CS-GC-160-001,
142441027,COPPER CURRENT COLLECTOR ASSEM,CS,CS-AM,AM,CS-AM-COP-001,
142442013,ENCODER 160430028COUPEUSE TVE,EE,EE-CP,CP,EE-CP-ENC-001,CAPTEUR [Type: PROXIMITE/PHOTO] [Signal: PNP/NPN/TOR] [Raccordement]
142442027,PUSER SENSOR PNPSAMARPAN,EE,EE-CP,CP,EE-CP-PUS-001,CAPTEUR [Type: PROXIMITE/PHOTO] [Signal: PNP/NPN/TOR] [Raccordement]
142442034,TEMPERATURE REGULATOR VT-26 DEVANSHI (VERTEX) FOR SAMARPAN,PN,PN-RE,RE,PN-RE-TEM-001,REGULATEUR PRESSION [Filetage] [Plage/Bars] [Options: MANOMETRE/FILTRE]
142505014,TEMPERATURE CONTROLLER53MC5211,IN,IN-TE,TE,IN-TE-RLR-005,SONDE TEMPERATURE [Type: PT100/TC-K] L=[Longueur] Ø[Tige]
142822001,SAFETY MODULE AIR BLEACHER MAKE: ALLENBRADLY MODEL: MSR127R,EE,EE-CA,CA,EE-CA-SAF-001,CARTE ELECTRONIQUE [Fonction/Usage] [Réf Modèle] [Constructeur]
142822002,TRANSFORMER AIR BLEACHER NAME TRANSFORMER:MARTIGNONI TRANSFORMER CEI–EN 61558-2-2,CS,CS-SC,SC,CS-SC-TRA-001,
142822004,"CONTROL CABLE, STUR-8 OEM CODE: 2042736,  FOR MAZZONI STAMPER MACHINE",EL,EL-CA,CA,EL-CA-CON-001,CABLE [Type] [Nbr Conducteurs]X[Section/mm²] [Matière/Blindage]
142822005,"STUR-8 MAIN SERVOMOTOR 7.85KW  30.8NM, 4000RPM,21.6A,480VRMS MODEL SH31402P02F2300",EL,EL-MO,MO,EL-MO-078-001,MOTEUR ASYNCHRONE [Puissance/kW] [Vitesse/tr/min] [Fixation] [Tension]
142822009,ELECTRONIC SENSOR LIQUIDPRESSU,EE,EE-CP,CP,EE-CP-ELE-002,CAPTEUR [Type: PROXIMITE/PHOTO] [Signal: PNP/NPN/TOR] [Raccordement]
142822012,SPRINGS FOR VALVES/ LOGYKA 5 A,PN,PN-EV,EV,PN-EV-SPR-001,"ELECTROVANNE PNEU [Fonction: 5/2, 3/2] [Filetage] [Tension Commande]"
142822013,TEFLON BELLOW LIQUIDTIGHTENING,CS,CS-SC,SC,CS-SC-TEF-001,
142822015,"""CLAMP COLLARS BY 1/2"""""""" LOGY",SE,SE-EC,EC,SE-EC-001-001,ECLAIRAGE [Type: LED/Halogènes] [Puissance/W] [Tension/V]
142822020,ELECTROVALVE MAC FORLIQUID VAL,PN,PN-EV,EV,PN-EV-ELE-005,"ELECTROVANNE PNEU [Fonction: 5/2, 3/2] [Filetage] [Tension Commande]"
142822021,FESTO MAGNETIC SENSOR LOGYKA 5,EE,EE-CP,CP,EE-CP-FES-001,CAPTEUR [Type: PROXIMITE/PHOTO] [Signal: PNP/NPN/TOR] [Raccordement]
142822026,GASKETS FOR LIQUID DEL- VERY N,ME,ME-JO,JO,ME-JO-GAS-002,JOINT [Type: SPI/O-RING/LEVRE] [Dimensions: IntXExtXEp] [Matière: NBR/FKM]
142822039,FESTO CYLINDER 32-50 PPV-A CAP,PN,PN-VE,VE,PN-VE-CYL-013,VERIN PNEUMATIQUE [Type: ISO/COMPACT] Ø[Alésage]X[Course] [Amortissement]
142822045,OPTICAL VISUALIZATORELESA FOR,CS,CS-CA,CA,CS-CA-OPT-001,
142822046,BELT FOR CAPS FEEDINGFOR CAPPI,ME,ME-CO,CO,ME-CO-BEL-001,COURROIE [Type: Profil(TRAP/DENT/plate)] [dimension: L=[Longueurx epaisseur  en mm]
142822049,FESTO ELECTROVALVE FORPNEUMATI,PN,PN-EV,EV,PN-EV-FES-001,"ELECTROVANNE PNEU [Fonction: 5/2, 3/2] [Filetage] [Tension Commande]"
142822051,BELT FOR STABILIZER 1765X25 FO,ME,ME-CO,CO,ME-CO-BEL-002,COURROIE [Type: Profil(TRAP/DENT/plate)] [dimension: L=[Longueurx epaisseur  en mm]
142822053,START/STOP LABLE PHOTO-CELL FO,EE,EE-CP,CP,EE-CP-STA-001,CAPTEUR [Type: PROXIMITE/PHOTO] [Signal: PNP/NPN/TOR] [Raccordement]
142822058,MODULE PL006A PACKLAB SRL MODULE DE COMMANDE ELECTRONIQ PACKLAB SRL PL006A,EE,EE-CA,CA,EE-CA-MOD-005,CARTE ELECTRONIQUE [Fonction/Usage] [Réf Modèle] [Constructeur]
142822059,COUNTER MODULE FM350-2: SIMATI SIMATIC S7 DU TYPE: 1P6ES7  350-2AH02-OAEO,EE,EE-CA,CA,EE-CA-COU-001,CARTE ELECTRONIQUE [Fonction/Usage] [Réf Modèle] [Constructeur]
142822063,114 MM WIDE CHAIN DRILLEBOTTLE,ME,ME-CH,CH,ME-CH-114-001,CHAINE ROULEAUX [Pas] [Type: SIMPLEX/DUPLEX] L=[Nbr Maillons/Longueur en mm]
142822066,ELECTROVALVE REXROTH000151 UNS,PN,PN-EV,EV,PN-EV-ELE-006,"ELECTROVANNE PNEU [Fonction: 5/2, 3/2] [Filetage] [Tension Commande]"
142822067,ELECTROVALVE 002143FOR ORIENTO,PN,PN-EV,EV,PN-EV-ELE-007,"ELECTROVANNE PNEU [Fonction: 5/2, 3/2] [Filetage] [Tension Commande]"
142822068,ELECTROVALVE 002793FOR ORIENTO,PN,PN-EV,EV,PN-EV-ELE-008,"ELECTROVANNE PNEU [Fonction: 5/2, 3/2] [Filetage] [Tension Commande]"
142822070,CYLINDER 004301FOR ORIENTOR-CM,HY,HY-VE,VE,HY-VE-CYL-021,VERIN HYDRAULIQUE [Type] Ø[Piston]/Ø[Tige]X[Course] [Pression Max]
142822073,FESTO ELECTROVALVEFOR BOTTLING,PN,PN-EV,EV,PN-EV-FES-002,"ELECTROVANNE PNEU [Fonction: 5/2, 3/2] [Filetage] [Tension Commande]"
142822074,MAC ELECTROVALVESFOR BOTTLING,PN,PN-EV,EV,PN-EV-MAC-001,"ELECTROVANNE PNEU [Fonction: 5/2, 3/2] [Filetage] [Tension Commande]"
142822075,TEFLON BELLOWS FOR LIQUID TIGH,CS,CS-SC,SC,CS-SC-TEF-002,
142822076,FLOWMETER CLAMP COLLARSFOR BOT,IN,IN-DE,DE,IN-DE-FLO-001,DEBITMETRE [Type] [Plage Débit] [DN/Raccordement] [Sortie]
142822079,ELECTRONIC SENSOR FORLIQUID PR,EE,EE-CP,CP,EE-CP-ELE-003,CAPTEUR [Type: PROXIMITE/PHOTO] [Signal: PNP/NPN/TOR] [Raccordement]
142822083,FLOWMETERS CONTROL,IN,IN-DE,DE,IN-DE-FLO-002,DEBITMETRE [Type] [Plage Débit] [DN/Raccordement] [Sortie]
142822084,"""ELECTROVALVES(BODY EX,)FOR LI",PN,PN-EV,EV,PN-EV-ELE-009,"ELECTROVANNE PNEU [Fonction: 5/2, 3/2] [Filetage] [Tension Commande]"
142822090,DOORS SAFETY SENSORFOR BOTTLIN,EE,EE-CP,CP,EE-CP-DOO-001,CAPTEUR [Type: PROXIMITE/PHOTO] [Signal: PNP/NPN/TOR] [Raccordement]
142822092,STUR-8 FEEDBACK CABLE ART.NO : VW3E2080R100 SERVODRIVE TO MOTOR CABLE,EL,EL-CA,CA,EL-CA-STU-001,CABLE [Type] [Nbr Conducteurs]X[Section/mm²] [Matière/Blindage]
142822099,CAPS FEEDING BELTFOR CAPPING M,ME,ME-CO,CO,ME-CO-CAP-001,COURROIE [Type: Profil(TRAP/DENT/plate)] [dimension: L=[Longueurx epaisseur  en mm]
142822104,COMPLETE CONVEYORS CLAMPFOR CA,SE,SE-EC,EC,SE-EC-COM-001,ECLAIRAGE [Type: LED/Halogènes] [Puissance/W] [Tension/V]
142822105,CAMOZZI REGULATOR FORCAPS ORIE,PN,PN-RE,RE,PN-RE-CAM-001,REGULATEUR PRESSION [Filetage] [Plage/Bars] [Options: MANOMETRE/FILTRE]
142822107,VARIOUS PNEUMATIC MATERIAL + C,PN,PN-RA,RA,PN-RA-VAR-001,RACCORD PNEUMATIQUE [Type: INSTANT/NIPPLE] Ø[Tube] [Filetage]
142822108,AIR BLEACHER VFD MAKE: ABB 32/27 AMP.,IN,IN-VA,VA,IN-VA-032-001,"VARIATEUR VITESSE [Type: MONO, TRIPHASE] [Puissance/kW]  [Mode: Réseau/Simple][Fabricant]"
142822115,SICK SENSOR FOR ENCODERFOR UNW,EE,EE-CP,CP,EE-CP-SIC-001,CAPTEUR [Type: PROXIMITE/PHOTO] [Signal: PNP/NPN/TOR] [Raccordement]
142822118,IFM LABEL CONTROL PHOTO-CELL F,EE,EE-CP,CP,EE-CP-IFM-001,CAPTEUR [Type: PROXIMITE/PHOTO] [Signal: PNP/NPN/TOR] [Raccordement]
142822123,SERVO DRIVE MITSUBISHI MELSEC MR-J2S7JH-350A MITSUBISHI SERVODRIVE,IN,IN-VA,VA,IN-VA-SER-001,"VARIATEUR VITESSE [Type: MONO, TRIPHASE] [Puissance/kW]  [Mode: Réseau/Simple][Fabricant]"
142822125,BALLUFF INDUCTIVE SENSORMOD BE,EE,EE-CP,CP,EE-CP-BAL-001,CAPTEUR [Type: PROXIMITE/PHOTO] [Signal: PNP/NPN/TOR] [Raccordement]
142822126,FESTO MAGNETIC SENSORFOR CARTO,EE,EE-CP,CP,EE-CP-FES-002,CAPTEUR [Type: PROXIMITE/PHOTO] [Signal: PNP/NPN/TOR] [Raccordement]
142822128,FESTO ELECTROVALVE COMPLETE WI,PN,PN-EV,EV,PN-EV-FES-003,"ELECTROVANNE PNEU [Fonction: 5/2, 3/2] [Filetage] [Tension Commande]"
142822134,ENCODER (PICKING HEAD)FOR CMI,EE,EE-CP,CP,EE-CP-ENC-002,CAPTEUR [Type: PROXIMITE/PHOTO] [Signal: PNP/NPN/TOR] [Raccordement]
142822135,ENCODER (CONVEYING BLADEMOVEME,EE,EE-CP,CP,EE-CP-ENC-003,CAPTEUR [Type: PROXIMITE/PHOTO] [Signal: PNP/NPN/TOR] [Raccordement]
142822141,ADHESIVE TAPE CUTTINGBLADE FOR,CS,CS-AM,AM,CS-AM-ADH-001,
142822145,GASKET COD. 041.0001FOR PICKIN,ME,ME-JO,JO,ME-JO-GAS-003,JOINT [Type: SPI/O-RING/LEVRE] [Dimensions: IntXExtXEp] [Matière: NBR/FKM]
142822148,GASKET COD.041.0002FOR PICKING,ME,ME-JO,JO,ME-JO-GAS-004,JOINT [Type: SPI/O-RING/LEVRE] [Dimensions: IntXExtXEp] [Matière: NBR/FKM]
142822150,"BONFIG 3PH MOTOR,FLANGD 1.1KW 1.5HP, IE2 EFFICIENCY [BE90S4] 230/400 V, 50HZ",EL,EL-MO,MO,EL-MO-011-001,MOTEUR ASYNCHRONE [Puissance/kW] [Vitesse/tr/min] [Fixation] [Tension]
142822152,DOORS SAFETY MICRO,CS,CS-MS,MS,CS-MS-DOO-001,
142822153,PNEUMATIC ACTUATORC.M.I,PN,PN-RA,RA,PN-RA-PNE-002,RACCORD PNEUMATIQUE [Type: INSTANT/NIPPLE] Ø[Tube] [Filetage]
142822155,CONNECTEUR CABLE A SOUDER 500A WELDING CALBE CANNECTOR 500A,EL,EL-CA,CA,EL-CA-500-001,CABLE [Type] [Nbr Conducteurs]X[Section/mm²] [Matière/Blindage]
142822159,"FESTO CYLINDER ADVU-40-10-A-PA 156627 WD08 0,8-10BAR",PN,PN-VE,VE,PN-VE-CYL-014,VERIN PNEUMATIQUE [Type: ISO/COMPACT] Ø[Alésage]X[Course] [Amortissement]
142822160,MANO DETENDEUR + FILTRE0-10 BA,HY,HY-FI,FI,HY-FI-MAN-001,FILTRE HYDRAULIQUE [Type: RETOUR/ASP] [Seuil/µm] [Raccordement/Débit]
142822162,SEALING RING INA G55 X 63 X 5,ME,ME-JO,JO,ME-JO-055-004,JOINT [Type: SPI/O-RING/LEVRE] [Dimensions: IntXExtXEp] [Matière: NBR/FKM]
142822164,ELECTRO DISTRIBUTEUR537612WN02,PN,PN-DI,DI,PN-DI-ELE-001,DISTRIBUTEUR HYDRAULIQUE [Type] [Nbr Voies][Tiroir] [Tension Bobine]
142822167,"""INVERTER NASTRO 440,0.75 kW,S",IN,IN-VA,VA,IN-VA-INV-001,"VARIATEUR VITESSE [Type: MONO, TRIPHASE] [Puissance/kW]  [Mode: Réseau/Simple][Fabricant]"
142822169,PUMP SET OIL FILLINGLINECALENZ,HY,HY-PO,PO,HY-PO-PUM-001,POMPE HYDRAULIQUE [Type:volumetrique/Turbo pompe] [Cylindrée] [Pression Max][type de liquide]
142822170,FLOW METER DOSIMASS CMI,IN,IN-DE,DE,IN-DE-FLO-003,DEBITMETRE [Type] [Plage Débit] [DN/Raccordement] [Sortie]
142822174,CARTE DI ALIMENTATION,EE,EE-CA,CA,EE-CA-CAR-001,CARTE ELECTRONIQUE [Fonction/Usage] [Réf Modèle] [Constructeur]
142822175,SERVO MOTOR,EL,EL-MO,MO,EL-MO-SER-001,MOTEUR ASYNCHRONE [Puissance/kW] [Vitesse/tr/min] [Fixation] [Tension]
142822176,SERVO MOTOR LABELLINGM/C,EL,EL-MO,MO,EL-MO-SER-002,MOTEUR ASYNCHRONE [Puissance/kW] [Vitesse/tr/min] [Fixation] [Tension]
142822180,WASHER MB 16 O2040016 DRG NO: 500200041A,ME,ME-VI,VI,ME-VI-WAS-001,VIS [Type: CHC/TH/FHC] M [Diamètre]X[Longueur]en mm [Matiere:Acier/Inox]
142822181,WASHER MB 12 O2040012 DRG NO: 500200041A,ME,ME-VI,VI,ME-VI-WAS-002,VIS [Type: CHC/TH/FHC] M [Diamètre]X[Longueur]en mm [Matiere:Acier/Inox]
142822186,BEARING UNIBAL SS-20 O71620 DRG NO: 500380046A,ME,ME-RO,RO,ME-RO-200-001,ROULEMENT [Type: BILLES/ROULEAUX] [Série/Réf] Ø[Intérieur]XØ[Extérieur]X[Épaisseur] [Flasque/Jeu]
142822190,FILTER FLA 100 O82003100 DRG NO: 500470277A,HY,HY-FI,FI,HY-FI-FIL-007,FILTRE HYDRAULIQUE [Type: RETOUR/ASP] [Seuil/µm] [Raccordement/Débit]
142822191,BELT TYPE Z10 X 7 OPTIMAT O3901007 DRG NO: 500470277A,ME,ME-CO,CO,ME-CO-010-001,COURROIE [Type: Profil(TRAP/DENT/plate)] [dimension: L=[Longueurx epaisseur  en mm]
142822220,SOLID STATE RELAY 2X10A 24VDC FOR MAZZONI,EL,EL-RE,RE,EL-RE-002-002,RELAIS [Type: EMBROCHABLE/STAT] BOBINE [Tension/V] [Nbr Contacts]
142822221,THERMOCOUPLE(RTD)+-80MV MACHOI POUR LES MACHOIRE,IN,IN-TH,TH,IN-TH-THE-008,THERMOCOUPLE [Type: K/J/T] [Longueur Gaine] [Raccordement]
142822222,THERMOCOUPLE(RTD)+-80MV RESIST POUR LES RESISTANCE CIRCULAIRE,IN,IN-TH,TH,IN-TH-THE-009,THERMOCOUPLE [Type: K/J/T] [Longueur Gaine] [Raccordement]
142822223,PROG UNIT ULTRASONIC SENSOR SENSOR=UB100-F77-E2-V31 MAZZONI CODE=2043465,EE,EE-CP,CP,EE-CP-PRO-005,CAPTEUR [Type: PROXIMITE/PHOTO] [Signal: PNP/NPN/TOR] [Raccordement]
142822229,TSA 80 TRUSTBEARINGCU51202 P12,ME,ME-RO,RO,ME-RO-800-001,ROULEMENT [Type: BILLES/ROULEAUX] [Série/Réf] Ø[Intérieur]XØ[Extérieur]X[Épaisseur] [Flasque/Jeu]
142822231,PNU ELECTROVALVE 2 WAY/2D12494 SIZE=1/2''/SOLENOID COIL NC MAZZONI POSITION NO=CO013,CS,CS-GC,GC,CS-GC-001-001,
142822246,BEARING 22311 EK,ME,ME-RO,RO,ME-RO-223-001,ROULEMENT [Type: BILLES/ROULEAUX] [Série/Réf] Ø[Intérieur]XØ[Extérieur]X[Épaisseur] [Flasque/Jeu]
142822252,ELECTRO DISTRIBUTEUR TYPE MFH-513G 3/8-B,PN,PN-DI,DI,PN-DI-003-001,DISTRIBUTEUR HYDRAULIQUE [Type] [Nbr Voies][Tiroir] [Tension Bobine]
142822253,BLOC ELECTRO DISTRIBUTEUR TYPE VUVB-SM24,PN,PN-DI,DI,PN-DI-BLO-001,DISTRIBUTEUR HYDRAULIQUE [Type] [Nbr Voies][Tiroir] [Tension Bobine]
142822254,ELECTRO DISTRIBUTEUR-A TYPE DNC 125-80 PPV -A,PN,PN-DI,DI,PN-DI-ELE-002,DISTRIBUTEUR HYDRAULIQUE [Type] [Nbr Voies][Tiroir] [Tension Bobine]
142822255,BELT 2080 X 80mm 2008723 MLB  500,ME,ME-CO,CO,ME-CO-080-001,COURROIE [Type: Profil(TRAP/DENT/plate)] [dimension: L=[Longueurx epaisseur  en mm]
142822256,CYLINDER FESTO DSBC-63-25-PPVA,PN,PN-VE,VE,PN-VE-CYL-015,VERIN PNEUMATIQUE [Type: ISO/COMPACT] Ø[Alésage]X[Course] [Amortissement]
142822258,METAL DETECTOR BELT T-260-01,ME,ME-CO,CO,ME-CO-T26-001,COURROIE [Type: Profil(TRAP/DENT/plate)] [dimension: L=[Longueurx epaisseur  en mm]
142822268,"IFM ELECTRONIC 4512 ESSEN OGH  200, LASER PHOTOCELL SENSOR",EE,EE-CP,CP,EE-CP-IFM-002,CAPTEUR [Type: PROXIMITE/PHOTO] [Signal: PNP/NPN/TOR] [Raccordement]
142822269,TRIPPINGCOIL SCHNEIDER GVAU225 TRIP COIL FOR MPCB SCHNEIDER MAKE,EE,EE-CA,CA,EE-CA-TRI-001,CARTE ELECTRONIQUE [Fonction/Usage] [Réf Modèle] [Constructeur]
142822271,GA132 SERVICE KIT 2906009400 ATLAS COPCO OVERHAUL SPARE AIR COMPRESSOR,PN,PN-CO,CO,PN-CO-GA1-001,COMPRESSEUR AIR [Puissance/kW] [Débit] [Capacité Cuve/L] [Pression]
142822273,GA132 OIL RS ULTRA1630204120 ATLAS COPCO LUBE OIL CAN AIR COMPRESSOR,PN,PN-CO,CO,PN-CO-GA1-002,COMPRESSEUR AIR [Puissance/kW] [Débit] [Capacité Cuve/L] [Pression]
142822285,POWER SUPPLY /LEGRAND 47021 LEGRAND 47021 50/60HZ INPUT: 230/400V/0.18A,EE,EE-CA,CA,EE-CA-050-001,CARTE ELECTRONIQUE [Fonction/Usage] [Réf Modèle] [Constructeur]
142822286,GASKET TAK40T1,ME,ME-JO,JO,ME-JO-GAS-005,JOINT [Type: SPI/O-RING/LEVRE] [Dimensions: IntXExtXEp] [Matière: NBR/FKM]
142822287,STRAIGHT CHAIN INOX SS 815K RESS815K712,ME,ME-CH,CH,ME-CH-STR-001,CHAINE ROULEAUX [Pas] [Type: SIMPLEX/DUPLEX] L=[Nbr Maillons/Longueur en mm]
142822294,MIL DELTA HMI LCD 7'' LCD : DOP-B07PS515 HMI DELTA FOR MILINDIA SOAP LINE,EE,EE-HM,HM,EE-HM-MIL-001,ECRAN IHM TACTILE [Taille/Pouces] [Résolution/Type] [Alimentation]
142822295,"MIL PROXIMITY SENSOR PNP M8*62 SCHNEIDER XS608B1PAM12,24VDC FOR MILINDIA SOAP LINE",EE,EE-CP,CP,EE-CP-008-001,CAPTEUR [Type: PROXIMITE/PHOTO] [Signal: PNP/NPN/TOR] [Raccordement]
142822296,"MIL DELTA 2KW AC SERVOMOTOR MODEL: ECMA-C11020ES, DELTA FOR MILINDIA SOAP LINE",EL,EL-MO,MO,EL-MO-020-001,MOTEUR ASYNCHRONE [Puissance/kW] [Vitesse/tr/min] [Fixation] [Tension]
142822297,"VFDACS550-01-059A-4,22KW PLODR ABB AC DRIVE IN:380VAC ,22KW FOR SOAP PLANT PLODDER",IN,IN-VA,VA,IN-VA-VFD-001,"VARIATEUR VITESSE [Type: MONO, TRIPHASE] [Puissance/kW]  [Mode: Réseau/Simple][Fabricant]"
142822298,GEAR BOX STR ST110-R90O-95MB BEVEL GEAR RATIO 10 CLASS P2 SPRING BEVEL GEAR RATIO 10,ME,ME-EN,EN,ME-EN-GEA-002,ENGRENAGE [Type: DROIT/HELIC] [Module]  [Ø exterieur/Matière][Ø Alésage/Matière]
142822301,"MIL ENCODER 2500 PPR LINE DELTA ES5-25LN8542, 5VDC FOR MILINDIA LINE",EE,EE-CP,CP,EE-CP-MIL-001,CAPTEUR [Type: PROXIMITE/PHOTO] [Signal: PNP/NPN/TOR] [Raccordement]
142822302,CHAKKU-E BELT75X3X1499.07.C11A NYLON WHITE CONV.BELT 07.C11A DUPLO CUTTER CHAKKU-E,ME,ME-CO,CO,ME-CO-075-001,COURROIE [Type: Profil(TRAP/DENT/plate)] [dimension: L=[Longueurx epaisseur  en mm]
142822303,NYLON BELT 75X3X1864MM 07.C11 SANDWITCH CONVEYOR WHITE BELT DUPLO CUTTER CHAKKU-E,ME,ME-CO,CO,ME-CO-C11-002,COURROIE [Type: Profil(TRAP/DENT/plate)] [dimension: L=[Longueurx epaisseur  en mm]
142822317,GLAND PACKING 20X20X3.5M-3KG GLAND PACKING 20X20X3.5M 13CO1 GLAND PACKING 20x20x3.5M,CS,CS-JG,JG,CS-JG-020-001,
142822319,NBR ORING MANHOLE DIA 7X1515 ORING DIA 7X1515 SPRAY CHAMBER NBR O'RING FOR MANHOLE,ME,ME-JO,JO,ME-JO-007-001,JOINT [Type: SPI/O-RING/LEVRE] [Dimensions: IntXExtXEp] [Matière: NBR/FKM]
142822320,IDLER CS FEED PUMP RSB 3 X 3 FEED PUMP RSB 3 X 3 MILINDIA  IDLER FOR RSB PUMP 3 x 3,HY,HY-PO,PO,HY-PO-003-001,POMPE HYDRAULIQUE [Type:volumetrique/Turbo pompe] [Cylindrée] [Pression Max][type de liquide]
142822321,ROTOR CS FEED PUMP RSB 3X3 FEED PUMP 3X3 5M3/HR SPARE PARTS FOR MILINDIA,HY,HY-PO,PO,HY-PO-ROT-001,POMPE HYDRAULIQUE [Type:volumetrique/Turbo pompe] [Cylindrée] [Pression Max][type de liquide]
142822322,MIL MMI PANELVIEW800 10.4INCH ALLENBRADLEY 2711R-T10T MILINDIA SOAPLINE,EE,EE-HM,HM,EE-HM-MIL-002,ECRAN IHM TACTILE [Taille/Pouces] [Résolution/Type] [Alimentation]
142822323,MIL COMPACTLOGIX 384KB DI/O ALLENBRDLEY CNTRLLER1769-L16ER FOR MILINDIA SOAP LINE,CS,CS-GC,GC,CS-GC-MIL-001,
142822324,"MIL PLC DVP20PM00M,3AXISMOTION I/O:8/8, PLC CONTROLLR DELTA FOR MILINDIA SOAP LINE",EE,EE-AU,AU,EE-AU-DVP-001,AUTOMATE PLC [Série/Modèle] [Configuration E/S] [Alimentation]
142822325,"MIL DANFOSS FC360 VFD50HP HD VFDFC360 50HP/60HP,50HZ380VAC FOR MILINDIA SOAP LINE",IN,IN-VA,VA,IN-VA-MIL-001,"VARIATEUR VITESSE [Type: MONO, TRIPHASE] [Puissance/kW]  [Mode: Réseau/Simple][Fabricant]"
142822333,SEALING RING NILOS 22311 JV Sealing Ring Nilos 22311 JV,ME,ME-JO,JO,ME-JO-SEA-008,JOINT [Type: SPI/O-RING/LEVRE] [Dimensions: IntXExtXEp] [Matière: NBR/FKM]
142822334,SEALING RING NILOS 22211 JV SEALING RING NILOS 22211 JV,ME,ME-JO,JO,ME-JO-SEA-009,JOINT [Type: SPI/O-RING/LEVRE] [Dimensions: IntXExtXEp] [Matière: NBR/FKM]
142822335,SEALING RING NILOS 33214 AV SEALING RING NILOS 33214 AV,ME,ME-JO,JO,ME-JO-SEA-010,JOINT [Type: SPI/O-RING/LEVRE] [Dimensions: IntXExtXEp] [Matière: NBR/FKM]
142822352,STMPR UNION L 2012725 MAZZONI RL31-6-1/8 MAZZONI STAMPER,HY,HY-RA,RA,HY-RA-001-001,RACCORD HYDRAULIQUE [Type: IMPLANT/UNION] [Filetage/Ø Tube] [Matière]
142822368,PNEUMATIC CAPPING MACHINE,PN,PN-RA,RA,PN-RA-PNE-003,RACCORD PNEUMATIQUE [Type: INSTANT/NIPPLE] Ø[Tube] [Filetage]
142822369,SERVO DRIVE DELTA ASD-B20421-B MODEL : ASD - B2 - 0421 - M,IN,IN-VA,VA,IN-VA-SER-002,"VARIATEUR VITESSE [Type: MONO, TRIPHASE] [Puissance/kW]  [Mode: Réseau/Simple][Fabricant]"
142822379,USB CAB 230 DELTA PLC PROGRAMMATION ADAPTATEUR RS 232,EE,EE-AU,AU,EE-AU-PRO-001,AUTOMATE PLC [Série/Modèle] [Configuration E/S] [Alimentation]
142822384,GE S7 - 972 - OBA12-0XAO NET WORK MODULE,EE,EE-CA,CA,EE-CA-OBA-001,CARTE ELECTRONIQUE [Fonction/Usage] [Réf Modèle] [Constructeur]
142822387,"COPPER HOSE 1 1/8""",HY,HY-FL,FL,HY-FL-001-009,FLEXIBLE HYDRAULIQUE [type: DN[Diamètre Ø int ] L=[Longueur] [Embouts]
142822390,TIGE(PLAQUE) CUTTER TE 50/S POS. 0012 ARTICLE 3001723 DESIGNATION GROUPE DE COUPE,CS,CS-SC,SC,CS-SC-CUT-001,
142822394,SENSOR PT - 100 OHM PT - 100 OHM SENSOR PT - 100,EE,EE-CP,CP,EE-CP-SEN-004,CAPTEUR [Type: PROXIMITE/PHOTO] [Signal: PNP/NPN/TOR] [Raccordement]
142822396,DISPLAY KINCO MT 4310C HMI KINCO MT 4310C INTERFACE PANEL,EE,EE-HM,HM,EE-HM-DIS-002,ECRAN IHM TACTILE [Taille/Pouces] [Résolution/Type] [Alimentation]
142822397,LEUZE GS 63B/6.3-S8V SENSOR FORKED PHOTOELECTRIC SENSOR LEUZE GS 63B SENSOR,EE,EE-CP,CP,EE-CP-LEU-001,CAPTEUR [Type: PROXIMITE/PHOTO] [Signal: PNP/NPN/TOR] [Raccordement]
142822398,ENGRENAGE/GEAR ID OBJE 1018998 ID OBJET 1018998 BROYEUSE MAZZONI RM300/3/1000,ME,ME-EN,EN,ME-EN-300-001,ENGRENAGE [Type: DROIT/HELIC] [Module]  [Ø exterieur/Matière][Ø Alésage/Matière]
142822399,C.M.I PLC 314C-2DP PROGRAMMER SIEMENS SIMATC S7 - 300 SIMATIC S7 - 300,EE,EE-AU,AU,EE-AU-314-001,AUTOMATE PLC [Série/Modèle] [Configuration E/S] [Alimentation]
142822406,ROULEMENT SKF 33214 BEARING SKF 33214,ME,ME-RO,RO,ME-RO-332-002,ROULEMENT [Type: BILLES/ROULEAUX] [Série/Réf] Ø[Intérieur]XØ[Extérieur]X[Épaisseur] [Flasque/Jeu]
142822407,ROULEMENT INA IR 25X30X17,ME,ME-RO,RO,ME-RO-25X-001,ROULEMENT [Type: BILLES/ROULEAUX] [Série/Réf] Ø[Intérieur]XØ[Extérieur]X[Épaisseur] [Flasque/Jeu]
142822409,BALL JOINT SKF GE 20 C,ME,ME-JO,JO,ME-JO-BAL-001,JOINT [Type: SPI/O-RING/LEVRE] [Dimensions: IntXExtXEp] [Matière: NBR/FKM]
142822410,SEALING RING CR55 X 70 X 80,ME,ME-JO,JO,ME-JO-055-005,JOINT [Type: SPI/O-RING/LEVRE] [Dimensions: IntXExtXEp] [Matière: NBR/FKM]
142822411,ROULEMENT INA NKI 50/35 BEARING INA 50/35,ME,ME-RO,RO,ME-RO-500-001,ROULEMENT [Type: BILLES/ROULEAUX] [Série/Réf] Ø[Intérieur]XØ[Extérieur]X[Épaisseur] [Flasque/Jeu]
142822413,ROULEMENT SKF 81106 POS C004 BEARING SKF 81106 POS C004,ME,ME-RO,RO,ME-RO-811-001,ROULEMENT [Type: BILLES/ROULEAUX] [Série/Réf] Ø[Intérieur]XØ[Extérieur]X[Épaisseur] [Flasque/Jeu]
142822417,ROULEMENT INA NKXR 30Z BEARING INA NKXR 30Z,ME,ME-RO,RO,ME-RO-30Z-001,ROULEMENT [Type: BILLES/ROULEAUX] [Série/Réf] Ø[Intérieur]XØ[Extérieur]X[Épaisseur] [Flasque/Jeu]
142822418,DRIVE ROLL 300510487A02 BEARING INA NKXR 30Z,ME,ME-RO,RO,ME-RO-300-001,ROULEMENT [Type: BILLES/ROULEAUX] [Série/Réf] Ø[Intérieur]XØ[Extérieur]X[Épaisseur] [Flasque/Jeu]
142822420,DRIVE ROLL SUPPORT,IN,IN-VA,VA,IN-VA-DRI-003,"VARIATEUR VITESSE [Type: MONO, TRIPHASE] [Puissance/kW]  [Mode: Réseau/Simple][Fabricant]"
142822421,DRIVEN ROLL SUPPORT POS 004,IN,IN-VA,VA,IN-VA-DRI-004,"VARIATEUR VITESSE [Type: MONO, TRIPHASE] [Puissance/kW]  [Mode: Réseau/Simple][Fabricant]"
142822422,DRIVEN ROLL SUPPORT POS 005,IN,IN-VA,VA,IN-VA-DRI-005,"VARIATEUR VITESSE [Type: MONO, TRIPHASE] [Puissance/kW]  [Mode: Réseau/Simple][Fabricant]"
142822423,BELT SCRAPPER BLADE STUR 7,ME,ME-CO,CO,ME-CO-BEL-003,COURROIE [Type: Profil(TRAP/DENT/plate)] [dimension: L=[Longueurx epaisseur  en mm]
142822424,DRIVE ROLL 300510488A02,IN,IN-VA,VA,IN-VA-DRI-006,"VARIATEUR VITESSE [Type: MONO, TRIPHASE] [Puissance/kW]  [Mode: Réseau/Simple][Fabricant]"
142822426,SSP LOBE PUMP S4-0079-H15 STAINLESS STEEL POSITIVE DISPLACEMENT,HY,HY-PO,PO,HY-PO-SSP-001,POMPE HYDRAULIQUE [Type:volumetrique/Turbo pompe] [Cylindrée] [Pression Max][type de liquide]
142822427,GEARBOX MR 3I 180 UP2A 13254 SERIAL NUMBER 1574180010 V5 MAZZONI SPRAY CHAMBER ME 1250,ME,ME-EN,EN,ME-EN-GEA-003,ENGRENAGE [Type: DROIT/HELIC] [Module]  [Ø exterieur/Matière][Ø Alésage/Matière]
142822429,SPLICING FOIL,CS,CS-GC,GC,CS-GC-SPL-001,
142822430,TEMPERATURE PROBE,IN,IN-TE,TE,IN-TE-TEM-001,SONDE TEMPERATURE [Type: PT100/TC-K] L=[Longueur] Ø[Tige]
142822432,MOTOR JL6-B3-2/3-00:55KW,EL,EL-MO,MO,EL-MO-550-001,MOTEUR ASYNCHRONE [Puissance/kW] [Vitesse/tr/min] [Fixation] [Tension]
142822435,GEARBOX XC-050-010-120/19 BRAND TRAMEC RATIO  1/10 PAM 80  B14 D 25,ME,ME-EN,EN,ME-EN-120-001,ENGRENAGE [Type: DROIT/HELIC] [Module]  [Ø exterieur/Matière][Ø Alésage/Matière]
142822438,TIMING BELT HTD 640-8M,ME,ME-CO,CO,ME-CO-HTD-001,COURROIE [Type: Profil(TRAP/DENT/plate)] [dimension: L=[Longueurx epaisseur  en mm]
142822439,JAVEL PUMP FLOW 2m3/hr HEAD 15,HY,HY-PO,PO,HY-PO-015-001,POMPE HYDRAULIQUE [Type:volumetrique/Turbo pompe] [Cylindrée] [Pression Max][type de liquide]
142822441,SUMAMOUSSE PUMP FLOW 5 m3/hr H,HY,HY-PO,PO,HY-PO-005-002,POMPE HYDRAULIQUE [Type:volumetrique/Turbo pompe] [Cylindrée] [Pression Max][type de liquide]
142822444,COLLECTEUR ROTATIF 2016936,CS,CS-AM,AM,CS-AM-COL-001,
142822448,"ABB 90 KW MOTOR E2HXP280SMC4 400 OR 380 V , 10%",EL,EL-MO,MO,EL-MO-900-001,MOTEUR ASYNCHRONE [Puissance/kW] [Vitesse/tr/min] [Fixation] [Tension]
142822449,"22KW FLANGE MOTOR SOAPPLANTL1B 1470 RPM , 50HZ T-DB-180L450112",EL,EL-MO,MO,EL-MO-220-001,MOTEUR ASYNCHRONE [Puissance/kW] [Vitesse/tr/min] [Fixation] [Tension]
142822453,PANEL FOR DOOR MFS-C-0490A,ME,ME-VI,VI,ME-VI-PAN-001,VIS [Type: CHC/TH/FHC] M [Diamètre]X[Longueur]en mm [Matiere:Acier/Inox]
142822456,NUT UNI 7473 MS,ME,ME-VI,VI,ME-VI-NUT-001,VIS [Type: CHC/TH/FHC] M [Diamètre]X[Longueur]en mm [Matiere:Acier/Inox]
142822459,SUPPORT SENSOR CONVEYOR RC3000,EE,EE-CP,CP,EE-CP-SUP-001,CAPTEUR [Type: PROXIMITE/PHOTO] [Signal: PNP/NPN/TOR] [Raccordement]
142822460,CLOSED RING BELT 6200X110,ME,ME-RO,RO,ME-RO-CLO-001,ROULEMENT [Type: BILLES/ROULEAUX] [Série/Réf] Ø[Intérieur]XØ[Extérieur]X[Épaisseur] [Flasque/Jeu]
142822462,SCREW TCEI M8X30 UNI 5931,ME,ME-VI,VI,ME-VI-M08-001,VIS [Type: CHC/TH/FHC] M [Diamètre]X[Longueur]en mm [Matiere:Acier/Inox]
142822471,Metallic Oil seal 120*94*16 OD:120MM ID:94MM THICKNES:16MM For GA132 compressor motor,ME,ME-JO,JO,ME-JO-120-001,JOINT [Type: SPI/O-RING/LEVRE] [Dimensions: IntXExtXEp] [Matière: NBR/FKM]
142822474,"Roulement rear 9630029032 / Bearing,rear 9630029032",ME,ME-RO,RO,ME-RO-963-001,ROULEMENT [Type: BILLES/ROULEAUX] [Série/Réf] Ø[Intérieur]XØ[Extérieur]X[Épaisseur] [Flasque/Jeu]
142822475,"Roulement front 9630029034 / Bearing,front 9630029034",ME,ME-RO,RO,ME-RO-963-002,ROULEMENT [Type: BILLES/ROULEAUX] [Série/Réf] Ø[Intérieur]XØ[Extérieur]X[Épaisseur] [Flasque/Jeu]
142822482,BAND DE ROULEMENT 300510678A,ME,ME-RO,RO,ME-RO-300-002,ROULEMENT [Type: BILLES/ROULEAUX] [Série/Réf] Ø[Intérieur]XØ[Extérieur]X[Épaisseur] [Flasque/Jeu]
142822486,Plastic water filter bottle / single water purifier bottle,HY,HY-FI,FI,HY-FI-PLA-001,FILTRE HYDRAULIQUE [Type: RETOUR/ASP] [Seuil/µm] [Raccordement/Débit]
142822487,NOZZLE CARD HITACHI PRNTR NPS / HITACHI RX-2 SERIES PRINTER / PCB CARD FOR NOZZLES,EE,EE-CA,CA,EE-CA-NOZ-001,CARTE ELECTRONIQUE [Fonction/Usage] [Réf Modèle] [Constructeur]
142822489,PHE GASKET/S22-IG10-44 J.21034 /,ME,ME-JO,JO,ME-JO-PHE-001,JOINT [Type: SPI/O-RING/LEVRE] [Dimensions: IntXExtXEp] [Matière: NBR/FKM]
142822510,DEFLECTION ELECTRODEHITACHI,CS,CS-SC,SC,CS-SC-DEF-001,
142822511,PRESSURE REDUCING VALVEHITACHI,PN,PN-EV,EV,PN-EV-PRE-001,"ELECTROVANNE PNEU [Fonction: 5/2, 3/2] [Filetage] [Tension Commande]"
142822514,CHARGE ELECTRODE HITACHI PRINTER,CS,CS-SC,SC,CS-SC-CHA-001,
142822516,SANTE FORMAT SOAPTEC FLOWPA.,CS,CS-GC,GC,CS-GC-SAN-001,
142822517,RADIAL BALL BEARING MF105-2Z,ME,ME-RO,RO,ME-RO-MF1-001,ROULEMENT [Type: BILLES/ROULEAUX] [Série/Réf] Ø[Intérieur]XØ[Extérieur]X[Épaisseur] [Flasque/Jeu]
142822518,FLWRP CONTR SESNR KTMWP11182P / FOR FLOWRP CONVEYOR / SOAPTEC MACHINE,CS,CS-GC,GC,CS-GC-FLW-001,
142822519,FLWRP ULTRSONIC SENSR UC411341 / SICK P.NO UC4-11341 / FOR SOAPTEC FLOWRAP MACHINE,CS,CS-GC,GC,CS-GC-FLW-002,
142822520,FLWRP CONVYR SICK GTB6L SENSOR / SICK GTB6L-P4211 PHOTOELECTRIC / FOR SOAPTEC FLOWRAP MACHINE,EE,EE-CP,CP,EE-CP-FLW-001,CAPTEUR [Type: PROXIMITE/PHOTO] [Signal: PNP/NPN/TOR] [Raccordement]
142822521,FLWRP SOAP DETECTOR PF 267075 / P&F SENSOR 267075-100523 / FOR SOAP TEC FLOWRP MACHINE,EE,EE-CP,CP,EE-CP-FLW-002,CAPTEUR [Type: PROXIMITE/PHOTO] [Signal: PNP/NPN/TOR] [Raccordement]
142822523,FLWRP SAFETY SENSOR XCSZR TEL / TELEMECHNIQ SENSOR FOR FLOWRAP / FOR SOAP TEC FLOWRAP MACHINE,EE,EE-CP,CP,EE-CP-FLW-003,CAPTEUR [Type: PROXIMITE/PHOTO] [Signal: PNP/NPN/TOR] [Raccordement]
142822525,SAFETY SWITCH 440N-Z21W1PH / ALLEN BRADLEY SAFETY SWITCH / AB SAFETY SWITCH FOR CUTTER,EE,EE-CP,CP,EE-CP-CUT-001,CAPTEUR [Type: PROXIMITE/PHOTO] [Signal: PNP/NPN/TOR] [Raccordement]
142822526,SENSOR FOR CUTTER XS608B1PAM12 / SENSOR FOR CUTTER XS608B1PAM12 / SENSOR FOR CUTTER XS608B1PAM12,EE,EE-CP,CP,EE-CP-CUT-002,CAPTEUR [Type: PROXIMITE/PHOTO] [Signal: PNP/NPN/TOR] [Raccordement]
14282256,ENGRENAGE 300210055A,ME,ME-EN,EN,ME-EN-ENG-001,ENGRENAGE [Type: DROIT/HELIC] [Module]  [Ø exterieur/Matière][Ø Alésage/Matière]
14282257,ENGRENAGE 300210056A,ME,ME-EN,EN,ME-EN-ENG-002,ENGRENAGE [Type: DROIT/HELIC] [Module]  [Ø exterieur/Matière][Ø Alésage/Matière]
14282270,ENCODER for MFS-6 STAMPER+CON.,EE,EE-CP,CP,EE-CP-ENC-004,CAPTEUR [Type: PROXIMITE/PHOTO] [Signal: PNP/NPN/TOR] [Raccordement]
14282271,SOAPTEC THERMISTOR PT100 C17A/REF: MFSA-0126A/FOR SOAPTEC STAMPER MACHINE,IN,IN-TE,TE,IN-TE-P10-003,SONDE TEMPERATURE [Type: PT100/TC-K] L=[Longueur] Ø[Tige]
14282272,SOAPTEC SOLENOID VALVESET C25/REF: MFSA-0097A/FOR SOAPTEC STAMPER MACHINE,PN,PN-EV,EV,PN-EV-SOA-001,"ELECTROVANNE PNEU [Fonction: 5/2, 3/2] [Filetage] [Tension Commande]"
14282273,SOAPTEC BECKOFF MODULE EL1008/FOR STAMPER & CUTTER MACHINE,EE,EE-CA,CA,EE-CA-CUT-001,CARTE ELECTRONIQUE [Fonction/Usage] [Réf Modèle] [Constructeur]
14282274,SOAPTEC BECKOFF MODULE EL2008/FOR SOAPTEC STAMPER & CUTTER,EE,EE-CA,CA,EE-CA-CUT-002,CARTE ELECTRONIQUE [Fonction/Usage] [Réf Modèle] [Constructeur]
14282275,SOAPTEC BECKOFF MODULE EL4008/FOR SOAPTEC STAMPER & CUTTER,EE,EE-CA,CA,EE-CA-CUT-003,CARTE ELECTRONIQUE [Fonction/Usage] [Réf Modèle] [Constructeur]
14282276,SOAPTEC BECKOFF MODULE EL4002/FOR SOAPTEC STAMPER & CUTTER,EE,EE-CA,CA,EE-CA-CUT-004,CARTE ELECTRONIQUE [Fonction/Usage] [Réf Modèle] [Constructeur]
14282277,SOAPTEC BECKOFF MODULE EL5101 / FOR SOAPTEC STAMPER & CUTTER,EE,EE-CA,CA,EE-CA-CUT-005,CARTE ELECTRONIQUE [Fonction/Usage] [Réf Modèle] [Constructeur]
14282278,SOAPTEC BECKOFF MODULE EL5001 / FOR SOAPTEC CUTTER & STAMPER,EE,EE-CA,CA,EE-CA-CUT-006,CARTE ELECTRONIQUE [Fonction/Usage] [Réf Modèle] [Constructeur]
14282279,SOAPTEC BECKOFF MODULE EL3061 / FOR CUTTER & STAMPER MACHINE,EE,EE-CA,CA,EE-CA-CUT-007,CARTE ELECTRONIQUE [Fonction/Usage] [Réf Modèle] [Constructeur]
14282280,SOAPTEC BECKOFF MODULE EL3204 / FOR CUTTER & STAMPER MACHINE,EE,EE-CA,CA,EE-CA-CUT-008,CARTE ELECTRONIQUE [Fonction/Usage] [Réf Modèle] [Constructeur]
14282282,SOAPTEC SSR OMRON G3PE215B / 24VDC RELAY / FOR SOAPTEC FLOWRAP MACHINE,EL,EL-RE,RE,EL-RE-SOA-001,RELAIS [Type: EMBROCHABLE/STAT] BOBINE [Tension/V] [Nbr Contacts]
14282283,SOPTEC THERMISTOR PT100 C68A / REF: MA-0065A / FOR SOAPTEC MACHINE,IN,IN-TE,TE,IN-TE-P10-004,SONDE TEMPERATURE [Type: PT100/TC-K] L=[Longueur] Ø[Tige]
142823007,SERVO MOTOR DRIVE S.P.TVE CUTT,EL,EL-MO,MO,EL-MO-SER-003,MOTEUR ASYNCHRONE [Puissance/kW] [Vitesse/tr/min] [Fixation] [Tension]
142823008,SERVO MOTOR S.P. DIGITDRIVE 12,EL,EL-MO,MO,EL-MO-SER-004,MOTEUR ASYNCHRONE [Puissance/kW] [Vitesse/tr/min] [Fixation] [Tension]
142823013,CONTACTEUR TRIPOLAIRE24V DC  (,EL,EL-CO,CO,EL-CO-CON-001,CONTACTEUR [Intensité/A] BOBINE [Tension/V] [Nbr Contacts NO/NF]
142823030,GRUB SCREW VCE M5x30,ME,ME-VI,VI,ME-VI-M05-002,VIS [Type: CHC/TH/FHC] M [Diamètre]X[Longueur]en mm [Matiere:Acier/Inox]
142823044,BELT AP18 2140x110,ME,ME-CO,CO,ME-CO-AP1-001,COURROIE [Type: Profil(TRAP/DENT/plate)] [dimension: L=[Longueurx epaisseur  en mm]
142823051,"24TR COMPRESSOR ZR380 CHILLER GR1AV240Z CHILLER SOAPPLANT 62.5A,380VAC,COPELANDSCROLL",PN,PN-CO,CO,PN-CO-24T-001,COMPRESSEUR AIR [Puissance/kW] [Débit] [Capacité Cuve/L] [Pression]
142823070,DIE PLATE FOR SUNLIGHTROLLERS,SE,SE-EC,EC,SE-EC-PLT-001,ECLAIRAGE [Type: LED/Halogènes] [Puissance/W] [Tension/V]
142823079,AMPL MODULEC6ES7 222 1 HF22,EE,EE-CA,CA,EE-CA-AMP-004,CARTE ELECTRONIQUE [Fonction/Usage] [Réf Modèle] [Constructeur]
142823092,GEAR POS.10300210448A77 (MAZZO,ME,ME-EN,EN,ME-EN-GEA-004,ENGRENAGE [Type: DROIT/HELIC] [Module]  [Ø exterieur/Matière][Ø Alésage/Matière]
142823102,GEAR POS.6A300210489A77 (MAZZO,ME,ME-EN,EN,ME-EN-GEA-005,ENGRENAGE [Type: DROIT/HELIC] [Module]  [Ø exterieur/Matière][Ø Alésage/Matière]
142823110,CYLINDER SCRAPER BLADEHOLDER,HY,HY-VE,VE,HY-VE-CYL-022,VERIN HYDRAULIQUE [Type] Ø[Piston]/Ø[Tige]X[Course] [Pression Max]
1428231100,MECHANICAL SEAL UN D33,ME,ME-JO,JO,ME-JO-MEC-001,JOINT [Type: SPI/O-RING/LEVRE] [Dimensions: IntXExtXEp] [Matière: NBR/FKM]
1428231101,MECHANICAL SEAL SD D30 COD. 95A030HPT93V,ME,ME-JO,JO,ME-JO-MEC-002,JOINT [Type: SPI/O-RING/LEVRE] [Dimensions: IntXExtXEp] [Matière: NBR/FKM]
142823111,BLADE FOR CYLINDER(MAZZONI),HY,HY-VE,VE,HY-VE-CYL-023,VERIN HYDRAULIQUE [Type] Ø[Piston]/Ø[Tige]X[Course] [Pression Max]
142823115,"""THERMOSTAT TYPE AF95161/2""""""""",IN,IN-TE,TE,IN-TE-THE-002,SONDE TEMPERATURE [Type: PT100/TC-K] L=[Longueur] Ø[Tige]
142823120,GASKET DEV.1480 15*15042014801,ME,ME-JO,JO,ME-JO-015-001,JOINT [Type: SPI/O-RING/LEVRE] [Dimensions: IntXExtXEp] [Matière: NBR/FKM]
142823124,O-RING FPM 1551.029 FOR,ME,ME-JO,JO,ME-JO-RIN-002,JOINT [Type: SPI/O-RING/LEVRE] [Dimensions: IntXExtXEp] [Matière: NBR/FKM]
142823127,BELT STAND 3140*74004300314074,ME,ME-CO,CO,ME-CO-BEL-004,COURROIE [Type: Profil(TRAP/DENT/plate)] [dimension: L=[Longueurx epaisseur  en mm]
142823134,"""PIPE PUSH-LOK 3/4"""""""" DN20081",HY,HY-FL,FL,HY-FL-003-002,FLEXIBLE HYDRAULIQUE [type: DN[Diamètre Ø int ] L=[Longueur] [Embouts]
142823135,"""PIPE ARMAFLEX TYPE 13-251/2""""",HY,HY-FL,FL,HY-FL-251-001,FLEXIBLE HYDRAULIQUE [type: DN[Diamètre Ø int ] L=[Longueur] [Embouts]
142823136,"""PIPE PUSH-LOK 1/2"""""""" DN12081",HY,HY-FL,FL,HY-FL-001-010,FLEXIBLE HYDRAULIQUE [type: DN[Diamètre Ø int ] L=[Longueur] [Embouts]
142823138,DISTRIBUTOR 300290229A70 (MAZZ,PN,PN-DI,DI,PN-DI-DST-001,DISTRIBUTEUR HYDRAULIQUE [Type] [Nbr Voies][Tiroir] [Tension Bobine]
142823139,SOLENOID VALVE56C-76-611JB G1/,PN,PN-EV,EV,PN-EV-SOL-002,"ELECTROVANNE PNEU [Fonction: 5/2, 3/2] [Filetage] [Tension Commande]"
142823141,COIL ZB12 24VDC083004BDCW  (MA,CS,CS-GC,GC,CS-GC-COI-003,
142823145,"""FLEXIBLE HOSE 3/4"""""""" TYPETPR",HY,HY-FL,FL,HY-FL-003-003,FLEXIBLE HYDRAULIQUE [type: DN[Diamètre Ø int ] L=[Longueur] [Embouts]
142823147,TUBE PA11 DIA12-100830001210,HY,HY-FL,FL,HY-FL-012-001,FLEXIBLE HYDRAULIQUE [type: DN[Diamètre Ø int ] L=[Longueur] [Embouts]
142823149,BELT 3385*75043003385075  (MAZ,ME,ME-CO,CO,ME-CO-BEL-005,COURROIE [Type: Profil(TRAP/DENT/plate)] [dimension: L=[Longueurx epaisseur  en mm]
142823156,ENCODER HOONER TYPE:170PA02150 TYPE:170-PA02150/2000/24VDC,EE,EE-CP,CP,EE-CP-ENC-005,CAPTEUR [Type: PROXIMITE/PHOTO] [Signal: PNP/NPN/TOR] [Raccordement]
142823158,RELAY WEID MULLER 24VDC S04338 TYPE: S043387,EL,EL-RE,RE,EL-RE-REL-013,RELAIS [Type: EMBROCHABLE/STAT] BOBINE [Tension/V] [Nbr Contacts]
142823164,IMPELLER SET FOR TRHB50-340/CF,HY,HY-PO,PO,HY-PO-IMP-001,POMPE HYDRAULIQUE [Type:volumetrique/Turbo pompe] [Cylindrée] [Pression Max][type de liquide]
142823165,MECHANICAL SEAL SET FOR,ME,ME-JO,JO,ME-JO-MEC-003,JOINT [Type: SPI/O-RING/LEVRE] [Dimensions: IntXExtXEp] [Matière: NBR/FKM]
142823171,RADIAL SEAL RING SET FORTRH50-,ME,ME-JO,JO,ME-JO-RAD-001,JOINT [Type: SPI/O-RING/LEVRE] [Dimensions: IntXExtXEp] [Matière: NBR/FKM]
142823174,SERVO MOTOR 15860914212CMAZZON,EL,EL-MO,MO,EL-MO-SER-005,MOTEUR ASYNCHRONE [Puissance/kW] [Vitesse/tr/min] [Fixation] [Tension]
142823175,ENCODER CABLE LXM05. BSH246-35,EL,EL-CA,CA,EL-CA-ENC-001,CABLE [Type] [Nbr Conducteurs]X[Section/mm²] [Matière/Blindage]
142823177,MECHANICAL SEAL R90TC/TC/FPM,ME,ME-JO,JO,ME-JO-MEC-004,JOINT [Type: SPI/O-RING/LEVRE] [Dimensions: IntXExtXEp] [Matière: NBR/FKM]
142823179,CAM N 10 FOR CF4 MFS6 SOAPTEC,CS,CS-GC,GC,CS-GC-CAM-001,
142823183,MODULE CPU 226+24 INP/16OUT6ES,EE,EE-AU,AU,EE-AU-MOD-001,AUTOMATE PLC [Série/Modèle] [Configuration E/S] [Alimentation]
142823194,POMPE A VIDE BECKER VT4.25 + VT4.25 + MOTEUR 0.75KW,HY,HY-PO,PO,HY-PO-025-001,POMPE HYDRAULIQUE [Type:volumetrique/Turbo pompe] [Cylindrée] [Pression Max][type de liquide]
142823196,FILTER CARTRIDGE POS75REF. 909,HY,HY-FI,FI,HY-FI-FIL-008,FILTRE HYDRAULIQUE [Type: RETOUR/ASP] [Seuil/µm] [Raccordement/Débit]
142823203,"""CONNECTOR FEMALE UNION1/2 """"""",HY,HY-RA,RA,HY-RA-001-002,RACCORD HYDRAULIQUE [Type: IMPLANT/UNION] [Filetage/Ø Tube] [Matière]
142823205,"""UNION ELBOW 1/8""""""""-8 AIRCONN",HY,HY-RA,RA,HY-RA-001-003,RACCORD HYDRAULIQUE [Type: IMPLANT/UNION] [Filetage/Ø Tube] [Matière]
142823222,SCREW M3*14  UNI5931,ME,ME-VI,VI,ME-VI-M03-001,VIS [Type: CHC/TH/FHC] M [Diamètre]X[Longueur]en mm [Matiere:Acier/Inox]
142823223,VIS M5*30  UNI 592567 CI GRUB,ME,ME-VI,VI,ME-VI-M05-003,VIS [Type: CHC/TH/FHC] M [Diamètre]X[Longueur]en mm [Matiere:Acier/Inox]
142823225,ENCODER TYPE 21-211B7/360 MAZZ,EE,EE-CP,CP,EE-CP-007-001,CAPTEUR [Type: PROXIMITE/PHOTO] [Signal: PNP/NPN/TOR] [Raccordement]
142823226,VITON GASKET FOR ASCOFILTRE -,ME,ME-JO,JO,ME-JO-VIT-001,JOINT [Type: SPI/O-RING/LEVRE] [Dimensions: IntXExtXEp] [Matière: NBR/FKM]
142823229,MOTOPOMPE EBARA TYP 2CDX120/30,HY,HY-PO,PO,HY-PO-030-002,POMPE HYDRAULIQUE [Type:volumetrique/Turbo pompe] [Cylindrée] [Pression Max][type de liquide]
142823235,GV2-ME10 AUTO SWITCHFOR COREMA,EE,EE-CP,CP,EE-CP-GV2-001,CAPTEUR [Type: PROXIMITE/PHOTO] [Signal: PNP/NPN/TOR] [Raccordement]
142823236,GV2-ME83 AUTO SWITCHFOR COREMA,EE,EE-CP,CP,EE-CP-GV2-002,CAPTEUR [Type: PROXIMITE/PHOTO] [Signal: PNP/NPN/TOR] [Raccordement]
142823244,VANNE A BOULE WARER 721000NB-2,ME,ME-RO,RO,ME-RO-VAN-001,ROULEMENT [Type: BILLES/ROULEAUX] [Série/Réf] Ø[Intérieur]XØ[Extérieur]X[Épaisseur] [Flasque/Jeu]
142823246,NB15 PIPE SEAL SET FORBALL VAL,ME,ME-JO,JO,ME-JO-NB1-001,JOINT [Type: SPI/O-RING/LEVRE] [Dimensions: IntXExtXEp] [Matière: NBR/FKM]
142823250,GASKET KLINGER FOR VALVEG FIG,ME,ME-JO,JO,ME-JO-GAS-006,JOINT [Type: SPI/O-RING/LEVRE] [Dimensions: IntXExtXEp] [Matière: NBR/FKM]
142823251,GASKET KLINGER FOR VALVEG FIG1,ME,ME-JO,JO,ME-JO-GAS-007,JOINT [Type: SPI/O-RING/LEVRE] [Dimensions: IntXExtXEp] [Matière: NBR/FKM]
142823252,CONNECTING CABLE CVPLC01402 (7,EL,EL-CA,CA,EL-CA-CON-002,CABLE [Type] [Nbr Conducteurs]X[Section/mm²] [Matière/Blindage]
142823262,DIGITAL REGULATOR 6DR-2100-4 -,PN,PN-RE,RE,PN-RE-DIG-001,REGULATEUR PRESSION [Filetage] [Plage/Bars] [Options: MANOMETRE/FILTRE]
142823263,ALARM CARD MOD 6D2801-8D  - 16,EE,EE-CA,CA,EE-CA-ALA-001,CARTE ELECTRONIQUE [Fonction/Usage] [Réf Modèle] [Constructeur]
142823264,DIGITAL INDICATOR LD135AVO-3-1,EE,EE-CA,CA,EE-CA-DIG-001,CARTE ELECTRONIQUE [Fonction/Usage] [Réf Modèle] [Constructeur]
142823265,ALARM UNIT 12 POINT1616000027,SE,SE-AL,AL,SE-AL-ALA-001,ALARME SONORE [Type: SIRENE/BUZZER] [Puissance/dB] [Tension V]
142823271,ELECTRO TRANSMITTER160620486,EE,EE-CP,CP,EE-CP-ELE-004,CAPTEUR [Type: PROXIMITE/PHOTO] [Signal: PNP/NPN/TOR] [Raccordement]
142823277,PRESSURE SWITCH FANAL FF4-8 /,IN,IN-CP,CP,IN-CP-PRE-005,CAPTEUR PRESSION [Plage/Bars] [Signal: 4-20mA/TOR] [Raccordement]
142823286,TEMPARATURE REGULATORAT/S1/D6,PN,PN-RE,RE,PN-RE-TEM-002,REGULATEUR PRESSION [Filetage] [Plage/Bars] [Options: MANOMETRE/FILTRE]
142823293,DRIVE MOTOR LEXIUM LXM32AD30N4 32208/400/480/THREE-PHASE 10A,EL,EL-MO,MO,EL-MO-400-001,MOTEUR ASYNCHRONE [Puissance/kW] [Vitesse/tr/min] [Fixation] [Tension]
142823300,CABLE 21E014125 ECF26/0.5M / 1,EL,EL-CA,CA,EL-CA-026-001,CABLE [Type] [Nbr Conducteurs]X[Section/mm²] [Matière/Blindage]
142823301,MODULE COD.21E014005169030039,EE,EE-CA,CA,EE-CA-MOD-006,CARTE ELECTRONIQUE [Fonction/Usage] [Réf Modèle] [Constructeur]
142823305,EXPANSION ANALOG 2 OUTPUT / 1 TM5SA02L,EE,EE-CA,CA,EE-CA-EXP-001,CARTE ELECTRONIQUE [Fonction/Usage] [Réf Modèle] [Constructeur]
142823307,MODBUS CABLE 2RJ45 VW3A8306R30,EL,EL-CA,CA,EL-CA-MOD-001,CABLE [Type] [Nbr Conducteurs]X[Section/mm²] [Matière/Blindage]
142823313,MODULE TYPE XPSAV1111312013035,EE,EE-CA,CA,EE-CA-MOD-007,CARTE ELECTRONIQUE [Fonction/Usage] [Réf Modèle] [Constructeur]
142823314,RESOLVER CABLE 3MT LONG1587010,EL,EL-CA,CA,EL-CA-RES-001,CABLE [Type] [Nbr Conducteurs]X[Section/mm²] [Matière/Blindage]
142823317,SERVO MOTOR BRUSHLESS,EL,EL-MO,MO,EL-MO-SER-006,MOTEUR ASYNCHRONE [Puissance/kW] [Vitesse/tr/min] [Fixation] [Tension]
142823319,ENCODER H-33530.118/2500160430,EE,EE-CP,CP,EE-CP-118-001,CAPTEUR [Type: PROXIMITE/PHOTO] [Signal: PNP/NPN/TOR] [Raccordement]
142823327,16 OUTPUTS 50VA 24VDC24-240VA,EE,EE-CA,CA,EE-CA-OUT-002,CARTE ELECTRONIQUE [Fonction/Usage] [Réf Modèle] [Constructeur]
142823329,EL1008 (X90) DIGITAL INPUT MOD MODULE DC24V 8 CHANNEL,EE,EE-CA,CA,EE-CA-EL1-001,CARTE ELECTRONIQUE [Fonction/Usage] [Réf Modèle] [Constructeur]
142823331,CABLE XBT-TSX07169030166A,EL,EL-CA,CA,EL-CA-CAB-002,CABLE [Type] [Nbr Conducteurs]X[Section/mm²] [Matière/Blindage]
142823334,EL1018 (X120) DIGITAL INPUT MO MODULE DC24V 8 CHANNEL,EE,EE-CA,CA,EE-CA-EL1-002,CARTE ELECTRONIQUE [Fonction/Usage] [Réf Modèle] [Constructeur]
142823339,VERIN PNEUMATIC,PN,PN-VE,VE,PN-VE-VER-001,VERIN PNEUMATIQUE [Type: ISO/COMPACT] Ø[Alésage]X[Course] [Amortissement]
142823340,EL2008 (X170) DIGITAL INPUT MO MODULE DC24V 8 CHANNEL,EE,EE-CA,CA,EE-CA-EL2-001,CARTE ELECTRONIQUE [Fonction/Usage] [Réf Modèle] [Constructeur]
142823341,ELECTRONIC CARD JPC-97CEAXX-00,EE,EE-CA,CA,EE-CA-ELE-001,CARTE ELECTRONIQUE [Fonction/Usage] [Réf Modèle] [Constructeur]
142823342,TEMPERATURE PROBECDAMX-0069,IN,IN-TE,TE,IN-TE-TEM-002,SONDE TEMPERATURE [Type: PT100/TC-K] L=[Longueur] Ø[Tige]
142823344,LOW PRESSURE SWITCHCCNBX-0002,IN,IN-CP,CP,IN-CP-LOW-001,CAPTEUR PRESSION [Plage/Bars] [Signal: 4-20mA/TOR] [Raccordement]
142823345,ELECTRO VALVE GAZCCBXX-0001,PN,PN-EV,EV,PN-EV-ELE-010,"ELECTROVANNE PNEU [Fonction: 5/2, 3/2] [Filetage] [Tension Commande]"
142823347,COMPRESSOR TERMISTOR,PN,PN-CO,CO,PN-CO-COM-005,COMPRESSEUR AIR [Puissance/kW] [Débit] [Capacité Cuve/L] [Pression]
142823350,EL4008(X70) ANALOG OUTPUT 0-10 0-10V 8 CHANNEL,EE,EE-CA,CA,EE-CA-EL4-001,CARTE ELECTRONIQUE [Fonction/Usage] [Réf Modèle] [Constructeur]
142823352,ENCODER SCHNEIDERXCC1506PS50X,EE,EE-CP,CP,EE-CP-ENC-006,CAPTEUR [Type: PROXIMITE/PHOTO] [Signal: PNP/NPN/TOR] [Raccordement]
142823353,SERVO MOTOR BRUSHLESSSML5 1350,EL,EL-MO,MO,EL-MO-SER-007,MOTEUR ASYNCHRONE [Puissance/kW] [Vitesse/tr/min] [Fixation] [Tension]
142823355,1 CHANNEL ANOLOG INPUT MODULE +/- 10 V,EE,EE-CA,CA,EE-CA-CHA-001,CARTE ELECTRONIQUE [Fonction/Usage] [Réf Modèle] [Constructeur]
142823356,4 CHANNEL DIGITAL OUTPUT MODUL DC 24V,EE,EE-CA,CA,EE-CA-CHA-002,CARTE ELECTRONIQUE [Fonction/Usage] [Réf Modèle] [Constructeur]
142823358,CONICAL GEAR,ME,ME-EN,EN,ME-EN-CON-001,ENGRENAGE [Type: DROIT/HELIC] [Module]  [Ø exterieur/Matière][Ø Alésage/Matière]
142823359,AC DRIVE ABB 0.37 KW,IN,IN-VA,VA,IN-VA-DRI-007,"VARIATEUR VITESSE [Type: MONO, TRIPHASE] [Puissance/kW]  [Mode: Réseau/Simple][Fabricant]"
142823361,GACO O-RING033600208,ME,ME-JO,JO,ME-JO-GAC-001,JOINT [Type: SPI/O-RING/LEVRE] [Dimensions: IntXExtXEp] [Matière: NBR/FKM]
142823362,GACO O-RING146033600146,ME,ME-JO,JO,ME-JO-GAC-002,JOINT [Type: SPI/O-RING/LEVRE] [Dimensions: IntXExtXEp] [Matière: NBR/FKM]
142823363,GACO O-RING 6325033600233,ME,ME-RO,RO,ME-RO-GAC-001,ROULEMENT [Type: BILLES/ROULEAUX] [Série/Réf] Ø[Intérieur]XØ[Extérieur]X[Épaisseur] [Flasque/Jeu]
142823364,GACO O-RING 233033600233,ME,ME-JO,JO,ME-JO-GAC-003,JOINT [Type: SPI/O-RING/LEVRE] [Dimensions: IntXExtXEp] [Matière: NBR/FKM]
142823371,ANGUS OIL SEAL72-100-10,ME,ME-JO,JO,ME-JO-ANG-001,JOINT [Type: SPI/O-RING/LEVRE] [Dimensions: IntXExtXEp] [Matière: NBR/FKM]
142823372,ANGUS OILSEAL105-130-12,ME,ME-JO,JO,ME-JO-ANG-002,JOINT [Type: SPI/O-RING/LEVRE] [Dimensions: IntXExtXEp] [Matière: NBR/FKM]
142823374,GEAR ON 1ST SHAFT300210189A77,ME,ME-EN,EN,ME-EN-SFT-001,ENGRENAGE [Type: DROIT/HELIC] [Module]  [Ø exterieur/Matière][Ø Alésage/Matière]
142823377,"MAGELIS OPERATOR PAN HMISTU855 PANEL TOUCH SCREEN 5.7"" TFT",EE,EE-HM,HM,EE-HM-MAG-002,ECRAN IHM TACTILE [Taille/Pouces] [Résolution/Type] [Alimentation]
142823379,POWER CABLE 3MT VW3M5101R30  FOR DRIVE LEXIUM,EL,EL-CA,CA,EL-CA-POW-001,CABLE [Type] [Nbr Conducteurs]X[Section/mm²] [Matière/Blindage]
142823380,CANOPEN CABLE VW3M3805R010 IMT TJ45 SUB-D9,EL,EL-CA,CA,EL-CA-CAN-001,CABLE [Type] [Nbr Conducteurs]X[Section/mm²] [Matière/Blindage]
142823381,COMMNICATION CARD VW3A3608  CANEOPEN 2XRJ45AT,EE,EE-CA,CA,EE-CA-COM-001,CARTE ELECTRONIQUE [Fonction/Usage] [Réf Modèle] [Constructeur]
142823383,RONDELLE 300050365A,ME,ME-VI,VI,ME-VI-RON-001,VIS [Type: CHC/TH/FHC] M [Diamètre]X[Longueur]en mm [Matiere:Acier/Inox]
142823386,TIGE 300180207A,CS,CS-SC,SC,CS-SC-TIG-001,
142823388,UNI 5739-A2 VIS VTE M6X12,ME,ME-VI,VI,ME-VI-M06-001,VIS [Type: CHC/TH/FHC] M [Diamètre]X[Longueur]en mm [Matiere:Acier/Inox]
142823389,UNI 6592 RONDELLE M4 A2,ME,ME-VI,VI,ME-VI-UNI-001,VIS [Type: CHC/TH/FHC] M [Diamètre]X[Longueur]en mm [Matiere:Acier/Inox]
142823391,UNI 6592 RONDELLE M6 A2,ME,ME-VI,VI,ME-VI-UNI-002,VIS [Type: CHC/TH/FHC] M [Diamètre]X[Longueur]en mm [Matiere:Acier/Inox]
142823392,UNI 6592 RONDELLE M10 A2,ME,ME-VI,VI,ME-VI-UNI-003,VIS [Type: CHC/TH/FHC] M [Diamètre]X[Longueur]en mm [Matiere:Acier/Inox]
142823393,UNI 6593 RONDELLE M6 A6,ME,ME-VI,VI,ME-VI-UNI-004,VIS [Type: CHC/TH/FHC] M [Diamètre]X[Longueur]en mm [Matiere:Acier/Inox]
142823394,UNI 5588 ECROU M10 A2,ME,ME-VI,VI,ME-VI-UNI-005,VIS [Type: CHC/TH/FHC] M [Diamètre]X[Longueur]en mm [Matiere:Acier/Inox]
142823396,UNI 7473 ECROU HEXAGONAL M4,ME,ME-VI,VI,ME-VI-UNI-006,VIS [Type: CHC/TH/FHC] M [Diamètre]X[Longueur]en mm [Matiere:Acier/Inox]
142823397,UNI 7473 ECROU HEXAGONAL M5,ME,ME-VI,VI,ME-VI-UNI-007,VIS [Type: CHC/TH/FHC] M [Diamètre]X[Longueur]en mm [Matiere:Acier/Inox]
142823398,UNI 7473 ECROU HEXAGONAL M6,ME,ME-VI,VI,ME-VI-UNI-008,VIS [Type: CHC/TH/FHC] M [Diamètre]X[Longueur]en mm [Matiere:Acier/Inox]
142823399,UNI 7473 ECROU HEXAGONAL M10,ME,ME-VI,VI,ME-VI-UNI-009,VIS [Type: CHC/TH/FHC] M [Diamètre]X[Longueur]en mm [Matiere:Acier/Inox]
142823400,UNI 5931 - A2 VIS VTCE M 5X40,ME,ME-VI,VI,ME-VI-M05-004,VIS [Type: CHC/TH/FHC] M [Diamètre]X[Longueur]en mm [Matiere:Acier/Inox]
142823401,UNI 5931 - A2 VIS VTCE M 6X25,ME,ME-VI,VI,ME-VI-M06-002,VIS [Type: CHC/TH/FHC] M [Diamètre]X[Longueur]en mm [Matiere:Acier/Inox]
142823403,UNI 5931 - A2 VIS VTCE M 6X40,ME,ME-VI,VI,ME-VI-M06-003,VIS [Type: CHC/TH/FHC] M [Diamètre]X[Longueur]en mm [Matiere:Acier/Inox]
142823404,UNI 5931 - A2 VIS VTCE M 8X30,ME,ME-VI,VI,ME-VI-M08-002,VIS [Type: CHC/TH/FHC] M [Diamètre]X[Longueur]en mm [Matiere:Acier/Inox]
142823406,UNI 5933 - A2 VIS VTPS M 6X45,ME,ME-VI,VI,ME-VI-M06-004,VIS [Type: CHC/TH/FHC] M [Diamètre]X[Longueur]en mm [Matiere:Acier/Inox]
142823408,TETE A JOINT TYPE BRF 10,ME,ME-JO,JO,ME-JO-TET-001,JOINT [Type: SPI/O-RING/LEVRE] [Dimensions: IntXExtXEp] [Matière: NBR/FKM]
142823409,TETE A JOINT TYPE BRF 10L,ME,ME-JO,JO,ME-JO-TET-002,JOINT [Type: SPI/O-RING/LEVRE] [Dimensions: IntXExtXEp] [Matière: NBR/FKM]
142823411,ENCODER ROLL300510473A70,EE,EE-CP,CP,EE-CP-ENC-007,CAPTEUR [Type: PROXIMITE/PHOTO] [Signal: PNP/NPN/TOR] [Raccordement]
142823412,BAGUE POUR ROULEMENT TYPE,ME,ME-RO,RO,ME-RO-BAG-001,ROULEMENT [Type: BILLES/ROULEAUX] [Série/Réf] Ø[Intérieur]XØ[Extérieur]X[Épaisseur] [Flasque/Jeu]
142823413,ROULEMENT SKF NA-4901-2RS,ME,ME-RO,RO,ME-RO-490-001,ROULEMENT [Type: BILLES/ROULEAUX] [Série/Réf] Ø[Intérieur]XØ[Extérieur]X[Épaisseur] [Flasque/Jeu]
142823414,ROULEMENT SKF NA-4902-2RS,ME,ME-RO,RO,ME-RO-490-002,ROULEMENT [Type: BILLES/ROULEAUX] [Série/Réf] Ø[Intérieur]XØ[Extérieur]X[Épaisseur] [Flasque/Jeu]
142823417,MOTEUR 63C4 KW0.25 380/400V 50 Hz,EL,EL-MO,MO,EL-MO-400-002,MOTEUR ASYNCHRONE [Puissance/kW] [Vitesse/tr/min] [Fixation] [Tension]
142823418,TE 50 CUTTER RONDELLE POS CO31 2029561,ME,ME-VI,VI,ME-VI-CUT-001,VIS [Type: CHC/TH/FHC] M [Diamètre]X[Longueur]en mm [Matiere:Acier/Inox]
142823423,CHILLERCOMPRESSOR/ZF24K4E-TWD- 551MAKE=COPLANDSCROLL /VOL 28.95M3/HR,PN,PN-CO,CO,PN-CO-CHI-001,COMPRESSEUR AIR [Puissance/kW] [Débit] [Capacité Cuve/L] [Pression]
142823424,CHILLERCOMPRESSOR/NTZ271A4LRPA MAKE=DANFOSS/22.6BAR/3PH/380V 50Hz=VG1056344/GAS=R404A,PN,PN-CO,CO,PN-CO-CHI-002,COMPRESSEUR AIR [Puissance/kW] [Débit] [Capacité Cuve/L] [Pression]
142823425,PUMP A'EAU/CALPE DA/1.5KW/2HP 7.8/4.3A/RPM=2900/HMAX-MIN=53 37TON CHILLERMODEL=GBA9/-25,HY,HY-PO,PO,HY-PO-001-001,POMPE HYDRAULIQUE [Type:volumetrique/Turbo pompe] [Cylindrée] [Pression Max][type de liquide]
142823426,PUMP A' EAU/CALPEDA ERC/2.2KW 3HP 230DEL/400STAR/3PH/50Hz 9.2/5.3A/Q35.5 CHILLERMODEL,HY,HY-PO,PO,HY-PO-002-001,POMPE HYDRAULIQUE [Type:volumetrique/Turbo pompe] [Cylindrée] [Pression Max][type de liquide]
142823427,ELECTROVALVE/TYPE109919/REF HCHC MOPD21AC/13DC/45BAR/TYPE =HM2/110V,PN,PN-EV,EV,PN-EV-002-001,"ELECTROVANNE PNEU [Fonction: 5/2, 3/2] [Filetage] [Tension Commande]"
142823429,CHILLERCOMPRESSOR/FG1106527 513 MAKE=DANFOSS/3PH/380V 50Hz/VOL=32.8,PN,PN-CO,CO,PN-CO-CHI-003,COMPRESSEUR AIR [Puissance/kW] [Débit] [Capacité Cuve/L] [Pression]
142823442,GEAR 5.48 Z=64 ROSSI MR3I 160,ME,ME-EN,EN,ME-EN-GEA-006,ENGRENAGE [Type: DROIT/HELIC] [Module]  [Ø exterieur/Matière][Ø Alésage/Matière]
142823443,GEAR 5.146/2 ROSSI MR3I 160 U,ME,ME-EN,EN,ME-EN-005-001,ENGRENAGE [Type: DROIT/HELIC] [Module]  [Ø exterieur/Matière][Ø Alésage/Matière]
142823447,REDUCER MZP3 ORING 2-222 No.52 TOILET LINE 1B REFINE PLODDER GACO O'RING,ME,ME-JO,JO,ME-JO-RED-001,JOINT [Type: SPI/O-RING/LEVRE] [Dimensions: IntXExtXEp] [Matière: NBR/FKM]
142823448,REDUCER MZP3 ORING 2-237 No.50 TOILET LINE 1B REFINE PLODDER GACO O'RING,ME,ME-JO,JO,ME-JO-RED-002,JOINT [Type: SPI/O-RING/LEVRE] [Dimensions: IntXExtXEp] [Matière: NBR/FKM]
142823449,REDUCER MZP3 ORING 2-249 No.49 TOILET LINE 1B REFINE PLODDER GACO O'RING,ME,ME-JO,JO,ME-JO-RED-003,JOINT [Type: SPI/O-RING/LEVRE] [Dimensions: IntXExtXEp] [Matière: NBR/FKM]
142823450,REDUCER MZP3 ORING 2-270 No.47 TOILET LINE 1B REFINE PLODDER GACO O'RING,ME,ME-JO,JO,ME-JO-RED-004,JOINT [Type: SPI/O-RING/LEVRE] [Dimensions: IntXExtXEp] [Matière: NBR/FKM]
142823451,REDUCER MZP3 INTERM.P.SHAFT 40 TOILET LINE 1B REFINE PLODDER PINION SHAFT,CS,CS-GC,GC,CS-GC-040-001,
142823452,REDUCER MZP3-225E WHEEL No.36 TOILET LINE 1B REFINE PLODDER WHEEL,CS,CS-GC,GC,CS-GC-036-001,
142823453,REDUCER MZP3 INLET SHAFT No.6 TOILET LINE 1B REFINE PLODDER SHAFT,CS,CS-GC,GC,CS-GC-SFT-001,
142823454,REDUCER MZP3 SLOW P.SHAFTNo.34 TOILET LINE 1B REFINE PLODDER PINION SHAFT,CS,CS-GC,GC,CS-GC-034-001,
142823455,REDUCER MZP3-225E SHAFT No.30 TOILET LINE 1B REFINE PLODDER SHAFT,CS,CS-GC,GC,CS-GC-030-002,
142823456,REDUCER MZP3-225E WHEEL No.22 TOILET LINE 1B REFINE PLODDER WHEEL,CS,CS-GC,GC,CS-GC-022-002,
142823467,HEATING TAPE 230V 9.7MTR 1.6KW COLE-PARMER COIL HT95532 FOR SOAP PLANT,CS,CS-GC,GC,CS-GC-HEA-001,
142823468,PLC LMC058 TERM STRIP 2027138 MAZZONI CUTTER CONTROLLER FOR SOAP PLANT,EE,EE-AU,AU,EE-AU-LMC-001,AUTOMATE PLC [Série/Modèle] [Configuration E/S] [Alimentation]
142823470,STAMPR UNION L 2012727 MODEL : RL15-6-1/4 MAZZONI STAMPER,HY,HY-RA,RA,HY-RA-001-004,RACCORD HYDRAULIQUE [Type: IMPLANT/UNION] [Filetage/Ø Tube] [Matière]
142823471,STMPR UNION T 2012749 MODEL RL32-6-1/8 MAZZONI SPARES,HY,HY-RA,RA,HY-RA-001-005,RACCORD HYDRAULIQUE [Type: IMPLANT/UNION] [Filetage/Ø Tube] [Matière]
142823472,STMPR PRES SWITCH 2026252 MOD 24.5.0.1.2.1 MAZZONI SPARE,EE,EE-CP,CP,EE-CP-STM-001,CAPTEUR [Type: PROXIMITE/PHOTO] [Signal: PNP/NPN/TOR] [Raccordement]
142823474,"STAMPER ELBOW M 2011493 MAZZONI ST,AMPER M1/2'' -12",HY,HY-RA,RA,HY-RA-001-006,RACCORD HYDRAULIQUE [Type: IMPLANT/UNION] [Filetage/Ø Tube] [Matière]
142823475,"STMPR COIL T30 2012471 24VDC, BA 5W MAZZONI STAMPER PNEUMATIC SPARE",CS,CS-GC,GC,CS-GC-STM-002,
142823476,STMPR VALVE56C76611JB 2013739 MAZZONI STAMPER SPARE  PNEUMATIC SPARE PART,PN,PN-RA,RA,PN-RA-STM-001,RACCORD PNEUMATIQUE [Type: INSTANT/NIPPLE] Ø[Tube] [Filetage]
142823477,STAMPR DISTRIBUTOR 1021994 MAZZONI STAMPER SPARE PNEUMATIC PART,PN,PN-DI,DI,PN-DI-DST-002,DISTRIBUTEUR HYDRAULIQUE [Type] [Nbr Voies][Tiroir] [Tension Bobine]
142823510,SERVODRIVE LMX62DD27C21000 / MAZZONI STUR 8 SERVODRIVE / STUR 8 SERVODRIVE LMX62DD27C21,IN,IN-VA,VA,IN-VA-SER-003,"VARIATEUR VITESSE [Type: MONO, TRIPHASE] [Puissance/kW]  [Mode: Réseau/Simple][Fabricant]"
142823511,SERVOMOTOR ILM0703P01A0000 / MAZZONI FLOW WRAP ILM0703P01A0 / SERVOMOTOR ILM0703P01A0000,EL,EL-MO,MO,EL-MO-SER-008,MOTEUR ASYNCHRONE [Puissance/kW] [Vitesse/tr/min] [Fixation] [Tension]
142823512,SERVODRIVE LXM62DD45C21000 / MAZZONI FLOW WRAP LXM62DD45C21 / MAZZONI SERVODRIVE LXM62,IN,IN-VA,VA,IN-VA-SER-004,"VARIATEUR VITESSE [Type: MONO, TRIPHASE] [Puissance/kW]  [Mode: Réseau/Simple][Fabricant]"
142823513,SERVODRIVE ILM62CMD20A000 / MAZZONI FLOW WRAP SERVODRIV / SERVODRIVE ILM62CMD20A00,IN,IN-VA,VA,IN-VA-SER-005,"VARIATEUR VITESSE [Type: MONO, TRIPHASE] [Puissance/kW]  [Mode: Réseau/Simple][Fabricant]"
142823515,SERVODRIVE LEXIUM62 PD84A11 / LEXIUM62PD84A1100 / MAZZONI FLOW WRAP SERVODRIVE,IN,IN-VA,VA,IN-VA-SER-006,"VARIATEUR VITESSE [Type: MONO, TRIPHASE] [Puissance/kW]  [Mode: Réseau/Simple][Fabricant]"
142823521,"""PARKER ELECTRO VALVE1/2"""""""" -",PN,PN-EV,EV,PN-EV-001-003,"ELECTROVANNE PNEU [Fonction: 5/2, 3/2] [Filetage] [Tension Commande]"
142823541,SOLENOID VALVE 1078/M12S,PN,PN-EV,EV,PN-EV-SOL-003,"ELECTROVANNE PNEU [Fonction: 5/2, 3/2] [Filetage] [Tension Commande]"
142823542,TRANSFORMER 20VA02303804004,EL,EL-DI,DI,EL-DI-TRA-002,"DISJONCTEUR [Type: [VIDE,BAIN D'HUILE,GAZ,MOTEUR,MANETTE]  [Calibre/A] [Tension/Volt][Nbr Pôles] [Fabricant]"
142823544,SOLENOID COIL HM404-110V(HM2),CS,CS-GC,GC,CS-GC-SOL-001,
142823548,PRESSURE SWITCH P735AAA9301 0.,IN,IN-CP,CP,IN-CP-PRE-006,CAPTEUR PRESSION [Plage/Bars] [Signal: 4-20mA/TOR] [Raccordement]
142823551,SAFETY SWITCH PKZM0-4,EE,EE-CP,CP,EE-CP-SAF-002,CAPTEUR [Type: PROXIMITE/PHOTO] [Signal: PNP/NPN/TOR] [Raccordement]
142823552,SAFETY SWITCH PKZM 0-6.3,EE,EE-CP,CP,EE-CP-SAF-003,CAPTEUR [Type: PROXIMITE/PHOTO] [Signal: PNP/NPN/TOR] [Raccordement]
142823554,SAFETY SWITCH PKZM 0-20,EE,EE-CP,CP,EE-CP-SAF-004,CAPTEUR [Type: PROXIMITE/PHOTO] [Signal: PNP/NPN/TOR] [Raccordement]
142823557,DEHYDRATOR FILTER 4316/4CASTEL,HY,HY-FI,FI,HY-FI-DEH-001,FILTRE HYDRAULIQUE [Type: RETOUR/ASP] [Seuil/µm] [Raccordement/Débit]
142823653,STAMPER AIRDISTRIBUTOR1022204 MAZZONI STAMPER PNEUMATIC FOR MAZZONI STAMPER,PN,PN-DI,DI,PN-DI-DST-003,DISTRIBUTEUR HYDRAULIQUE [Type] [Nbr Voies][Tiroir] [Tension Bobine]
142823660,LEVEL SWITCH LFVHANT3S6G4PFL TYPE: FORK TYPE LEVEL SWITCH LFV HAN T3 S6 G4 PFL F005 C4,EE,EE-CP,CP,EE-CP-LEV-003,CAPTEUR [Type: PROXIMITE/PHOTO] [Signal: PNP/NPN/TOR] [Raccordement]
142823724,ROLLER BOLT ASSEMBLY N2 CF4,ME,ME-VI,VI,ME-VI-RLR-001,VIS [Type: CHC/TH/FHC] M [Diamètre]X[Longueur]en mm [Matiere:Acier/Inox]
142823727,SEAL RING N9 CF4 MFS6,ME,ME-JO,JO,ME-JO-SEA-011,JOINT [Type: SPI/O-RING/LEVRE] [Dimensions: IntXExtXEp] [Matière: NBR/FKM]
142823728,SEAL RING N24 CF4 MFS6 SOAPTEC,ME,ME-JO,JO,ME-JO-SEA-012,JOINT [Type: SPI/O-RING/LEVRE] [Dimensions: IntXExtXEp] [Matière: NBR/FKM]
142823892,VIS VTCE M4X40 - 01610440 UNI5 FOR MAZZONI TE50+RTB UNI5931-CL-A2,ME,ME-VI,VI,ME-VI-M04-001,VIS [Type: CHC/TH/FHC] M [Diamètre]X[Longueur]en mm [Matiere:Acier/Inox]
142823894,GARNITURE CELLASTO MH24 FOR MAZZONI TE50+RTB CODE: 043002030090C,CS,CS-JG,JG,CS-JG-GAR-001,
142823903,UNI5931-67-CL. A2 SCREWM3X14 0,ME,ME-VI,VI,ME-VI-003-001,VIS [Type: CHC/TH/FHC] M [Diamètre]X[Longueur]en mm [Matiere:Acier/Inox]
142823905,UNI5925-67-CL. A2 SCREWM 5X30,ME,ME-VI,VI,ME-VI-005-001,VIS [Type: CHC/TH/FHC] M [Diamètre]X[Longueur]en mm [Matiere:Acier/Inox]
142823907,S.S.PIPE EXTENSOR M/F1/2200X40,HY,HY-FL,FL,HY-FL-001-011,FLEXIBLE HYDRAULIQUE [type: DN[Diamètre Ø int ] L=[Longueur] [Embouts]
142823908,TRANSCEND DATA BOX MEMORY CARD,EE,EE-CA,CA,EE-CA-TRA-002,CARTE ELECTRONIQUE [Fonction/Usage] [Réf Modèle] [Constructeur]
142823914,SET OF O RINGS FOR DIES0830380,ME,ME-JO,JO,ME-JO-SET-001,JOINT [Type: SPI/O-RING/LEVRE] [Dimensions: IntXExtXEp] [Matière: NBR/FKM]
142823917,NYLON GEAR 46-3 (CUTTER MODULE,ME,ME-EN,EN,ME-EN-CUT-001,ENGRENAGE [Type: DROIT/HELIC] [Module]  [Ø exterieur/Matière][Ø Alésage/Matière]
142823918,TWIN BELT ROLLER,ME,ME-CO,CO,ME-CO-RLR-001,COURROIE [Type: Profil(TRAP/DENT/plate)] [dimension: L=[Longueurx epaisseur  en mm]
142823919,TWIN BELT ROLLER BEARING,ME,ME-RO,RO,ME-RO-RLR-001,ROULEMENT [Type: BILLES/ROULEAUX] [Série/Réf] Ø[Intérieur]XØ[Extérieur]X[Épaisseur] [Flasque/Jeu]
142823920,GRIP SCREW M8 X 12,ME,ME-VI,VI,ME-VI-M08-003,VIS [Type: CHC/TH/FHC] M [Diamètre]X[Longueur]en mm [Matiere:Acier/Inox]
142823921,GRIP SCREW M6 X 8,ME,ME-VI,VI,ME-VI-M06-005,VIS [Type: CHC/TH/FHC] M [Diamètre]X[Longueur]en mm [Matiere:Acier/Inox]
142823933,"RACCORD RL 1-6-1/4"" POS.C027 RACCORD RL ID 2012693 STUR-8N",HY,HY-RA,RA,HY-RA-001-007,RACCORD HYDRAULIQUE [Type: IMPLANT/UNION] [Filetage/Ø Tube] [Matière]
142823934,"RACCORD L RL 31-6-1/8"" C0 29 RACCORD L RL1/8"" ID 2012725",HY,HY-RA,RA,HY-RA-001-008,RACCORD HYDRAULIQUE [Type: IMPLANT/UNION] [Filetage/Ø Tube] [Matière]
142823936,KTR ROTEX GS 24 COUPLING WITH CLAMPING RING,SE,SE-EC,EC,SE-EC-KTR-001,ECLAIRAGE [Type: LED/Halogènes] [Puissance/W] [Tension/V]
1428240011,BELT 1080650 BELT 1080650,ME,ME-CO,CO,ME-CO-BEL-006,COURROIE [Type: Profil(TRAP/DENT/plate)] [dimension: L=[Longueurx epaisseur  en mm]
1428240012,TOOTHED BELT ATP10 GEN III CO 43 2007926,ME,ME-CO,CO,ME-CO-ATP-001,COURROIE [Type: Profil(TRAP/DENT/plate)] [dimension: L=[Longueurx epaisseur  en mm]
1428240019,"SCREW M5 X 40 + 9,5",ME,ME-VI,VI,ME-VI-M05-005,VIS [Type: CHC/TH/FHC] M [Diamètre]X[Longueur]en mm [Matiere:Acier/Inox]
1428240020,"WASHER UNI6592 - 8,4 X 17",ME,ME-VI,VI,ME-VI-008-001,VIS [Type: CHC/TH/FHC] M [Diamètre]X[Longueur]en mm [Matiere:Acier/Inox]
1428240021,SCREW TCEI M4X12 UNI 5931,ME,ME-VI,VI,ME-VI-M04-002,VIS [Type: CHC/TH/FHC] M [Diamètre]X[Longueur]en mm [Matiere:Acier/Inox]
1428240022,SCREW TCEI M8X35 UNI 5931,ME,ME-VI,VI,ME-VI-M08-004,VIS [Type: CHC/TH/FHC] M [Diamètre]X[Longueur]en mm [Matiere:Acier/Inox]
1428240023,WASHER UNI6592 - 17X 30,ME,ME-VI,VI,ME-VI-017-001,VIS [Type: CHC/TH/FHC] M [Diamètre]X[Longueur]en mm [Matiere:Acier/Inox]
1428240024,NUT ISO 8673 M12,ME,ME-VI,VI,ME-VI-M12-002,VIS [Type: CHC/TH/FHC] M [Diamètre]X[Longueur]en mm [Matiere:Acier/Inox]
1428240025,WASHER UNI 6592 - 13X24,ME,ME-VI,VI,ME-VI-013-001,VIS [Type: CHC/TH/FHC] M [Diamètre]X[Longueur]en mm [Matiere:Acier/Inox]
1428240027,O-RING OR 4137,ME,ME-JO,JO,ME-JO-RIN-003,JOINT [Type: SPI/O-RING/LEVRE] [Dimensions: IntXExtXEp] [Matière: NBR/FKM]
1428240028,SEEGER 20E SOAPTEC MFS-6,CS,CS-GC,GC,CS-GC-SEE-001,
1428240029,NUT ISO 8673 M20,ME,ME-VI,VI,ME-VI-M20-003,VIS [Type: CHC/TH/FHC] M [Diamètre]X[Longueur]en mm [Matiere:Acier/Inox]
1428240031,LUBRICATIONKIT LINEAR BEARING,ME,ME-RO,RO,ME-RO-LUB-001,ROULEMENT [Type: BILLES/ROULEAUX] [Série/Réf] Ø[Intérieur]XØ[Extérieur]X[Épaisseur] [Flasque/Jeu]
1428240032,LINEAR BEARING 20/2RAIL+4SIDES,ME,ME-RO,RO,ME-RO-200-002,ROULEMENT [Type: BILLES/ROULEAUX] [Série/Réf] Ø[Intérieur]XØ[Extérieur]X[Épaisseur] [Flasque/Jeu]
1428240033,SEEGER 35E FOR SOAPTEC MFS-6,CS,CS-GC,GC,CS-GC-SEE-002,
1428240035,TRANSMISSION JOINT MFS-C-0507A,ME,ME-JO,JO,ME-JO-TRA-001,JOINT [Type: SPI/O-RING/LEVRE] [Dimensions: IntXExtXEp] [Matière: NBR/FKM]
1428240045,O-RING OR 4061,ME,ME-JO,JO,ME-JO-RIN-004,JOINT [Type: SPI/O-RING/LEVRE] [Dimensions: IntXExtXEp] [Matière: NBR/FKM]
1428240048,SAFETY WASHER TYPE MB12,ME,ME-VI,VI,ME-VI-SAF-001,VIS [Type: CHC/TH/FHC] M [Diamètre]X[Longueur]en mm [Matiere:Acier/Inox]
1428240049,O-RING OR 6437,ME,ME-JO,JO,ME-JO-RIN-005,JOINT [Type: SPI/O-RING/LEVRE] [Dimensions: IntXExtXEp] [Matière: NBR/FKM]
1428240051,O-RING OR 181,ME,ME-JO,JO,ME-JO-RIN-006,JOINT [Type: SPI/O-RING/LEVRE] [Dimensions: IntXExtXEp] [Matière: NBR/FKM]
1428240053,O-RING OR6250,ME,ME-JO,JO,ME-JO-RIN-007,JOINT [Type: SPI/O-RING/LEVRE] [Dimensions: IntXExtXEp] [Matière: NBR/FKM]
1428240054,TIMING BELT ISORAN 2000 RPP8,ME,ME-CO,CO,ME-CO-TIM-001,COURROIE [Type: Profil(TRAP/DENT/plate)] [dimension: L=[Longueurx epaisseur  en mm]
1428240055,TIMING BELT 1120 RPP8,ME,ME-CO,CO,ME-CO-TIM-002,COURROIE [Type: Profil(TRAP/DENT/plate)] [dimension: L=[Longueurx epaisseur  en mm]
1428240058,"BEARING ""KOYO"" TYPE UCP-206",ME,ME-RO,RO,ME-RO-206-001,ROULEMENT [Type: BILLES/ROULEAUX] [Série/Réf] Ø[Intérieur]XØ[Extérieur]X[Épaisseur] [Flasque/Jeu]
1428240062,TRANSMISSION JOINT POS C80,ME,ME-JO,JO,ME-JO-TRA-002,JOINT [Type: SPI/O-RING/LEVRE] [Dimensions: IntXExtXEp] [Matière: NBR/FKM]
1428240063,TRANSMISSION JOINT POS C79,ME,ME-JO,JO,ME-JO-TRA-003,JOINT [Type: SPI/O-RING/LEVRE] [Dimensions: IntXExtXEp] [Matière: NBR/FKM]
1428240064,SUPPORT FOR SENSOR MFS-C-0333A,EE,EE-CP,CP,EE-CP-SUP-002,CAPTEUR [Type: PROXIMITE/PHOTO] [Signal: PNP/NPN/TOR] [Raccordement]
1428240065,SPACE FOR BEARING MFS-C-0334A,ME,ME-RO,RO,ME-RO-033-001,ROULEMENT [Type: BILLES/ROULEAUX] [Série/Réf] Ø[Intérieur]XØ[Extérieur]X[Épaisseur] [Flasque/Jeu]
1428240067,SUPPORT FOR SENSOR MFS-C-0492A,EE,EE-CP,CP,EE-CP-SUP-003,CAPTEUR [Type: PROXIMITE/PHOTO] [Signal: PNP/NPN/TOR] [Raccordement]
1428240072,WASHER UNI 6592 - 8.4X17,ME,ME-VI,VI,ME-VI-008-002,VIS [Type: CHC/TH/FHC] M [Diamètre]X[Longueur]en mm [Matiere:Acier/Inox]
1428240073,SCREW VTCEI M8 X 30,ME,ME-VI,VI,ME-VI-M08-005,VIS [Type: CHC/TH/FHC] M [Diamètre]X[Longueur]en mm [Matiere:Acier/Inox]
1428240074,SCREW VTCEI M5X25,ME,ME-VI,VI,ME-VI-M05-006,VIS [Type: CHC/TH/FHC] M [Diamètre]X[Longueur]en mm [Matiere:Acier/Inox]
1428240075,SPRING (SOAPTEC STAMPER),CS,CS-GC,GC,CS-GC-SPR-001,
1428240076,SCREW M5X60 + 9.5,ME,ME-VI,VI,ME-VI-M05-007,VIS [Type: CHC/TH/FHC] M [Diamètre]X[Longueur]en mm [Matiere:Acier/Inox]
1428240077,NUT UNI 5592 M 20X1.5,ME,ME-VI,VI,ME-VI-M20-004,VIS [Type: CHC/TH/FHC] M [Diamètre]X[Longueur]en mm [Matiere:Acier/Inox]
142824008,LXM CARTE OPTION,EE,EE-CA,CA,EE-CA-LXM-001,CARTE ELECTRONIQUE [Fonction/Usage] [Réf Modèle] [Constructeur]
1428240080,LUBRICATION FOR LINEAR BEARING,ME,ME-RO,RO,ME-RO-LUB-002,ROULEMENT [Type: BILLES/ROULEAUX] [Série/Réf] Ø[Intérieur]XØ[Extérieur]X[Épaisseur] [Flasque/Jeu]
1428240081,LINEAR BEARING 25/2RAIL+4SLIDE,ME,ME-RO,RO,ME-RO-250-001,ROULEMENT [Type: BILLES/ROULEAUX] [Série/Réf] Ø[Intérieur]XØ[Extérieur]X[Épaisseur] [Flasque/Jeu]
1428240082,NUT UNI 5592 M16X1.5,ME,ME-VI,VI,ME-VI-M16-003,VIS [Type: CHC/TH/FHC] M [Diamètre]X[Longueur]en mm [Matiere:Acier/Inox]
1428240089,SCREW MFS-C-0323B,ME,ME-VI,VI,ME-VI-SCR-004,VIS [Type: CHC/TH/FHC] M [Diamètre]X[Longueur]en mm [Matiere:Acier/Inox]
142824009,BSH SERVO MOTOR,EL,EL-MO,MO,EL-MO-BSH-001,MOTEUR ASYNCHRONE [Puissance/kW] [Vitesse/tr/min] [Fixation] [Tension]
1428240098,MAIN MOTOREDUCER I=40 P=5.5KW,EL,EL-MO,MO,EL-MO-055-002,MOTEUR ASYNCHRONE [Puissance/kW] [Vitesse/tr/min] [Fixation] [Tension]
1428240099,MOTOREDUCER ROSSI I=25 P0.25KW,EL,EL-MO,MO,EL-MO-002-001,MOTEUR ASYNCHRONE [Puissance/kW] [Vitesse/tr/min] [Fixation] [Tension]
1428240100,MOTOREDUCER ROSSI I=13 P0.25KW,EL,EL-MO,MO,EL-MO-002-002,MOTEUR ASYNCHRONE [Puissance/kW] [Vitesse/tr/min] [Fixation] [Tension]
1428240101,SEEGER 68I SOAPTEC STAMPER,CS,CS-GC,GC,CS-GC-SEE-003,
1428240102,CLOSED RING BELT 70X3350,ME,ME-CO,CO,ME-CO-070-001,COURROIE [Type: Profil(TRAP/DENT/plate)] [dimension: L=[Longueurx epaisseur  en mm]
1428240103,BEARING TYPE RNA 6911,ME,ME-RO,RO,ME-RO-055-001,ROULEMENT [Type: BILLES/ROULEAUX] [Série/Réf] Ø[Intérieur]XØ[Extérieur]X[Épaisseur] [Flasque/Jeu]
1428240104,BEARING TYPE RNA 6913,ME,ME-RO,RO,ME-RO-065-001,ROULEMENT [Type: BILLES/ROULEAUX] [Série/Réf] Ø[Intérieur]XØ[Extérieur]X[Épaisseur] [Flasque/Jeu]
1428240105,SEEGER 63E SOAPTEC STAMPER,CS,CS-GC,GC,CS-GC-SEE-004,
1428240106,LINEAR BEARING 30/2RAIL+4SLIDE,ME,ME-RO,RO,ME-RO-300-003,ROULEMENT [Type: BILLES/ROULEAUX] [Série/Réf] Ø[Intérieur]XØ[Extérieur]X[Épaisseur] [Flasque/Jeu]
1428240108,"GREASE NIPPLES 1/8"" GAS M",PN,PN-RA,RA,PN-RA-001-025,RACCORD PNEUMATIQUE [Type: INSTANT/NIPPLE] Ø[Tube] [Filetage]
1428240109,SEEGER 40E SOAPTEC STAMPER,CS,CS-GC,GC,CS-GC-SEE-005,
1428240110,CLAMP MFS-C-0020A,SE,SE-EC,EC,SE-EC-CLA-001,ECLAIRAGE [Type: LED/Halogènes] [Puissance/W] [Tension/V]
1428240113,BELT 70X1000 SP 2 MM,ME,ME-CO,CO,ME-CO-070-002,COURROIE [Type: Profil(TRAP/DENT/plate)] [dimension: L=[Longueurx epaisseur  en mm]
1428240114,CLOSED RING BELT 730X4650SP2MM,ME,ME-CO,CO,ME-CO-730-001,COURROIE [Type: Profil(TRAP/DENT/plate)] [dimension: L=[Longueurx epaisseur  en mm]
1428240118,CLOSED RING BELT 70X3340,ME,ME-CO,CO,ME-CO-070-003,COURROIE [Type: Profil(TRAP/DENT/plate)] [dimension: L=[Longueurx epaisseur  en mm]
1428240120,SEEGER 15E SOAPTEC STAMPER,CS,CS-GC,GC,CS-GC-SEE-006,
1428240122,BEARING 32007X,ME,ME-RO,RO,ME-RO-320-001,ROULEMENT [Type: BILLES/ROULEAUX] [Série/Réf] Ø[Intérieur]XØ[Extérieur]X[Épaisseur] [Flasque/Jeu]
1428240126,SEEGER 90E SOAPTEC STAMPER,CS,CS-GC,GC,CS-GC-SEE-007,
1428240127,BEARING TYPE SL04-5011,ME,ME-RO,RO,ME-RO-SL0-001,ROULEMENT [Type: BILLES/ROULEAUX] [Série/Réf] Ø[Intérieur]XØ[Extérieur]X[Épaisseur] [Flasque/Jeu]
1428240129,ORING OR 6450,ME,ME-JO,JO,ME-JO-ORI-003,JOINT [Type: SPI/O-RING/LEVRE] [Dimensions: IntXExtXEp] [Matière: NBR/FKM]
1428240130,BEARING TYPE SL 04-5019,ME,ME-RO,RO,ME-RO-045-001,ROULEMENT [Type: BILLES/ROULEAUX] [Série/Réf] Ø[Intérieur]XØ[Extérieur]X[Épaisseur] [Flasque/Jeu]
1428240132,SAFETY WASHER TYPE MB19,ME,ME-VI,VI,ME-VI-SAF-002,VIS [Type: CHC/TH/FHC] M [Diamètre]X[Longueur]en mm [Matiere:Acier/Inox]
1428240142,"IND FRIGO GR1AV 240 EVAP coil / MODEL: E2245, T:-10'C TO 90'C / 15BAR MAX, 65KL CAPACITY",CS,CS-GC,GC,CS-GC-240-001,
1428240157,SPARE CHAIN POS.38,ME,ME-CH,CH,ME-CH-CHA-003,CHAINE ROULEAUX [Pas] [Type: SIMPLEX/DUPLEX] L=[Nbr Maillons/Longueur en mm]
1428240160,BEARING FOR HEAD ROLL POS. 7,ME,ME-RO,RO,ME-RO-BEA-002,ROULEMENT [Type: BILLES/ROULEAUX] [Série/Réf] Ø[Intérieur]XØ[Extérieur]X[Épaisseur] [Flasque/Jeu]
1428240161,CLOSED-LOOP BELT POS. 5,ME,ME-CO,CO,ME-CO-CLO-001,COURROIE [Type: Profil(TRAP/DENT/plate)] [dimension: L=[Longueurx epaisseur  en mm]
1428240163,DRIVING BELT POS.3.,ME,ME-CO,CO,ME-CO-DRI-001,COURROIE [Type: Profil(TRAP/DENT/plate)] [dimension: L=[Longueurx epaisseur  en mm]
1428240165,PTFE GLAND PACKING 13 MM,CS,CS-JG,JG,CS-JG-013-001,
1428240166,PTFE GLAND PACKING 10 MM,CS,CS-JG,JG,CS-JG-010-001,
142824052,PRESSE-ETOUPE - TUYAU(MAZZONI),HY,HY-FL,FL,HY-FL-PRE-001,FLEXIBLE HYDRAULIQUE [type: DN[Diamètre Ø int ] L=[Longueur] [Embouts]
142824069,CYLINDER SCRAPER BLADE89,HY,HY-VE,VE,HY-VE-CYL-024,VERIN HYDRAULIQUE [Type] Ø[Piston]/Ø[Tige]X[Course] [Pression Max]
142824072,SOAP GUARD SUPPORT 93,SE,SE-PM,PM,SE-PM-SOA-001,PROTECTION MACHINE [Type: CARTER/GRILLAGE/Switch] [Dimensions][Capteurs sécurité/Fin de course/dispositif d'arret d'urgence] [Matière][Tension]
142824076,BROSSE MET FIL ACIER 2042076,EL,EL-CA,CA,EL-CA-BRO-001,CABLE [Type] [Nbr Conducteurs]X[Section/mm²] [Matière/Blindage]
142824077,MOTEUR POUR BROSSE 2042076,EL,EL-MO,MO,EL-MO-MOT-003,MOTEUR ASYNCHRONE [Puissance/kW] [Vitesse/tr/min] [Fixation] [Tension]
142824079,COURROIE DENTEE 720x25 2007925,ME,ME-CO,CO,ME-CO-720-001,COURROIE [Type: Profil(TRAP/DENT/plate)] [dimension: L=[Longueurx epaisseur  en mm]
142824080,COURROIE DENTEE2800x25 2007928,ME,ME-CO,CO,ME-CO-COU-001,COURROIE [Type: Profil(TRAP/DENT/plate)] [dimension: L=[Longueurx epaisseur  en mm]
142824082,COURROIE DENTEE 2007913,ME,ME-CO,CO,ME-CO-COU-002,COURROIE [Type: Profil(TRAP/DENT/plate)] [dimension: L=[Longueurx epaisseur  en mm]
142824085,AC DRIVE DELTA ASD-A2-04212023 MODEL: ASD - A2 - 2023 - M,IN,IN-VA,VA,IN-VA-DRI-008,"VARIATEUR VITESSE [Type: MONO, TRIPHASE] [Puissance/kW]  [Mode: Réseau/Simple][Fabricant]"
142824092,GEARED MOTOR TRAMEC FOR SOAP CONVEYOR 2KW 1/10 1390 RPM,ME,ME-EN,EN,ME-EN-020-001,ENGRENAGE [Type: DROIT/HELIC] [Module]  [Ø exterieur/Matière][Ø Alésage/Matière]
142824094,STBDDO 3705 KS MODULE SCHNEIDER NET WORK MODULE NET WORK MODULE,EE,EE-CA,CA,EE-CA-STB-001,CARTE ELECTRONIQUE [Fonction/Usage] [Réf Modèle] [Constructeur]
142824237,V-BELT XPB 2020 LW NEW MAZZONI VACUUM PLODDER DXV B-200,ME,ME-CO,CO,ME-CO-XPB-001,COURROIE [Type: Profil(TRAP/DENT/plate)] [dimension: L=[Longueurx epaisseur  en mm]
142824238,AXE ID. OBJET 1003867 POUR BROYEUSE A SAVON MAZZONI RM 300,CS,CS-GC,GC,CS-GC-AXE-001,
142824239,VIS SANS FIN ID OBJET 1024589 POUR BROYEUSE A SAVON MAZZONI RM 300,ME,ME-VI,VI,ME-VI-VIS-001,VIS [Type: CHC/TH/FHC] M [Diamètre]X[Longueur]en mm [Matiere:Acier/Inox]
142824240,VIS SANS FIN ID OBJET 1024640 POUR BROYEUSE A SAVON MAZZONI RM 300,ME,ME-VI,VI,ME-VI-VIS-002,VIS [Type: CHC/TH/FHC] M [Diamètre]X[Longueur]en mm [Matiere:Acier/Inox]
142824247,ROULEMENT TIMKEN 32215 BEARING TIMKEN 32215,ME,ME-RO,RO,ME-RO-322-001,ROULEMENT [Type: BILLES/ROULEAUX] [Série/Réf] Ø[Intérieur]XØ[Extérieur]X[Épaisseur] [Flasque/Jeu]
142825004,"""TRANSISTER CARD 41/P, 40/P PR",EE,EE-CA,CA,EE-CA-TRA-003,CARTE ELECTRONIQUE [Fonction/Usage] [Réf Modèle] [Constructeur]
142825007,CONTROL TRANSFORMERE-007641,EL,EL-DI,DI,EL-DI-CON-001,"DISJONCTEUR [Type: [VIDE,BAIN D'HUILE,GAZ,MOTEUR,MANETTE]  [Calibre/A] [Tension/Volt][Nbr Pôles] [Fabricant]"
142825010,PID TEMP. REGULATORDEVANSHI VT,PN,PN-RE,RE,PN-RE-PID-001,REGULATEUR PRESSION [Filetage] [Plage/Bars] [Options: MANOMETRE/FILTRE]
142825011,TEMP. SENSOR FOR JAWF-025161,EE,EE-CP,CP,EE-CP-TEM-001,CAPTEUR [Type: PROXIMITE/PHOTO] [Signal: PNP/NPN/TOR] [Raccordement]
142828003,IN FEED DRIVE ADJUSTINGSPROCKE,IN,IN-VA,VA,IN-VA-FEE-001,"VARIATEUR VITESSE [Type: MONO, TRIPHASE] [Puissance/kW]  [Mode: Réseau/Simple][Fabricant]"
142828006,GEAR BOX BONFIGLIOLI -M667402,ME,ME-EN,EN,ME-EN-GEA-007,ENGRENAGE [Type: DROIT/HELIC] [Module]  [Ø exterieur/Matière][Ø Alésage/Matière]
142828024,INA NEEDLE BEARING NKI20/30 H0,ME,ME-RO,RO,ME-RO-NKI-001,ROULEMENT [Type: BILLES/ROULEAUX] [Série/Réf] Ø[Intérieur]XØ[Extérieur]X[Épaisseur] [Flasque/Jeu]
142828025,INA NEEDLE BEARING NKI40/20 H0,ME,ME-RO,RO,ME-RO-NKI-002,ROULEMENT [Type: BILLES/ROULEAUX] [Série/Réf] Ø[Intérieur]XØ[Extérieur]X[Épaisseur] [Flasque/Jeu]
142828035,BALL BEARING H52944,ME,ME-RO,RO,ME-RO-H52-001,ROULEMENT [Type: BILLES/ROULEAUX] [Série/Réf] Ø[Intérieur]XØ[Extérieur]X[Épaisseur] [Flasque/Jeu]
142828043,THIRD ROLLER INTER GEARM660658,ME,ME-EN,EN,ME-EN-RLR-001,ENGRENAGE [Type: DROIT/HELIC] [Module]  [Ø exterieur/Matière][Ø Alésage/Matière]
142828045,BALL BEARING H054099FOR WRAPPI,ME,ME-RO,RO,ME-RO-H05-001,ROULEMENT [Type: BILLES/ROULEAUX] [Série/Réf] Ø[Intérieur]XØ[Extérieur]X[Épaisseur] [Flasque/Jeu]
142828058,DRIVE GEAR D982567,ME,ME-EN,EN,ME-EN-DRI-001,ENGRENAGE [Type: DROIT/HELIC] [Module]  [Ø exterieur/Matière][Ø Alésage/Matière]
142828060,FLEXIBLE DE REFROIDISSE-MENT 8,HY,HY-FL,FL,HY-FL-FLE-002,FLEXIBLE HYDRAULIQUE [type: DN[Diamètre Ø int ] L=[Longueur] [Embouts]
142828064,ENCODER - DKS 40-A5 JO 2048,EE,EE-CP,CP,EE-CP-ENC-008,CAPTEUR [Type: PROXIMITE/PHOTO] [Signal: PNP/NPN/TOR] [Raccordement]
142828078,TAPERED ROLLER BEARING 33211,ME,ME-RO,RO,ME-RO-332-003,ROULEMENT [Type: BILLES/ROULEAUX] [Série/Réf] Ø[Intérieur]XØ[Extérieur]X[Épaisseur] [Flasque/Jeu]
142828081,TAPERED ROLLER BEARING 32320,ME,ME-RO,RO,ME-RO-323-001,ROULEMENT [Type: BILLES/ROULEAUX] [Série/Réf] Ø[Intérieur]XØ[Extérieur]X[Épaisseur] [Flasque/Jeu]
142828082,TAPERED ROLLER BEARING 32314,ME,ME-RO,RO,ME-RO-323-002,ROULEMENT [Type: BILLES/ROULEAUX] [Série/Réf] Ø[Intérieur]XØ[Extérieur]X[Épaisseur] [Flasque/Jeu]
142828083,ALLEN-BRADLEY POWERFLEX 753 20-750-ENETR ETHERNET/IP MODULE,EE,EE-CA,CA,EE-CA-ALL-001,CARTE ELECTRONIQUE [Fonction/Usage] [Réf Modèle] [Constructeur]
142828087,SOAPTEC VFD ACS355-03E-23A-4 ABB VFD 11KW ABB ACS355-03E-23A-4,IN,IN-VA,VA,IN-VA-SOA-001,"VARIATEUR VITESSE [Type: MONO, TRIPHASE] [Puissance/kW]  [Mode: Réseau/Simple][Fabricant]"
142828093,C051 MOTOR 71B4 KW0.37 EUROTEN CODE 15310738050 MAZZON STUR7,EL,EL-MO,MO,EL-MO-C05-001,MOTEUR ASYNCHRONE [Puissance/kW] [Vitesse/tr/min] [Fixation] [Tension]
142828095,GUIDE ULC43-400+SCREWS C004 CODE 07239743400U MAZZONI,ME,ME-VI,VI,ME-VI-GUI-001,VIS [Type: CHC/TH/FHC] M [Diamètre]X[Longueur]en mm [Matiere:Acier/Inox]
142828096,GUIDE KLC43-400 +SCREWS C003 CODE 072339743400K STUR-7,ME,ME-VI,VI,ME-VI-GUI-002,VIS [Type: CHC/TH/FHC] M [Diamètre]X[Longueur]en mm [Matiere:Acier/Inox]
142828117,UNI5737-A2SCREW M12X40 2000741,ME,ME-VI,VI,ME-VI-M12-003,VIS [Type: CHC/TH/FHC] M [Diamètre]X[Longueur]en mm [Matiere:Acier/Inox]
142828125,OIL SEAL 125 X 155 X 13,ME,ME-JO,JO,ME-JO-125-003,JOINT [Type: SPI/O-RING/LEVRE] [Dimensions: IntXExtXEp] [Matière: NBR/FKM]
142828126,OIL SEAL 320 X 360 X 20,ME,ME-JO,JO,ME-JO-320-001,JOINT [Type: SPI/O-RING/LEVRE] [Dimensions: IntXExtXEp] [Matière: NBR/FKM]
142828144,OIL SEAL 180 X 130 X 13/14,ME,ME-JO,JO,ME-JO-180-002,JOINT [Type: SPI/O-RING/LEVRE] [Dimensions: IntXExtXEp] [Matière: NBR/FKM]
142828146,OIL SEAL 65 X 85 X 10,ME,ME-JO,JO,ME-JO-065-001,JOINT [Type: SPI/O-RING/LEVRE] [Dimensions: IntXExtXEp] [Matière: NBR/FKM]
142828149,OIL SEAL 222 X 202 X 10,ME,ME-JO,JO,ME-JO-222-001,JOINT [Type: SPI/O-RING/LEVRE] [Dimensions: IntXExtXEp] [Matière: NBR/FKM]
142828155,VIS SANS FIN MELANGEUR 1 TON,ME,ME-VI,VI,ME-VI-VIS-003,VIS [Type: CHC/TH/FHC] M [Diamètre]X[Longueur]en mm [Matiere:Acier/Inox]
142828157,ROULEMENT NA 4824,ME,ME-RO,RO,ME-RO-482-001,ROULEMENT [Type: BILLES/ROULEAUX] [Série/Réf] Ø[Intérieur]XØ[Extérieur]X[Épaisseur] [Flasque/Jeu]
142828158,ROULEMENT HK 3020 SANS CONE,ME,ME-RO,RO,ME-RO-302-001,ROULEMENT [Type: BILLES/ROULEAUX] [Série/Réf] Ø[Intérieur]XØ[Extérieur]X[Épaisseur] [Flasque/Jeu]
142828160,ROULEMENT 2520 SANS CONE,ME,ME-RO,RO,ME-RO-252-001,ROULEMENT [Type: BILLES/ROULEAUX] [Série/Réf] Ø[Intérieur]XØ[Extérieur]X[Épaisseur] [Flasque/Jeu]
142828165,ROULEMENT 52218,ME,ME-RO,RO,ME-RO-522-001,ROULEMENT [Type: BILLES/ROULEAUX] [Série/Réf] Ø[Intérieur]XØ[Extérieur]X[Épaisseur] [Flasque/Jeu]
142828206,JEUX DE TAMIS AMAFILTER,HY,HY-FI,FI,HY-FI-JEU-001,FILTRE HYDRAULIQUE [Type: RETOUR/ASP] [Seuil/µm] [Raccordement/Débit]
142828214,"Chaine simplex de 1""",ME,ME-CH,CH,ME-CH-CHA-004,CHAINE ROULEAUX [Pas] [Type: SIMPLEX/DUPLEX] L=[Nbr Maillons/Longueur en mm]
142830002,SERDRIVE 2094-AC05-M01-S ALLEN,IN,IN-VA,VA,IN-VA-SER-007,"VARIATEUR VITESSE [Type: MONO, TRIPHASE] [Puissance/kW]  [Mode: Réseau/Simple][Fabricant]"
142830003,SERVO DRIVE 2094-AM01-S KHOSLA,IN,IN-VA,VA,IN-VA-SER-008,"VARIATEUR VITESSE [Type: MONO, TRIPHASE] [Puissance/kW]  [Mode: Réseau/Simple][Fabricant]"
142830004,POWER SPPLY DRIVE KHOSLA ALLEN,IN,IN-VA,VA,IN-VA-POW-001,"VARIATEUR VITESSE [Type: MONO, TRIPHASE] [Puissance/kW]  [Mode: Réseau/Simple][Fabricant]"
142830009,MODULE PN-14848 ALLEN BRADLEY FOR KHOSLA LOGIC PAC22S,EE,EE-CA,CA,EE-CA-MOD-008,CARTE ELECTRONIQUE [Fonction/Usage] [Réf Modèle] [Constructeur]
142830012,FEEDBACK CABLE (BULLETIN 2090),EL,EL-CA,CA,EL-CA-FEE-001,CABLE [Type] [Nbr Conducteurs]X[Section/mm²] [Matière/Blindage]
142830014,SSR,EL,EL-CO,CO,EL-CO-SSR-003,CONTACTEUR [Intensité/A] BOBINE [Tension/V] [Nbr Contacts NO/NF]
142830015,DISCHARGE BELT 1650 X 120 REF.: 60005-023,ME,ME-RO,RO,ME-RO-DIS-003,ROULEMENT [Type: BILLES/ROULEAUX] [Série/Réf] Ø[Intérieur]XØ[Extérieur]X[Épaisseur] [Flasque/Jeu]
142830016,BELT 3319 X 55 (REF:60005-016),ME,ME-RO,RO,ME-RO-BEL-001,ROULEMENT [Type: BILLES/ROULEAUX] [Série/Réf] Ø[Intérieur]XØ[Extérieur]X[Épaisseur] [Flasque/Jeu]
142830017,BELT 925 X 55 (REF:60005-033),ME,ME-RO,RO,ME-RO-925-001,ROULEMENT [Type: BILLES/ROULEAUX] [Série/Réf] Ø[Intérieur]XØ[Extérieur]X[Épaisseur] [Flasque/Jeu]
142830019,BELT 2950 X 20 (REF:60005-032) REF:60005-032,ME,ME-RO,RO,ME-RO-BEL-002,ROULEMENT [Type: BILLES/ROULEAUX] [Série/Réf] Ø[Intérieur]XØ[Extérieur]X[Épaisseur] [Flasque/Jeu]
142830021,NYLON PUSHER,EL,EL-CO,CO,EL-CO-NYL-001,CONTACTEUR [Intensité/A] BOBINE [Tension/V] [Nbr Contacts NO/NF]
142830022,TIMING BELT 560 X 25 REF:60005-034,ME,ME-RO,RO,ME-RO-560-001,ROULEMENT [Type: BILLES/ROULEAUX] [Série/Réf] Ø[Intérieur]XØ[Extérieur]X[Épaisseur] [Flasque/Jeu]
142830023,TIMING BELT 600 X 25 REF:60005-024,ME,ME-RO,RO,ME-RO-600-001,ROULEMENT [Type: BILLES/ROULEAUX] [Série/Réf] Ø[Intérieur]XØ[Extérieur]X[Épaisseur] [Flasque/Jeu]
142830028,SENSOR SENSOPACK,EE,EE-CP,CP,EE-CP-SEN-005,CAPTEUR [Type: PROXIMITE/PHOTO] [Signal: PNP/NPN/TOR] [Raccordement]
142830029,PUSHER PIN,EL,EL-CO,CO,EL-CO-PUS-001,CONTACTEUR [Intensité/A] BOBINE [Tension/V] [Nbr Contacts NO/NF]
142830034,DOUBLE TUBULAR HEATER 6X130MM REF:60007-520,ME,ME-RO,RO,ME-RO-006-001,ROULEMENT [Type: BILLES/ROULEAUX] [Série/Réf] Ø[Intérieur]XØ[Extérieur]X[Épaisseur] [Flasque/Jeu]
142830035,CIRCULAR HEATER 78 MM REF:60007-501,ME,ME-RO,RO,ME-RO-078-001,ROULEMENT [Type: BILLES/ROULEAUX] [Série/Réf] Ø[Intérieur]XØ[Extérieur]X[Épaisseur] [Flasque/Jeu]
142830036,KNIFE 130 X 20 X 5 MM PV115 REF:60006-123,ME,ME-RO,RO,ME-RO-130-001,ROULEMENT [Type: BILLES/ROULEAUX] [Série/Réf] Ø[Intérieur]XØ[Extérieur]X[Épaisseur] [Flasque/Jeu]
142830037,KNIFE 130 X 20 X 5 MM FLAT115 REF:60006-126,ME,ME-RO,RO,ME-RO-130-002,ROULEMENT [Type: BILLES/ROULEAUX] [Série/Réf] Ø[Intérieur]XØ[Extérieur]X[Épaisseur] [Flasque/Jeu]
142830042,BELT 2950 x 40,ME,ME-CO,CO,ME-CO-BEL-007,COURROIE [Type: Profil(TRAP/DENT/plate)] [dimension: L=[Longueurx epaisseur  en mm]
142830043,BELT 915 x 80,ME,ME-CO,CO,ME-CO-915-001,COURROIE [Type: Profil(TRAP/DENT/plate)] [dimension: L=[Longueurx epaisseur  en mm]
142830045,AC DRIVE_VARI TENS.ATV71HD30N4,IN,IN-VA,VA,IN-VA-DRI-009,"VARIATEUR VITESSE [Type: MONO, TRIPHASE] [Puissance/kW]  [Mode: Réseau/Simple][Fabricant]"
142830047,BELT 2350 X 80mm KHOSLA SECHOI .3,ME,ME-CO,CO,ME-CO-080-002,COURROIE [Type: Profil(TRAP/DENT/plate)] [dimension: L=[Longueurx epaisseur  en mm]
142830048,BELT 3250 X 80mm KHOSLA SECHOI .3,ME,ME-CO,CO,ME-CO-080-003,COURROIE [Type: Profil(TRAP/DENT/plate)] [dimension: L=[Longueurx epaisseur  en mm]
142830049,NYLON PUSHER 70mm W/O CUT KHOS,EL,EL-CO,CO,EL-CO-070-001,CONTACTEUR [Intensité/A] BOBINE [Tension/V] [Nbr Contacts NO/NF]
142830050,PLC COMPACTLOGIX L27ERM COMPACTLOGIX L27ERM QFC1B AALLEN-BRADLEY,EE,EE-AU,AU,EE-AU-COM-001,AUTOMATE PLC [Série/Modèle] [Configuration E/S] [Alimentation]
142830051,AC DRIVE RFI FILTER ROCKWELL ROCKWELL AUTOMATION BULLETIN 2090,HY,HY-FI,FI,HY-FI-DRI-001,FILTRE HYDRAULIQUE [Type: RETOUR/ASP] [Seuil/µm] [Raccordement/Débit]
142830054,CONTACTOR SCHNEIDER ELECTRIC LC1D25; 24 VDC 7.5 HP; 11AMP.,EL,EL-CO,CO,EL-CO-CON-002,CONTACTEUR [Intensité/A] BOBINE [Tension/V] [Nbr Contacts NO/NF]
142830055,KENETIX 6500 MODULE NETWORK SAFE OFF CONTROL MODULE BULLETIN 2094 CIP,EE,EE-CA,CA,EE-CA-KEN-001,CARTE ELECTRONIQUE [Fonction/Usage] [Réf Modèle] [Constructeur]
142830056,WMO3PCT 2S 614 SENSOR WENGLOR COLOR MARK WENGLOR COLOR MARK,EE,EE-CP,CP,EE-CP-WMO-001,CAPTEUR [Type: PROXIMITE/PHOTO] [Signal: PNP/NPN/TOR] [Raccordement]
142830058,PUSH - IN CONNECTOR QS-12,PN,PN-RA,RA,PN-RA-PUS-001,RACCORD PNEUMATIQUE [Type: INSTANT/NIPPLE] Ø[Tube] [Filetage]
142830059,MECH.SEAL NM 50/16B/B CALPEDA PUMP,ME,ME-JO,JO,ME-JO-050-004,JOINT [Type: SPI/O-RING/LEVRE] [Dimensions: IntXExtXEp] [Matière: NBR/FKM]
142900005,USB CABLE ZELIO SOFT,EL,EL-CA,CA,EL-CA-USB-001,CABLE [Type] [Nbr Conducteurs]X[Section/mm²] [Matière/Blindage]
142900006,RELAIS UNIVERSAL 3 CO LED 24 V DV FOR TEVOPHARM,EL,EL-RE,RE,EL-RE-REL-014,RELAIS [Type: EMBROCHABLE/STAT] BOBINE [Tension/V] [Nbr Contacts]
142900009,MAGENTIC LIMITSWITCH FOR TEVOP TEVOPHARM MACHINE,EE,EE-CP,CP,EE-CP-MAG-001,CAPTEUR [Type: PROXIMITE/PHOTO] [Signal: PNP/NPN/TOR] [Raccordement]
143709016,DIN RAIL FOR MCCB W:35MM ZINC COATED RAIL,EL,EL-DI,DI,EL-DI-035-001,"DISJONCTEUR [Type: [VIDE,BAIN D'HUILE,GAZ,MOTEUR,MANETTE]  [Calibre/A] [Tension/Volt][Nbr Pôles] [Fabricant]"
143709020,BEARING C65,ME,ME-RO,RO,ME-RO-C65-001,ROULEMENT [Type: BILLES/ROULEAUX] [Série/Réf] Ø[Intérieur]XØ[Extérieur]X[Épaisseur] [Flasque/Jeu]
143709022,GEAR BOX IN MFS-D-0047A - C74  FOR SOAPTEC MACHINE DRAWING: MFS-A-0049,ME,ME-EN,EN,ME-EN-GEA-008,ENGRENAGE [Type: DROIT/HELIC] [Module]  [Ø exterieur/Matière][Ø Alésage/Matière]
143709023,LOCK NUT WASHER C22 FOR SOAPTEC MACHINE DRAWING: MFS-A-0049,ME,ME-VI,VI,ME-VI-LOC-001,VIS [Type: CHC/TH/FHC] M [Diamètre]X[Longueur]en mm [Matiere:Acier/Inox]
143709025,RAIL & LINEAR BEARING C265-C67 FOR SOAPTEC MACHINE DRAWING: MFS-A-0052,ME,ME-RO,RO,ME-RO-C26-001,ROULEMENT [Type: BILLES/ROULEAUX] [Série/Réf] Ø[Intérieur]XØ[Extérieur]X[Épaisseur] [Flasque/Jeu]
143709026,BEARING 79 MFS-A-0052 SOAPTEC FOR SOAPTEC MACHINE DRAWING: MFS-A-0052,ME,ME-RO,RO,ME-RO-790-001,ROULEMENT [Type: BILLES/ROULEAUX] [Série/Réf] Ø[Intérieur]XØ[Extérieur]X[Épaisseur] [Flasque/Jeu]
143709028,NEEDLE BEARING C64 MFS-A-0052 FOR SOAPTEC MACHINE DRAWING: MFS-A-0052,ME,ME-RO,RO,ME-RO-C64-001,ROULEMENT [Type: BILLES/ROULEAUX] [Série/Réf] Ø[Intérieur]XØ[Extérieur]X[Épaisseur] [Flasque/Jeu]
143709029,FLEXIBLE C122 MFS-A-0073 SOAPT FOR SOAPTEC MACHINE DRAWING: MFS-A-0073,HY,HY-FL,FL,HY-FL-FLE-003,FLEXIBLE HYDRAULIQUE [type: DN[Diamètre Ø int ] L=[Longueur] [Embouts]
143709030,FLEXIBLE C132 MFS-A-0073 SOAPT FOR SOAPTEC MACHINE DRAWING: MFS-A-0073,HY,HY-FL,FL,HY-FL-FLE-004,FLEXIBLE HYDRAULIQUE [type: DN[Diamètre Ø int ] L=[Longueur] [Embouts]
143709033,BELT C90 MFS-A0053 SOAPTEC FOR SOAPTEC MACHINE DRAWING: MFS-A-0053,ME,ME-CO,CO,ME-CO-C90-001,COURROIE [Type: Profil(TRAP/DENT/plate)] [dimension: L=[Longueurx epaisseur  en mm]
143709034,BELT TENSIONER C93-C97 SOAPTEC FOR SOAPTEC MACHINE DRAWING: MFS-A-0053,ME,ME-CO,CO,ME-CO-C93-001,COURROIE [Type: Profil(TRAP/DENT/plate)] [dimension: L=[Longueurx epaisseur  en mm]
143709039,GEAR BOX C74 MSF-A-0053 SOAPTE FOR SOAPTEC MACHINE DRAWING: MFS-A-0053,ME,ME-EN,EN,ME-EN-GEA-009,ENGRENAGE [Type: DROIT/HELIC] [Module]  [Ø exterieur/Matière][Ø Alésage/Matière]
143709043,SUCTION CUP B22  11 MFS-A-0059 FOR SOAPTEC MACHINE DRAWING: MFS-A-0059,CS,CS-GC,GC,CS-GC-SUC-001,
143709044,SPRINGS 12 MFS-A-0059 SOAPTEC FOR SOAPTEC MACHINE DRAWING: MFS-A-0059,CS,CS-GC,GC,CS-GC-SPR-002,
143709049,VANES FOR VACUUM PUMP MFS-A-96 FOR SOAPTEC MACHINE DRAWING: MFS-A-0096,HY,HY-PO,PO,HY-PO-096-001,POMPE HYDRAULIQUE [Type:volumetrique/Turbo pompe] [Cylindrée] [Pression Max][type de liquide]
143709052,BLOCK AIR/VACUUM MODULE C25 FOR SOAPTEC MACHINE DRAWING: MFS-A-0096,EE,EE-CA,CA,EE-CA-BLK-001,CARTE ELECTRONIQUE [Fonction/Usage] [Réf Modèle] [Constructeur]
143709056,AIR PIPE DIAM. 8 MM C43 FOR SOAPTEC MACHINE DRAWING: MFS-A-0096,PN,PN-TU,TU,PN-TU-AIR-001,TUBE PNEUMATIQUE [Matière: PU/PA] Ø[Extérieur]XØ[Intérieur] [Couleur]
143709058,GEAR BOX C1 MFS-A-0094 FOR SOAPTEC MACHINE DRAWING: MFS-A-0094,ME,ME-EN,EN,ME-EN-GEA-010,ENGRENAGE [Type: DROIT/HELIC] [Module]  [Ø exterieur/Matière][Ø Alésage/Matière]
143709059,IN LET CONVEYOR BELT C2 MFS-A- FOR SOAPTEC MACHINE DRAWING: MFS-A-0094,ME,ME-CO,CO,ME-CO-C20-001,COURROIE [Type: Profil(TRAP/DENT/plate)] [dimension: L=[Longueurx epaisseur  en mm]
143709060,SCRAP RE-CYCLE CONVEYR BELT C7 FOR SOAPTEC MACHINE DRAWING: MFS-A-0095,ME,ME-CO,CO,ME-CO-C70-001,COURROIE [Type: Profil(TRAP/DENT/plate)] [dimension: L=[Longueurx epaisseur  en mm]
143709061,CPU BECHHOFF EK11001 ETHER-CAT FOR SOAPTEC MACHINE FOR POWER SUPPLY MOD,EE,EE-AU,AU,EE-AU-CPU-002,AUTOMATE PLC [Série/Modèle] [Configuration E/S] [Alimentation]
143709062,CARBON VANE TMB 90 LB4 TROP VACUUM PUMP ICME,HY,HY-PO,PO,HY-PO-090-001,POMPE HYDRAULIQUE [Type:volumetrique/Turbo pompe] [Cylindrée] [Pression Max][type de liquide]
143709064,COURROIE C104 FOR REACTOR PAN ROOM  BELT,ME,ME-CO,CO,ME-CO-C10-001,COURROIE [Type: Profil(TRAP/DENT/plate)] [dimension: L=[Longueurx epaisseur  en mm]
143709106,SEAL SFG-05222-010(BHULER),ME,ME-JO,JO,ME-JO-SEA-013,JOINT [Type: SPI/O-RING/LEVRE] [Dimensions: IntXExtXEp] [Matière: NBR/FKM]
143709123,SEAL SDT-05553-010(BHULER),ME,ME-JO,JO,ME-JO-SEA-014,JOINT [Type: SPI/O-RING/LEVRE] [Dimensions: IntXExtXEp] [Matière: NBR/FKM]
143709131,O-RING 2.62*12.37NBRUNN-44020-,ME,ME-JO,JO,ME-JO-002-001,JOINT [Type: SPI/O-RING/LEVRE] [Dimensions: IntXExtXEp] [Matière: NBR/FKM]
143709135,POSITIONING SWITCH UNE-26101-3,EE,EE-CP,CP,EE-CP-POS-001,CAPTEUR [Type: PROXIMITE/PHOTO] [Signal: PNP/NPN/TOR] [Raccordement]
143748078,DIE FOR MONGANGA SAVONMEDICAL,CS,CS-GC,GC,CS-GC-DIE-001,
143748101,GASKET OR,ME,ME-JO,JO,ME-JO-GAS-008,JOINT [Type: SPI/O-RING/LEVRE] [Dimensions: IntXExtXEp] [Matière: NBR/FKM]
143748104,LINEAR BEARING - MACME,ME,ME-RO,RO,ME-RO-LIN-001,ROULEMENT [Type: BILLES/ROULEAUX] [Série/Réf] Ø[Intérieur]XØ[Extérieur]X[Épaisseur] [Flasque/Jeu]
143748134,TWIN CAT PLC RUNTIMEFOR MS-WIN,EE,EE-AU,AU,EE-AU-RUN-001,AUTOMATE PLC [Série/Modèle] [Configuration E/S] [Alimentation]
143748145,CHARGING BELT PHOTOCELL,ME,ME-CO,CO,ME-CO-CHA-001,COURROIE [Type: Profil(TRAP/DENT/plate)] [dimension: L=[Longueurx epaisseur  en mm]
143748147,GASKET OR - MANDREL C19,ME,ME-JO,JO,ME-JO-GAS-009,JOINT [Type: SPI/O-RING/LEVRE] [Dimensions: IntXExtXEp] [Matière: NBR/FKM]
143748149,OR GASKET - STAMPING ASY,ME,ME-JO,JO,ME-JO-GAS-010,JOINT [Type: SPI/O-RING/LEVRE] [Dimensions: IntXExtXEp] [Matière: NBR/FKM]
143748150,ROULEMENT - STAMPING ASYC59,ME,ME-RO,RO,ME-RO-ASY-001,ROULEMENT [Type: BILLES/ROULEAUX] [Série/Réf] Ø[Intérieur]XØ[Extérieur]X[Épaisseur] [Flasque/Jeu]
143748153,ROULEMENT - SOAP LOADINGC03,ME,ME-RO,RO,ME-RO-ROU-001,ROULEMENT [Type: BILLES/ROULEAUX] [Série/Réf] Ø[Intérieur]XØ[Extérieur]X[Épaisseur] [Flasque/Jeu]
143748154,ROULEMENT - SOAP LOADINGC05,ME,ME-RO,RO,ME-RO-ROU-002,ROULEMENT [Type: BILLES/ROULEAUX] [Série/Réf] Ø[Intérieur]XØ[Extérieur]X[Épaisseur] [Flasque/Jeu]
143748161,OR GASKET - SOAP LOADING,ME,ME-JO,JO,ME-JO-GAS-011,JOINT [Type: SPI/O-RING/LEVRE] [Dimensions: IntXExtXEp] [Matière: NBR/FKM]
143748162,LINEAR BEARING SOAP LOADING,ME,ME-RO,RO,ME-RO-LIN-002,ROULEMENT [Type: BILLES/ROULEAUX] [Série/Réf] Ø[Intérieur]XØ[Extérieur]X[Épaisseur] [Flasque/Jeu]
143748166,BELT - POWER TRANSMISSIOC89,ME,ME-CO,CO,ME-CO-BEL-008,COURROIE [Type: Profil(TRAP/DENT/plate)] [dimension: L=[Longueurx epaisseur  en mm]
143748167,BELT- POWER TRANSMISSIONC90,ME,ME-CO,CO,ME-CO-BEL-009,COURROIE [Type: Profil(TRAP/DENT/plate)] [dimension: L=[Longueurx epaisseur  en mm]
143748177,COURROIES - RECYCLINGC8,ME,ME-CO,CO,ME-CO-COU-003,COURROIE [Type: Profil(TRAP/DENT/plate)] [dimension: L=[Longueurx epaisseur  en mm]
143748179,DISTRIBUTOR (POS C10)VACUUM /,PN,PN-DI,DI,PN-DI-DST-004,DISTRIBUTEUR HYDRAULIQUE [Type] [Nbr Voies][Tiroir] [Tension Bobine]
143748185,PRESSOSTAT (POS C21)VACUUM / A,IN,IN-CP,CP,IN-CP-PRE-007,CAPTEUR PRESSION [Plage/Bars] [Signal: 4-20mA/TOR] [Raccordement]
143748188,NUT C15,ME,ME-VI,VI,ME-VI-NUT-002,VIS [Type: CHC/TH/FHC] M [Diamètre]X[Longueur]en mm [Matiere:Acier/Inox]
143748191,VIS C195,ME,ME-VI,VI,ME-VI-VIS-004,VIS [Type: CHC/TH/FHC] M [Diamètre]X[Longueur]en mm [Matiere:Acier/Inox]
143748193,VT CEI SCREW MODIFIEDC53,ME,ME-VI,VI,ME-VI-CEI-001,VIS [Type: CHC/TH/FHC] M [Diamètre]X[Longueur]en mm [Matiere:Acier/Inox]
143748215,COURROIE C8,ME,ME-CO,CO,ME-CO-C80-001,COURROIE [Type: Profil(TRAP/DENT/plate)] [dimension: L=[Longueurx epaisseur  en mm]
143748217,COURROIE,ME,ME-CO,CO,ME-CO-COU-004,COURROIE [Type: Profil(TRAP/DENT/plate)] [dimension: L=[Longueurx epaisseur  en mm]
143750029,BRACKET V-BELT A20-670003-0,ME,ME-CO,CO,ME-CO-A20-001,COURROIE [Type: Profil(TRAP/DENT/plate)] [dimension: L=[Longueurx epaisseur  en mm]
143750056,VARIATEUR VITESSE ATV31H075N4 ATV31H075N4,IN,IN-VA,VA,IN-VA-VAR-004,"VARIATEUR VITESSE [Type: MONO, TRIPHASE] [Puissance/kW]  [Mode: Réseau/Simple][Fabricant]"
143750058,VARIATEUR DE VITESSE0.75KW 380,IN,IN-VA,VA,IN-VA-VAR-005,"VARIATEUR VITESSE [Type: MONO, TRIPHASE] [Puissance/kW]  [Mode: Réseau/Simple][Fabricant]"
143750060,VARIATEUR DE VITESSEATV 71 30K,IN,IN-VA,VA,IN-VA-VAR-006,"VARIATEUR VITESSE [Type: MONO, TRIPHASE] [Puissance/kW]  [Mode: Réseau/Simple][Fabricant]"
143750080,"""VARIATEUR DE VITESSEADV31, 1.",IN,IN-VA,VA,IN-VA-VAR-007,"VARIATEUR VITESSE [Type: MONO, TRIPHASE] [Puissance/kW]  [Mode: Réseau/Simple][Fabricant]"
143750088,VARIATEUR DE VITESSEABB MAKE A,IN,IN-VA,VA,IN-VA-VAR-008,"VARIATEUR VITESSE [Type: MONO, TRIPHASE] [Puissance/kW]  [Mode: Réseau/Simple][Fabricant]"
143750091,KEY SAFETY DEVICE FR 692-D1  1,CS,CS-MS,MS,CS-MS-KEY-001,
143750097,SELECTOR SWITCH 2 POSIT?TYPE R,EE,EE-CP,CP,EE-CP-SEL-001,CAPTEUR [Type: PROXIMITE/PHOTO] [Signal: PNP/NPN/TOR] [Raccordement]
143750110,ALIMENTATION REDRESSE220 INPUT,EE,EE-CA,CA,EE-CA-ALI-002,CARTE ELECTRONIQUE [Fonction/Usage] [Réf Modèle] [Constructeur]
143750234,BELT 815L,ME,ME-CO,CO,ME-CO-BEL-010,COURROIE [Type: Profil(TRAP/DENT/plate)] [dimension: L=[Longueurx epaisseur  en mm]
143750299,COMPACT 3 PHASE INPUT POWER SUPPLY 24V DC O/P 20A/480 WATTS,EE,EE-CA,CA,EE-CA-COM-002,CARTE ELECTRONIQUE [Fonction/Usage] [Réf Modèle] [Constructeur]
143757013,PACKING GLAND 12*12*355POS.52,CS,CS-JG,JG,CS-JG-012-001,
143757106,UNI 5588-65NUT M6,ME,ME-VI,VI,ME-VI-M06-006,VIS [Type: CHC/TH/FHC] M [Diamètre]X[Longueur]en mm [Matiere:Acier/Inox]
143800002,REFRIGERATION DRYER SUIT GA30+COMPRESSOR,PN,PN-CO,CO,PN-CO-REF-001,COMPRESSEUR AIR [Puissance/kW] [Débit] [Capacité Cuve/L] [Pression]
143800034,PLC SIMENS S7300 CPU 317-2PN/D P FOR OLSA MACHINE,EE,EE-AU,AU,EE-AU-SIM-001,AUTOMATE PLC [Série/Modèle] [Configuration E/S] [Alimentation]
143800035,POWER SUPPLY PS307 5A 230VAC  24VDC SIEMENS FOR OLSA MACHINE,EE,EE-CA,CA,EE-CA-POW-006,CARTE ELECTRONIQUE [Fonction/Usage] [Réf Modèle] [Constructeur]
143800036,INVERTER 45KW 6SE6440-2AD34-5F A1 MICRO MASTER SIEMENS FOR OL,IN,IN-VA,VA,IN-VA-INV-002,"VARIATEUR VITESSE [Type: MONO, TRIPHASE] [Puissance/kW]  [Mode: Réseau/Simple][Fabricant]"
143800038,INVERTER 5.5KW 6SE6440-2AD25 5CA1 MICRO MASTER SIEMENS FOR,IN,IN-VA,VA,IN-VA-INV-003,"VARIATEUR VITESSE [Type: MONO, TRIPHASE] [Puissance/kW]  [Mode: Réseau/Simple][Fabricant]"
143800039,INVERTER 7.5KW 6SE6440-2AD27- 5CA1 MICRO MASTER SIEMENS FOR,IN,IN-VA,VA,IN-VA-INV-004,"VARIATEUR VITESSE [Type: MONO, TRIPHASE] [Puissance/kW]  [Mode: Réseau/Simple][Fabricant]"
143800044,SIEMENS CPU 314C 2DP MOD SEIMENS S7 300 SERIES CENTRAL PROCESSING UNIT,EE,EE-AU,AU,EE-AU-SIE-001,AUTOMATE PLC [Série/Modèle] [Configuration E/S] [Alimentation]
143800046,SIEMENS TP1500 HMI 15INCH PROFINET/BUS INTERFACE CONFIGURABLE WITH WINCC,EE,EE-HM,HM,EE-HM-SIE-001,ECRAN IHM TACTILE [Taille/Pouces] [Résolution/Type] [Alimentation]
143800047,"SIEMENS ACB UV DELAY COIL380AC 3WT9853 COIL, 2000AMPS FOR SIEMENS ACB",CS,CS-GC,GC,CS-GC-SIE-001,
143819208,HYDRAULIC MOTOR DRIVENPUMP UNI,HY,HY-PO,PO,HY-PO-HYD-002,POMPE HYDRAULIQUE [Type:volumetrique/Turbo pompe] [Cylindrée] [Pression Max][type de liquide]
143819209,PLAIN HYDRAULIC DISTRIBU-TOR -,HY,HY-RA,RA,HY-RA-PLA-001,RACCORD HYDRAULIQUE [Type: IMPLANT/UNION] [Filetage/Ø Tube] [Matière]
143819210,COIL 220V FOR REPLACEMENDISTRI,CS,CS-GC,GC,CS-GC-COI-004,
143819211,HYDRAULIC DRIVING CLACKVALVE 3,HY,HY-RA,RA,HY-RA-HYD-001,RACCORD HYDRAULIQUE [Type: IMPLANT/UNION] [Filetage/Ø Tube] [Matière]
143819212,CONNECTOR FOR DIST.COILWITH RE,CS,CS-GC,GC,CS-GC-CON-001,
153819201,FILTER GAFFE F.L.V10 P25,HY,HY-FI,FI,HY-FI-FIL-009,FILTRE HYDRAULIQUE [Type: RETOUR/ASP] [Seuil/µm] [Raccordement/Débit]
153819208,FILTER CLOTH COTTON 1 M WIDTH,HY,HY-FI,FI,HY-FI-FIL-010,FILTRE HYDRAULIQUE [Type: RETOUR/ASP] [Seuil/µm] [Raccordement/Débit]
170000002,HYDRAULIC CARTRIDGE ESH 32PART NO 9164 FUNCTION F1016A  MAINE FILTERESS C000112643,HY,HY-FI,FI,HY-FI-HYD-001,FILTRE HYDRAULIQUE [Type: RETOUR/ASP] [Seuil/µm] [Raccordement/Débit]
170000003,PRESSURE SWITCH TYPE XTK-400-G 1-S1-1 FUNCTION F1016A MAINE FILTERESS C00010228,HY,HY-FI,FI,HY-FI-PRE-001,FILTRE HYDRAULIQUE [Type: RETOUR/ASP] [Seuil/µm] [Raccordement/Débit]
170000005,FILTER REFRIGERANT TRANE FRANCE TYPE:RTAD 115,HY,HY-FI,FI,HY-FI-FIL-011,FILTRE HYDRAULIQUE [Type: RETOUR/ASP] [Seuil/µm] [Raccordement/Débit]
170000008,RETURN FLOW FILTER CARTRIDGE W 962/2,HY,HY-FI,FI,HY-FI-962-001,FILTRE HYDRAULIQUE [Type: RETOUR/ASP] [Seuil/µm] [Raccordement/Débit]
170000009,PUMP AGGREGAT A2D4012DS16TR12 /02-2.4,HY,HY-PO,PO,HY-PO-002-002,POMPE HYDRAULIQUE [Type:volumetrique/Turbo pompe] [Cylindrée] [Pression Max][type de liquide]
170000014,FILTER CARTRIDGE CS-050-P010-A,HY,HY-FI,FI,HY-FI-FIL-012,FILTRE HYDRAULIQUE [Type: RETOUR/ASP] [Seuil/µm] [Raccordement/Débit]
170000021,SEAL FK115N70B326,ME,ME-JO,JO,ME-JO-SEA-015,JOINT [Type: SPI/O-RING/LEVRE] [Dimensions: IntXExtXEp] [Matière: NBR/FKM]
170000022,SEAL FK 119 N70 B 326,ME,ME-JO,JO,ME-JO-SEA-016,JOINT [Type: SPI/O-RING/LEVRE] [Dimensions: IntXExtXEp] [Matière: NBR/FKM]
170000023,SEAL SET 360/250X1000,ME,ME-JO,JO,ME-JO-360-001,JOINT [Type: SPI/O-RING/LEVRE] [Dimensions: IntXExtXEp] [Matière: NBR/FKM]
170000024,COG BELT AT 10-32 AT-10/M,ME,ME-CO,CO,ME-CO-AT1-001,COURROIE [Type: Profil(TRAP/DENT/plate)] [dimension: L=[Longueurx epaisseur  en mm]
170000026,SENSOR IM 5057,EE,EE-CP,CP,EE-CP-SEN-006,CAPTEUR [Type: PROXIMITE/PHOTO] [Signal: PNP/NPN/TOR] [Raccordement]
170000029,POWER SUPPLY MODULE PS407 20A SIEMENS S7-400,EE,EE-AU,AU,EE-AU-POW-001,AUTOMATE PLC [Série/Modèle] [Configuration E/S] [Alimentation]
170000032,SENSOR TUBE HEADER DN100 FOR GARIONI GEV  HP 930-75 BAR BOILER,EE,EE-CP,CP,EE-CP-075-001,CAPTEUR [Type: PROXIMITE/PHOTO] [Signal: PNP/NPN/TOR] [Raccordement]
170000033,LEVEL GAUGE T85-TA120 FOR GARIONI BOILER HP 930-75 BAR BOILER,CS,CS-GC,GC,CS-GC-930-001,
170000036,FILTER FEED PUMP P1082A VANE FOR NP4F MODEL,HY,HY-PO,PO,HY-PO-FIL-003,POMPE HYDRAULIQUE [Type:volumetrique/Turbo pompe] [Cylindrée] [Pression Max][type de liquide]
170000040,FILOX O-RING SET C00418542 10X2.5MM TO 62X3.5MM NBR-90 FILTERPRESS COMPLETE O-RING,ME,ME-JO,JO,ME-JO-010-001,JOINT [Type: SPI/O-RING/LEVRE] [Dimensions: IntXExtXEp] [Matière: NBR/FKM]
170000056,SEAT FOR BUTTERFLY VALVEDN50 /,PN,PN-EV,EV,PN-EV-050-001,"ELECTROVANNE PNEU [Fonction: 5/2, 3/2] [Filetage] [Tension Commande]"
170000058,SEAT FOR BUTTERFLY VALVEDN80 /,PN,PN-EV,EV,PN-EV-080-001,"ELECTROVANNE PNEU [Fonction: 5/2, 3/2] [Filetage] [Tension Commande]"
170000061,FILOX 2/2VALV P:4770 C00117655 WSM6020V-01-C-N-24DG 2/2VALVE FILOX FILTER PRESS,HY,HY-FI,FI,HY-FI-002-001,FILTRE HYDRAULIQUE [Type: RETOUR/ASP] [Seuil/µm] [Raccordement/Débit]
170000062,FILOX 2/2VALVP:15191 C00412705 WSM06020Z-01-C-N-24DG 2/2VALVE FILOX FILTER PRESS,HY,HY-FI,FI,HY-FI-002-002,FILTRE HYDRAULIQUE [Type: RETOUR/ASP] [Seuil/µm] [Raccordement/Débit]
170000063,FILOX BANANASHEET C00424971 SHEET 198MM T-31.4301 TUMBLED EDGES DEBURRED,SE,SE-EC,EC,SE-EC-198-001,ECLAIRAGE [Type: LED/Halogènes] [Puissance/W] [Tension/V]
170000064,FILOX HOSE12*6*1100 C00424972 POSTPRESS PALMOIL 40BAR 80C  TWOWAY SCREW CONNECTION,ME,ME-VI,VI,ME-VI-012-001,VIS [Type: CHC/TH/FHC] M [Diamètre]X[Longueur]en mm [Matiere:Acier/Inox]
170000066,SINGLE ROW RADIAL BALLBEARING,ME,ME-RO,RO,ME-RO-SIN-001,ROULEMENT [Type: BILLES/ROULEAUX] [Série/Réf] Ø[Intérieur]XØ[Extérieur]X[Épaisseur] [Flasque/Jeu]
170000068,FILOX RELIEFVAL DR2-2C00424973 PRESS RELIEF VALV LOCKINGBLOC  FILOX FILTER PRESS,HY,HY-FI,FI,HY-FI-FIL-013,FILTRE HYDRAULIQUE [Type: RETOUR/ASP] [Seuil/µm] [Raccordement/Débit]
170000069,"""GLAND PACKING 4""""""""C0023069",CS,CS-JG,JG,CS-JG-GLA-001,
170000081,FILTER LEAVES (15NOS.),HY,HY-FI,FI,HY-FI-FIL-014,FILTRE HYDRAULIQUE [Type: RETOUR/ASP] [Seuil/µm] [Raccordement/Débit]
170000082,EPDM DOOR GASKET 1225L=3880MM,ME,ME-JO,JO,ME-JO-880-001,JOINT [Type: SPI/O-RING/LEVRE] [Dimensions: IntXExtXEp] [Matière: NBR/FKM]
170000084,VITON O RINGS (28.17 X3.53) FO,ME,ME-JO,JO,ME-JO-028-003,JOINT [Type: SPI/O-RING/LEVRE] [Dimensions: IntXExtXEp] [Matière: NBR/FKM]
170000085,DUMMY PLUG 34.8 WITH ORING IN,ME,ME-JO,JO,ME-JO-DUM-001,JOINT [Type: SPI/O-RING/LEVRE] [Dimensions: IntXExtXEp] [Matière: NBR/FKM]
170000088,FLOAT LEVEL SWITCH,EE,EE-CP,CP,EE-CP-FLO-001,CAPTEUR [Type: PROXIMITE/PHOTO] [Signal: PNP/NPN/TOR] [Raccordement]
170000090,HOSE CLAMP FOR FILTER SLEEVE / C0008852,HY,HY-FL,FL,HY-FL-HOS-003,FLEXIBLE HYDRAULIQUE [type: DN[Diamètre Ø int ] L=[Longueur] [Embouts]
170000091,"""MAIN KIT NP4F O-RING,VANES K.",ME,ME-JO,JO,ME-JO-MAI-001,JOINT [Type: SPI/O-RING/LEVRE] [Dimensions: IntXExtXEp] [Matière: NBR/FKM]
170000092,SET OF O-RINGSC0009611,ME,ME-JO,JO,ME-JO-SET-002,JOINT [Type: SPI/O-RING/LEVRE] [Dimensions: IntXExtXEp] [Matière: NBR/FKM]
170000093,PACK WASHERC0027812,ME,ME-VI,VI,ME-VI-PAC-001,VIS [Type: CHC/TH/FHC] M [Diamètre]X[Longueur]en mm [Matiere:Acier/Inox]
170000096,EM RELAYSC0023096,EL,EL-RE,RE,EL-RE-REL-015,RELAIS [Type: EMBROCHABLE/STAT] BOBINE [Tension/V] [Nbr Contacts]
170000099,CHAMBER STACK FOR PUMPTYPE CR2,HY,HY-PO,PO,HY-PO-CHA-001,POMPE HYDRAULIQUE [Type:volumetrique/Turbo pompe] [Cylindrée] [Pression Max][type de liquide]
170000100,SEALING KIT IN EPDM FORPUMP /,ME,ME-JO,JO,ME-JO-SEA-017,JOINT [Type: SPI/O-RING/LEVRE] [Dimensions: IntXExtXEp] [Matière: NBR/FKM]
170000104,"""SET OF 2 PACKING RINGSIN PTFE",CS,CS-JG,JG,CS-JG-SET-001,
170000107,PLUNGER FOR SAMPLINGVALVE TYPE,PN,PN-EV,EV,PN-EV-PLU-001,"ELECTROVANNE PNEU [Fonction: 5/2, 3/2] [Filetage] [Tension Commande]"
170000111,STEM FOR SAMPLING VALVETYPE 81,PN,PN-EV,EV,PN-EV-STE-001,"ELECTROVANNE PNEU [Fonction: 5/2, 3/2] [Filetage] [Tension Commande]"
170000112,PNEUMATIC ON/OFF BUTTWELDED BA,PN,PN-RA,RA,PN-RA-PNE-004,RACCORD PNEUMATIQUE [Type: INSTANT/NIPPLE] Ø[Tube] [Filetage]
170000114,SEAL KIT FOR ACTUATORGTD/GTE -,ME,ME-JO,JO,ME-JO-SEA-018,JOINT [Type: SPI/O-RING/LEVRE] [Dimensions: IntXExtXEp] [Matière: NBR/FKM]
170000115,PNEUMATIC ON/OFF BUTTVALVE WIT,PN,PN-RA,RA,PN-RA-PNE-005,RACCORD PNEUMATIQUE [Type: INSTANT/NIPPLE] Ø[Tube] [Filetage]
170000117,SEAL KIT FOR ACTUATORC0003045,ME,ME-JO,JO,ME-JO-SEA-019,JOINT [Type: SPI/O-RING/LEVRE] [Dimensions: IntXExtXEp] [Matière: NBR/FKM]
170000119,O-RING COVER GASKETSC0027814,ME,ME-JO,JO,ME-JO-RIN-008,JOINT [Type: SPI/O-RING/LEVRE] [Dimensions: IntXExtXEp] [Matière: NBR/FKM]
170000120,SEAL KIT FOR ACTUATORGTD/GTE-0,ME,ME-JO,JO,ME-JO-SEA-020,JOINT [Type: SPI/O-RING/LEVRE] [Dimensions: IntXExtXEp] [Matière: NBR/FKM]
170000123,PRESSURERELIEFVALVE TYPE MVPX4 B-420 TUV FUNCTION F1016A MAIN FILTERPRESS C0010229,HY,HY-FI,FI,HY-FI-PRE-002,FILTRE HYDRAULIQUE [Type: RETOUR/ASP] [Seuil/µm] [Raccordement/Débit]
170000124,JACK VALVE RB 4 FUNCTION F1016A  MAIN FILTERPRESS C0020704,HY,HY-FI,FI,HY-FI-JAC-001,FILTRE HYDRAULIQUE [Type: RETOUR/ASP] [Seuil/µm] [Raccordement/Débit]
170000125,PRESSURE RELIEF VALVE TYPE VEN 06/EN-2-00 FUNCTION F1016A  MAIN FILTERPRESS C0010232,HY,HY-FI,FI,HY-FI-PRE-003,FILTRE HYDRAULIQUE [Type: RETOUR/ASP] [Seuil/µm] [Raccordement/Débit]
170000126,JACK VALVE TYPE RKVE 16-2 CODE 6138 FUNCTION F1016A  MAIN FILTERPRESS C0015244,HY,HY-FI,FI,HY-FI-JAC-002,FILTRE HYDRAULIQUE [Type: RETOUR/ASP] [Seuil/µm] [Raccordement/Débit]
170000127,PRESSURE RELIFE VALVE TYPE DB4 E01.X/630P FUNCTION F1016A  MAIN FILTERPRESS C0013666,HY,HY-FI,FI,HY-FI-PRE-004,FILTRE HYDRAULIQUE [Type: RETOUR/ASP] [Seuil/µm] [Raccordement/Débit]
170000128,JACK VALVE TYPE RKVE 25-2 FUNCTION F1016A  MAIN FILTERPRESS C0018256,HY,HY-FI,FI,HY-FI-JAC-003,FILTRE HYDRAULIQUE [Type: RETOUR/ASP] [Seuil/µm] [Raccordement/Débit]
170000130,BACK PRES. VALVE RHD 22L PART N. 6189 FUNCTION : F1016A MAIN FILTERPRESS C0026374,HY,HY-FI,FI,HY-FI-BAC-001,FILTRE HYDRAULIQUE [Type: RETOUR/ASP] [Seuil/µm] [Raccordement/Débit]
170000131,JACK VALVE TYPE RHZ 12 PSR-ED CODE 9801 FUNCTION F1016A  MAIN FILTERPRESS C0017211,HY,HY-FI,FI,HY-FI-JAC-004,FILTRE HYDRAULIQUE [Type: RETOUR/ASP] [Seuil/µm] [Raccordement/Débit]
170000132,JACK VALVE TYPE RHD 18 L FUNCTION F1016A  MAIN FILTERPRESS C0020707,HY,HY-FI,FI,HY-FI-JAC-005,FILTRE HYDRAULIQUE [Type: RETOUR/ASP] [Seuil/µm] [Raccordement/Débit]
170000133,TWIN RELIEF JACK VALVE 2VS3-0 6-CS FUNCTION F1016A  MAIN FILTERPRESS C0020705,HY,HY-FI,FI,HY-FI-TWI-001,FILTRE HYDRAULIQUE [Type: RETOUR/ASP] [Seuil/µm] [Raccordement/Débit]
170000134,"HYDRAULIC CHANCE VALVE TYPE EW V 2,5 R 1/8 FUNCTION F1016A  MAIN FILTERPRESS C00107310",HY,HY-FI,FI,HY-FI-001-001,FILTRE HYDRAULIQUE [Type: RETOUR/ASP] [Seuil/µm] [Raccordement/Débit]
170000135,COG BELT TYPE 32 AT 10/M PER  METER FUNCTION F1016A  MAIN FILTERPRESS C0010243,ME,ME-CO,CO,ME-CO-COG-001,COURROIE [Type: Profil(TRAP/DENT/plate)] [dimension: L=[Longueurx epaisseur  en mm]
170000136,UNDER PRESSURE HOSE DIA 12 x 6 x1100 MM FUNCTION F1016A  MAIN FILTERPRESS C00100302,HY,HY-FL,FL,HY-FL-012-002,FLEXIBLE HYDRAULIQUE [type: DN[Diamètre Ø int ] L=[Longueur] [Embouts]
170000137,4SP HYDR. HOSE PIPE DN06 x 380 MM POS.450 FUNCTION F1016A  MAIN FILTERPRESS C00107743,HY,HY-FL,FL,HY-FL-006-001,FLEXIBLE HYDRAULIQUE [type: DN[Diamètre Ø int ] L=[Longueur] [Embouts]
170000138,2SC HYDR. HOSE DN10 x 520MM FUNCTION F1016A  MAIN FILTERPRESS C00119492,HY,HY-FL,FL,HY-FL-010-002,FLEXIBLE HYDRAULIQUE [type: DN[Diamètre Ø int ] L=[Longueur] [Embouts]
170000139,4SP HYDR. HOSE DN12 x 1400MM FUNCTION F1016A  MAIN FILTERPRESS C00119493,HY,HY-FL,FL,HY-FL-012-003,FLEXIBLE HYDRAULIQUE [type: DN[Diamètre Ø int ] L=[Longueur] [Embouts]
170000140,HYDRAULIC HOSE FUNCTION F1016A  MAIN FILTERPRESS C00118559,HY,HY-FL,FL,HY-FL-HYD-003,FLEXIBLE HYDRAULIQUE [type: DN[Diamètre Ø int ] L=[Longueur] [Embouts]
170000141,2SC HYDRAULIC HOSE DN10X1400MM FUNCTION F1016A  MAIN FILTERPRESS C00119494,HY,HY-FL,FL,HY-FL-010-003,FLEXIBLE HYDRAULIQUE [type: DN[Diamètre Ø int ] L=[Longueur] [Embouts]
170000143,"2 TON ELECTRIC CHAIN HOIST 400V, 3PH ,50HZ ELEPHANT BRAND",ME,ME-CH,CH,ME-CH-TON-001,CHAINE ROULEAUX [Pas] [Type: SIMPLEX/DUPLEX] L=[Nbr Maillons/Longueur en mm]
170000144,WIKA TEMPERATURE TRANSMITTER WIKA T19.10.1P0-1 ANALOGUE TEMPERATURE TRANSMIT,IN,IN-TE,TE,IN-TE-WIK-001,SONDE TEMPERATURE [Type: PT100/TC-K] L=[Longueur] Ø[Tige]
170000202,FILTER BAGS 125x1800mmC0022202,HY,HY-FI,FI,HY-FI-125-001,FILTRE HYDRAULIQUE [Type: RETOUR/ASP] [Seuil/µm] [Raccordement/Débit]
170000203,O-RING OD-93.81 X 2.62,ME,ME-JO,JO,ME-JO-093-001,JOINT [Type: SPI/O-RING/LEVRE] [Dimensions: IntXExtXEp] [Matière: NBR/FKM]
170000212,BACKUP BATTERY 3.6V/1.9AS00051,EL,EL-DI,DI,EL-DI-BAC-001,"DISJONCTEUR [Type: [VIDE,BAIN D'HUILE,GAZ,MOTEUR,MANETTE]  [Calibre/A] [Tension/Volt][Nbr Pôles] [Fabricant]"
170000214,ROTARY AIRLOCK VALVEBLADES / C,PN,PN-EV,EV,PN-EV-ROT-001,"ELECTROVANNE PNEU [Fonction: 5/2, 3/2] [Filetage] [Tension Commande]"
170000216,PULSE VALVEC0023016,PN,PN-EV,EV,PN-EV-PUL-001,"ELECTROVANNE PNEU [Fonction: 5/2, 3/2] [Filetage] [Tension Commande]"
170000218,TIMER CARDC0023018,EE,EE-CA,CA,EE-CA-TIM-001,CARTE ELECTRONIQUE [Fonction/Usage] [Réf Modèle] [Constructeur]
170000220,MODULE AT 16X13BIT,EE,EE-CA,CA,EE-CA-016-001,CARTE ELECTRONIQUE [Fonction/Usage] [Réf Modèle] [Constructeur]
170000221,MODULE 10 8XBBIT,EE,EE-CA,CA,EE-CA-MOD-009,CARTE ELECTRONIQUE [Fonction/Usage] [Réf Modèle] [Constructeur]
170000223,MODULE DI32XDC24V,EE,EE-CA,CA,EE-CA-MOD-010,CARTE ELECTRONIQUE [Fonction/Usage] [Réf Modèle] [Constructeur]
170000224,"""MODULE DO 32X24V/0,5A",EE,EE-CA,CA,EE-CA-032-001,CARTE ELECTRONIQUE [Fonction/Usage] [Réf Modèle] [Constructeur]
170000225,MODULE SR 321 DI 32X24V,EE,EE-CA,CA,EE-CA-032-002,CARTE ELECTRONIQUE [Fonction/Usage] [Réf Modèle] [Constructeur]
170000226,MODULE SM 322 DOX32X24V,EE,EE-CA,CA,EE-CA-032-003,CARTE ELECTRONIQUE [Fonction/Usage] [Réf Modèle] [Constructeur]
170000227,MODULE SM 331AI 2X12BIT,EE,EE-CA,CA,EE-CA-002-001,CARTE ELECTRONIQUE [Fonction/Usage] [Réf Modèle] [Constructeur]
170000234,"TRAVAIL BLOCON TIMER ON DLEAY 10-180 SECS,MODEL: LADT2 TIMER FOR MOTOR STARTER",EL,EL-MO,MO,EL-MO-TRA-001,MOTEUR ASYNCHRONE [Puissance/kW] [Vitesse/tr/min] [Fixation] [Tension]
170000237,FILOX PRESSRELIEF VALV CMP06C3 NEW REFINERY OEM: DESMET FILOX FILTER PRESS SPARE,HY,HY-FI,FI,HY-FI-FIL-015,FILTRE HYDRAULIQUE [Type: RETOUR/ASP] [Seuil/µm] [Raccordement/Débit]
170000238,FILOX LP SHUTOFF VALVE VUP16C3 NEW REFINERY OEM:DESMET FILOX FILTER PRESS SPARE,HY,HY-FI,FI,HY-FI-FIL-016,FILTRE HYDRAULIQUE [Type: RETOUR/ASP] [Seuil/µm] [Raccordement/Débit]
170000239,FILOX NOZZLE M5*1.8 FILOX FILTERPRESS POS NO:11 NEWREF FILTERPRESS OEM DESMET,HY,HY-FI,FI,HY-FI-005-001,FILTRE HYDRAULIQUE [Type: RETOUR/ASP] [Seuil/µm] [Raccordement/Débit]
170000248,PRV FOR FILTER PRESSDN-40 TYPE,HY,HY-FI,FI,HY-FI-PRV-001,FILTRE HYDRAULIQUE [Type: RETOUR/ASP] [Seuil/µm] [Raccordement/Débit]
170000256,FILOX NOZZLE M6*1.8 FILOX REF POS NO:12 NEWREF FILTERPRESS DESMET,HY,HY-FI,FI,HY-FI-006-001,FILTRE HYDRAULIQUE [Type: RETOUR/ASP] [Seuil/µm] [Raccordement/Débit]
170000257,FILOX NOZZLE M5*0.6 FILOX FILTERPRESS POS.NO:10 NEWREF FILTERPRESS OEM DESMET,HY,HY-FI,FI,HY-FI-005-002,FILTRE HYDRAULIQUE [Type: RETOUR/ASP] [Seuil/µm] [Raccordement/Débit]
170000261,SEAT FOR BUTTERFLY VALVEDN200,PN,PN-EV,EV,PN-EV-200-001,"ELECTROVANNE PNEU [Fonction: 5/2, 3/2] [Filetage] [Tension Commande]"
170000262,"PNEUMATIC ACTUATOR MAKE: ELGER, MODEL: EPD125, S.NO.:19H00061",PN,PN-RA,RA,PN-RA-PNE-006,RACCORD PNEUMATIQUE [Type: INSTANT/NIPPLE] Ø[Tube] [Filetage]
170000272,TEMPERATURE GAUGE 0/100DEG.C /,IN,IN-TE,TE,IN-TE-000-001,SONDE TEMPERATURE [Type: PT100/TC-K] L=[Longueur] Ø[Tige]
170000278,PRESSURE GAUGE WITH CHEMSEAL -,ME,ME-JO,JO,ME-JO-PRE-001,JOINT [Type: SPI/O-RING/LEVRE] [Dimensions: IntXExtXEp] [Matière: NBR/FKM]
170000287,INDICATING LAMPS RYBC0023087,SE,SE-EC,EC,SE-EC-IND-001,ECLAIRAGE [Type: LED/Halogènes] [Puissance/W] [Tension/V]
170000288,INDICATING LAMP RED&GREEC00230,SE,SE-EC,EC,SE-EC-IND-002,ECLAIRAGE [Type: LED/Halogènes] [Puissance/W] [Tension/V]
170000297,INDICATING LAMP 24VOLTSDC - C0,SE,SE-EC,EC,SE-EC-IND-003,ECLAIRAGE [Type: LED/Halogènes] [Puissance/W] [Tension/V]
170000298,INDICATING LAMP 230 VOLTAC - C,SE,SE-EC,EC,SE-EC-IND-004,ECLAIRAGE [Type: LED/Halogènes] [Puissance/W] [Tension/V]
170000300,"""BODY GASKET 3""""""""C0023003",ME,ME-JO,JO,ME-JO-BOD-001,JOINT [Type: SPI/O-RING/LEVRE] [Dimensions: IntXExtXEp] [Matière: NBR/FKM]
170000302,"""GLAND PACKING 3""""""""C0023002",CS,CS-JG,JG,CS-JG-GLA-002,
170000306,NR CRUDE OIL FEED PUMPPT-501,HY,HY-PO,PO,HY-PO-501-001,POMPE HYDRAULIQUE [Type:volumetrique/Turbo pompe] [Cylindrée] [Pression Max][type de liquide]
170000307,NR WATER FEED PUMPP-878 GL,HY,HY-PO,PO,HY-PO-878-001,POMPE HYDRAULIQUE [Type:volumetrique/Turbo pompe] [Cylindrée] [Pression Max][type de liquide]
170000309,NR CHILLED WATER PUMPPF - 1078,HY,HY-PO,PO,HY-PO-CHI-001,POMPE HYDRAULIQUE [Type:volumetrique/Turbo pompe] [Cylindrée] [Pression Max][type de liquide]
170000310,NR WATER PUMPPF 1078/16,HY,HY-PO,PO,HY-PO-016-001,POMPE HYDRAULIQUE [Type:volumetrique/Turbo pompe] [Cylindrée] [Pression Max][type de liquide]
170000311,NR REFINED OIL PUMPPF - 1082B,HY,HY-PO,PO,HY-PO-REF-001,POMPE HYDRAULIQUE [Type:volumetrique/Turbo pompe] [Cylindrée] [Pression Max][type de liquide]
170000313,RBD RECEP/TRANS PUMP PF-1001A,HY,HY-PO,PO,HY-PO-RBD-001,POMPE HYDRAULIQUE [Type:volumetrique/Turbo pompe] [Cylindrée] [Pression Max][type de liquide]
170000314,FILTER FEED PUMP PF-1082A,HY,HY-PO,PO,HY-PO-FIL-004,POMPE HYDRAULIQUE [Type:volumetrique/Turbo pompe] [Cylindrée] [Pression Max][type de liquide]
170000324,"H250M9VARIABLEAREAFLOWMETER H250/RR/M9/ESXII-EEX K55.3, CIV55,",IN,IN-DE,DE,IN-DE-H25-001,DEBITMETRE [Type] [Plage Débit] [DN/Raccordement] [Sortie]
170000325,MECHANICAL SEAL MG13/48-Z,ME,ME-JO,JO,ME-JO-013-001,JOINT [Type: SPI/O-RING/LEVRE] [Dimensions: IntXExtXEp] [Matière: NBR/FKM]
170000340,FILTER SLEEVEC00103340,HY,HY-FI,FI,HY-FI-FIL-017,FILTRE HYDRAULIQUE [Type: RETOUR/ASP] [Seuil/µm] [Raccordement/Débit]
170000370,"""BODY GASKET 4""""""""C0023070",ME,ME-JO,JO,ME-JO-BOD-002,JOINT [Type: SPI/O-RING/LEVRE] [Dimensions: IntXExtXEp] [Matière: NBR/FKM]
170000399,PUSH BUTTONC0023099,EL,EL-CO,CO,EL-CO-PUS-002,CONTACTEUR [Intensité/A] BOBINE [Tension/V] [Nbr Contacts NO/NF]
170000400,SELECTOR SWITCHC0024000,EE,EE-CP,CP,EE-CP-SEL-002,CAPTEUR [Type: PROXIMITE/PHOTO] [Signal: PNP/NPN/TOR] [Raccordement]
170000402,FUSED TERMINALSC0024002,EL,EL-FU,FU,EL-FU-FUS-002,FUSIBLE [Type: AM/GG/UR] [Taille] [Calibre/A] [Tension]
170000404,CARD - SET OF 8 PCSEUROTEK / C,EE,EE-CA,CA,EE-CA-CAR-002,CARTE ELECTRONIQUE [Fonction/Usage] [Réf Modèle] [Constructeur]
170000405,HOSE DN06X380 DKOS08 HYDRAULLIC HIGH PRESSURE,HY,HY-FL,FL,HY-FL-006-002,FLEXIBLE HYDRAULIQUE [type: DN[Diamètre Ø int ] L=[Longueur] [Embouts]
170000406,HOSE 25N DN10X250 330BAR HYDRAULLIC HIGH PRESSURE,HY,HY-FL,FL,HY-FL-010-004,FLEXIBLE HYDRAULIQUE [type: DN[Diamètre Ø int ] L=[Longueur] [Embouts]
170000407,HOSE DN 10X1300 EN857 HYDRAULLIC HIGH PRESSURE,HY,HY-FL,FL,HY-FL-010-005,FLEXIBLE HYDRAULIQUE [type: DN[Diamètre Ø int ] L=[Longueur] [Embouts]
170000408,HOSE 4SP DN12X1200 EN856 HYDRAULLIC HIGH PRESSURE,HY,HY-FL,FL,HY-FL-012-004,FLEXIBLE HYDRAULIQUE [type: DN[Diamètre Ø int ] L=[Longueur] [Embouts]
170000410,HOSE ISN DN 19X1450EN853 HYDRAULLIC HIGH PRESSURE,HY,HY-FL,FL,HY-FL-019-001,FLEXIBLE HYDRAULIQUE [type: DN[Diamètre Ø int ] L=[Longueur] [Embouts]
170000452,MEMBRANE FILTER PLATE 1500x 1500,HY,HY-FI,FI,HY-FI-PLT-001,FILTRE HYDRAULIQUE [Type: RETOUR/ASP] [Seuil/µm] [Raccordement/Débit]
170000455,PLATE GAIDE BELT,ME,ME-CO,CO,ME-CO-PLT-001,COURROIE [Type: Profil(TRAP/DENT/plate)] [dimension: L=[Longueurx epaisseur  en mm]
170000461,WIKA TRANSMITTER UT-100-600BAR,EE,EE-CP,CP,EE-CP-WIK-001,CAPTEUR [Type: PROXIMITE/PHOTO] [Signal: PNP/NPN/TOR] [Raccordement]
170000472,SIGHT GLASS FOR PLF FILTER LL616 AND HL 616 FOR REFINERY,HY,HY-FI,FI,HY-FI-SIG-001,FILTRE HYDRAULIQUE [Type: RETOUR/ASP] [Seuil/µm] [Raccordement/Débit]
170000479,VACUUM TRANSMITTERC00103479,EE,EE-CP,CP,EE-CP-VAC-002,CAPTEUR [Type: PROXIMITE/PHOTO] [Signal: PNP/NPN/TOR] [Raccordement]
170000480,VIBRATORY MOTORC00103480,EL,EL-MO,MO,EL-MO-VIB-001,MOTEUR ASYNCHRONE [Puissance/kW] [Vitesse/tr/min] [Fixation] [Tension]
170000497,"""BODY GASKET 2""""""""C0022497",ME,ME-JO,JO,ME-JO-BOD-003,JOINT [Type: SPI/O-RING/LEVRE] [Dimensions: IntXExtXEp] [Matière: NBR/FKM]
170000499,"""GLAND PACKING 1 1/2""""""""C00224",CS,CS-JG,JG,CS-JG-001-001,
170000501,O- RING COVER GASKETC00104501,ME,ME-JO,JO,ME-JO-RIN-009,JOINT [Type: SPI/O-RING/LEVRE] [Dimensions: IntXExtXEp] [Matière: NBR/FKM]
170000504,MECHANICAL SEALC00103504,ME,ME-JO,JO,ME-JO-MEC-005,JOINT [Type: SPI/O-RING/LEVRE] [Dimensions: IntXExtXEp] [Matière: NBR/FKM]
170000510,SET SEALS FOR FDAF188B-M160L4F,ME,ME-JO,JO,ME-JO-SET-003,JOINT [Type: SPI/O-RING/LEVRE] [Dimensions: IntXExtXEp] [Matière: NBR/FKM]
170000512,SET SEALS FOR FDAF168BM132MB4F,ME,ME-JO,JO,ME-JO-SET-004,JOINT [Type: SPI/O-RING/LEVRE] [Dimensions: IntXExtXEp] [Matière: NBR/FKM]
170000518,SPHERICAL ROLLER BEARINGC00104,ME,ME-RO,RO,ME-RO-RLR-002,ROULEMENT [Type: BILLES/ROULEAUX] [Série/Réf] Ø[Intérieur]XØ[Extérieur]X[Épaisseur] [Flasque/Jeu]
170000527,MECHANICAL SEAL C0006223,ME,ME-JO,JO,ME-JO-MEC-006,JOINT [Type: SPI/O-RING/LEVRE] [Dimensions: IntXExtXEp] [Matière: NBR/FKM]
170000531,MECHANICAL SEALC0007873,ME,ME-JO,JO,ME-JO-MEC-007,JOINT [Type: SPI/O-RING/LEVRE] [Dimensions: IntXExtXEp] [Matière: NBR/FKM]
170000533,MECHANICAL SEAL C0016761,ME,ME-JO,JO,ME-JO-MEC-008,JOINT [Type: SPI/O-RING/LEVRE] [Dimensions: IntXExtXEp] [Matière: NBR/FKM]
170000537,MECHANICAL SEAL C0021326,ME,ME-JO,JO,ME-JO-MEC-009,JOINT [Type: SPI/O-RING/LEVRE] [Dimensions: IntXExtXEp] [Matière: NBR/FKM]
170000538,MECHANICAL SEAL C0013602,ME,ME-JO,JO,ME-JO-MEC-010,JOINT [Type: SPI/O-RING/LEVRE] [Dimensions: IntXExtXEp] [Matière: NBR/FKM]
170000539,SAFETY PRESSURE SWITCHC0005584,IN,IN-CP,CP,IN-CP-SAF-001,CAPTEUR PRESSION [Plage/Bars] [Signal: 4-20mA/TOR] [Raccordement]
170000542,WATER LEVEL RELAYC0012218 TYPE,EL,EL-RE,RE,EL-RE-WAT-001,RELAIS [Type: EMBROCHABLE/STAT] BOBINE [Tension/V] [Nbr Contacts]
170000543,TEMPERATURE TRANSMITTERC002489,IN,IN-TE,TE,IN-TE-TEM-003,SONDE TEMPERATURE [Type: PT100/TC-K] L=[Longueur] Ø[Tige]
170000548,MECHANICAL SEAL C0016646,ME,ME-JO,JO,ME-JO-MEC-011,JOINT [Type: SPI/O-RING/LEVRE] [Dimensions: IntXExtXEp] [Matière: NBR/FKM]
170000552,MODULE I/O GES7132-4BD02-0AA0 / SIEMENS MODULE I/O GES7132-4BD / GES7132-4BD02- 0AA0,EE,EE-CA,CA,EE-CA-MOD-011,CARTE ELECTRONIQUE [Fonction/Usage] [Réf Modèle] [Constructeur]
170000553,MODULE I/O GES7131-4BD02-0AA0 / SIEMENS MODULE I/O GES7 131-4B / 1P GES7 131-4BD01-0AA0,EE,EE-CA,CA,EE-CA-MOD-012,CARTE ELECTRONIQUE [Fonction/Usage] [Réf Modèle] [Constructeur]
170000554,MECHANICAL SEAL C0000117,ME,ME-JO,JO,ME-JO-MEC-012,JOINT [Type: SPI/O-RING/LEVRE] [Dimensions: IntXExtXEp] [Matière: NBR/FKM]
170000570,AMTRONIC BOX 24VDC V9 A1 AMRI KSB NEW REFINERY VERTICAL HERMETIC LEAF FILTER,HY,HY-FI,FI,HY-FI-AMT-001,FILTRE HYDRAULIQUE [Type: RETOUR/ASP] [Seuil/µm] [Raccordement/Débit]
170000571,CONTROL VALVES TAGN°. VR-521B SAMSON NEW REFINERY DN 50 PNEUMATIC ON/OFF GLOBE VALVES,PN,PN-RA,RA,PN-RA-050-001,RACCORD PNEUMATIQUE [Type: INSTANT/NIPPLE] Ø[Tube] [Filetage]
170000576,COMPLETE DIAPHRAGM VALVEDN40 /,PN,PN-EV,EV,PN-EV-040-001,"ELECTROVANNE PNEU [Fonction: 5/2, 3/2] [Filetage] [Tension Commande]"
170000580,FILTER BAGS 168x780,HY,HY-FI,FI,HY-FI-168-001,FILTRE HYDRAULIQUE [Type: RETOUR/ASP] [Seuil/µm] [Raccordement/Débit]
170000581,"""CONTROLE MCB 4A, SPC0027581",EL,EL-DI,DI,EL-DI-CON-002,"DISJONCTEUR [Type: [VIDE,BAIN D'HUILE,GAZ,MOTEUR,MANETTE]  [Calibre/A] [Tension/Volt][Nbr Pôles] [Fabricant]"
170000582,"""CONTROLE MCB 4A, DPC0027582",EL,EL-DI,DI,EL-DI-CON-003,"DISJONCTEUR [Type: [VIDE,BAIN D'HUILE,GAZ,MOTEUR,MANETTE]  [Calibre/A] [Tension/Volt][Nbr Pôles] [Fabricant]"
170000583,"""CONTROLE MCB 10A, DPC0027583",EL,EL-DI,DI,EL-DI-CON-004,"DISJONCTEUR [Type: [VIDE,BAIN D'HUILE,GAZ,MOTEUR,MANETTE]  [Calibre/A] [Tension/Volt][Nbr Pôles] [Fabricant]"
170000584,"""CONTROLE MCB 10A, 3PC0027584",EL,EL-DI,DI,EL-DI-CON-005,"DISJONCTEUR [Type: [VIDE,BAIN D'HUILE,GAZ,MOTEUR,MANETTE]  [Calibre/A] [Tension/Volt][Nbr Pôles] [Fabricant]"
170000585,"""CONTROLE MCB 40A, DPC0027585",EL,EL-DI,DI,EL-DI-CON-006,"DISJONCTEUR [Type: [VIDE,BAIN D'HUILE,GAZ,MOTEUR,MANETTE]  [Calibre/A] [Tension/Volt][Nbr Pôles] [Fabricant]"
170000586,FILOX M12 PURJB C00416935 FEMALE ANGLED FREECABLE END MAIN FILTER PRESS,HY,HY-FI,FI,HY-FI-FIL-018,FILTRE HYDRAULIQUE [Type: RETOUR/ASP] [Seuil/µm] [Raccordement/Débit]
170000587,FILOC CIRCLIP C00416938 CIRCLIP 80*2.5 DIN472 FILOX FILTER PRESS,HY,HY-FI,FI,HY-FI-080-001,FILTRE HYDRAULIQUE [Type: RETOUR/ASP] [Seuil/µm] [Raccordement/Débit]
170000588,FILOX LABOR CLAMP C00105654 FOR COG BELT32/AT20 WITH SCREW MAIN FILTER PRESS SPARE,ME,ME-CO,CO,ME-CO-FIL-001,COURROIE [Type: Profil(TRAP/DENT/plate)] [dimension: L=[Longueurx epaisseur  en mm]
170000589,FILOX ASSYPLATETRANS C00100831 END PLATE POSNO1-19 & 26-29 FOR FILOX FILTER PRESS,HY,HY-FI,FI,HY-FI-PLT-002,FILTRE HYDRAULIQUE [Type: RETOUR/ASP] [Seuil/µm] [Raccordement/Débit]
170000590,"FILOX C RAILOBO 2061 C00424970 25*10MM OBO2061 SL, L-2000MM MAINS FILTER PRESS",HY,HY-FI,FI,HY-FI-025-001,FILTRE HYDRAULIQUE [Type: RETOUR/ASP] [Seuil/µm] [Raccordement/Débit]
170000591,FILOX PROXISWITCH C00416937 PROXIMITY SWITCH IFB 3007 MAIN FILTER PRESS,HY,HY-FI,FI,HY-FI-FIL-019,FILTRE HYDRAULIQUE [Type: RETOUR/ASP] [Seuil/µm] [Raccordement/Débit]
170000592,FILOX BATTERI C00415944 FOR RADIO SENSOR RF96ST SW868 MAIN FILTER PRESS,HY,HY-FI,FI,HY-FI-FIL-020,FILTRE HYDRAULIQUE [Type: RETOUR/ASP] [Seuil/µm] [Raccordement/Débit]
170000593,FILOX TOOTHWASHER C00408217  WASHER 20Z AT20 32MM PNO:6029 FOR FILOX FILTER PRESS,ME,ME-RO,RO,ME-RO-032-001,ROULEMENT [Type: BILLES/ROULEAUX] [Série/Réf] Ø[Intérieur]XØ[Extérieur]X[Épaisseur] [Flasque/Jeu]
170000594,FILOX RADIOSENSOR C00415942 SENSOR RF IS M30ND-ST 1M  MAIN FILTER PRESS,HY,HY-FI,FI,HY-FI-FIL-021,FILTRE HYDRAULIQUE [Type: RETOUR/ASP] [Seuil/µm] [Raccordement/Débit]
170000595,FILOX RECEIVERSENSOR C00415941 FOR RADIO SENSOR RF RXSW868 MAIN FILTER PRESS,HY,HY-FI,FI,HY-FI-FIL-022,FILTRE HYDRAULIQUE [Type: RETOUR/ASP] [Seuil/µm] [Raccordement/Débit]
170000596,FILOX TOOTHWHEEL 20Z C00107523 TOOTHWHEEL DRIVE 20ZAT2032MM FOR FILOX FILTER PRESS,HY,HY-FI,FI,HY-FI-032-001,FILTRE HYDRAULIQUE [Type: RETOUR/ASP] [Seuil/µm] [Raccordement/Débit]
170000597,FILOX RF ANTENNA C00415943  FOR RADIOSENSOR 868MHZ 5DB SM MAIN FILTER PRESS,HY,HY-FI,FI,HY-FI-FIL-023,FILTRE HYDRAULIQUE [Type: RETOUR/ASP] [Seuil/µm] [Raccordement/Débit]
170000598,FILOX DEFLECT PULLEYC00409136 DEFLECTION PULLEY 190ALU-32MM FOR FILOX FILTER PRESS,HY,HY-FI,FI,HY-FI-032-002,FILTRE HYDRAULIQUE [Type: RETOUR/ASP] [Seuil/µm] [Raccordement/Débit]
170000599,FILOX PLATEDETECTOR C00415945 REINFORCEMENT PLATE DETECTOR MAIN FILTER PRESS,HY,HY-FI,FI,HY-FI-PLT-003,FILTRE HYDRAULIQUE [Type: RETOUR/ASP] [Seuil/µm] [Raccordement/Débit]
170000600,FILOX ROLL BEARING C0013782 BEARING 62307-2RS1 PNO:4489 FOR FILOX FILTER PRESS,ME,ME-RO,RO,ME-RO-C00-001,ROULEMENT [Type: BILLES/ROULEAUX] [Série/Réf] Ø[Intérieur]XØ[Extérieur]X[Épaisseur] [Flasque/Jeu]
170000601,FILOX HOLDERADIOSEN C00424968 HOLDER RADIO SENSOR MAIN FILTER PRESS,HY,HY-FI,FI,HY-FI-FIL-024,FILTRE HYDRAULIQUE [Type: RETOUR/ASP] [Seuil/µm] [Raccordement/Débit]
170000602,FILOX BASEPLATERADIO C00424969 BASE PLATE RAIL RADIO SENSOR MAIN FILTER PRESS,HY,HY-FI,FI,HY-FI-PLT-004,FILTRE HYDRAULIQUE [Type: RETOUR/ASP] [Seuil/µm] [Raccordement/Débit]
170000605,FILTER CLOTHS FOR MEMBRANE  PLATE 201754605,HY,HY-FI,FI,HY-FI-PLT-005,FILTRE HYDRAULIQUE [Type: RETOUR/ASP] [Seuil/µm] [Raccordement/Débit]
170000606,FILTER CLOTHS FOR CHAMBRE PLATES 201754606,HY,HY-FI,FI,HY-FI-PLT-006,FILTRE HYDRAULIQUE [Type: RETOUR/ASP] [Seuil/µm] [Raccordement/Débit]
170000607,"FILOX PRESSWITCH9231C004416221 PNO:21079, SWITCH 9231PL1V FILOX FILTER PRESS",HY,HY-FI,FI,HY-FI-FIL-025,FILTRE HYDRAULIQUE [Type: RETOUR/ASP] [Seuil/µm] [Raccordement/Débit]
170000608,"FILOX DISTAN PC M10 C00101783 M10,L=37MM, MAT:1.4301 FILOX FILTER PRESS",HY,HY-FI,FI,HY-FI-037-001,FILTRE HYDRAULIQUE [Type: RETOUR/ASP] [Seuil/µm] [Raccordement/Débit]
170000609,FILOX PLAIN WASHER C00101782 FOR 1016A FILTER PRESS DESMAT FILOX FILTER PRESS,ME,ME-VI,VI,ME-VI-FIL-001,VIS [Type: CHC/TH/FHC] M [Diamètre]X[Longueur]en mm [Matiere:Acier/Inox]
170000612,FILOX SPRINGPLUG C00415947 2.5*30MM MOC : SS1.4310  FILOX FILTER PRESS,HY,HY-FI,FI,HY-FI-002-003,FILTRE HYDRAULIQUE [Type: RETOUR/ASP] [Seuil/µm] [Raccordement/Débit]
170000677,ROBINET DN40 WELDEDC0027677,CS,CS-SC,SC,CS-SC-040-001,
170000679,"""ROBINET WELDEDDN15 / C0027679",CS,CS-SC,SC,CS-SC-015-001,
170000688,ROBINET DN50 WELDEDC0027688,CS,CS-SC,SC,CS-SC-050-001,
170000708,MANOCONTACTEUR PB 5022C0020708,EL,EL-CO,CO,EL-CO-MAN-001,CONTACTEUR [Intensité/A] BOBINE [Tension/V] [Nbr Contacts NO/NF]
170000711,HIGH PRESSURE WASHER TGT11176,ME,ME-VI,VI,ME-VI-HIG-001,VIS [Type: CHC/TH/FHC] M [Diamètre]X[Longueur]en mm [Matiere:Acier/Inox]
170000716,MECHANICAL SEALC0020716,ME,ME-JO,JO,ME-JO-MEC-013,JOINT [Type: SPI/O-RING/LEVRE] [Dimensions: IntXExtXEp] [Matière: NBR/FKM]
170000736,SET GEAR WHEELS FOR 1stSTAGE /,ME,ME-EN,EN,ME-EN-SET-001,ENGRENAGE [Type: DROIT/HELIC] [Module]  [Ø exterieur/Matière][Ø Alésage/Matière]
170000737,SET GEAR WHEEL FOR 2ndSTAGE -,ME,ME-EN,EN,ME-EN-SET-002,ENGRENAGE [Type: DROIT/HELIC] [Module]  [Ø exterieur/Matière][Ø Alésage/Matière]
170000738,SET GEAR WHEELS FOR 3rdSTAGE /,ME,ME-EN,EN,ME-EN-SET-003,ENGRENAGE [Type: DROIT/HELIC] [Module]  [Ø exterieur/Matière][Ø Alésage/Matière]
170000745,OIL SEAL RINGC0027745,ME,ME-JO,JO,ME-JO-OIL-002,JOINT [Type: SPI/O-RING/LEVRE] [Dimensions: IntXExtXEp] [Matière: NBR/FKM]
170000751,EPDM GASKET 3x188x161C0027751,ME,ME-JO,JO,ME-JO-003-002,JOINT [Type: SPI/O-RING/LEVRE] [Dimensions: IntXExtXEp] [Matière: NBR/FKM]
170000752,EPDM GASKET 3x190x171C0027752,ME,ME-JO,JO,ME-JO-003-003,JOINT [Type: SPI/O-RING/LEVRE] [Dimensions: IntXExtXEp] [Matière: NBR/FKM]
170000753,"""O"""""""" RINGS NITRILE 522x8C002",ME,ME-JO,JO,ME-JO-522-001,JOINT [Type: SPI/O-RING/LEVRE] [Dimensions: IntXExtXEp] [Matière: NBR/FKM]
170000754,SET OF JOINTSC0027754,ME,ME-JO,JO,ME-JO-SET-005,JOINT [Type: SPI/O-RING/LEVRE] [Dimensions: IntXExtXEp] [Matière: NBR/FKM]
170000758,MECHANICAL SEAL SIGMAC0027758,ME,ME-JO,JO,ME-JO-MEC-014,JOINT [Type: SPI/O-RING/LEVRE] [Dimensions: IntXExtXEp] [Matière: NBR/FKM]
170000764,SEAT FOR DIAPHRAGM VALVEDN40 /,PN,PN-EV,EV,PN-EV-040-002,"ELECTROVANNE PNEU [Fonction: 5/2, 3/2] [Filetage] [Tension Commande]"
170000765,COMPLETE DIAPHRAGM VALVEDN80 /,PN,PN-EV,EV,PN-EV-080-002,"ELECTROVANNE PNEU [Fonction: 5/2, 3/2] [Filetage] [Tension Commande]"
170000766,SEAT FOR DIAPHRAGM VALVEDN80 /,PN,PN-EV,EV,PN-EV-080-003,"ELECTROVANNE PNEU [Fonction: 5/2, 3/2] [Filetage] [Tension Commande]"
170000768,SEAT FOR DIAPHRAGM VALVEDN150,PN,PN-EV,EV,PN-EV-150-001,"ELECTROVANNE PNEU [Fonction: 5/2, 3/2] [Filetage] [Tension Commande]"
170000774,"""GLAND PACKING 6""""""""C0027774",CS,CS-JG,JG,CS-JG-GLA-003,
170000775,"""BODY GASKET 6""""""""C0027775",ME,ME-JO,JO,ME-JO-BOD-004,JOINT [Type: SPI/O-RING/LEVRE] [Dimensions: IntXExtXEp] [Matière: NBR/FKM]
170000779,FLOWMETER DN50 COMPLETETAG:FI-,IN,IN-DE,DE,IN-DE-050-001,DEBITMETRE [Type] [Plage Débit] [DN/Raccordement] [Sortie]
170000786,GAUGE PR. TRANSMITTER0-10 BAR,EE,EE-CP,CP,EE-CP-GAU-001,CAPTEUR [Type: PROXIMITE/PHOTO] [Signal: PNP/NPN/TOR] [Raccordement]
170000787,"""CURRENT TRANSFORMERC0027787,",EL,EL-DI,DI,EL-DI-CUR-001,"DISJONCTEUR [Type: [VIDE,BAIN D'HUILE,GAZ,MOTEUR,MANETTE]  [Calibre/A] [Tension/Volt][Nbr Pôles] [Fabricant]"
170000790,DISJONCTEUR MOTEUR 0.7-1A/ C00,EL,EL-DI,DI,EL-DI-DIS-006,"DISJONCTEUR [Type: [VIDE,BAIN D'HUILE,GAZ,MOTEUR,MANETTE]  [Calibre/A] [Tension/Volt][Nbr Pôles] [Fabricant]"
170000791,DISJONCTEUR MOTEUR 1.6-2.5A/C0,EL,EL-DI,DI,EL-DI-DIS-007,"DISJONCTEUR [Type: [VIDE,BAIN D'HUILE,GAZ,MOTEUR,MANETTE]  [Calibre/A] [Tension/Volt][Nbr Pôles] [Fabricant]"
170000792,DISJONCTEUR MOTEUR 6-10A/C0027,EL,EL-DI,DI,EL-DI-DIS-008,"DISJONCTEUR [Type: [VIDE,BAIN D'HUILE,GAZ,MOTEUR,MANETTE]  [Calibre/A] [Tension/Volt][Nbr Pôles] [Fabricant]"
170000794,DISJONCTEUR MOTEUR 13-18A/ C00,EL,EL-DI,DI,EL-DI-DIS-009,"DISJONCTEUR [Type: [VIDE,BAIN D'HUILE,GAZ,MOTEUR,MANETTE]  [Calibre/A] [Tension/Volt][Nbr Pôles] [Fabricant]"
170000795,DISJONCTEUR MOTEUR 14-20A/ C00,EL,EL-DI,DI,EL-DI-DIS-010,"DISJONCTEUR [Type: [VIDE,BAIN D'HUILE,GAZ,MOTEUR,MANETTE]  [Calibre/A] [Tension/Volt][Nbr Pôles] [Fabricant]"
170000796,DISJONCTEUR MOTEUR 20-25A/ C00,EL,EL-DI,DI,EL-DI-DIS-011,"DISJONCTEUR [Type: [VIDE,BAIN D'HUILE,GAZ,MOTEUR,MANETTE]  [Calibre/A] [Tension/Volt][Nbr Pôles] [Fabricant]"
170000797,DISJONCTEUR MOTEUR 25-40A/ C00,EL,EL-DI,DI,EL-DI-DIS-012,"DISJONCTEUR [Type: [VIDE,BAIN D'HUILE,GAZ,MOTEUR,MANETTE]  [Calibre/A] [Tension/Volt][Nbr Pôles] [Fabricant]"
170000798,DISJONCTEUR MOTEUR 45-80A/ C00,EL,EL-DI,DI,EL-DI-DIS-013,"DISJONCTEUR [Type: [VIDE,BAIN D'HUILE,GAZ,MOTEUR,MANETTE]  [Calibre/A] [Tension/Volt][Nbr Pôles] [Fabricant]"
170000799,CONTACTEUR 9AC0027799,EL,EL-CO,CO,EL-CO-CON-003,CONTACTEUR [Intensité/A] BOBINE [Tension/V] [Nbr Contacts NO/NF]
170000800,CONTACTEUR 25AC0027800,EL,EL-CO,CO,EL-CO-CON-004,CONTACTEUR [Intensité/A] BOBINE [Tension/V] [Nbr Contacts NO/NF]
170000801,CONTACTEUR 80AC0027801,EL,EL-CO,CO,EL-CO-CON-005,CONTACTEUR [Intensité/A] BOBINE [Tension/V] [Nbr Contacts NO/NF]
170000802,"""AUXILLIARY CONTACTORSC0027802",EL,EL-CO,CO,EL-CO-AUX-001,CONTACTEUR [Intensité/A] BOBINE [Tension/V] [Nbr Contacts NO/NF]
170000805,MOTOR PROTECTION CIRCUITBREAKE,EL,EL-MO,MO,EL-MO-MOT-004,MOTEUR ASYNCHRONE [Puissance/kW] [Vitesse/tr/min] [Fixation] [Tension]
170000814,END SWITCH TYPE IM515C0028814,EE,EE-CP,CP,EE-CP-END-001,CAPTEUR [Type: PROXIMITE/PHOTO] [Signal: PNP/NPN/TOR] [Raccordement]
170000831,"""BODY GASKET 1""""""""C0023031",ME,ME-JO,JO,ME-JO-BOD-005,JOINT [Type: SPI/O-RING/LEVRE] [Dimensions: IntXExtXEp] [Matière: NBR/FKM]
170000839,FLOAT LEVEL SWITCH TYPE A01041 BESTA  FLOWMETER,IN,IN-DE,DE,IN-DE-FLO-004,DEBITMETRE [Type] [Plage Débit] [DN/Raccordement] [Sortie]
170000852,HOSE CLAMP FOR FILTERSLEEVE -,HY,HY-FL,FL,HY-FL-HOS-004,FLEXIBLE HYDRAULIQUE [type: DN[Diamètre Ø int ] L=[Longueur] [Embouts]
170000891,V - RINGC0013891,ME,ME-JO,JO,ME-JO-RIN-010,JOINT [Type: SPI/O-RING/LEVRE] [Dimensions: IntXExtXEp] [Matière: NBR/FKM]
170000892,V - RINGC0013892,ME,ME-JO,JO,ME-JO-RIN-011,JOINT [Type: SPI/O-RING/LEVRE] [Dimensions: IntXExtXEp] [Matière: NBR/FKM]
170000893,OIL SEALC0013893,ME,ME-JO,JO,ME-JO-OIL-003,JOINT [Type: SPI/O-RING/LEVRE] [Dimensions: IntXExtXEp] [Matière: NBR/FKM]
170000894,OIL RINGC0013894,CS,CS-GC,GC,CS-GC-OIL-002,
170000910,"""CONTACTOR 80A, 3PC0027810",EL,EL-CO,CO,EL-CO-080-001,CONTACTEUR [Intensité/A] BOBINE [Tension/V] [Nbr Contacts NO/NF]
170000970,POWER SUPPLY CARD FORSIMATIC S,EE,EE-CA,CA,EE-CA-POW-007,CARTE ELECTRONIQUE [Fonction/Usage] [Réf Modèle] [Constructeur]
170000975,CONNECTING CABLE,EL,EL-CA,CA,EL-CA-CON-003,CABLE [Type] [Nbr Conducteurs]X[Section/mm²] [Matière/Blindage]
170000996,MECH SEAL 30BAR C00109496 FOR SQUEEZING WATER PUMP FILTER PRESS NEW REFINERY,ME,ME-JO,JO,ME-JO-MEC-015,JOINT [Type: SPI/O-RING/LEVRE] [Dimensions: IntXExtXEp] [Matière: NBR/FKM]
170000997,REPAIR SETCR FKM MOD C00109497 FOR SQUEEZING WATER PUMP FILTER PRESS NEW REFINERY,HY,HY-PO,PO,HY-PO-REP-001,POMPE HYDRAULIQUE [Type:volumetrique/Turbo pompe] [Cylindrée] [Pression Max][type de liquide]
170000998,"LINER KIT KSB BUTTERFLY 24"" JOINT VANNE PAPILLON KSB 24""",ME,ME-JO,JO,ME-JO-LIN-001,JOINT [Type: SPI/O-RING/LEVRE] [Dimensions: IntXExtXEp] [Matière: NBR/FKM]
170000999,MOTOR GEAR BOX FOR F1002A1/2 MOTO REDUCTEUR POUR F1002A1/2,ME,ME-EN,EN,ME-EN-001-002,ENGRENAGE [Type: DROIT/HELIC] [Module]  [Ø exterieur/Matière][Ø Alésage/Matière]
170001000,MECHANICAL SEAL SUPREME SERVE,ME,ME-JO,JO,ME-JO-MEC-016,JOINT [Type: SPI/O-RING/LEVRE] [Dimensions: IntXExtXEp] [Matière: NBR/FKM]
170001002,"SIEMENS 15 KW MOTOR 1LA7164-2AA60 400 V, 50HZ",EL,EL-MO,MO,EL-MO-150-001,MOTEUR ASYNCHRONE [Puissance/kW] [Vitesse/tr/min] [Fixation] [Tension]
170001007,PRESSURE TRANSMITTER PTP35-A PTP35 -A1A17P1BB8A PRESSURE TRANSMITTER,IN,IN-CP,CP,IN-CP-PRE-008,CAPTEUR PRESSION [Plage/Bars] [Signal: 4-20mA/TOR] [Raccordement]
170001009,START/STOP P.B STATION / WITH NO-NC & IP65 ENCLOSURE / FOR PUMPS & MOTOR REMOTE OPERA,HY,HY-PO,PO,HY-PO-STA-001,POMPE HYDRAULIQUE [Type:volumetrique/Turbo pompe] [Cylindrée] [Pression Max][type de liquide]
17000507,Test Pompe Manuelle 150 Bar / HAND OPERATED TESTPUMP 150Bar,HY,HY-PO,PO,HY-PO-150-001,POMPE HYDRAULIQUE [Type:volumetrique/Turbo pompe] [Cylindrée] [Pression Max][type de liquide]
17000508,Test pompe haute pression 150b / HIGH PRESSURE TEST PUMP 150Bar,HY,HY-PO,PO,HY-PO-TES-001,POMPE HYDRAULIQUE [Type:volumetrique/Turbo pompe] [Cylindrée] [Pression Max][type de liquide]
170101003,"""METALLIC GASKET DN80PN160 ,TE",ME,ME-JO,JO,ME-JO-080-002,JOINT [Type: SPI/O-RING/LEVRE] [Dimensions: IntXExtXEp] [Matière: NBR/FKM]
170101004,"""MS BOLT WITH WASHERCLASS12,9",ME,ME-VI,VI,ME-VI-BOL-001,VIS [Type: CHC/TH/FHC] M [Diamètre]X[Longueur]en mm [Matiere:Acier/Inox]
170101009,METALLIC GASKET DN25PN160,ME,ME-JO,JO,ME-JO-025-003,JOINT [Type: SPI/O-RING/LEVRE] [Dimensions: IntXExtXEp] [Matière: NBR/FKM]
170101017,PH SENSOR/ONLINEPHMETER DMTAW 090P10E0920/SR-2006052498 24VDC 4-20 mA PROMINENT TECH,EE,EE-CP,CP,EE-CP-SEN-007,CAPTEUR [Type: PROXIMITE/PHOTO] [Signal: PNP/NPN/TOR] [Raccordement]
170101020,CANDLE FOR 616B FILTER FOR REFINERY,HY,HY-FI,FI,HY-FI-CAN-001,FILTRE HYDRAULIQUE [Type: RETOUR/ASP] [Seuil/µm] [Raccordement/Débit]
190000035,GEFRAN 40T 48400RR0001 TEMPERATURE CONTROLLER F000188 NEW REFINERY PANEL,IN,IN-TE,TE,IN-TE-RLR-006,SONDE TEMPERATURE [Type: PT100/TC-K] L=[Longueur] Ø[Tige]
190000036,ELECTROPNEUMATIC POS.0.2-2.0 B,PN,PN-RA,RA,PN-RA-ELE-001,RACCORD PNEUMATIQUE [Type: INSTANT/NIPPLE] Ø[Tube] [Filetage]
190000037,ELECTROPNEUMATIC POS.0.4-1.2 B,PN,PN-RA,RA,PN-RA-ELE-002,RACCORD PNEUMATIQUE [Type: INSTANT/NIPPLE] Ø[Tube] [Filetage]
190000038,ELECTROPNEUMATIC POS.1.4-2.3 B,PN,PN-RA,RA,PN-RA-ELE-003,RACCORD PNEUMATIQUE [Type: INSTANT/NIPPLE] Ø[Tube] [Filetage]
190000042,ELECTROPNEUMATIC POS.0.2-6BAR,PN,PN-RA,RA,PN-RA-ELE-004,RACCORD PNEUMATIQUE [Type: INSTANT/NIPPLE] Ø[Tube] [Filetage]
190000043,"LIMIT SWITCH LVLA7 C00417182 PEPPREL FUCHS, VIBRACON SWITCH FOR NEW REFINERY",EE,EE-CP,CP,EE-CP-LIM-010,CAPTEUR [Type: PROXIMITE/PHOTO] [Signal: PNP/NPN/TOR] [Raccordement]
190000056,FUSE = NH00GG50V100/10A FERAZ SHAWMUT BOILER AUTOMATION/UTILITY,EL,EL-FU,FU,EL-FU-100-001,FUSIBLE [Type: AM/GG/UR] [Taille] [Calibre/A] [Tension]
190000058,RELAY INTERFACE PT570730 MAKE = SCHRACK BOILER AUTOMATION SYSTEM,EL,EL-RE,RE,EL-RE-REL-016,RELAIS [Type: EMBROCHABLE/STAT] BOBINE [Tension/V] [Nbr Contacts]
190000062,TRANERTAD115CHILLERCOMPRESSOR MOD: CHHPOM1TKEONO77A SE :UA5J8978,PN,PN-CO,CO,PN-CO-TRA-002,COMPRESSEUR AIR [Puissance/kW] [Débit] [Capacité Cuve/L] [Pression]
190000250,COVERSEAL GASKET -,ME,ME-JO,JO,ME-JO-COV-001,JOINT [Type: SPI/O-RING/LEVRE] [Dimensions: IntXExtXEp] [Matière: NBR/FKM]
190000251,O-RING SILICON MOUTH -SHARPLEX,ME,ME-JO,JO,ME-JO-RIN-012,JOINT [Type: SPI/O-RING/LEVRE] [Dimensions: IntXExtXEp] [Matière: NBR/FKM]
190000252,O-RING VITON VIBRATOR,ME,ME-JO,JO,ME-JO-RIN-013,JOINT [Type: SPI/O-RING/LEVRE] [Dimensions: IntXExtXEp] [Matière: NBR/FKM]
190000253,EYE BOLT M27*260MM IN SS-SHARP,ME,ME-VI,VI,ME-VI-M27-001,VIS [Type: CHC/TH/FHC] M [Diamètre]X[Longueur]en mm [Matiere:Acier/Inox]
190000256,LATERAL GASKET GEA VT20 HNBR ITEM C00420137 CHANNELPLATE DEDICATED FOR PROJECT MARCO,ME,ME-JO,JO,ME-JO-PLT-001,JOINT [Type: SPI/O-RING/LEVRE] [Dimensions: IntXExtXEp] [Matière: NBR/FKM]
190000257,SEALING RING - SHARPLEXFILTER,ME,ME-JO,JO,ME-JO-SEA-021,JOINT [Type: SPI/O-RING/LEVRE] [Dimensions: IntXExtXEp] [Matière: NBR/FKM]
190000265,RING GASKET GEA VT20 HNBR ITEM C00420149 RING GASKET FUNCTION:T521B OIL HEATER,ME,ME-JO,JO,ME-JO-RIN-014,JOINT [Type: SPI/O-RING/LEVRE] [Dimensions: IntXExtXEp] [Matière: NBR/FKM]
190000266,ENDPLATE GASKET GEA NT150 HNBR ENDPLATE GASKET GEA NT 150 HN DEDICATED FOR PROJECT: MARCO,ME,ME-JO,JO,ME-JO-PLT-002,JOINT [Type: SPI/O-RING/LEVRE] [Dimensions: IntXExtXEp] [Matière: NBR/FKM]
190000267,LATERAL GASKET GEA NT 150 LATERAL CHANNELPLATE DEDICATED FOR: MARCO,ME,ME-JO,JO,ME-JO-PLT-003,JOINT [Type: SPI/O-RING/LEVRE] [Dimensions: IntXExtXEp] [Matière: NBR/FKM]
190000269,ENDPLATE GASKET GEA VT 20 HNBR ITEM C00420138 ENDPLATE GASKET,ME,ME-JO,JO,ME-JO-PLT-004,JOINT [Type: SPI/O-RING/LEVRE] [Dimensions: IntXExtXEp] [Matière: NBR/FKM]
190000271,MOTOR IWC FM 140/1000 TRG/2007,EL,EL-MO,MO,EL-MO-140-002,MOTEUR ASYNCHRONE [Puissance/kW] [Vitesse/tr/min] [Fixation] [Tension]
190000273,SIHI PUMP PF1001A SHAFT POS 21 SIHI PUMP TYPE Z 080160 MQ,HY,HY-PO,PO,HY-PO-021-001,POMPE HYDRAULIQUE [Type:volumetrique/Turbo pompe] [Cylindrée] [Pression Max][type de liquide]
190000280,WATER HOSE FOR FILTER  PRESS FILOX,HY,HY-FL,FL,HY-FL-WAT-001,FLEXIBLE HYDRAULIQUE [type: DN[Diamètre Ø int ] L=[Longueur] [Embouts]
190000287,NR PF1050/82 ACHILLED WATER  LINE ZL100160 EBKB,SE,SE-EC,EC,SE-EC-PF1-001,ECLAIRAGE [Type: LED/Halogènes] [Puissance/W] [Tension/V]
190000289,PRESS GAUGE 0-250BAR POS102.1 DESMET OEM CODE: C0010241 F1016A FILTER PRESS NEW REFINE,HY,HY-FI,FI,HY-FI-PRE-005,FILTRE HYDRAULIQUE [Type: RETOUR/ASP] [Seuil/µm] [Raccordement/Débit]
190000290,"PRESS GAUGE NG 63, 0-600BAR DESMET OEM CODE: C00420810,  F1016A FILTER PRESS NEWREFIN",HY,HY-FI,FI,HY-FI-PRE-006,FILTRE HYDRAULIQUE [Type: RETOUR/ASP] [Seuil/µm] [Raccordement/Débit]
190000293,CYLINDER TESTING BLOCK ASS.,HY,HY-VE,VE,HY-VE-BLK-001,VERIN HYDRAULIQUE [Type] Ø[Piston]/Ø[Tige]X[Course] [Pression Max]
190000295,HYDR. CYLINDER . FILTER PRESS BRAND FILOX,HY,HY-VE,VE,HY-VE-CYL-025,VERIN HYDRAULIQUE [Type] Ø[Piston]/Ø[Tige]X[Course] [Pression Max]
210000019,STITCHING WIRE  (SUN-UPENG.),EL,EL-CA,CA,EL-CA-STI-001,CABLE [Type] [Nbr Conducteurs]X[Section/mm²] [Matière/Blindage]
250211021,COURROIE BELT SPA 1732 LP 1750 BOILER CIRCULATION PUMP FOR SULZER BOILER I & II,ME,ME-CO,CO,ME-CO-COU-005,COURROIE [Type: Profil(TRAP/DENT/plate)] [dimension: L=[Longueurx epaisseur  en mm]
250828025,FUSES,EL,EL-FU,FU,EL-FU-FUS-003,FUSIBLE [Type: AM/GG/UR] [Taille] [Calibre/A] [Tension]
270661004,"""REDUCTION NIPPLE FESTO1/4""""""""",PN,PN-RA,RA,PN-RA-001-026,RACCORD PNEUMATIQUE [Type: INSTANT/NIPPLE] Ø[Tube] [Filetage]
270661005,"""REDUCTION NIPPLE FESTO1/2""""""""",PN,PN-RA,RA,PN-RA-001-027,RACCORD PNEUMATIQUE [Type: INSTANT/NIPPLE] Ø[Tube] [Filetage]
270661008,"REDUCTION NIPPLE 1/2""-1/4"" FES FESTO",PN,PN-RA,RA,PN-RA-001-028,RACCORD PNEUMATIQUE [Type: INSTANT/NIPPLE] Ø[Tube] [Filetage]
270662011,ELECTRO DISTRIBUTEUR MFH-5-1/4 PART NO. 6211,ME,ME-RO,RO,ME-RO-001-001,ROULEMENT [Type: BILLES/ROULEAUX] [Série/Réf] Ø[Intérieur]XØ[Extérieur]X[Épaisseur] [Flasque/Jeu]
270662014,BLOC DISTRIBUTEUR 32P-SOD-V-MB,PN,PN-DI,DI,PN-DI-BLO-002,DISTRIBUTEUR HYDRAULIQUE [Type] [Nbr Voies][Tiroir] [Tension Bobine]
270662025,"""FESTO REDUCTION NIPPLE1/2""""""""",PN,PN-RA,RA,PN-RA-001-029,RACCORD PNEUMATIQUE [Type: INSTANT/NIPPLE] Ø[Tube] [Filetage]
270662028,FESTO PNEUMATICSILENCER SIZE :,PN,PN-RA,RA,PN-RA-FES-001,RACCORD PNEUMATIQUE [Type: INSTANT/NIPPLE] Ø[Tube] [Filetage]
270662036,PUSH IN FITTINGS TYPE : QSS PNEUMATIC CONNECTION :G1/4 PNEUMATIC CONNECTION OUTLET6MM,PN,PN-RA,RA,PN-RA-001-030,RACCORD PNEUMATIQUE [Type: INSTANT/NIPPLE] Ø[Tube] [Filetage]
270662037,FITTING SUCTION CUP 1/8'' PNEUMATIC CONNECTION :G1/4 PNEUMATIC CONNECTION OUTLET6MM,PN,PN-RA,RA,PN-RA-001-031,RACCORD PNEUMATIQUE [Type: INSTANT/NIPPLE] Ø[Tube] [Filetage]
270662038,PUSHINFITTINGSWIVELT QST-1/8-6 153107,PN,PN-RA,RA,PN-RA-001-032,RACCORD PNEUMATIQUE [Type: INSTANT/NIPPLE] Ø[Tube] [Filetage]
270662039,PUSH IN L FITTING QSL 1/4-8  FESTO 153049,PN,PN-RA,RA,PN-RA-001-033,RACCORD PNEUMATIQUE [Type: INSTANT/NIPPLE] Ø[Tube] [Filetage]
270662040,MFH-5/2-D-1-C SOLONOIDEVALVE,PN,PN-EV,EV,PN-EV-005-001,"ELECTROVANNE PNEU [Fonction: 5/2, 3/2] [Filetage] [Tension Commande]"
270662043,MSFG-24/42-50/60SOLONOIDE COIL,CS,CS-GC,GC,CS-GC-024-001,
270662066,ELECTROVANNE 3-1/4,PN,PN-EV,EV,PN-EV-001-004,"ELECTROVANNE PNEU [Fonction: 5/2, 3/2] [Filetage] [Tension Commande]"
270662067,SOLENOID VALVE MCH 4-1/40-10 B,PN,PN-EV,EV,PN-EV-001-005,"ELECTROVANNE PNEU [Fonction: 5/2, 3/2] [Filetage] [Tension Commande]"
270662068,SOLENOID VALVE 16VA,PN,PN-EV,EV,PN-EV-SOL-004,"ELECTROVANNE PNEU [Fonction: 5/2, 3/2] [Filetage] [Tension Commande]"
270662075,PRESSURE REGULATOR LR1/8-SB,PN,PN-RE,RE,PN-RE-001-003,REGULATEUR PRESSION [Filetage] [Plage/Bars] [Options: MANOMETRE/FILTRE]
270662084,ELBOW G-1/8-A/I3614,HY,HY-RA,RA,HY-RA-001-009,RACCORD HYDRAULIQUE [Type: IMPLANT/UNION] [Filetage/Ø Tube] [Matière]
270662085,CONNECT.CABLEKVI-CP-3-WS-WD-2/,EL,EL-CA,CA,EL-CA-CON-004,CABLE [Type] [Nbr Conducteurs]X[Section/mm²] [Matière/Blindage]
270662091,PUSH IN L-FITQSL-1/8-8 / 15304,PN,PN-RA,RA,PN-RA-001-034,RACCORD PNEUMATIQUE [Type: INSTANT/NIPPLE] Ø[Tube] [Filetage]
270662098,DOUBLE NIPPLEE-1/2-1/2 MS / 15,PN,PN-RA,RA,PN-RA-001-035,RACCORD PNEUMATIQUE [Type: INSTANT/NIPPLE] Ø[Tube] [Filetage]
270662103,DISTRIBUTOR BLOCK FR-4 1/4  FESTO MODEL = FR-4 1/4 make = festo,PN,PN-DI,DI,PN-DI-001-002,DISTRIBUTEUR HYDRAULIQUE [Type] [Nbr Voies][Tiroir] [Tension Bobine]
270662104,DISTRIBUTOR MFH-5/3G-3/8-B  ELECTRO-DISTRIBUTOR FESTO 19707 W55/ -3 10BAR/40-14PSI,PN,PN-DI,DI,PN-DI-005-001,DISTRIBUTEUR HYDRAULIQUE [Type] [Nbr Voies][Tiroir] [Tension Bobine]
270662172,ELECTRO DISTRIBUTEURMOFH,PN,PN-DI,DI,PN-DI-ELE-003,DISTRIBUTEUR HYDRAULIQUE [Type] [Nbr Voies][Tiroir] [Tension Bobine]
270662178,ELECTRO DISTRIBUTEURJMFH,PN,PN-DI,DI,PN-DI-ELE-004,DISTRIBUTEUR HYDRAULIQUE [Type] [Nbr Voies][Tiroir] [Tension Bobine]
270662179,"ELECTRO DISTRIBUTEUR MHE4-M1H 1/4"" 24 VDC SOAPTEC",PN,PN-DI,DI,PN-DI-ELE-005,DISTRIBUTEUR HYDRAULIQUE [Type] [Nbr Voies][Tiroir] [Tension Bobine]
270662310,PUSH IN FITTING QS 1/8 -6B FESTO,PN,PN-RA,RA,PN-RA-001-036,RACCORD PNEUMATIQUE [Type: INSTANT/NIPPLE] Ø[Tube] [Filetage]
270662312,PUSH IN CONNECTOR QS 10 FESTO 153034,PN,PN-RA,RA,PN-RA-PUS-002,RACCORD PNEUMATIQUE [Type: INSTANT/NIPPLE] Ø[Tube] [Filetage]
270820003,FILTER ELEMNT TYP WAP40181HEPA NILFISK ALTO ATTIX 751-11 DIA,HY,HY-FI,FI,HY-FI-FIL-026,FILTRE HYDRAULIQUE [Type: RETOUR/ASP] [Seuil/µm] [Raccordement/Débit]
270828013,THERMOCOUPLE206/SK/14226 (NICH,IN,IN-TH,TH,IN-TH-THE-010,THERMOCOUPLE [Type: K/J/T] [Longueur Gaine] [Raccordement]
270828017,BEARING COVERWITH SPRINGGUIDE,ME,ME-RO,RO,ME-RO-BEA-003,ROULEMENT [Type: BILLES/ROULEAUX] [Série/Réf] Ø[Intérieur]XØ[Extérieur]X[Épaisseur] [Flasque/Jeu]
270828020,SPROCKET 2780400019(NICHROME),ME,ME-EN,EN,ME-EN-SPR-001,ENGRENAGE [Type: DROIT/HELIC] [Module]  [Ø exterieur/Matière][Ø Alésage/Matière]
270828021,LINEAR BEARING16LBE-UU-IKO (NI,ME,ME-RO,RO,ME-RO-LIN-003,ROULEMENT [Type: BILLES/ROULEAUX] [Série/Réf] Ø[Intérieur]XØ[Extérieur]X[Épaisseur] [Flasque/Jeu]
270828052,OIL SEAL 16*30*7W(NICHROME),ME,ME-JO,JO,ME-JO-016-002,JOINT [Type: SPI/O-RING/LEVRE] [Dimensions: IntXExtXEp] [Matière: NBR/FKM]
270828110,"""GEAR BELT TYPE 225L.3/8""""""""P*",ME,ME-CO,CO,ME-CO-003-001,COURROIE [Type: Profil(TRAP/DENT/plate)] [dimension: L=[Longueurx epaisseur  en mm]
270828117,OIL SEAL BM35*65*7(NICHROME),ME,ME-JO,JO,ME-JO-035-004,JOINT [Type: SPI/O-RING/LEVRE] [Dimensions: IntXExtXEp] [Matière: NBR/FKM]
270828118,OIL SEAL BM55*75*10(NICHROME),ME,ME-JO,JO,ME-JO-055-006,JOINT [Type: SPI/O-RING/LEVRE] [Dimensions: IntXExtXEp] [Matière: NBR/FKM]
270828121,PROXIMITY SWITCH DIA 18LVSP (N,EE,EE-CP,CP,EE-CP-018-001,CAPTEUR [Type: PROXIMITE/PHOTO] [Signal: PNP/NPN/TOR] [Raccordement]
270828132,POWER SUPPLY 230V AC24VDC/3A -,EE,EE-CA,CA,EE-CA-POW-008,CARTE ELECTRONIQUE [Fonction/Usage] [Réf Modèle] [Constructeur]
270828134,INDUCTIVE PROXIMITYSENSOR - NI,EE,EE-CP,CP,EE-CP-IND-001,CAPTEUR [Type: PROXIMITE/PHOTO] [Signal: PNP/NPN/TOR] [Raccordement]
270828165,"""GEAR BOX CROFT SZ22RATIO 14,5",ME,ME-EN,EN,ME-EN-GEA-011,ENGRENAGE [Type: DROIT/HELIC] [Module]  [Ø exterieur/Matière][Ø Alésage/Matière]
270828166,"""DUPLEX CHAIN 3/8""""""""X1300LG (",ME,ME-CH,CH,ME-CH-003-001,CHAINE ROULEAUX [Pas] [Type: SIMPLEX/DUPLEX] L=[Nbr Maillons/Longueur en mm]
270828168,"""CHAIN HALF LOCK&LINK3/8"""""""" (",ME,ME-CH,CH,ME-CH-003-002,CHAINE ROULEAUX [Pas] [Type: SIMPLEX/DUPLEX] L=[Nbr Maillons/Longueur en mm]
270828192,"""TIMING BELT 3/8"""""""" PITCH600L",ME,ME-CO,CO,ME-CO-003-002,COURROIE [Type: Profil(TRAP/DENT/plate)] [dimension: L=[Longueurx epaisseur  en mm]
270828205,CAMOZZI FLOW CONTROLVALVE GSCU,PN,PN-EV,EV,PN-EV-CAM-001,"ELECTROVANNE PNEU [Fonction: 5/2, 3/2] [Filetage] [Tension Commande]"
270828206,SUPER RAPID FITTING6610-6-1/8,PN,PN-RA,RA,PN-RA-001-037,RACCORD PNEUMATIQUE [Type: INSTANT/NIPPLE] Ø[Tube] [Filetage]
270828209,OIL SEAL 28*40*5THKSB225    NI,ME,ME-JO,JO,ME-JO-028-004,JOINT [Type: SPI/O-RING/LEVRE] [Dimensions: IntXExtXEp] [Matière: NBR/FKM]
270828210,PNEUMATIC CYLINDERPOLYMAT PN D,PN,PN-VE,VE,PN-VE-CYL-016,VERIN PNEUMATIQUE [Type: ISO/COMPACT] Ø[Alésage]X[Course] [Amortissement]
270828213,DIGITAL REGULATOR 30685FOR POL,PN,PN-RE,RE,PN-RE-DIG-002,REGULATEUR PRESSION [Filetage] [Plage/Bars] [Options: MANOMETRE/FILTRE]
270828231,"""VERTICAL SEAL HEATER3/8"""""""",",ME,ME-JO,JO,ME-JO-003-004,JOINT [Type: SPI/O-RING/LEVRE] [Dimensions: IntXExtXEp] [Matière: NBR/FKM]
270828246,MODULE 16 S 24VCC-NICHROME,EE,EE-CA,CA,EE-CA-MOD-013,CARTE ELECTRONIQUE [Fonction/Usage] [Réf Modèle] [Constructeur]
270828267,TRANSFORMER(220-110),EL,EL-DI,DI,EL-DI-TRA-003,"DISJONCTEUR [Type: [VIDE,BAIN D'HUILE,GAZ,MOTEUR,MANETTE]  [Calibre/A] [Tension/Volt][Nbr Pôles] [Fabricant]"
270828268,CHAIN LOCK-LINK SIMPLEX3/4,ME,ME-CH,CH,ME-CH-003-003,CHAINE ROULEAUX [Pas] [Type: SIMPLEX/DUPLEX] L=[Nbr Maillons/Longueur en mm]
270828273,PLC CONTROLLERNICHROME ALLEN B,EE,EE-AU,AU,EE-AU-CON-001,AUTOMATE PLC [Série/Modèle] [Configuration E/S] [Alimentation]
270828276,RELAY 11 PIN 3C/O24 VDC MACKE,EL,EL-RE,RE,EL-RE-REL-017,RELAIS [Type: EMBROCHABLE/STAT] BOBINE [Tension/V] [Nbr Contacts]
270828293,"J71-474-1,0 SCREEN CABLE RS 422/9PIN/MITSUBISHI",EL,EL-CA,CA,EL-CA-422-001,CABLE [Type] [Nbr Conducteurs]X[Section/mm²] [Matière/Blindage]
270828654,TEMPERATURE DIGITAL INDICATOR,IN,IN-TE,TE,IN-TE-TEM-004,SONDE TEMPERATURE [Type: PT100/TC-K] L=[Longueur] Ø[Tige]
270830041,BELT M-21 (M3)G16010021-2  JOI,ME,ME-CO,CO,ME-CO-M21-001,COURROIE [Type: Profil(TRAP/DENT/plate)] [dimension: L=[Longueurx epaisseur  en mm]
270830046,HEATER TRANSFORMER 230VE170100,EL,EL-DI,DI,EL-DI-HEA-001,"DISJONCTEUR [Type: [VIDE,BAIN D'HUILE,GAZ,MOTEUR,MANETTE]  [Calibre/A] [Tension/Volt][Nbr Pôles] [Fabricant]"
270830049,SWITCH SELECTORE07010041 JOINP,EE,EE-CP,CP,EE-CP-SWI-004,CAPTEUR [Type: PROXIMITE/PHOTO] [Signal: PNP/NPN/TOR] [Raccordement]
270830051,PUSH BUTTON SWITCH E07020062 J,EE,EE-CP,CP,EE-CP-PUS-002,CAPTEUR [Type: PROXIMITE/PHOTO] [Signal: PNP/NPN/TOR] [Raccordement]
270830052,PUSH BUTTONYW1B-M1E10YPE070200,EL,EL-CO,CO,EL-CO-PUS-003,CONTACTEUR [Intensité/A] BOBINE [Tension/V] [Nbr Contacts NO/NF]
270830055,SAFETYSWITCHATO-02-1-I/AE07040,EE,EE-CP,CP,EE-CP-SAF-005,CAPTEUR [Type: PROXIMITE/PHOTO] [Signal: PNP/NPN/TOR] [Raccordement]
270830056,"""LAMP,POWER,YW1P-2EQ7WPE070500",SE,SE-EC,EC,SE-EC-LAM-001,ECLAIRAGE [Type: LED/Halogènes] [Puissance/W] [Tension/V]
270830058,LIMITSWITCH E07040032R1JOPINPA,EE,EE-CP,CP,EE-CP-LIM-011,CAPTEUR [Type: PROXIMITE/PHOTO] [Signal: PNP/NPN/TOR] [Raccordement]
270830061,TRANSFORMER E17010048JOINPACK,EL,EL-DI,DI,EL-DI-TRA-004,"DISJONCTEUR [Type: [VIDE,BAIN D'HUILE,GAZ,MOTEUR,MANETTE]  [Calibre/A] [Tension/Volt][Nbr Pôles] [Fabricant]"
270830062,FUSE 5*20/2AE23010007 JOINPACK,EL,EL-FU,FU,EL-FU-005-001,FUSIBLE [Type: AM/GG/UR] [Taille] [Calibre/A] [Tension]
270830065,PROXIMITY SWITCHTLQ5MC21V TO 2,EE,EE-CP,CP,EE-CP-PRO-006,CAPTEUR [Type: PROXIMITE/PHOTO] [Signal: PNP/NPN/TOR] [Raccordement]
270830082,REAL NUT HANDLES13450001 JOINP,ME,ME-VI,VI,ME-VI-REA-001,VIS [Type: CHC/TH/FHC] M [Diamètre]X[Longueur]en mm [Matiere:Acier/Inox]
270830085,BAND REGULATORA20620016 JOINPA,PN,PN-RE,RE,PN-RE-BAN-001,REGULATEUR PRESSION [Filetage] [Plage/Bars] [Options: MANOMETRE/FILTRE]
270830086,LIMIT SWITCH XZ15GM4BJOINPACK,EE,EE-CP,CP,EE-CP-LIM-012,CAPTEUR [Type: PROXIMITE/PHOTO] [Signal: PNP/NPN/TOR] [Raccordement]
270830089,BEARING UC-50204-00JOINPACK,ME,ME-RO,RO,ME-RO-502-001,ROULEMENT [Type: BILLES/ROULEAUX] [Série/Réf] Ø[Intérieur]XØ[Extérieur]X[Épaisseur] [Flasque/Jeu]
270830092,BEARING UC-50224-00JOINPACK,ME,ME-RO,RO,ME-RO-502-002,ROULEMENT [Type: BILLES/ROULEAUX] [Série/Réf] Ø[Intérieur]XØ[Extérieur]X[Épaisseur] [Flasque/Jeu]
270830094,SPRING BLADE GUARDUC-50303-00,SE,SE-PM,PM,SE-PM-SPR-001,PROTECTION MACHINE [Type: CARTER/GRILLAGE/Switch] [Dimensions][Capteurs sécurité/Fin de course/dispositif d'arret d'urgence] [Matière][Tension]
270830101,WASHER FRICTIONUC-50605-00 JOI,ME,ME-VI,VI,ME-VI-WAS-003,VIS [Type: CHC/TH/FHC] M [Diamètre]X[Longueur]en mm [Matiere:Acier/Inox]
270830102,WASHER TENSION SPRINGUC-50606-,ME,ME-VI,VI,ME-VI-WAS-004,VIS [Type: CHC/TH/FHC] M [Diamètre]X[Longueur]en mm [Matiere:Acier/Inox]
270830110,PCB OUTPUT A2 (A-93N) ITEM NO.: E25101044-1,EE,EE-CA,CA,EE-CA-PCB-002,CARTE ELECTRONIQUE [Fonction/Usage] [Réf Modèle] [Constructeur]
270830111,SCREW UTS-FMS-0406GJOINPACK,ME,ME-VI,VI,ME-VI-SCR-005,VIS [Type: CHC/TH/FHC] M [Diamètre]X[Longueur]en mm [Matiere:Acier/Inox]
270830112,SCREW UTS -FMS-0608GJOINPACK,ME,ME-VI,VI,ME-VI-SCR-006,VIS [Type: CHC/TH/FHC] M [Diamètre]X[Longueur]en mm [Matiere:Acier/Inox]
270830122,WHEEL MAIN BELTUC954122-00 JOI,ME,ME-CO,CO,ME-CO-UC9-001,COURROIE [Type: Profil(TRAP/DENT/plate)] [dimension: L=[Longueurx epaisseur  en mm]
270830126,BEARING UC954529-00JOINPACK,ME,ME-RO,RO,ME-RO-UC9-001,ROULEMENT [Type: BILLES/ROULEAUX] [Série/Réf] Ø[Intérieur]XØ[Extérieur]X[Épaisseur] [Flasque/Jeu]
270830128,SCREW UTS-HB-0508GJOINPACK,ME,ME-VI,VI,ME-VI-SCR-007,VIS [Type: CHC/TH/FHC] M [Diamètre]X[Longueur]en mm [Matiere:Acier/Inox]
270830129,SCREW UTS-PW-0512GJOINPACK,ME,ME-VI,VI,ME-VI-SCR-008,VIS [Type: CHC/TH/FHC] M [Diamètre]X[Longueur]en mm [Matiere:Acier/Inox]
270830130,SCREW UTS-HBS-0408GJOINPACK,ME,ME-VI,VI,ME-VI-SCR-009,VIS [Type: CHC/TH/FHC] M [Diamètre]X[Longueur]en mm [Matiere:Acier/Inox]
270830131,SCREW UTS-FMS-0408GJOINPACK,ME,ME-VI,VI,ME-VI-SCR-010,VIS [Type: CHC/TH/FHC] M [Diamètre]X[Longueur]en mm [Matiere:Acier/Inox]
270830132,SCREW UC-50401-00JOINPACK,ME,ME-VI,VI,ME-VI-SCR-011,VIS [Type: CHC/TH/FHC] M [Diamètre]X[Longueur]en mm [Matiere:Acier/Inox]
270830133,MOTOR SEALING (M23) E01-010028 230/400V1/3HP 50/60 HZ,ME,ME-JO,JO,ME-JO-230-001,JOINT [Type: SPI/O-RING/LEVRE] [Dimensions: IntXExtXEp] [Matière: NBR/FKM]
270830134,MOTOR(M26/29-50HZ) E01-010023 230/400V1/4HP 50/60 HZ,EL,EL-MO,MO,EL-MO-026-001,MOTEUR ASYNCHRONE [Puissance/kW] [Vitesse/tr/min] [Fixation] [Tension]
270830135,MOTOR PULLY M2 50HZ A11-700009,ME,ME-RO,RO,ME-RO-MOT-001,ROULEMENT [Type: BILLES/ROULEAUX] [Série/Réf] Ø[Intérieur]XØ[Extérieur]X[Épaisseur] [Flasque/Jeu]
270830139,PCB (INPUT) E25-101043,EE,EE-CA,CA,EE-CA-PCB-003,CARTE ELECTRONIQUE [Fonction/Usage] [Réf Modèle] [Constructeur]
270830140,PCB (OUTPUT) E25-101044,EE,EE-CA,CA,EE-CA-PCB-004,CARTE ELECTRONIQUE [Fonction/Usage] [Réf Modèle] [Constructeur]
270830141,MAIN PCB (STANDERED) E25101046,EE,EE-CA,CA,EE-CA-MAI-001,CARTE ELECTRONIQUE [Fonction/Usage] [Réf Modèle] [Constructeur]
270830142,OVERLOAD RELAY RHN10K (4-6A) (220V/1PH) E23-030038,EL,EL-RE,RE,EL-RE-006-001,RELAIS [Type: EMBROCHABLE/STAT] BOBINE [Tension/V] [Nbr Contacts]
270830143,OVERLOAD RELAY RHN10K 2.4-3.6A (220V/1PH) E23-030039,EL,EL-RE,RE,EL-RE-006-002,RELAIS [Type: EMBROCHABLE/STAT] BOBINE [Tension/V] [Nbr Contacts]
270830145,"FUSE (F7) 5*20, 2A E23-010009 (SLOW BLOW)",EL,EL-FU,FU,EL-FU-005-002,FUSIBLE [Type: AM/GG/UR] [Taille] [Calibre/A] [Tension]
270830148,MAGNETIC SWITCH CN-11 (AC24V) E03-010026R1,EE,EE-CP,CP,EE-CP-MAG-002,CAPTEUR [Type: PROXIMITE/PHOTO] [Signal: PNP/NPN/TOR] [Raccordement]
270830149,TRANSFORMER 110/220/24V/1A E17-010030,EL,EL-DI,DI,EL-DI-110-001,"DISJONCTEUR [Type: [VIDE,BAIN D'HUILE,GAZ,MOTEUR,MANETTE]  [Calibre/A] [Tension/Volt][Nbr Pôles] [Fabricant]"
270830150,PCB TERMINAL E25-101045,EE,EE-CA,CA,EE-CA-PCB-005,CARTE ELECTRONIQUE [Fonction/Usage] [Réf Modèle] [Constructeur]
270830154,FOOT SWITCH E07-100001,EE,EE-CP,CP,EE-CP-FOO-001,CAPTEUR [Type: PROXIMITE/PHOTO] [Signal: PNP/NPN/TOR] [Raccordement]
270830157,REEL BRACKET PULLY A20-620010,ME,ME-RO,RO,ME-RO-REE-001,ROULEMENT [Type: BILLES/ROULEAUX] [Série/Réf] Ø[Intérieur]XØ[Extérieur]X[Épaisseur] [Flasque/Jeu]
270830163,PROXIMITY SENSOR 10~30VAC 150m A FOR JOIN PACK,EE,EE-CP,CP,EE-CP-PRO-007,CAPTEUR [Type: PROXIMITE/PHOTO] [Signal: PNP/NPN/TOR] [Raccordement]
270830166,"DIGITAL CONT ""W2"" WEIGHING SYSTEM SR. NO = NRE/N/0931001 PE/156 NRENTERPRISES",EE,EE-CA,CA,EE-CA-DIG-002,CARTE ELECTRONIQUE [Fonction/Usage] [Réf Modèle] [Constructeur]
270830167,V-BELT B92,ME,ME-CO,CO,ME-CO-B92-001,COURROIE [Type: Profil(TRAP/DENT/plate)] [dimension: L=[Longueurx epaisseur  en mm]
270830170,BELT C-54118-01 50x3050 JOIN P,ME,ME-CO,CO,ME-CO-C54-001,COURROIE [Type: Profil(TRAP/DENT/plate)] [dimension: L=[Longueurx epaisseur  en mm]
271160015,REGULATEUR D'TEMPERATURE,PN,PN-RE,RE,PN-RE-REG-001,REGULATEUR PRESSION [Filetage] [Plage/Bars] [Options: MANOMETRE/FILTRE]
271462002,DISTRIBUTEUR HYDRAULIQUE,HY,HY-DI,DI,HY-DI-DIS-001,DISTRIBUTEUR HYDRAULIQUE [Type] [Nbr Voies][Tiroir] [Tension Bobine]
271462008,WATER PUMP 20M3/H CENTIFUGAL PUMP HEAD 15M  RPM 2900,HY,HY-PO,PO,HY-PO-WAT-001,POMPE HYDRAULIQUE [Type:volumetrique/Turbo pompe] [Cylindrée] [Pression Max][type de liquide]
271462010,"TUYAU GALVINESE DE 3/4""",HY,HY-FL,FL,HY-FL-003-004,FLEXIBLE HYDRAULIQUE [type: DN[Diamètre Ø int ] L=[Longueur] [Embouts]
271462020,POMPE MULTICELLULAIRE,HY,HY-PO,PO,HY-PO-POM-002,POMPE HYDRAULIQUE [Type:volumetrique/Turbo pompe] [Cylindrée] [Pression Max][type de liquide]
271462021,ONEWAY FLOW CONTROLVALVE,PN,PN-EV,EV,PN-EV-ONE-003,"ELECTROVANNE PNEU [Fonction: 5/2, 3/2] [Filetage] [Tension Commande]"
271462022,POMPE MANUELLE,HY,HY-PO,PO,HY-PO-POM-003,POMPE HYDRAULIQUE [Type:volumetrique/Turbo pompe] [Cylindrée] [Pression Max][type de liquide]
271462028,"""SOLENOID VALVE DIAM 1""""""""PN:",PN,PN-EV,EV,PN-EV-001-006,"ELECTROVANNE PNEU [Fonction: 5/2, 3/2] [Filetage] [Tension Commande]"
271462029,"DIESEL PUMP PORTABLE/KIPOR/4"" SUCT. MODEL=KDP 40/CRUDE OIL TRANSFER ST. OIL PUMP",HY,HY-PO,PO,HY-PO-004-001,POMPE HYDRAULIQUE [Type:volumetrique/Turbo pompe] [Cylindrée] [Pression Max][type de liquide]
271462030,"FLAMEPROOF PUMP FOR HSD 1-PH / HEAD-20MTR, 150LPM, 1.5KW / HSD PUMP FOR DIESEL TRANSFER",HY,HY-PO,PO,HY-PO-150-002,POMPE HYDRAULIQUE [Type:volumetrique/Turbo pompe] [Cylindrée] [Pression Max][type de liquide]
271462074,WALL AUTO SANITIZER DISPENSERS DISTRIBUTEURS DE DESINFECTANT,PN,PN-DI,DI,PN-DI-WAL-001,DISTRIBUTEUR HYDRAULIQUE [Type] [Nbr Voies][Tiroir] [Tension Bobine]
271836008,COURROIE DE TRANSPRT -0VU1SPAR,ME,ME-CO,CO,ME-CO-COU-006,COURROIE [Type: Profil(TRAP/DENT/plate)] [dimension: L=[Longueurx epaisseur  en mm]
271836069,RELAIS 2530303407,EL,EL-RE,RE,EL-RE-REL-018,RELAIS [Type: EMBROCHABLE/STAT] BOBINE [Tension/V] [Nbr Contacts]
271836093,ECROU 2540313022,ME,ME-VI,VI,ME-VI-ECR-001,VIS [Type: CHC/TH/FHC] M [Diamètre]X[Longueur]en mm [Matiere:Acier/Inox]
271836126,SERVO MOTOR (SM100-40-050-P1- 45-S1-B0) FOR ACMA MACHINE,EL,EL-MO,MO,EL-MO-SER-009,MOTEUR ASYNCHRONE [Puissance/kW] [Vitesse/tr/min] [Fixation] [Tension]
271836140,ROULEMENT A BILLES2508121111 F,ME,ME-RO,RO,ME-RO-ROU-003,ROULEMENT [Type: BILLES/ROULEAUX] [Série/Réf] Ø[Intérieur]XØ[Extérieur]X[Épaisseur] [Flasque/Jeu]
271836143,ROULEMENT A BILLES2508114003 F,ME,ME-RO,RO,ME-RO-ROU-004,ROULEMENT [Type: BILLES/ROULEAUX] [Série/Réf] Ø[Intérieur]XØ[Extérieur]X[Épaisseur] [Flasque/Jeu]
271836161,FILTRE 2513916245SPARES FOR AC,HY,HY-FI,FI,HY-FI-FIL-027,FILTRE HYDRAULIQUE [Type: RETOUR/ASP] [Seuil/µm] [Raccordement/Débit]
271836208,RONDELLE0VU2008,ME,ME-VI,VI,ME-VI-RON-002,VIS [Type: CHC/TH/FHC] M [Diamètre]X[Longueur]en mm [Matiere:Acier/Inox]
271836214,VARIATEUR DU VITESSE (AC DRIVE DANFOSS-ACMA MACHINE VLT2805PT4B20 STR,IN,IN-VA,VA,IN-VA-VAR-009,"VARIATEUR VITESSE [Type: MONO, TRIPHASE] [Puissance/kW]  [Mode: Réseau/Simple][Fabricant]"
271836242,AC DRIVE  ATV31 HU 2.2KW N4 SCHNEIDER TELEMECANIQUE GENERAL USE FOR FACTORY,IN,IN-VA,VA,IN-VA-DRI-010,"VARIATEUR VITESSE [Type: MONO, TRIPHASE] [Puissance/kW]  [Mode: Réseau/Simple][Fabricant]"
271836243,AC DRIVE  ATV31 HU 5 KW N5 SCHNEIDER TELEMECANIQUE GENERAL USE FOR FACTORY,IN,IN-VA,VA,IN-VA-DRI-011,"VARIATEUR VITESSE [Type: MONO, TRIPHASE] [Puissance/kW]  [Mode: Réseau/Simple][Fabricant]"
271836244,AC DRIVE  ATV31 HU 7.5 KW N5 SCHNEIDER TELEMECANIQUE GENERAL USE FOR FACTORY,IN,IN-VA,VA,IN-VA-DRI-012,"VARIATEUR VITESSE [Type: MONO, TRIPHASE] [Puissance/kW]  [Mode: Réseau/Simple][Fabricant]"
271836302,ROULEMENT A BILLES 2508103002,ME,ME-RO,RO,ME-RO-250-002,ROULEMENT [Type: BILLES/ROULEAUX] [Série/Réf] Ø[Intérieur]XØ[Extérieur]X[Épaisseur] [Flasque/Jeu]
271836304,ROULEMENT A GALETS 2509207304,ME,ME-RO,RO,ME-RO-250-003,ROULEMENT [Type: BILLES/ROULEAUX] [Série/Réf] Ø[Intérieur]XØ[Extérieur]X[Épaisseur] [Flasque/Jeu]
271836306,ROULEMENT A BILLES 2508104006,ME,ME-RO,RO,ME-RO-250-004,ROULEMENT [Type: BILLES/ROULEAUX] [Série/Réf] Ø[Intérieur]XØ[Extérieur]X[Épaisseur] [Flasque/Jeu]
271836317,ROULEMENT A BILLES 2508103017,ME,ME-RO,RO,ME-RO-250-005,ROULEMENT [Type: BILLES/ROULEAUX] [Série/Réf] Ø[Intérieur]XØ[Extérieur]X[Épaisseur] [Flasque/Jeu]
271836410,RONDELLE25092114100,ME,ME-VI,VI,ME-VI-RON-003,VIS [Type: CHC/TH/FHC] M [Diamètre]X[Longueur]en mm [Matiere:Acier/Inox]
271836414,CAGE A ROULEMENTS2509214014,ME,ME-RO,RO,ME-RO-CAG-001,ROULEMENT [Type: BILLES/ROULEAUX] [Série/Réf] Ø[Intérieur]XØ[Extérieur]X[Épaisseur] [Flasque/Jeu]
271836716,THERMOCOUPLE UPPERHEATER 15B,IN,IN-TH,TH,IN-TH-THE-011,THERMOCOUPLE [Type: K/J/T] [Longueur Gaine] [Raccordement]
271836724,"""SCREW T.C.B.UNI 5931-67-8,8M4",ME,ME-VI,VI,ME-VI-SCR-012,VIS [Type: CHC/TH/FHC] M [Diamètre]X[Longueur]en mm [Matiere:Acier/Inox]
271836725,"""WASHER UNI 6592 6S 4,3X9X0,8",ME,ME-VI,VI,ME-VI-004-001,VIS [Type: CHC/TH/FHC] M [Diamètre]X[Longueur]en mm [Matiere:Acier/Inox]
271836726,"""SCREW T.C.B.UNI 5739-65-8,8 M",ME,ME-VI,VI,ME-VI-SCR-013,VIS [Type: CHC/TH/FHC] M [Diamètre]X[Longueur]en mm [Matiere:Acier/Inox]
271836727,"""SCREW T.C.B.UNI5931-67-8,8M6X",ME,ME-VI,VI,ME-VI-SCR-014,VIS [Type: CHC/TH/FHC] M [Diamètre]X[Longueur]en mm [Matiere:Acier/Inox]
271836731,SCREW T.C.B. M6X162520504004,ME,ME-VI,VI,ME-VI-006-001,VIS [Type: CHC/TH/FHC] M [Diamètre]X[Longueur]en mm [Matiere:Acier/Inox]
271836755,SCREW T.S.B.M4X8,ME,ME-VI,VI,ME-VI-M04-003,VIS [Type: CHC/TH/FHC] M [Diamètre]X[Longueur]en mm [Matiere:Acier/Inox]
271836756,SCREW T.S. M5X12,ME,ME-VI,VI,ME-VI-M05-008,VIS [Type: CHC/TH/FHC] M [Diamètre]X[Longueur]en mm [Matiere:Acier/Inox]
271836802,VIS2520504002,CS,CS-CA,CA,CS-CA-VIS-001,
277212002,RELAY  8-101-303-092(BOSCH),EL,EL-RE,RE,EL-RE-REL-019,RELAIS [Type: EMBROCHABLE/STAT] BOBINE [Tension/V] [Nbr Contacts]
277212004,RELAY FOOT 8-101-302-976(BOSCH,EL,EL-RE,RE,EL-RE-REL-020,RELAIS [Type: EMBROCHABLE/STAT] BOBINE [Tension/V] [Nbr Contacts]
277212021,GUIDE BELT8-101-826-674 (BOSCH,ME,ME-CO,CO,ME-CO-GUI-001,COURROIE [Type: Profil(TRAP/DENT/plate)] [dimension: L=[Longueurx epaisseur  en mm]
277212023,SEAL RING8-101-200-290 (BOSCH),ME,ME-JO,JO,ME-JO-SEA-022,JOINT [Type: SPI/O-RING/LEVRE] [Dimensions: IntXExtXEp] [Matière: NBR/FKM]
277212026,O-RING8-101-200-357 (BOSCH),ME,ME-JO,JO,ME-JO-RIN-015,JOINT [Type: SPI/O-RING/LEVRE] [Dimensions: IntXExtXEp] [Matière: NBR/FKM]
277212027,CABLE8-101-851-291 (BOSCH),EL,EL-CA,CA,EL-CA-CAB-003,CABLE [Type] [Nbr Conducteurs]X[Section/mm²] [Matière/Blindage]
277212042,O-RING 12.0 * 3.08-101-205-447,ME,ME-JO,JO,ME-JO-012-002,JOINT [Type: SPI/O-RING/LEVRE] [Dimensions: IntXExtXEp] [Matière: NBR/FKM]
277212043,O-RING 34.2 * 3.08-101-202-049,ME,ME-JO,JO,ME-JO-034-001,JOINT [Type: SPI/O-RING/LEVRE] [Dimensions: IntXExtXEp] [Matière: NBR/FKM]
277212047,TEMPERATURE SENSOR LR 2750 IMF IFM ELECTRONIC 45128 ESSEN 45128 ESSEN,IN,IN-TE,TE,IN-TE-TEM-005,SONDE TEMPERATURE [Type: PT100/TC-K] L=[Longueur] Ø[Tige]
277212052,LAMP B42VI,SE,SE-EC,EC,SE-EC-LAM-002,ECLAIRAGE [Type: LED/Halogènes] [Puissance/W] [Tension/V]
277212058,BLOC DISTRIBUTOR VABB-B6-ET 537623 V202 VUVB-S-M42-,PN,PN-DI,DI,PN-DI-DST-005,DISTRIBUTEUR HYDRAULIQUE [Type] [Nbr Voies][Tiroir] [Tension Bobine]
277212062,CAPOT DE PROTECTION8-101-203-0,SE,SE-PM,PM,SE-PM-CAP-001,PROTECTION MACHINE [Type: CARTER/GRILLAGE/Switch] [Dimensions][Capteurs sécurité/Fin de course/dispositif d'arret d'urgence] [Matière][Tension]
277212070,VIS A SIX PANS CREUX8-103-201-,ME,ME-VI,VI,ME-VI-VIS-005,VIS [Type: CHC/TH/FHC] M [Diamètre]X[Longueur]en mm [Matiere:Acier/Inox]
277212071,VIS A TETE HEXAGO-M5x 308-105-,ME,ME-VI,VI,ME-VI-M05-009,VIS [Type: CHC/TH/FHC] M [Diamètre]X[Longueur]en mm [Matiere:Acier/Inox]
277212089,DX2052 DIGITAL DISPLAY AX460 DISPLAY AX 460 IFM ELECTRONIC IFM ELECTRONIC GMBM,EE,EE-CA,CA,EE-CA-DX2-001,CARTE ELECTRONIQUE [Fonction/Usage] [Réf Modèle] [Constructeur]
277212090,INSTANT RELAY PRO ECO 3 WEIDMULLER PRO ECO 3 120W  PRO ECO 3 120W 24V 5A,EL,EL-RE,RE,EL-RE-005-001,RELAIS [Type: EMBROCHABLE/STAT] BOBINE [Tension/V] [Nbr Contacts]
277212093,BEARING N° 9 PMR 3010/150 BEARING 8 PMR LABELLING M 3010 BEARING N° 8 GROUP N° 3000/1,ME,ME-RO,RO,ME-RO-301-001,ROULEMENT [Type: BILLES/ROULEAUX] [Série/Réf] Ø[Intérieur]XØ[Extérieur]X[Épaisseur] [Flasque/Jeu]
277212094,BELT N° 5 DIAM. 5 X 420 PMR  BELT N°5 PMR GROUP 3000/2,ME,ME-CO,CO,ME-CO-005-001,COURROIE [Type: Profil(TRAP/DENT/plate)] [dimension: L=[Longueurx epaisseur  en mm]
277212095,BEARING N° 7 PMR M3010/150 BEARING 7 PMR LABELLING  MT 5899-08 GROUP 3000/1,ME,ME-RO,RO,ME-RO-M30-001,ROULEMENT [Type: BILLES/ROULEAUX] [Série/Réf] Ø[Intérieur]XØ[Extérieur]X[Épaisseur] [Flasque/Jeu]
277212097,STEPPER ENG SANYO 103-845-0741 MOTOR SANYO TYPE 103-845-0741 MOTOR SANYO PMR MT 5899-08,EL,EL-MO,MO,EL-MO-STE-003,MOTEUR ASYNCHRONE [Puissance/kW] [Vitesse/tr/min] [Fixation] [Tension]
277212098,TOOTHED BELT N°12 PMR M 3010 TOOTHED BELT N°12 GROUP 3000/2,ME,ME-CO,CO,ME-CO-TOO-001,COURROIE [Type: Profil(TRAP/DENT/plate)] [dimension: L=[Longueurx epaisseur  en mm]
277212101,BEARING DIA EXT 26/INT10X8 N°2 BEARING N° 2 GROUP N° 3000/2,ME,ME-RO,RO,ME-RO-260-001,ROULEMENT [Type: BILLES/ROULEAUX] [Série/Réf] Ø[Intérieur]XØ[Extérieur]X[Épaisseur] [Flasque/Jeu]
277212113,DATASENSOR TYPE:SR21,EE,EE-CP,CP,EE-CP-DAT-001,CAPTEUR [Type: PROXIMITE/PHOTO] [Signal: PNP/NPN/TOR] [Raccordement]
277212116,SPX ISO TRANSFORMER 440/230VAC 1.74AMP FOR SPX HOMOGENISER ISOLATION TRANSFORMER,EL,EL-DI,DI,EL-DI-440-001,"DISJONCTEUR [Type: [VIDE,BAIN D'HUILE,GAZ,MOTEUR,MANETTE]  [Calibre/A] [Tension/Volt][Nbr Pôles] [Fabricant]"
277212117,SPX CONTACTOR 3RT20151BB42 WITH ADDON BLOCK 3RT29161DG00 HOMOGENISER PUMP SPX,HY,HY-PO,PO,HY-PO-BLK-001,POMPE HYDRAULIQUE [Type:volumetrique/Turbo pompe] [Cylindrée] [Pression Max][type de liquide]
277212118,SPX TEMP REGULATOR 8MR21702BB FOOD PLANT HOMIGENISER PUMP SIEMENS MAKE,PN,PN-RE,RE,PN-RE-SPX-001,REGULATEUR PRESSION [Filetage] [Plage/Bars] [Options: MANOMETRE/FILTRE]
277212119,"SPX SIEMEN TIMER RELAY 3RP2513 IN: 12-240V AC/DC, OUT0.8-1.1 SIEMENS MAKE TIMER RELAY",EL,EL-RE,RE,EL-RE-SPX-001,RELAIS [Type: EMBROCHABLE/STAT] BOBINE [Tension/V] [Nbr Contacts]
277212212,SPX MULTIFUNCTION RELAY PR4116 HOMOGENISER FOOD PLANT PR ELECTTONICS MAKE,EL,EL-RE,RE,EL-RE-SPX-002,RELAIS [Type: EMBROCHABLE/STAT] BOBINE [Tension/V] [Nbr Contacts]
277212710,"SIC_DOL-0804-G05MNISENSORCABLE SENSOR CABLE SICK M8 4PIN 5M 5M, 4 WIRE",EL,EL-CA,CA,EL-CA-SIC-001,CABLE [Type] [Nbr Conducteurs]X[Section/mm²] [Matière/Blindage]
277212711,SIC_RE23-SAC_MAGNETIC SWITCH SICK MAGNETIC SWITCH SW VOLTAGE,EE,EE-CP,CP,EE-CP-SIC-002,CAPTEUR [Type: PROXIMITE/PHOTO] [Signal: PNP/NPN/TOR] [Raccordement]
277212713,SS RELAY SU942460 CONTROL VOLTAGE 3... 32VDC SWITCHED VOLTAGE 12... 280V AC,EL,EL-RE,RE,EL-RE-REL-021,RELAIS [Type: EMBROCHABLE/STAT] BOBINE [Tension/V] [Nbr Contacts]
277212714,SIEMENSMOTOR2.85KW12NM3000RPM 1FK2206-4AF10-0MA0 SIMOTICS S-1FK2 CT SERVO MOTOR,EL,EL-MO,MO,EL-MO-SIE-002,MOTEUR ASYNCHRONE [Puissance/kW] [Vitesse/tr/min] [Fixation] [Tension]
277212716,"SERMOTORCMP63M/PK/VR/RH1M/SM1 400 V,50HZ 4500 RPM",EL,EL-MO,MO,EL-MO-400-003,MOTEUR ASYNCHRONE [Puissance/kW] [Vitesse/tr/min] [Fixation] [Tension]
277212717,"EBSR 0.25/0.30 KW MOTOR 220-240 V, 50/60HZ,1.7/2.3 A CB 8MICROF/450V",EL,EL-MO,MO,EL-MO-003-001,MOTEUR ASYNCHRONE [Puissance/kW] [Vitesse/tr/min] [Fixation] [Tension]
277310001,MEMORY CARD 12 MB 6ES79548LE030AA,EE,EE-CA,CA,EE-CA-MEM-001,CARTE ELECTRONIQUE [Fonction/Usage] [Réf Modèle] [Constructeur]
277310002,DIGITALOPMODDQ 8X24VDC/2A HF 6ES75221BF000AB,EE,EE-CA,CA,EE-CA-008-001,CARTE ELECTRONIQUE [Fonction/Usage] [Réf Modèle] [Constructeur]
277310003,"ANALOG IPM, AI 8XU/I/RTD/TC S 6ES75317KF000AB",EE,EE-CA,CA,EE-CA-ANA-001,CARTE ELECTRONIQUE [Fonction/Usage] [Réf Modèle] [Constructeur]
277310004,DIGITALIPMODULEDI 32X24VDC HF 6ES75211BL000AB,EE,EE-CA,CA,EE-CA-032-004,CARTE ELECTRONIQUE [Fonction/Usage] [Réf Modèle] [Constructeur]
277310005,INDUCTIVE SENSORNBN3-F25 NBN3-F25-E8-5M,EE,EE-CP,CP,EE-CP-IND-002,CAPTEUR [Type: PROXIMITE/PHOTO] [Signal: PNP/NPN/TOR] [Raccordement]
277310006,TWIN PUSH BUTTON 3SU-1001-3AB42-0AK0,EL,EL-CO,CO,EL-CO-TWI-001,CONTACTEUR [Intensité/A] BOBINE [Tension/V] [Nbr Contacts NO/NF]
277310007,1 3PHASE 200-480VAC S210 DRIVE SINAMICS S210,IN,IN-VA,VA,IN-VA-3PH-001,"VARIATEUR VITESSE [Type: MONO, TRIPHASE] [Puissance/kW]  [Mode: Réseau/Simple][Fabricant]"
277310008,"FRONT CONNECTOR TERMI MODULES, 6ES75921AM000XB",EE,EE-CA,CA,EE-CA-FRO-001,CARTE ELECTRONIQUE [Fonction/Usage] [Réf Modèle] [Constructeur]
277310009,STOP SWITCH ISOLATOR - 23A 3P 3LD2103-0TK53,EE,EE-CP,CP,EE-CP-STO-001,CAPTEUR [Type: PROXIMITE/PHOTO] [Signal: PNP/NPN/TOR] [Raccordement]
277310010,MICROMASTER 4 PROFIBUS MODULE 6SE6400-1PBOO-OAAO FOOD PLANT,EE,EE-CA,CA,EE-CA-MIC-001,CARTE ELECTRONIQUE [Fonction/Usage] [Réf Modèle] [Constructeur]
277310012,IMPELLER PACKO 0115 T09518KEW PACKO PUMP TYPE:FP/66-40/152 PACKO PUMP S/N:197274 YEAR:021,HY,HY-PO,PO,HY-PO-066-001,POMPE HYDRAULIQUE [Type:volumetrique/Turbo pompe] [Cylindrée] [Pression Max][type de liquide]
277310013,MECH.SEAL PACKO 0-115 T09518KE PACKO PUMP TYPE: FP/66-40/152 PACKO PUMP S/N: 197274,ME,ME-JO,JO,ME-JO-000-001,JOINT [Type: SPI/O-RING/LEVRE] [Dimensions: IntXExtXEp] [Matière: NBR/FKM]
277310014,"SIMATICS71500PLC,CPU 1511-1 PN 6ES7511-1AK02-0AB0",EE,EE-AU,AU,EE-AU-SIM-002,AUTOMATE PLC [Série/Modèle] [Configuration E/S] [Alimentation]
277310015,DIGITAL IPOPMDI16X 24VDC BA  6ES7523-1BL00-0AA0 SIMATIC S7-1500,EE,EE-CA,CA,EE-CA-016-002,CARTE ELECTRONIQUE [Fonction/Usage] [Réf Modèle] [Constructeur]
277310017,"PROXIMITY SENSOR SME-8M-DS-24V-K-0,3-M8D VOLTAGE DC 5 V ... 30 V OR AC",EE,EE-CP,CP,EE-CP-PRO-008,CAPTEUR [Type: PROXIMITE/PHOTO] [Signal: PNP/NPN/TOR] [Raccordement]
277310019,MUSH. PUSH BUTTON 3SU1100-1BA20-1CA0 SIEMENS,EL,EL-CO,CO,EL-CO-MUS-001,CONTACTEUR [Intensité/A] BOBINE [Tension/V] [Nbr Contacts NO/NF]
277310020,INDUCTIVE SENSOR BI4-M12-VP6X-H1141 OPERATING VOLTAGE 10…30 VDC,EE,EE-CP,CP,EE-CP-IND-003,CAPTEUR [Type: PROXIMITE/PHOTO] [Signal: PNP/NPN/TOR] [Raccordement]
277310021,"POWER CONTACTOR 3KW AC-3E/AC-3, 7 A, 3 KW / 400 V 3-POLE, 24 V DC, AUXCON",EL,EL-CO,CO,EL-CO-007-001,CONTACTEUR [Intensité/A] BOBINE [Tension/V] [Nbr Contacts NO/NF]
277310022,PLCRSC24DC/21RELAYMODULE 2966171 INPUT VOLTAGE UN 24 V DC,EL,EL-RE,RE,EL-RE-PLC-001,RELAIS [Type: EMBROCHABLE/STAT] BOBINE [Tension/V] [Nbr Contacts]
277310023,SPRING COIL 4483710,CS,CS-GC,GC,CS-GC-SPR-003,
277310025,0.37KW MOTOR BN71_B4,EL,EL-MO,MO,EL-MO-004-002,MOTEUR ASYNCHRONE [Puissance/kW] [Vitesse/tr/min] [Fixation] [Tension]
277310028,THERMOCOUPLE J-674 LJ2849,IN,IN-TH,TH,IN-TH-THE-012,THERMOCOUPLE [Type: K/J/T] [Longueur Gaine] [Raccordement]
277310030,AIR CYLINDER AUTOPACK 1000,PN,PN-VE,VE,PN-VE-CYL-017,VERIN PNEUMATIQUE [Type: ISO/COMPACT] Ø[Alésage]X[Course] [Amortissement]
277310033,PUMP RIGGS AUTOPACK 1000,HY,HY-PO,PO,HY-PO-PUM-002,POMPE HYDRAULIQUE [Type:volumetrique/Turbo pompe] [Cylindrée] [Pression Max][type de liquide]
277310035,NON DRIVE END HEAD VOTATOR 2 GD AMERICAIN,IN,IN-VA,VA,IN-VA-NON-001,"VARIATEUR VITESSE [Type: MONO, TRIPHASE] [Puissance/kW]  [Mode: Réseau/Simple][Fabricant]"
277310039,REFRIGERANT LOW PRESS. SWITCH,EE,EE-CP,CP,EE-CP-REF-001,CAPTEUR [Type: PROXIMITE/PHOTO] [Signal: PNP/NPN/TOR] [Raccordement]
277310040,MAGNETOTHERMIC SWITCH 1079096,EE,EE-CP,CP,EE-CP-MAG-003,CAPTEUR [Type: PROXIMITE/PHOTO] [Signal: PNP/NPN/TOR] [Raccordement]
277310041,REFRI. SAF. RELI. VALVE1217061,PN,PN-EV,EV,PN-EV-REF-001,"ELECTROVANNE PNEU [Fonction: 5/2, 3/2] [Filetage] [Tension Commande]"
277310042,CONTACTOR DILM65A 1001350,EL,EL-CO,CO,EL-CO-CON-006,CONTACTEUR [Intensité/A] BOBINE [Tension/V] [Nbr Contacts NO/NF]
277310046,FLOW SWITCH 1024102,EE,EE-CP,CP,EE-CP-FLO-002,CAPTEUR [Type: PROXIMITE/PHOTO] [Signal: PNP/NPN/TOR] [Raccordement]
277310048,FESTOVALVEPOSITIONINDI 30X80MM SASF,PN,PN-EV,EV,PN-EV-030-001,"ELECTROVANNE PNEU [Fonction: 5/2, 3/2] [Filetage] [Tension Commande]"
277310049,IFMPHOTOELECTRICSEN OGP500 10...36 V DC,EE,EE-CP,CP,EE-CP-IFM-003,CAPTEUR [Type: PROXIMITE/PHOTO] [Signal: PNP/NPN/TOR] [Raccordement]
277310050,FESTO 3568055 SENSOR BOX SRBG-C1-N-1-P-M12 SRBG C1 N 1 P M12,EE,EE-CP,CP,EE-CP-FES-003,CAPTEUR [Type: PROXIMITE/PHOTO] [Signal: PNP/NPN/TOR] [Raccordement]
277310051,IFM TEMPERATURE SENSOR TD2507 18...32DC -50°C TO 150°C,IN,IN-TE,TE,IN-TE-050-001,SONDE TEMPERATURE [Type: PT100/TC-K] L=[Longueur] Ø[Tige]
277310052,UNI TEMP BAND HEATER 600 W UNI_ UHNS3AOX_600 W_230 VAC 3M CABLE,EL,EL-CA,CA,EL-CA-006-001,CABLE [Type] [Nbr Conducteurs]X[Section/mm²] [Matière/Blindage]
277310053,"VSD (INVERTER) SCHNEIDER 1.5KW ATV12HU15M2 2HP,200 TO 240V, 1 PHASE",IN,IN-VA,VA,IN-VA-VSD-001,"VARIATEUR VITESSE [Type: MONO, TRIPHASE] [Puissance/kW]  [Mode: Réseau/Simple][Fabricant]"
277310054,HEATSINK SU9 SSR ELE _ HEATSINK _SU9_SSR,EL,EL-CO,CO,EL-CO-HEA-001,CONTACTEUR [Intensité/A] BOBINE [Tension/V] [Nbr Contacts NO/NF]
277310055,SICK.1070833 CYLINDER SENSORS MZT7-03VPS-KUB PART NO.: 1070833,HY,HY-VE,VE,HY-VE-CYL-026,VERIN HYDRAULIQUE [Type] Ø[Piston]/Ø[Tige]X[Course] [Pression Max]
277310056,"UNITEMPCATRIDGEHEA150WWITHJ TC UNI.UHD-125-04-15012J 230V, 150W, 2M CABLE",EL,EL-CA,CA,EL-CA-UNI-001,CABLE [Type] [Nbr Conducteurs]X[Section/mm²] [Matière/Blindage]
277310057,"THERMOCOUPLE, JTYPE M6XM12 USTP2S-JY0854C2",IN,IN-TH,TH,IN-TH-THE-013,THERMOCOUPLE [Type: K/J/T] [Longueur Gaine] [Raccordement]
277310060,SMC SOLENOID VALVE VP342R-5YD1-02FA VOLTAGE : 24VDC,PN,PN-EV,EV,PN-EV-SMC-001,"ELECTROVANNE PNEU [Fonction: 5/2, 3/2] [Filetage] [Tension Commande]"
277310093,VACCUM SENSOR SPTW-B11R FESTO VACUM SENSOR SPTW FESTO SPTW-B11R-G14-VD-M12,EE,EE-CP,CP,EE-CP-VAC-003,CAPTEUR [Type: PROXIMITE/PHOTO] [Signal: PNP/NPN/TOR] [Raccordement]
277310096,BEVEL GEAR UNIT 2KJ3502,ME,ME-EN,EN,ME-EN-BEV-001,ENGRENAGE [Type: DROIT/HELIC] [Module]  [Ø exterieur/Matière][Ø Alésage/Matière]
277310097,TIMING BELT 660H150,ME,ME-CO,CO,ME-CO-TIM-003,COURROIE [Type: Profil(TRAP/DENT/plate)] [dimension: L=[Longueurx epaisseur  en mm]
277310099,FESTO SRBG SENSOR MODEL: SRBG-C1-N-1-P-M12 10-30VDC/100MA,EE,EE-CP,CP,EE-CP-FES-004,CAPTEUR [Type: PROXIMITE/PHOTO] [Signal: PNP/NPN/TOR] [Raccordement]
277310102,BRASS SEALER,ME,ME-JO,JO,ME-JO-BRA-001,JOINT [Type: SPI/O-RING/LEVRE] [Dimensions: IntXExtXEp] [Matière: NBR/FKM]
277310103,FABRIC BELT W-100 MM L-5000 MM,ME,ME-CO,CO,ME-CO-W10-001,COURROIE [Type: Profil(TRAP/DENT/plate)] [dimension: L=[Longueurx epaisseur  en mm]
277310104,TANK O RING,ME,ME-JO,JO,ME-JO-TAN-001,JOINT [Type: SPI/O-RING/LEVRE] [Dimensions: IntXExtXEp] [Matière: NBR/FKM]
277310105,"SILICON HOSE PIPE SIZE : 1""",HY,HY-FL,FL,HY-FL-SIL-001,FLEXIBLE HYDRAULIQUE [type: DN[Diamètre Ø int ] L=[Longueur] [Embouts]
277310106,OIL SEAL - OD:47 ID:30 T : 7,ME,ME-JO,JO,ME-JO-OIL-004,JOINT [Type: SPI/O-RING/LEVRE] [Dimensions: IntXExtXEp] [Matière: NBR/FKM]
277310108,""" O "" RING - ID :61.5 OD 68.5",ME,ME-JO,JO,ME-JO-RIN-016,JOINT [Type: SPI/O-RING/LEVRE] [Dimensions: IntXExtXEp] [Matière: NBR/FKM]
277310110,""" O "" RING - ID : 54 , OD : 60",ME,ME-JO,JO,ME-JO-RIN-017,JOINT [Type: SPI/O-RING/LEVRE] [Dimensions: IntXExtXEp] [Matière: NBR/FKM]
277310111,"OIL SEAL - ID-12, OD-24, B-7MM",ME,ME-JO,JO,ME-JO-007-002,JOINT [Type: SPI/O-RING/LEVRE] [Dimensions: IntXExtXEp] [Matière: NBR/FKM]
277310112,SHUT OFF PNEUMATIC CYLINDER,PN,PN-VE,VE,PN-VE-CYL-018,VERIN PNEUMATIQUE [Type: ISO/COMPACT] Ø[Alésage]X[Course] [Amortissement]
277310115,"PNEUMATIC FITTING, L, 1/4""-6MM, MALE",PN,PN-RA,RA,PN-RA-001-038,RACCORD PNEUMATIQUE [Type: INSTANT/NIPPLE] Ø[Tube] [Filetage]
277310118,MALE ELBOW - 1/4'X8,HY,HY-RA,RA,HY-RA-001-010,RACCORD HYDRAULIQUE [Type: IMPLANT/UNION] [Filetage/Ø Tube] [Matière]
277310119,"SOLENOID VALVE - 1/4""",PN,PN-EV,EV,PN-EV-001-007,"ELECTROVANNE PNEU [Fonction: 5/2, 3/2] [Filetage] [Tension Commande]"
277310122,FILLING SERVO DRIVE,IN,IN-VA,VA,IN-VA-FIL-001,"VARIATEUR VITESSE [Type: MONO, TRIPHASE] [Puissance/kW]  [Mode: Réseau/Simple][Fabricant]"
277310123,CONVEYOR MOTOR DRIVE,EL,EL-MO,MO,EL-MO-CON-001,MOTEUR ASYNCHRONE [Puissance/kW] [Vitesse/tr/min] [Fixation] [Tension]
277310124,ILLUMINITED PUSH BUTTON230 VAC,EL,EL-CO,CO,EL-CO-ILL-001,CONTACTEUR [Intensité/A] BOBINE [Tension/V] [Nbr Contacts NO/NF]
277310125,FESTO MAKE READ SWITCH…,EE,EE-CP,CP,EE-CP-FES-005,CAPTEUR [Type: PROXIMITE/PHOTO] [Signal: PNP/NPN/TOR] [Raccordement]
277310126,8-CHANNAL RELAY CARD,EL,EL-RE,RE,EL-RE-CHA-001,RELAIS [Type: EMBROCHABLE/STAT] BOBINE [Tension/V] [Nbr Contacts]
277310127,POWER SUPPLY - 4.2 AMP,EE,EE-CA,CA,EE-CA-POW-009,CARTE ELECTRONIQUE [Fonction/Usage] [Réf Modèle] [Constructeur]
277310128,SENSOR(HT5-1\4X-M8) WITH CABLE,EL,EL-CA,CA,EL-CA-SEN-003,CABLE [Type] [Nbr Conducteurs]X[Section/mm²] [Matière/Blindage]
277310129,INDUCTIVE PROXIMITY M18& CABLE,EL,EL-CA,CA,EL-CA-IND-001,CABLE [Type] [Nbr Conducteurs]X[Section/mm²] [Matière/Blindage]
277310130,J' WASHER TYPE THERMOCOUPLE,ME,ME-VI,VI,ME-VI-WAS-005,VIS [Type: CHC/TH/FHC] M [Diamètre]X[Longueur]en mm [Matiere:Acier/Inox]
277310132,CARTIGE HEATER DIA-12 L80 450W,CS,CS-SC,SC,CS-SC-004-001,
277310133,O-RING VITON 91571111 ID 7 X 2.5 SEC DRIVE ASSY FXV3-12-125,ME,ME-JO,JO,ME-JO-007-003,JOINT [Type: SPI/O-RING/LEVRE] [Dimensions: IntXExtXEp] [Matière: NBR/FKM]
277310135,GASKET NW 65 95090095 FILLING ASSY 56603380,ME,ME-JO,JO,ME-JO-GAS-012,JOINT [Type: SPI/O-RING/LEVRE] [Dimensions: IntXExtXEp] [Matière: NBR/FKM]
277310136,GASKET NW 40 95090069 FILLING ASSY DWG NO: 56603380,ME,ME-JO,JO,ME-JO-GAS-013,JOINT [Type: SPI/O-RING/LEVRE] [Dimensions: IntXExtXEp] [Matière: NBR/FKM]
277310139,U-CUP SEAL 91700039 25ID 35OD 10H FILLING ASSY,ME,ME-JO,JO,ME-JO-CUP-001,JOINT [Type: SPI/O-RING/LEVRE] [Dimensions: IntXExtXEp] [Matière: NBR/FKM]
277310140,CUP SEAL 91700021 140 OD 30 HOLE 10 HI FILLING ASSY,ME,ME-JO,JO,ME-JO-CUP-002,JOINT [Type: SPI/O-RING/LEVRE] [Dimensions: IntXExtXEp] [Matière: NBR/FKM]
277310141,CUP SEAL 91700141 100 OD 30 HOLE 10 HI FILLING ASSY,ME,ME-JO,JO,ME-JO-CUP-003,JOINT [Type: SPI/O-RING/LEVRE] [Dimensions: IntXExtXEp] [Matière: NBR/FKM]
277310142,SEAL SCRAPER 91580062 WM20 28 5/8 T38 FILLING ASSY,ME,ME-JO,JO,ME-JO-005-001,JOINT [Type: SPI/O-RING/LEVRE] [Dimensions: IntXExtXEp] [Matière: NBR/FKM]
277310143,O-RING 91575006 ID 140 X 6 SECTION FILLING ASSY,ME,ME-JO,JO,ME-JO-140-002,JOINT [Type: SPI/O-RING/LEVRE] [Dimensions: IntXExtXEp] [Matière: NBR/FKM]
277310144,O-RING 91575005 ID 132 X 4 SECTION FILLING ASSY,ME,ME-JO,JO,ME-JO-132-001,JOINT [Type: SPI/O-RING/LEVRE] [Dimensions: IntXExtXEp] [Matière: NBR/FKM]
277310145,O-RING VITON 91574924 ID 92 X 4 SECTION FILLING ASSY,ME,ME-JO,JO,ME-JO-092-001,JOINT [Type: SPI/O-RING/LEVRE] [Dimensions: IntXExtXEp] [Matière: NBR/FKM]
277310146,O-RING 91573043 ID 100 X 6 SECTION FILLING ASSY,ME,ME-JO,JO,ME-JO-100-002,JOINT [Type: SPI/O-RING/LEVRE] [Dimensions: IntXExtXEp] [Matière: NBR/FKM]
277310147,CIRCLIP EXTERNAL 92590042 DIN1400-40 DRIVE ASSY FXV3-12-125,IN,IN-VA,VA,IN-VA-CIR-001,"VARIATEUR VITESSE [Type: MONO, TRIPHASE] [Puissance/kW]  [Mode: Réseau/Simple][Fabricant]"
277310148,CAM FOLWR 92090019 30 OD 15 WIDE 10 ID DRIVE ASSY FXV3-12-125,IN,IN-VA,VA,IN-VA-CAM-001,"VARIATEUR VITESSE [Type: MONO, TRIPHASE] [Puissance/kW]  [Mode: Réseau/Simple][Fabricant]"
277310149,BEAR BALL 92030018 DIA 10 - 316 S/S ONLY DRIVE ASSY FXV3-12-125,IN,IN-VA,VA,IN-VA-010-001,"VARIATEUR VITESSE [Type: MONO, TRIPHASE] [Puissance/kW]  [Mode: Réseau/Simple][Fabricant]"
277310150,BEAR BUSH 92020111 IGUS 50ID 55OD 50LG DRIVE ASSY FXV3-12-125,IN,IN-VA,VA,IN-VA-BEA-001,"VARIATEUR VITESSE [Type: MONO, TRIPHASE] [Puissance/kW]  [Mode: Réseau/Simple][Fabricant]"
277310152,TRICLOVER RUBBER SEAL 95091362 FILLING ASSY,ME,ME-JO,JO,ME-JO-TRI-001,JOINT [Type: SPI/O-RING/LEVRE] [Dimensions: IntXExtXEp] [Matière: NBR/FKM]
277310153,O-RING 91572001 ID 35 X 3 SECTION 900G MARSAVCO CHANGE PARTS,ME,ME-JO,JO,ME-JO-035-005,JOINT [Type: SPI/O-RING/LEVRE] [Dimensions: IntXExtXEp] [Matière: NBR/FKM]
277310154,O-RING 91571209 ID 9 X 2.5 SEC 900G MARSAVCO CHANGE PARTS,ME,ME-JO,JO,ME-JO-009-001,JOINT [Type: SPI/O-RING/LEVRE] [Dimensions: IntXExtXEp] [Matière: NBR/FKM]
277310156,"TEFLON SEAL DISC 56705042 INSERT, 11H 900G MARSAVCO CHANGE PARTS",ME,ME-JO,JO,ME-JO-TEF-001,JOINT [Type: SPI/O-RING/LEVRE] [Dimensions: IntXExtXEp] [Matière: NBR/FKM]
277310158,SEAL SCRAPER WM 91580090 WM 25 33 5/8 POLYESTER CUP LIFTER ASSEMBLY,ME,ME-JO,JO,ME-JO-005-002,JOINT [Type: SPI/O-RING/LEVRE] [Dimensions: IntXExtXEp] [Matière: NBR/FKM]
277310159,O-RING 91571043 ID 9.1 X 1.6 SECTION CUP LIFTER ASSEMBLY,ME,ME-JO,JO,ME-JO-009-002,JOINT [Type: SPI/O-RING/LEVRE] [Dimensions: IntXExtXEp] [Matière: NBR/FKM]
277310160,"BEARING, LINER 92020087 30 ID 67 LG LID PLACER & TACKING:",ME,ME-RO,RO,ME-RO-920-001,ROULEMENT [Type: BILLES/ROULEAUX] [Série/Réf] Ø[Intérieur]XØ[Extérieur]X[Épaisseur] [Flasque/Jeu]
277310161,WIPER SEAL SAG 30 ID 38 OD LID PLACER & TACKING:,ME,ME-JO,JO,ME-JO-WIP-001,JOINT [Type: SPI/O-RING/LEVRE] [Dimensions: IntXExtXEp] [Matière: NBR/FKM]
277310164,BEARING BUSH 92020115 25 ID 28 OD 21.5 LG HEAT SEALING STATION,ME,ME-RO,RO,ME-RO-920-002,ROULEMENT [Type: BILLES/ROULEAUX] [Série/Réf] Ø[Intérieur]XØ[Extérieur]X[Épaisseur] [Flasque/Jeu]
277310166,GASKET SEAL 93080331 NW50 B/F VALVE GUTH (SILICONE FILLING ASSY,ME,ME-JO,JO,ME-JO-GAS-014,JOINT [Type: SPI/O-RING/LEVRE] [Dimensions: IntXExtXEp] [Matière: NBR/FKM]
277310170,HOUSING FOR LEVEL TRANSMITTER HOUSING FOR LEVEL TRANSMITTER HOUSING FOR LEVEL TRANSMITTER,EE,EE-CP,CP,EE-CP-HOU-001,CAPTEUR [Type: PROXIMITE/PHOTO] [Signal: PNP/NPN/TOR] [Raccordement]
277310198,PLUNGER PACKING J50010284 30/50 APV-16066400A,CS,CS-JG,JG,CS-JG-030-001,
277310209,AIR TORQUE PNEUMATIC ACTUATOR PNEUMATIQUE ACTUATOR -AT201 PNEUMATIC ACTUATOR F05/F07DS,PN,PN-RA,RA,PN-RA-AIR-001,RACCORD PNEUMATIQUE [Type: INSTANT/NIPPLE] Ø[Tube] [Filetage]
277310210,METAL FILTER HITACHI IJ-RX2 FOR HITACHI INKJET RX2,HY,HY-FI,FI,HY-FI-MET-001,FILTRE HYDRAULIQUE [Type: RETOUR/ASP] [Seuil/µm] [Raccordement/Débit]
277310211,PAPER FILTER SET HITACHI RX2 SET (2PC) HITACHI INKJET PRINT NPS MACHINE FOOD PLANT,HY,HY-FI,FI,HY-FI-PAP-001,FILTRE HYDRAULIQUE [Type: RETOUR/ASP] [Seuil/µm] [Raccordement/Débit]
277310212,SMC AIR CYLINDER CP96SDB32-85 /SMC CP96SDB32-85C-XC68 / AIR CYLINDER CP96SD32,PN,PN-VE,VE,PN-VE-CYL-019,VERIN PNEUMATIQUE [Type: ISO/COMPACT] Ø[Alésage]X[Course] [Amortissement]
277310214,SMC CYLINDER CAP PRESS / FOIL / SMC MDB1B40-160Z-Z7 / HILDA 4H FILLING MACHINE,PN,PN-VE,VE,PN-VE-CYL-020,VERIN PNEUMATIQUE [Type: ISO/COMPACT] Ø[Alésage]X[Course] [Amortissement]
277310215,SMC PNEU HOMING CYLINDER HILDA / SMC MDB1B80-25Z CYLINDER / HILDA 4H FILLING MACHINE,PN,PN-VE,VE,PN-VE-CYL-021,VERIN PNEUMATIQUE [Type: ISO/COMPACT] Ø[Alésage]X[Course] [Amortissement]
277310216,SENSOR FOR LID/FOIL STACKER / LEUZE PNP SENSOR / HILDA 4H FILLING MACHINE,EE,EE-CP,CP,EE-CP-SEN-008,CAPTEUR [Type: PROXIMITE/PHOTO] [Signal: PNP/NPN/TOR] [Raccordement]
277310217,SENSOR FOR FOIL HILDA / PROXY SENSOR PNP MODEL / HILDA 4H ROTARY FILING MACHINE,EE,EE-CP,CP,EE-CP-SEN-009,CAPTEUR [Type: PROXIMITE/PHOTO] [Signal: PNP/NPN/TOR] [Raccordement]
277310218,METAL PROXY FOR HOMING HILDA / PROXY SENSOR PNP MODEL / HILDA 4H ROTARY FILING MACHINE,EE,EE-CP,CP,EE-CP-MET-001,CAPTEUR [Type: PROXIMITE/PHOTO] [Signal: PNP/NPN/TOR] [Raccordement]
277310219,"THERMOSTAT 803ZDA 452801 HILDA / UNISON MAKE 25AMP, 24VDC / HILDA 4H FILLING MACHINE",IN,IN-TE,TE,IN-TE-THE-003,SONDE TEMPERATURE [Type: PT100/TC-K] L=[Longueur] Ø[Tige]
277310220,8 CHANNEL RELAY CARD FOR HILDA / FOR HILDA MACHINE / HILDA 4 H FILLING MACHINE,EL,EL-RE,RE,EL-RE-CHA-002,RELAIS [Type: EMBROCHABLE/STAT] BOBINE [Tension/V] [Nbr Contacts]
277310222,SEALER HEATER HILDA 4HEAD FILL / HEATING RESISTANCE - 2WIRED / FOR HILDA MACHINE,ME,ME-JO,JO,ME-JO-SEA-023,JOINT [Type: SPI/O-RING/LEVRE] [Dimensions: IntXExtXEp] [Matière: NBR/FKM]
277310230,CYLINDER SMC CP96 SDB63-25C,PN,PN-VE,VE,PN-VE-CYL-022,VERIN PNEUMATIQUE [Type: ISO/COMPACT] Ø[Alésage]X[Course] [Amortissement]
277310234,CYLINDER FESTO ADN-32-10-I-P-A,PN,PN-VE,VE,PN-VE-CYL-023,VERIN PNEUMATIQUE [Type: ISO/COMPACT] Ø[Alésage]X[Course] [Amortissement]
277311008,025 J035607 POPPET VALVE G24-2 SPX HOMOGENISER PUMP GAULIN 24,HY,HY-PO,PO,HY-PO-002-003,POMPE HYDRAULIQUE [Type:volumetrique/Turbo pompe] [Cylindrée] [Pression Max][type de liquide]
277311013,INJECTOR FUEL SUPPLY PIPE 5/16 SIZE 5/16 INCH,HY,HY-FL,FL,HY-FL-005-001,FLEXIBLE HYDRAULIQUE [type: DN[Diamètre Ø int ] L=[Longueur] [Embouts]
277311027,HINGE ARM 3P2-031-01,ME,ME-VI,VI,ME-VI-HIN-001,VIS [Type: CHC/TH/FHC] M [Diamètre]X[Longueur]en mm [Matiere:Acier/Inox]
277311031,STRAIGHT RACK GEAR 046-017-008,ME,ME-EN,EN,ME-EN-STR-001,ENGRENAGE [Type: DROIT/HELIC] [Module]  [Ø exterieur/Matière][Ø Alésage/Matière]
277311035,"SUPPORT TUYAU INOX DE 2"" ROUND PIPE SUPPORT HANGER 2""",HY,HY-FL,FL,HY-FL-SUP-001,FLEXIBLE HYDRAULIQUE [type: DN[Diamètre Ø int ] L=[Longueur] [Embouts]
277311036,"SUPPORT TUYAU INOX DE 3"" ROUND PIPE SUPPORT HANGER 3""",HY,HY-FL,FL,HY-FL-SUP-002,FLEXIBLE HYDRAULIQUE [type: DN[Diamètre Ø int ] L=[Longueur] [Embouts]
277311037,PUSH-IN Y-CONNECTOR QSY-16 FESTO,PN,PN-RA,RA,PN-RA-PUS-003,RACCORD PNEUMATIQUE [Type: INSTANT/NIPPLE] Ø[Tube] [Filetage]
277311038,PUSH-IN Y-CONNECTOR QSY-10 FESTO,PN,PN-RA,RA,PN-RA-PUS-004,RACCORD PNEUMATIQUE [Type: INSTANT/NIPPLE] Ø[Tube] [Filetage]
277311039,PUSH-IN Y-CONNECTOR QSY-8 FESTO,PN,PN-RA,RA,PN-RA-PUS-005,RACCORD PNEUMATIQUE [Type: INSTANT/NIPPLE] Ø[Tube] [Filetage]
277311040,PUSH-IN Y-CONNECTOR QSY-6 FESTO,PN,PN-RA,RA,PN-RA-PUS-006,RACCORD PNEUMATIQUE [Type: INSTANT/NIPPLE] Ø[Tube] [Filetage]
277311041,PUSH-IN Y-CONNECTOR QSY-12 FESTO,PN,PN-RA,RA,PN-RA-PUS-007,RACCORD PNEUMATIQUE [Type: INSTANT/NIPPLE] Ø[Tube] [Filetage]
277311042,PUSH-IN T-CONNECTOR QST-16 FESTO,PN,PN-RA,RA,PN-RA-PUS-008,RACCORD PNEUMATIQUE [Type: INSTANT/NIPPLE] Ø[Tube] [Filetage]
277311043,PUSH-IN T-CONNECTOR QST-10 FESTO,PN,PN-RA,RA,PN-RA-PUS-009,RACCORD PNEUMATIQUE [Type: INSTANT/NIPPLE] Ø[Tube] [Filetage]
277311044,PUSH-IN T-CONNECTOR QST-8 FESTO,PN,PN-RA,RA,PN-RA-PUS-010,RACCORD PNEUMATIQUE [Type: INSTANT/NIPPLE] Ø[Tube] [Filetage]
277311045,PUSH-IN T-CONNECTOR QST-6 FESTO,PN,PN-RA,RA,PN-RA-PUS-011,RACCORD PNEUMATIQUE [Type: INSTANT/NIPPLE] Ø[Tube] [Filetage]
277311046,PUSH-IN T-CONNECTOR QST-12 FESTO,PN,PN-RA,RA,PN-RA-PUS-012,RACCORD PNEUMATIQUE [Type: INSTANT/NIPPLE] Ø[Tube] [Filetage]
277311047,PUSH IN L CONNECTOR QSL-16 FESTO,PN,PN-RA,RA,PN-RA-PUS-013,RACCORD PNEUMATIQUE [Type: INSTANT/NIPPLE] Ø[Tube] [Filetage]
277311048,PUSH IN L CONNECTOR QSL-10 FESTO,PN,PN-RA,RA,PN-RA-PUS-014,RACCORD PNEUMATIQUE [Type: INSTANT/NIPPLE] Ø[Tube] [Filetage]
277311049,PUSH IN L CONNECTOR QSL-8 FESTO,PN,PN-RA,RA,PN-RA-PUS-015,RACCORD PNEUMATIQUE [Type: INSTANT/NIPPLE] Ø[Tube] [Filetage]
277311050,PUSH IN L CONNECTOR QSL-6 FESTO,PN,PN-RA,RA,PN-RA-PUS-016,RACCORD PNEUMATIQUE [Type: INSTANT/NIPPLE] Ø[Tube] [Filetage]
277311051,PUSH IN L CONNECTOR QSL-12 FESTO,PN,PN-RA,RA,PN-RA-PUS-017,RACCORD PNEUMATIQUE [Type: INSTANT/NIPPLE] Ø[Tube] [Filetage]
277311055,AR20K-F02BE-B PRESS REGULATOR,PN,PN-RE,RE,PN-RE-AR2-001,REGULATEUR PRESSION [Filetage] [Plage/Bars] [Options: MANOMETRE/FILTRE]
277311056,SMC AIR FILTER AC30-M1VO18 MAX 1.0MPA,HY,HY-FI,FI,HY-FI-SMC-001,FILTRE HYDRAULIQUE [Type: RETOUR/ASP] [Seuil/µm] [Raccordement/Débit]
277311058,SOLENOIDVALVE MFH-5-1/4 (6211) FESTO,ME,ME-RO,RO,ME-RO-001-002,ROULEMENT [Type: BILLES/ROULEAUX] [Série/Réf] Ø[Intérieur]XØ[Extérieur]X[Épaisseur] [Flasque/Jeu]
277311060,PUSH IN FITTING QS G 1/4-8 FESTO 186099,PN,PN-RA,RA,PN-RA-001-039,RACCORD PNEUMATIQUE [Type: INSTANT/NIPPLE] Ø[Tube] [Filetage]
277311061,PUSH IN FITTING QSF-1/8-6B FESTO 153023,PN,PN-RA,RA,PN-RA-001-040,RACCORD PNEUMATIQUE [Type: INSTANT/NIPPLE] Ø[Tube] [Filetage]
277311062,PUSH IN L FITTING QSLF-1/8-6-B FESTO 153274,PN,PN-RA,RA,PN-RA-001-041,RACCORD PNEUMATIQUE [Type: INSTANT/NIPPLE] Ø[Tube] [Filetage]
277311063,PUSH IN FITTING QSLF-1/8-8B,PN,PN-RA,RA,PN-RA-001-042,RACCORD PNEUMATIQUE [Type: INSTANT/NIPPLE] Ø[Tube] [Filetage]
277311064,PUSH IN T FITTING QSMT-M5-6 FESTO-153356,PN,PN-RA,RA,PN-RA-PUS-018,RACCORD PNEUMATIQUE [Type: INSTANT/NIPPLE] Ø[Tube] [Filetage]
277311065,PUSH IN L FITTING QSL-3/8-8 FESTO 153050,PN,PN-RA,RA,PN-RA-003-005,RACCORD PNEUMATIQUE [Type: INSTANT/NIPPLE] Ø[Tube] [Filetage]
277311066,PUSH IN L FITTING QSML-M5-6 FESTO 153335,PN,PN-RA,RA,PN-RA-PUS-019,RACCORD PNEUMATIQUE [Type: INSTANT/NIPPLE] Ø[Tube] [Filetage]
277311067,PUSH IN FITTING QS-1/8-10 FESTO 190643,PN,PN-RA,RA,PN-RA-001-043,RACCORD PNEUMATIQUE [Type: INSTANT/NIPPLE] Ø[Tube] [Filetage]
277311068,PUSH IN FITTING QS-G1/8-6 FESTO 186096,PN,PN-RA,RA,PN-RA-001-044,RACCORD PNEUMATIQUE [Type: INSTANT/NIPPLE] Ø[Tube] [Filetage]
277311074,SOLENOID VALVE MFH-3-1/8(7802),PN,PN-EV,EV,PN-EV-001-008,"ELECTROVANNE PNEU [Fonction: 5/2, 3/2] [Filetage] [Tension Commande]"
277311075,EPDM MANWAY GASKET FOR TANKB14,ME,ME-JO,JO,ME-JO-EPD-001,JOINT [Type: SPI/O-RING/LEVRE] [Dimensions: IntXExtXEp] [Matière: NBR/FKM]
277311079,O-RING CORD 8 SECTION,ME,ME-JO,JO,ME-JO-RIN-018,JOINT [Type: SPI/O-RING/LEVRE] [Dimensions: IntXExtXEp] [Matière: NBR/FKM]
277311082,DRIVE SPROCKET 21T BORE 35 MM PLASTIC MOLDED,ME,ME-EN,EN,ME-EN-035-001,ENGRENAGE [Type: DROIT/HELIC] [Module]  [Ø exterieur/Matière][Ø Alésage/Matière]
277311085,SIEMENS PLC S7 - 1200CPU1215C / FILMATI S7-1200CPU1215C / PL SIEMENS S7- 1200CPU 1215C,EE,EE-AU,AU,EE-AU-S70-001,AUTOMATE PLC [Série/Modèle] [Configuration E/S] [Alimentation]
277312000,V-BELT FOR VART-SPEENWIDTH:22m,ME,ME-CO,CO,ME-CO-BEL-011,COURROIE [Type: Profil(TRAP/DENT/plate)] [dimension: L=[Longueurx epaisseur  en mm]
277312001,MECHANICAL SEAL / 10m3 TANK / ANDERSON OIL HOLDING TANK / MARGARINE PLANT,ME,ME-JO,JO,ME-JO-MEC-017,JOINT [Type: SPI/O-RING/LEVRE] [Dimensions: IntXExtXEp] [Matière: NBR/FKM]
277312005,ENCODER BAUMER CH8501 FDK05.24 FDK 0.5.24K 180-5-5 SCREEN CASEE R195,EE,EE-CP,CP,EE-CP-ENC-009,CAPTEUR [Type: PROXIMITE/PHOTO] [Signal: PNP/NPN/TOR] [Raccordement]
277312007,FESTO DISTRIBUTEURELECTRONIC C,PN,PN-DI,DI,PN-DI-FES-001,DISTRIBUTEUR HYDRAULIQUE [Type] [Nbr Voies][Tiroir] [Tension Bobine]
277312014,CONTROLLER INSTRUMENT MCX06D PLC MCX06D CONTROLLER FRIGO MCX06D,EE,EE-AU,AU,EE-AU-MCX-001,AUTOMATE PLC [Série/Modèle] [Configuration E/S] [Alimentation]
277312019,RELAY 8-101-304-019,EL,EL-RE,RE,EL-RE-REL-022,RELAIS [Type: EMBROCHABLE/STAT] BOBINE [Tension/V] [Nbr Contacts]
277312039,CLAMP.SEAL.RING 34017793155010,ME,ME-JO,JO,ME-JO-CLA-001,JOINT [Type: SPI/O-RING/LEVRE] [Dimensions: IntXExtXEp] [Matière: NBR/FKM]
277312041,ROUE A CHAINE,ME,ME-CH,CH,ME-CH-ROU-001,CHAINE ROULEAUX [Pas] [Type: SIMPLEX/DUPLEX] L=[Nbr Maillons/Longueur en mm]
277312043,O'RING NBR-BUNA-N110.49x5.33,ME,ME-JO,JO,ME-JO-110-001,JOINT [Type: SPI/O-RING/LEVRE] [Dimensions: IntXExtXEp] [Matière: NBR/FKM]
277312050,CLAMP.SEAL.RING 34017785155010,ME,ME-JO,JO,ME-JO-CLA-002,JOINT [Type: SPI/O-RING/LEVRE] [Dimensions: IntXExtXEp] [Matière: NBR/FKM]
277312055,"""ROTARY UNION 1""""""""RSP LHL425",HY,HY-RA,RA,HY-RA-ROT-001,RACCORD HYDRAULIQUE [Type: IMPLANT/UNION] [Filetage/Ø Tube] [Matière]
277312065,O-RING 253.6*3.531007000   BOS,ME,ME-JO,JO,ME-JO-253-001,JOINT [Type: SPI/O-RING/LEVRE] [Dimensions: IntXExtXEp] [Matière: NBR/FKM]
277312069,O-RING 304.39*3.531007001 BOSC,ME,ME-JO,JO,ME-JO-304-001,JOINT [Type: SPI/O-RING/LEVRE] [Dimensions: IntXExtXEp] [Matière: NBR/FKM]
277312072,O-RING 15500300025/234017518,ME,ME-JO,JO,ME-JO-RIN-019,JOINT [Type: SPI/O-RING/LEVRE] [Dimensions: IntXExtXEp] [Matière: NBR/FKM]
277312075,FLAT PACKING 3415461366203001/,CS,CS-JG,JG,CS-JG-FLA-001,
277312077,O-RING 3401752615500300029/1,ME,ME-JO,JO,ME-JO-RIN-020,JOINT [Type: SPI/O-RING/LEVRE] [Dimensions: IntXExtXEp] [Matière: NBR/FKM]
277312093,DISTRIBUTOR1-823-391-093,PN,PN-DI,DI,PN-DI-DST-006,DISTRIBUTEUR HYDRAULIQUE [Type] [Nbr Voies][Tiroir] [Tension Bobine]
277312098,O-RING 3401748015500262014/0/,ME,ME-JO,JO,ME-JO-RIN-021,JOINT [Type: SPI/O-RING/LEVRE] [Dimensions: IntXExtXEp] [Matière: NBR/FKM]
277312106,REVISION SET FOR VALVERVA15,PN,PN-EV,EV,PN-EV-REV-001,"ELECTROVANNE PNEU [Fonction: 5/2, 3/2] [Filetage] [Tension Commande]"
277312116,REVISION SET FOR VALVERVS15,PN,PN-EV,EV,PN-EV-REV-002,"ELECTROVANNE PNEU [Fonction: 5/2, 3/2] [Filetage] [Tension Commande]"
277312122,FLOAT SWITCH MOBREYBOSCH,EE,EE-CP,CP,EE-CP-FLO-003,CAPTEUR [Type: PROXIMITE/PHOTO] [Signal: PNP/NPN/TOR] [Raccordement]
277312145,CABLE DE RACCORDEMNTS-10,EL,EL-CA,CA,EL-CA-CAB-004,CABLE [Type] [Nbr Conducteurs]X[Section/mm²] [Matière/Blindage]
277312160,O-RING34017542,ME,ME-JO,JO,ME-JO-RIN-022,JOINT [Type: SPI/O-RING/LEVRE] [Dimensions: IntXExtXEp] [Matière: NBR/FKM]
277312165,STEPSEAL-K 3401827415507047002,ME,ME-JO,JO,ME-JO-STE-001,JOINT [Type: SPI/O-RING/LEVRE] [Dimensions: IntXExtXEp] [Matière: NBR/FKM]
277312176,CABLE DUCT90348101824176,EL,EL-CA,CA,EL-CA-CAB-005,CABLE [Type] [Nbr Conducteurs]X[Section/mm²] [Matière/Blindage]
277312182,STEP SEAL PROFILE 'K'34018265,ME,ME-JO,JO,ME-JO-STE-002,JOINT [Type: SPI/O-RING/LEVRE] [Dimensions: IntXExtXEp] [Matière: NBR/FKM]
277312184,PHOTOCELLULE/SICK  8101917704 8-101-917-704 NT6,EE,EE-CA,CA,EE-CA-PHO-001,CARTE ELECTRONIQUE [Fonction/Usage] [Réf Modèle] [Constructeur]
277312187,"FLOT SWITCH TYPE AKS38 148H194 DANFOSS, BUTT WELD, DIN DN25",EE,EE-CP,CP,EE-CP-025-001,CAPTEUR [Type: PROXIMITE/PHOTO] [Signal: PNP/NPN/TOR] [Raccordement]
277312188,"FLOT SWITCH TYP AKS38 027N1026 DANFOSS, BUTT WELD, DIN DN25",EE,EE-CP,CP,EE-CP-025-002,CAPTEUR [Type: PROXIMITE/PHOTO] [Signal: PNP/NPN/TOR] [Raccordement]
277312189,ROLLER BEARING 32305 J2 SINGLE TAPERED,ME,ME-RO,RO,ME-RO-323-003,ROULEMENT [Type: BILLES/ROULEAUX] [Série/Réf] Ø[Intérieur]XØ[Extérieur]X[Épaisseur] [Flasque/Jeu]
277312191,O RING 444 NEOPRENE REF R70444,ME,ME-JO,JO,ME-JO-RIN-023,JOINT [Type: SPI/O-RING/LEVRE] [Dimensions: IntXExtXEp] [Matière: NBR/FKM]
277312192,O RING 446 NEOPRENE REF R70446,ME,ME-JO,JO,ME-JO-RIN-024,JOINT [Type: SPI/O-RING/LEVRE] [Dimensions: IntXExtXEp] [Matière: NBR/FKM]
277312197,DATALOGIC S50-MA-5-BO1-PP  PHOTOCELL S50-MA SEALING MACHINE CMI,ME,ME-JO,JO,ME-JO-DAT-001,JOINT [Type: SPI/O-RING/LEVRE] [Dimensions: IntXExtXEp] [Matière: NBR/FKM]
277312199,DISTRIBUTOR 918B - PM - 611JD FESTO : MAIN PRESSURE 2-10BAR MAC 918B - PM - 611JD,PN,PN-DI,DI,PN-DI-DST-007,DISTRIBUTEUR HYDRAULIQUE [Type] [Nbr Voies][Tiroir] [Tension Bobine]
277312200,GAS SOLENOID VALVE 1098/7S PART NUMBER : 1005023,PN,PN-EV,EV,PN-EV-GAS-001,"ELECTROVANNE PNEU [Fonction: 5/2, 3/2] [Filetage] [Tension Commande]"
277312202,G3PJ215BDC12SOLIDSTATERELAY DC12-24 RATED OP VOLTAGE 24-240 V,EL,EL-RE,RE,EL-RE-G3P-001,RELAIS [Type: EMBROCHABLE/STAT] BOBINE [Tension/V] [Nbr Contacts]
277312204,DRIVE END HEAD GD VOTATOR 2 GD AMERICAIN,IN,IN-VA,VA,IN-VA-DRI-013,"VARIATEUR VITESSE [Type: MONO, TRIPHASE] [Puissance/kW]  [Mode: Réseau/Simple][Fabricant]"
277312213,DANFOSS TYPE MMIGRS2 N° 080G0294 12-30VDC -24VAC,CS,CS-SC,SC,CS-SC-DAN-001,
277312222,"FRIGO PUMP 7.5HP NM5016BB CALPEDA, 2900RPM 81CUM31HEAD SOAP INDUSTRIAL FRIGO CHILLER",HY,HY-PO,PO,HY-PO-007-001,POMPE HYDRAULIQUE [Type:volumetrique/Turbo pompe] [Cylindrée] [Pression Max][type de liquide]
277312225,"FILTRE HYGIENIQUE TRI CLAMP 2"" SS SANITARY Y TYPE STRAINER 2""",HY,HY-FI,FI,HY-FI-FIL-028,FILTRE HYDRAULIQUE [Type: RETOUR/ASP] [Seuil/µm] [Raccordement/Débit]
277312226,METRIC ROLLER CHAIN 3/8 INCH SINGLE STRAND,ME,ME-CH,CH,ME-CH-003-004,CHAINE ROULEAUX [Pas] [Type: SIMPLEX/DUPLEX] L=[Nbr Maillons/Longueur en mm]
277312227,PLUNGER J12210296/G24-2.5P SPX HOMOGENISER PUMP /Serial Number J5-19.484,HY,HY-PO,PO,HY-PO-002-004,POMPE HYDRAULIQUE [Type:volumetrique/Turbo pompe] [Cylindrée] [Pression Max][type de liquide]
277312228,PLUNGER PACKING J50010290/G24-2.5P SPX HOMOGENISER PUMP/Serial Number J5-19.484,HY,HY-PO,PO,HY-PO-002-005,POMPE HYDRAULIQUE [Type:volumetrique/Turbo pompe] [Cylindrée] [Pression Max][type de liquide]
277312229,SHOULDER BOLT M10xφ12X040 / DWG No. 3P2-041-00 / ITEM No 28,ME,ME-VI,VI,ME-VI-012-002,VIS [Type: CHC/TH/FHC] M [Diamètre]X[Longueur]en mm [Matiere:Acier/Inox]
277312243,SOLENOID COIL HM404 - 110V HM2 PART NUMBER 1009060,CS,CS-GC,GC,CS-GC-SOL-002,
277312256,RELAY RMIA45 PART NUMBER : 1000169,EL,EL-RE,RE,EL-RE-REL-023,RELAIS [Type: EMBROCHABLE/STAT] BOBINE [Tension/V] [Nbr Contacts]
277312258,BOLT INSULATION 3P2-040-12 BOLT INSULATION 3P2-040-12 NPS MARGARINE FILLING MACHIN,ME,ME-VI,VI,ME-VI-BOL-002,VIS [Type: CHC/TH/FHC] M [Diamètre]X[Longueur]en mm [Matiere:Acier/Inox]
277312261,Hot water pump 42 m3/h 170°C Pompe à eau chaude 42 m3/h NPS MARGARINE FILLING MACHIN,HY,HY-PO,PO,HY-PO-042-001,POMPE HYDRAULIQUE [Type:volumetrique/Turbo pompe] [Cylindrée] [Pression Max][type de liquide]
277312273,HEXAGONAL BOLT90348101824273/B,ME,ME-VI,VI,ME-VI-HEX-001,VIS [Type: CHC/TH/FHC] M [Diamètre]X[Longueur]en mm [Matiere:Acier/Inox]
277312281,FLEXIBLE HYDRAULIQUE 300BARRE,HY,HY-FL,FL,HY-FL-FLE-005,FLEXIBLE HYDRAULIQUE [type: DN[Diamètre Ø int ] L=[Longueur] [Embouts]
277312287,MANWAY GASKET FOR THERMOS TANK JOINT DU TROU D'HOMME THERMOS,ME,ME-JO,JO,ME-JO-MAN-001,JOINT [Type: SPI/O-RING/LEVRE] [Dimensions: IntXExtXEp] [Matière: NBR/FKM]
277312296,GEAR RETAINER / FILMATIC TUB FILLING MACHINE,ME,ME-EN,EN,ME-EN-GEA-012,ENGRENAGE [Type: DROIT/HELIC] [Module]  [Ø exterieur/Matière][Ø Alésage/Matière]
277312301,Rubber protection with screw / weight tank rubber protection / fixation of weight,ME,ME-VI,VI,ME-VI-RUB-002,VIS [Type: CHC/TH/FHC] M [Diamètre]X[Longueur]en mm [Matiere:Acier/Inox]
277312358,FILLISTER HEAD SCREW9034810343,ME,ME-VI,VI,ME-VI-FIL-002,VIS [Type: CHC/TH/FHC] M [Diamètre]X[Longueur]en mm [Matiere:Acier/Inox]
277312363,O'RING 54.2x3 70NBR8-101-200-3,ME,ME-JO,JO,ME-JO-054-001,JOINT [Type: SPI/O-RING/LEVRE] [Dimensions: IntXExtXEp] [Matière: NBR/FKM]
277312384,HEX SOCKET HEAD CAPSCREW / 903,ME,ME-VI,VI,ME-VI-HEX-002,VIS [Type: CHC/TH/FHC] M [Diamètre]X[Longueur]en mm [Matiere:Acier/Inox]
277312395,ROTARY VALVE DSRL 32-180-P-FW FOIL SUCTION FOR HILDA MACHINE FESTO MAKE SEMI ROTARY VALVE,CS,CS-GC,GC,CS-GC-ROT-001,
277312396,SELF CENTERING LOCK 92042027 42 IDX75 OD,ME,ME-VI,VI,ME-VI-SEL-001,VIS [Type: CHC/TH/FHC] M [Diamètre]X[Longueur]en mm [Matiere:Acier/Inox]
277312401,HEADLESS SET SCREW8-101-202-34,ME,ME-VI,VI,ME-VI-HEA-001,VIS [Type: CHC/TH/FHC] M [Diamètre]X[Longueur]en mm [Matiere:Acier/Inox]
277312498,CYLINDER DBLACTING 32DIA 70 / CYL DBLACTING32 DIA 70 STR / CYL DBLACTING32 DIA70 STR,HY,HY-VE,VE,HY-VE-070-001,VERIN HYDRAULIQUE [Type] Ø[Piston]/Ø[Tige]X[Course] [Pression Max]
277312502,B05 BEARING AND SEALS,ME,ME-RO,RO,ME-RO-B05-001,ROULEMENT [Type: BILLES/ROULEAUX] [Série/Réf] Ø[Intérieur]XØ[Extérieur]X[Épaisseur] [Flasque/Jeu]
277312503,B05 MIXING TANK GEARED DRIVE,ME,ME-EN,EN,ME-EN-B05-001,ENGRENAGE [Type: DROIT/HELIC] [Module]  [Ø exterieur/Matière][Ø Alésage/Matière]
277312513,SCREW/90348101802513,ME,ME-VI,VI,ME-VI-SCR-015,VIS [Type: CHC/TH/FHC] M [Diamètre]X[Longueur]en mm [Matiere:Acier/Inox]
277312528,LIGHT EMITTING DIODE8-101-305-,SE,SE-EC,EC,SE-EC-LIG-001,ECLAIRAGE [Type: LED/Halogènes] [Puissance/W] [Tension/V]
277312537,RELAIS INSTANTANERHN411B/24VAC,EL,EL-RE,RE,EL-RE-REL-024,RELAIS [Type: EMBROCHABLE/STAT] BOBINE [Tension/V] [Nbr Contacts]
277312538,RELAY MULTIFUCTION/KPT 11KD10H AC/DC 24V/SCHNEIDER BOSCH MACHINE / FILLING PACK,EL,EL-RE,RE,EL-RE-REL-025,RELAIS [Type: EMBROCHABLE/STAT] BOBINE [Tension/V] [Nbr Contacts]
277312540,PLUNGER PACKING J50010288,CS,CS-JG,JG,CS-JG-PLU-001,
277312594,Twin belt for soap feed in / flow pack soap tech machine / soap tech machine,ME,ME-CO,CO,ME-CO-TWI-001,COURROIE [Type: Profil(TRAP/DENT/plate)] [dimension: L=[Longueurx epaisseur  en mm]
277312697,BEARING SEAL RING16/24X3,ME,ME-RO,RO,ME-RO-RIN-001,ROULEMENT [Type: BILLES/ROULEAUX] [Série/Réf] Ø[Intérieur]XØ[Extérieur]X[Épaisseur] [Flasque/Jeu]
277312795,Temperature probe IFM EHEDG Temperature probe ifm EHEDG Temperature probe ifm EHEDG,IN,IN-TE,TE,IN-TE-TEM-006,SONDE TEMPERATURE [Type: PT100/TC-K] L=[Longueur] Ø[Tige]
277312914,HILDA BLOCK DISTRIBUTOR 12 MOD / 5/2WAY VALV DISTRIBUTOR 24VDC / WITH ACCESSORIES & SILENCER,PN,PN-DI,DI,PN-DI-005-002,DISTRIBUTEUR HYDRAULIQUE [Type] [Nbr Voies][Tiroir] [Tension Bobine]
277312916,HILDA SMC SY7120-5L-02 VALV / 24VDC SOLENOID COIL & VALV / FOR HILDA CYLINDER LIFT,PN,PN-VE,VE,PN-VE-CYL-024,VERIN PNEUMATIQUE [Type: ISO/COMPACT] Ø[Alésage]X[Course] [Amortissement]
277312917,HILDA CYL LIFT SOLENOID VALVE / SMC VT307-5G VALVE 3 PORT / SOLENOID VALV WIT COIL SILNCER,PN,PN-EV,EV,PN-EV-HIL-001,"ELECTROVANNE PNEU [Fonction: 5/2, 3/2] [Filetage] [Tension Commande]"
277312918,O-RING 62 X 4,ME,ME-JO,JO,ME-JO-062-001,JOINT [Type: SPI/O-RING/LEVRE] [Dimensions: IntXExtXEp] [Matière: NBR/FKM]
277312976,RELAY FOOT8-101-302-976,EL,EL-RE,RE,EL-RE-REL-026,RELAIS [Type: EMBROCHABLE/STAT] BOBINE [Tension/V] [Nbr Contacts]
277312991,THRUST BEARING DISC90348101200,ME,ME-RO,RO,ME-RO-DIS-004,ROULEMENT [Type: BILLES/ROULEAUX] [Série/Réf] Ø[Intérieur]XØ[Extérieur]X[Épaisseur] [Flasque/Jeu]
277313001,CONTACTOR DILM65A 110V AC PART NUMBER 1001350,EL,EL-CO,CO,EL-CO-CON-007,CONTACTEUR [Intensité/A] BOBINE [Tension/V] [Nbr Contacts NO/NF]
277313002,CONTACTOR DILM9A 110V AC PART NUMBER 1001315,EL,EL-CO,CO,EL-CO-CON-008,CONTACTEUR [Intensité/A] BOBINE [Tension/V] [Nbr Contacts NO/NF]
277313003,DISCHARGE CUP LIFT CYLINDER / SMC CP 96SDB 32-160C-XC68 / CP96SDB 32-160C-XC68,PN,PN-VE,VE,PN-VE-CYL-025,VERIN PNEUMATIQUE [Type: ISO/COMPACT] Ø[Alésage]X[Course] [Amortissement]
277313019,OIL SEAL 55X82X10,ME,ME-JO,JO,ME-JO-055-007,JOINT [Type: SPI/O-RING/LEVRE] [Dimensions: IntXExtXEp] [Matière: NBR/FKM]
277313020,CUP LIFT CYLINDER SMC 85ST/MODEL : CP96SDB32-85C-XC68/FOR FILMATIC MACHINE CUP LIFT,PN,PN-VE,VE,PN-VE-CYL-026,VERIN PNEUMATIQUE [Type: ISO/COMPACT] Ø[Alésage]X[Course] [Amortissement]
277313021,CUP DISPENSER LIFT CYLINDER / SMC CP96SDB32-150C-XC68 / CP96SDB32-150C-XC68,PN,PN-VE,VE,PN-VE-CYL-027,VERIN PNEUMATIQUE [Type: ISO/COMPACT] Ø[Alésage]X[Course] [Amortissement]
277314006,WAVY WASHER 6 MED / HVY922313,ME,ME-VI,VI,ME-VI-WAV-001,VIS [Type: CHC/TH/FHC] M [Diamètre]X[Longueur]en mm [Matiere:Acier/Inox]
277314007,WAVY WASHER 6 MED / HVYLL19625,ME,ME-VI,VI,ME-VI-WAV-002,VIS [Type: CHC/TH/FHC] M [Diamètre]X[Longueur]en mm [Matiere:Acier/Inox]
277314009,SHAFT SEAL925472,ME,ME-JO,JO,ME-JO-RDS-002,JOINT [Type: SPI/O-RING/LEVRE] [Dimensions: IntXExtXEp] [Matière: NBR/FKM]
277314012,SEAL HEAD INSERT923210,ME,ME-JO,JO,ME-JO-SEA-024,JOINT [Type: SPI/O-RING/LEVRE] [Dimensions: IntXExtXEp] [Matière: NBR/FKM]
277314015,DETECTEUR PROXIMITE BOSCH IG20,EE,EE-CP,CP,EE-CP-DET-001,CAPTEUR [Type: PROXIMITE/PHOTO] [Signal: PNP/NPN/TOR] [Raccordement]
277314016,SEAL BODY110893A,ME,ME-JO,JO,ME-JO-SEA-025,JOINT [Type: SPI/O-RING/LEVRE] [Dimensions: IntXExtXEp] [Matière: NBR/FKM]
277314017,SEAL BACK UP RING110203C1,ME,ME-JO,JO,ME-JO-SEA-026,JOINT [Type: SPI/O-RING/LEVRE] [Dimensions: IntXExtXEp] [Matière: NBR/FKM]
277314018,DETECTEUR PROXIMITESMEO-1-LED-,EE,EE-CP,CP,EE-CP-DET-002,CAPTEUR [Type: PROXIMITE/PHOTO] [Signal: PNP/NPN/TOR] [Raccordement]
277314022,O-RING-235 FDANITRILE/BUNA  N7,ME,ME-JO,JO,ME-JO-RIN-025,JOINT [Type: SPI/O-RING/LEVRE] [Dimensions: IntXExtXEp] [Matière: NBR/FKM]
277314025,FLANGED BEARINGLL12971,ME,ME-RO,RO,ME-RO-FLA-001,ROULEMENT [Type: BILLES/ROULEAUX] [Série/Réf] Ø[Intérieur]XØ[Extérieur]X[Épaisseur] [Flasque/Jeu]
277314033,O-RING N70214,ME,ME-JO,JO,ME-JO-RIN-026,JOINT [Type: SPI/O-RING/LEVRE] [Dimensions: IntXExtXEp] [Matière: NBR/FKM]
277314041,O-RING N70330,ME,ME-JO,JO,ME-JO-RIN-027,JOINT [Type: SPI/O-RING/LEVRE] [Dimensions: IntXExtXEp] [Matière: NBR/FKM]
277314042,O-RING N70329,ME,ME-JO,JO,ME-JO-RIN-028,JOINT [Type: SPI/O-RING/LEVRE] [Dimensions: IntXExtXEp] [Matière: NBR/FKM]
277314043,CYLINDER 100320,HY,HY-VE,VE,HY-VE-CYL-027,VERIN HYDRAULIQUE [Type] Ø[Piston]/Ø[Tige]X[Course] [Pression Max]
277314046,SEAL PLUNGER 1.375,ME,ME-JO,JO,ME-JO-SEA-027,JOINT [Type: SPI/O-RING/LEVRE] [Dimensions: IntXExtXEp] [Matière: NBR/FKM]
277314053,HINGED SANITARY CLAMP0346223+,SE,SE-EC,EC,SE-EC-HIN-001,ECLAIRAGE [Type: LED/Halogènes] [Puissance/W] [Tension/V]
277314054,SEAL BODY INSERTLL110891A4  CH,ME,ME-JO,JO,ME-JO-SEA-028,JOINT [Type: SPI/O-RING/LEVRE] [Dimensions: IntXExtXEp] [Matière: NBR/FKM]
277314055,FLANGED BEARING 119141A01 CHERRY BURREL WAUKESHA,ME,ME-RO,RO,ME-RO-119-001,ROULEMENT [Type: BILLES/ROULEAUX] [Série/Réf] Ø[Intérieur]XØ[Extérieur]X[Épaisseur] [Flasque/Jeu]
277314056,BEARING YAR 212 119140A01 CHERRY BURREL WAUKESHA,ME,ME-RO,RO,ME-RO-212-001,ROULEMENT [Type: BILLES/ROULEAUX] [Série/Réf] Ø[Intérieur]XØ[Extérieur]X[Épaisseur] [Flasque/Jeu]
277314057,O-RING-222NI/BUNAN674-70    N7,ME,ME-JO,JO,ME-JO-RIN-029,JOINT [Type: SPI/O-RING/LEVRE] [Dimensions: IntXExtXEp] [Matière: NBR/FKM]
277314058,ROTARY JOINT LL700043D61CHERRY,ME,ME-JO,JO,ME-JO-ROT-001,JOINT [Type: SPI/O-RING/LEVRE] [Dimensions: IntXExtXEp] [Matière: NBR/FKM]
277314067,O-RING N770131,ME,ME-JO,JO,ME-JO-RIN-030,JOINT [Type: SPI/O-RING/LEVRE] [Dimensions: IntXExtXEp] [Matière: NBR/FKM]
277314069,FUEL BOILER BURNER SPENOMATIC / DUAL FUEL BURNER REILO MAKE / FOR FOOD PLANT BOILER,CS,CS-GC,GC,CS-GC-FUE-001,
277316001,SEAL FOR CRANK SHAFT,ME,ME-JO,JO,ME-JO-RDS-003,JOINT [Type: SPI/O-RING/LEVRE] [Dimensions: IntXExtXEp] [Matière: NBR/FKM]
277316002,O RING N70152,ME,ME-JO,JO,ME-JO-RIN-031,JOINT [Type: SPI/O-RING/LEVRE] [Dimensions: IntXExtXEp] [Matière: NBR/FKM]
277316004,SEAL 100134+,ME,ME-JO,JO,ME-JO-SEA-029,JOINT [Type: SPI/O-RING/LEVRE] [Dimensions: IntXExtXEp] [Matière: NBR/FKM]
277316008,O RING N70163,ME,ME-JO,JO,ME-JO-RIN-032,JOINT [Type: SPI/O-RING/LEVRE] [Dimensions: IntXExtXEp] [Matière: NBR/FKM]
277316009,LIP SEAL 105571+CHERRY BURREL,ME,ME-JO,JO,ME-JO-LIP-001,JOINT [Type: SPI/O-RING/LEVRE] [Dimensions: IntXExtXEp] [Matière: NBR/FKM]
277316014,NUT FOR PORTCOVER 107484CHERRY,ME,ME-VI,VI,ME-VI-NUT-003,VIS [Type: CHC/TH/FHC] M [Diamètre]X[Longueur]en mm [Matiere:Acier/Inox]
277316017,JOUENAL BEARING,ME,ME-RO,RO,ME-RO-JOU-001,ROULEMENT [Type: BILLES/ROULEAUX] [Série/Réf] Ø[Intérieur]XØ[Extérieur]X[Épaisseur] [Flasque/Jeu]
277316032,SEAL KEEPER O RING (BUNA)  700006A32 DRAWING - 95-03057 PAGE 52,ME,ME-RO,RO,ME-RO-SEA-001,ROULEMENT [Type: BILLES/ROULEAUX] [Série/Réf] Ø[Intérieur]XØ[Extérieur]X[Épaisseur] [Flasque/Jeu]
277316033,SEAL HEAD INSERT O RING (BUNA) 928328 DRAWING - 95-03057 PAGE 52,ME,ME-JO,JO,ME-JO-SEA-030,JOINT [Type: SPI/O-RING/LEVRE] [Dimensions: IntXExtXEp] [Matière: NBR/FKM]
277316034,SEAL BODY INSERT O RING (BUNA) 700006B23 DRAWING - 95-03057 PAGE 52,ME,ME-RO,RO,ME-RO-SEA-002,ROULEMENT [Type: BILLES/ROULEAUX] [Série/Réf] Ø[Intérieur]XØ[Extérieur]X[Épaisseur] [Flasque/Jeu]
277316035,PRODUCT HEAD O RING (BUNA) 5540234 DRAWING - 95-03057 PAGE 52,ME,ME-JO,JO,ME-JO-PRO-001,JOINT [Type: SPI/O-RING/LEVRE] [Dimensions: IntXExtXEp] [Matière: NBR/FKM]
277316039,GASKET 117720 CHERRY BURRELL DRAWING: 950305 PAGE 59,ME,ME-JO,JO,ME-JO-GAS-015,JOINT [Type: SPI/O-RING/LEVRE] [Dimensions: IntXExtXEp] [Matière: NBR/FKM]
277316040,O RING 5540170 CHERRY BURRELL DRAWING: 950305 PAGE 59,ME,ME-JO,JO,ME-JO-RIN-033,JOINT [Type: SPI/O-RING/LEVRE] [Dimensions: IntXExtXEp] [Matière: NBR/FKM]
277316041,"NORD GEARBOX SK4282 AZH66 160L 160L/4 KB RATIO: 4,70; DRAWING BIM-1020-2003-02 PAGE8",ME,ME-EN,EN,ME-EN-NOR-001,ENGRENAGE [Type: DROIT/HELIC] [Module]  [Ø exterieur/Matière][Ø Alésage/Matière]
277316043,"SOLENOID VALVE TYPE S5A NB 3"" PARKER MADE INSTRUMENTS",PN,PN-EV,EV,PN-EV-SOL-005,"ELECTROVANNE PNEU [Fonction: 5/2, 3/2] [Filetage] [Tension Commande]"
277316044,"COIL FOR SOLENOID VALVE S5A   230V, 50 Hz PARKER MADE INSTRUMENTS",PN,PN-EV,EV,PN-EV-COI-001,"ELECTROVANNE PNEU [Fonction: 5/2, 3/2] [Filetage] [Tension Commande]"
277316045,"REPAIR KIT SOLENOID VALVE S5A  NB 3"" PARKER MADE INSTRUMENTS",PN,PN-EV,EV,PN-EV-REP-001,"ELECTROVANNE PNEU [Fonction: 5/2, 3/2] [Filetage] [Tension Commande]"
277316048,"COIL FOR SOLENOID VALVE S7A  230V, 50 Hz PARKER MADE INSTRUMENTS",PN,PN-EV,EV,PN-EV-COI-002,"ELECTROVANNE PNEU [Fonction: 5/2, 3/2] [Filetage] [Tension Commande]"
277316049,"SOLENOID VALVE TYPE S7A NB 1"" PARKER MADE INSTRUMENTS",PN,PN-EV,EV,PN-EV-SOL-006,"ELECTROVANNE PNEU [Fonction: 5/2, 3/2] [Filetage] [Tension Commande]"
277316050,DRIVEN GEAR SR. NO. 201 DRAWING BIM-1020-2003-02 PAGE8,ME,ME-EN,EN,ME-EN-DRI-002,ENGRENAGE [Type: DROIT/HELIC] [Module]  [Ø exterieur/Matière][Ø Alésage/Matière]
277316052,DRIVING GEAR SR. NO. 205 DRAWING BIM-1020-2003-02 PAGE8,ME,ME-EN,EN,ME-EN-DRI-003,ENGRENAGE [Type: DROIT/HELIC] [Module]  [Ø exterieur/Matière][Ø Alésage/Matière]
277316054,SHAFT SEAL SR. NO. 209 DRAWING BIM-1020-2003-02 PAGE8,ME,ME-JO,JO,ME-JO-RDS-004,JOINT [Type: SPI/O-RING/LEVRE] [Dimensions: IntXExtXEp] [Matière: NBR/FKM]
277316056,SEAL SR. NO. 214 DRAWING BIM-1020-2003-02 PAGE8,ME,ME-JO,JO,ME-JO-SEA-031,JOINT [Type: SPI/O-RING/LEVRE] [Dimensions: IntXExtXEp] [Matière: NBR/FKM]
277316059,SEAL SR. NO. 232 DRAWING BIM-1020-2003-02 PAGE8,ME,ME-JO,JO,ME-JO-SEA-032,JOINT [Type: SPI/O-RING/LEVRE] [Dimensions: IntXExtXEp] [Matière: NBR/FKM]
277316062,"REFACTORY CEMENT FOR BOILER / GRADE 43, HIGH TEMP RESISTANT / FOR FUEL BOILER",CS,CS-GC,GC,CS-GC-043-001,
277316063,ASBESTOS GASKET BAND 5MM THICK / DENSITY 1.8 to 2.1 g/cm³ / FOR FUEL BOILER PACKING,ME,ME-JO,JO,ME-JO-005-003,JOINT [Type: SPI/O-RING/LEVRE] [Dimensions: IntXExtXEp] [Matière: NBR/FKM]
277316064,DRIVE SLIP CLUTCH 56602389,IN,IN-VA,VA,IN-VA-DRI-014,"VARIATEUR VITESSE [Type: MONO, TRIPHASE] [Puissance/kW]  [Mode: Réseau/Simple][Fabricant]"
277316067,M8X12 CAPSCREW 92527811,ME,ME-VI,VI,ME-VI-M08-006,VIS [Type: CHC/TH/FHC] M [Diamètre]X[Longueur]en mm [Matiere:Acier/Inox]
277316310,RING SEAL FLUSH,ME,ME-JO,JO,ME-JO-RIN-034,JOINT [Type: SPI/O-RING/LEVRE] [Dimensions: IntXExtXEp] [Matière: NBR/FKM]
277316311,O RING N70036,ME,ME-JO,JO,ME-JO-RIN-035,JOINT [Type: SPI/O-RING/LEVRE] [Dimensions: IntXExtXEp] [Matière: NBR/FKM]
277317005,DIGITAL TEMPERATURE PIDCONTROL,IN,IN-TE,TE,IN-TE-DIG-001,SONDE TEMPERATURE [Type: PT100/TC-K] L=[Longueur] Ø[Tige]
277317043,DRIVE CHAIN 39 LINKS+1MASTER,ME,ME-CH,CH,ME-CH-DRI-001,CHAINE ROULEAUX [Pas] [Type: SIMPLEX/DUPLEX] L=[Nbr Maillons/Longueur en mm]
277317048,PERFUME DOSING PUMP ELCTRONIC PUMPING SYSTEM FOR TALC PLANT,HY,HY-PO,PO,HY-PO-PER-001,POMPE HYDRAULIQUE [Type:volumetrique/Turbo pompe] [Cylindrée] [Pression Max][type de liquide]
277317051,THERMOCOUPLE PT100 CFAL72.02.0,IN,IN-TH,TH,IN-TH-P10-001,THERMOCOUPLE [Type: K/J/T] [Longueur Gaine] [Raccordement]
277317052,"DOSING PUMP BT5B 2504 NPT 25BAR, 2.9 L/H 230V AC 50/60Hz",HY,HY-PO,PO,HY-PO-002-006,POMPE HYDRAULIQUE [Type:volumetrique/Turbo pompe] [Cylindrée] [Pression Max][type de liquide]
277317061,RELAY G3R-0DX0 25M -BETA PACK,EL,EL-RE,RE,EL-RE-REL-027,RELAIS [Type: EMBROCHABLE/STAT] BOBINE [Tension/V] [Nbr Contacts]
277317062,RELAY 24VDC MY2IN OMRONBETA PA,EL,EL-RE,RE,EL-RE-REL-028,RELAIS [Type: EMBROCHABLE/STAT] BOBINE [Tension/V] [Nbr Contacts]
277317065,RELAY 3GR-ODX02SN OMRENLOAD 2A,EL,EL-RE,RE,EL-RE-002-003,RELAIS [Type: EMBROCHABLE/STAT] BOBINE [Tension/V] [Nbr Contacts]
277317066,SOLID STATE RELAYDC60MP,EL,EL-RE,RE,EL-RE-SOL-001,RELAIS [Type: EMBROCHABLE/STAT] BOBINE [Tension/V] [Nbr Contacts]
277317078,THERMOCOUPLE J PROBE(BETA PACK,IN,IN-TH,TH,IN-TH-THE-014,THERMOCOUPLE [Type: K/J/T] [Longueur Gaine] [Raccordement]
277317087,THERMOCOUPLE,IN,IN-TH,TH,IN-TH-THE-015,THERMOCOUPLE [Type: K/J/T] [Longueur Gaine] [Raccordement]
277317093,LIMIT SWITCH TELEMECH.IEC/ENG,EE,EE-CP,CP,EE-CP-LIM-013,CAPTEUR [Type: PROXIMITE/PHOTO] [Signal: PNP/NPN/TOR] [Raccordement]
277317116,GRUB SCREW M4*8NICHROME,ME,ME-VI,VI,ME-VI-M04-004,VIS [Type: CHC/TH/FHC] M [Diamètre]X[Longueur]en mm [Matiere:Acier/Inox]
277317336,FLANGED MOTOR JL2-B3-2/3-03KW,EL,EL-MO,MO,EL-MO-030-001,MOTEUR ASYNCHRONE [Puissance/kW] [Vitesse/tr/min] [Fixation] [Tension]
277317548,KTM.WP 11181P SENSOR PHOTO MARK SENSEOR SICK SENSOR,EE,EE-CP,CP,EE-CP-KTM-001,CAPTEUR [Type: PROXIMITE/PHOTO] [Signal: PNP/NPN/TOR] [Raccordement]
277317549,PNEUMATIC PIPE 16MM FESTO FESTO 16MM PIPE PNEUMATIC PIPE 16MM,PN,PN-RA,RA,PN-RA-016-001,RACCORD PNEUMATIQUE [Type: INSTANT/NIPPLE] Ø[Tube] [Filetage]
277317551,SEAL HEAD INSERT 110891C,ME,ME-JO,JO,ME-JO-SEA-033,JOINT [Type: SPI/O-RING/LEVRE] [Dimensions: IntXExtXEp] [Matière: NBR/FKM]
277317553,SILICONE RUBBER 1.2MX5MX3MM,CS,CS-AM,AM,CS-AM-003-001,
277317557,"GUARDMASSAFETYRELAYMSR127RP/TP 24VAC/DC, 115V ACOR230VAC 50/60 HZ",EL,EL-RE,RE,EL-RE-050-002,RELAIS [Type: EMBROCHABLE/STAT] BOBINE [Tension/V] [Nbr Contacts]
277317558,CONTACTOR 18.5KW 220V AC COIL ABB_AF38-30-00-13_220AC (400 V) 18.5 KW,EL,EL-CO,CO,EL-CO-018-001,CONTACTEUR [Intensité/A] BOBINE [Tension/V] [Nbr Contacts NO/NF]
277317559,"POWER CONTACTOR 4KW,24VDC COIL AF09-30-10-11 4 KW / 400 V AC (AC-3)",EL,EL-CO,CO,EL-CO-030-001,CONTACTEUR [Intensité/A] BOBINE [Tension/V] [Nbr Contacts NO/NF]
277317561,IFM EVT135 SENSOR CABLE <50AC/<60DC CONNECTOR 1XM8 STRAIGHT,EL,EL-CA,CA,EL-CA-IFM-001,CABLE [Type] [Nbr Conducteurs]X[Section/mm²] [Matière/Blindage]
277317569,DOUBLE NIPPLE E-1/8-1/8 3573,PN,PN-RA,RA,PN-RA-001-045,RACCORD PNEUMATIQUE [Type: INSTANT/NIPPLE] Ø[Tube] [Filetage]
277317571,AV2000F025DZBASOFTSTARTUPVALVE,PN,PN-EV,EV,PN-EV-AV2-001,"ELECTROVANNE PNEU [Fonction: 5/2, 3/2] [Filetage] [Tension Commande]"
277317574,V-BELT SPZ 1600,ME,ME-CO,CO,ME-CO-SPZ-001,COURROIE [Type: Profil(TRAP/DENT/plate)] [dimension: L=[Longueurx epaisseur  en mm]
277417001,COMPR SPRING 2254807500 ATLAS COPCO 132,PN,PN-CO,CO,PN-CO-COM-006,COMPRESSEUR AIR [Puissance/kW] [Débit] [Capacité Cuve/L] [Pression]
277417081,THERMOCOUPLE SENSORNIL-2264,IN,IN-TH,TH,IN-TH-THE-016,THERMOCOUPLE [Type: K/J/T] [Longueur Gaine] [Raccordement]
300102016,PUSHBUTTON 30116016,EL,EL-CO,CO,EL-CO-PUS-004,CONTACTEUR [Intensité/A] BOBINE [Tension/V] [Nbr Contacts NO/NF]
300102017,HOSE 30557380,HY,HY-FL,FL,HY-FL-HOS-005,FLEXIBLE HYDRAULIQUE [type: DN[Diamètre Ø int ] L=[Longueur] [Embouts]
300102018,LUBRICANT PTFE SYSTEM TT 163,CS,CS-GC,GC,CS-GC-LUB-002,
300102021,SHAFT SEALING RING,ME,ME-JO,JO,ME-JO-RDS-005,JOINT [Type: SPI/O-RING/LEVRE] [Dimensions: IntXExtXEp] [Matière: NBR/FKM]
300102031,SWITCH 30116030,EE,EE-CP,CP,EE-CP-SWI-005,CAPTEUR [Type: PROXIMITE/PHOTO] [Signal: PNP/NPN/TOR] [Raccordement]
300102041,LUBRICATOR 30446041,CS,CS-GC,GC,CS-GC-LUB-003,
300102053,AUTOM. CIRCUIT BREAKER34000053,EL,EL-DI,DI,EL-DI-AUT-001,"DISJONCTEUR [Type: [VIDE,BAIN D'HUILE,GAZ,MOTEUR,MANETTE]  [Calibre/A] [Tension/Volt][Nbr Pôles] [Fabricant]"
300102055,AUTOM. CIRCUIT BREAKER34000055,EL,EL-DI,DI,EL-DI-AUT-002,"DISJONCTEUR [Type: [VIDE,BAIN D'HUILE,GAZ,MOTEUR,MANETTE]  [Calibre/A] [Tension/Volt][Nbr Pôles] [Fabricant]"
300102086,AUTOM. CIRCUIT BREAKER34000086,EL,EL-DI,DI,EL-DI-AUT-003,"DISJONCTEUR [Type: [VIDE,BAIN D'HUILE,GAZ,MOTEUR,MANETTE]  [Calibre/A] [Tension/Volt][Nbr Pôles] [Fabricant]"
300102102,AUTOM. CIRCUIT BREAKER34000102,EL,EL-DI,DI,EL-DI-AUT-004,"DISJONCTEUR [Type: [VIDE,BAIN D'HUILE,GAZ,MOTEUR,MANETTE]  [Calibre/A] [Tension/Volt][Nbr Pôles] [Fabricant]"
300102103,AUTOM. CIRCUIT BREAKER34000103,EL,EL-DI,DI,EL-DI-AUT-005,"DISJONCTEUR [Type: [VIDE,BAIN D'HUILE,GAZ,MOTEUR,MANETTE]  [Calibre/A] [Tension/Volt][Nbr Pôles] [Fabricant]"
300102104,AUTOM. CIRCUIT BREAKER34000104,EL,EL-DI,DI,EL-DI-AUT-006,"DISJONCTEUR [Type: [VIDE,BAIN D'HUILE,GAZ,MOTEUR,MANETTE]  [Calibre/A] [Tension/Volt][Nbr Pôles] [Fabricant]"
300102112,CONVEYOR BELT 32053903,ME,ME-CO,CO,ME-CO-CON-001,COURROIE [Type: Profil(TRAP/DENT/plate)] [dimension: L=[Longueurx epaisseur  en mm]
300102149,BOLT 31098149,ME,ME-VI,VI,ME-VI-BOL-003,VIS [Type: CHC/TH/FHC] M [Diamètre]X[Longueur]en mm [Matiere:Acier/Inox]
300102151,CHAIN TIGHTENING WHEEL,ME,ME-CH,CH,ME-CH-CHA-005,CHAINE ROULEAUX [Pas] [Type: SIMPLEX/DUPLEX] L=[Nbr Maillons/Longueur en mm]
300102158,MOTOR PROTECTION32281158,EL,EL-MO,MO,EL-MO-MOT-005,MOTEUR ASYNCHRONE [Puissance/kW] [Vitesse/tr/min] [Fixation] [Tension]
300102197,INDUCTIVE SWITCH,EE,EE-CP,CP,EE-CP-IND-004,CAPTEUR [Type: PROXIMITE/PHOTO] [Signal: PNP/NPN/TOR] [Raccordement]
300102199,HEXAGON NUT 30303199,ME,ME-VI,VI,ME-VI-HEX-003,VIS [Type: CHC/TH/FHC] M [Diamètre]X[Longueur]en mm [Matiere:Acier/Inox]
300102205,HOSE 300507005,HY,HY-FL,FL,HY-FL-HOS-006,FLEXIBLE HYDRAULIQUE [type: DN[Diamètre Ø int ] L=[Longueur] [Embouts]
300102213,HOSE 30568213,HY,HY-FL,FL,HY-FL-HOS-007,FLEXIBLE HYDRAULIQUE [type: DN[Diamètre Ø int ] L=[Longueur] [Embouts]
300102220,JOINT HEAD 30587220,ME,ME-JO,JO,ME-JO-JOI-001,JOINT [Type: SPI/O-RING/LEVRE] [Dimensions: IntXExtXEp] [Matière: NBR/FKM]
300102244,JOINT HEAD 30587244,ME,ME-JO,JO,ME-JO-JOI-002,JOINT [Type: SPI/O-RING/LEVRE] [Dimensions: IntXExtXEp] [Matière: NBR/FKM]
300102270,CABLE 30645270,EL,EL-CA,CA,EL-CA-CAB-006,CABLE [Type] [Nbr Conducteurs]X[Section/mm²] [Matière/Blindage]
300102356,CYLINDER 30601356,HY,HY-VE,VE,HY-VE-CYL-028,VERIN HYDRAULIQUE [Type] Ø[Piston]/Ø[Tige]X[Course] [Pression Max]
300102358,HAXAGON SCREW,ME,ME-VI,VI,ME-VI-HAX-001,VIS [Type: CHC/TH/FHC] M [Diamètre]X[Longueur]en mm [Matiere:Acier/Inox]
300102363,HEXAGON NUT 30139363,ME,ME-VI,VI,ME-VI-HEX-004,VIS [Type: CHC/TH/FHC] M [Diamètre]X[Longueur]en mm [Matiere:Acier/Inox]
300102375,ROLLER CHAIN 30145375,ME,ME-CH,CH,ME-CH-RLR-001,CHAINE ROULEAUX [Pas] [Type: SIMPLEX/DUPLEX] L=[Nbr Maillons/Longueur en mm]
300102396,CHAIN WHEEL 31021396,ME,ME-CH,CH,ME-CH-CHA-006,CHAINE ROULEAUX [Pas] [Type: SIMPLEX/DUPLEX] L=[Nbr Maillons/Longueur en mm]
300102400,SWITCH 30581400,EE,EE-CP,CP,EE-CP-SWI-006,CAPTEUR [Type: PROXIMITE/PHOTO] [Signal: PNP/NPN/TOR] [Raccordement]
300102464,MOTOR 30602464,EL,EL-MO,MO,EL-MO-MOT-006,MOTEUR ASYNCHRONE [Puissance/kW] [Vitesse/tr/min] [Fixation] [Tension]
300102533,HEXAGON NUT 30139533,ME,ME-VI,VI,ME-VI-HEX-005,VIS [Type: CHC/TH/FHC] M [Diamètre]X[Longueur]en mm [Matiere:Acier/Inox]
300102538,NUT 30647528,ME,ME-VI,VI,ME-VI-NUT-004,VIS [Type: CHC/TH/FHC] M [Diamètre]X[Longueur]en mm [Matiere:Acier/Inox]
300102603,ROLLER CHAIN 30473603,ME,ME-CH,CH,ME-CH-RLR-002,CHAINE ROULEAUX [Pas] [Type: SIMPLEX/DUPLEX] L=[Nbr Maillons/Longueur en mm]
300102634,CYLINDER PLATE 32546634,HY,HY-VE,VE,HY-VE-PLT-001,VERIN HYDRAULIQUE [Type] Ø[Piston]/Ø[Tige]X[Course] [Pression Max]
300102636,O-RING 30035703,ME,ME-JO,JO,ME-JO-RIN-036,JOINT [Type: SPI/O-RING/LEVRE] [Dimensions: IntXExtXEp] [Matière: NBR/FKM]
300102643,HOSE 30239849,HY,HY-FL,FL,HY-FL-HOS-008,FLEXIBLE HYDRAULIQUE [type: DN[Diamètre Ø int ] L=[Longueur] [Embouts]
300102644,GEAR BOX 30628635,ME,ME-EN,EN,ME-EN-GEA-013,ENGRENAGE [Type: DROIT/HELIC] [Module]  [Ø exterieur/Matière][Ø Alésage/Matière]
300102665,POWER SUPPLY 32559665,EE,EE-CA,CA,EE-CA-POW-010,CARTE ELECTRONIQUE [Fonction/Usage] [Réf Modèle] [Constructeur]
300102696,BEARING PLUG 30530751,ME,ME-RO,RO,ME-RO-305-001,ROULEMENT [Type: BILLES/ROULEAUX] [Série/Réf] Ø[Intérieur]XØ[Extérieur]X[Épaisseur] [Flasque/Jeu]
300102722,SEALING RING 30274722,ME,ME-JO,JO,ME-JO-SEA-034,JOINT [Type: SPI/O-RING/LEVRE] [Dimensions: IntXExtXEp] [Matière: NBR/FKM]
300102758,HEXAGONE NUT 30581758,ME,ME-VI,VI,ME-VI-HEX-006,VIS [Type: CHC/TH/FHC] M [Diamètre]X[Longueur]en mm [Matiere:Acier/Inox]
300102793,PROXIMITY SWITCH30621793,EE,EE-CP,CP,EE-CP-PRO-009,CAPTEUR [Type: PROXIMITE/PHOTO] [Signal: PNP/NPN/TOR] [Raccordement]
300102800,O'RING 30447800,ME,ME-JO,JO,ME-JO-RIN-037,JOINT [Type: SPI/O-RING/LEVRE] [Dimensions: IntXExtXEp] [Matière: NBR/FKM]
300102846,ROLLER CHAIN 30195846,ME,ME-CH,CH,ME-CH-RLR-003,CHAINE ROULEAUX [Pas] [Type: SIMPLEX/DUPLEX] L=[Nbr Maillons/Longueur en mm]
300102850,CHAIN WHEEL 30624850,ME,ME-CH,CH,ME-CH-CHA-007,CHAINE ROULEAUX [Pas] [Type: SIMPLEX/DUPLEX] L=[Nbr Maillons/Longueur en mm]
300102938,V-BELT 30615938,ME,ME-CO,CO,ME-CO-BEL-012,COURROIE [Type: Profil(TRAP/DENT/plate)] [dimension: L=[Longueurx epaisseur  en mm]
311505197,TEMPERATURE REGULATOR,PN,PN-RE,RE,PN-RE-TEM-003,REGULATEUR PRESSION [Filetage] [Plage/Bars] [Options: MANOMETRE/FILTRE]
312002033,JOINT PALIER SKF TSNA 516A REP,ME,ME-JO,JO,ME-JO-JOI-003,JOINT [Type: SPI/O-RING/LEVRE] [Dimensions: IntXExtXEp] [Matière: NBR/FKM]
312002034,MOTEUR SYSTEMEREGULATION REP10,EL,EL-MO,MO,EL-MO-MOT-007,MOTEUR ASYNCHRONE [Puissance/kW] [Vitesse/tr/min] [Fixation] [Tension]
312002043,VIS FIXATION RACLEUR REP 1034,ME,ME-VI,VI,ME-VI-VIS-006,VIS [Type: CHC/TH/FHC] M [Diamètre]X[Longueur]en mm [Matiere:Acier/Inox]
312002048,JOINT TROU D'HOMME REP 1051,ME,ME-JO,JO,ME-JO-JOI-004,JOINT [Type: SPI/O-RING/LEVRE] [Dimensions: IntXExtXEp] [Matière: NBR/FKM]
312002052,JOINT CLAPET DE REGLAGE REP 10,ME,ME-JO,JO,ME-JO-JOI-005,JOINT [Type: SPI/O-RING/LEVRE] [Dimensions: IntXExtXEp] [Matière: NBR/FKM]
312002053,JOINT INTRODUCTION REP 3013,ME,ME-JO,JO,ME-JO-RDS-006,JOINT [Type: SPI/O-RING/LEVRE] [Dimensions: IntXExtXEp] [Matière: NBR/FKM]
312002054,DISJONCTEUR A GAZ/2000A/24KV 50Hz/SF6/TYPE=2425F 20KV ELECTRICAL DISTRIBUTION,EL,EL-DI,DI,EL-DI-DIS-014,"DISJONCTEUR [Type: [VIDE,BAIN D'HUILE,GAZ,MOTEUR,MANETTE]  [Calibre/A] [Tension/Volt][Nbr Pôles] [Fabricant]"
312002055,GLOBE SOUPAPE DN20 PN25-40BAR L=150 H=235 G=125 GLOBE VALVE VALVE FOR BOILER MOC: MS,CS,CS-GC,GC,CS-GC-020-002,
312002056,GLOBE SOUPAPE DN25 PN25-40BAR L=160 H=245 G=125 GLOBE VALVE VALVE FOR BOILER MOC: MS,CS,CS-GC,GC,CS-GC-025-001,
312002057,GLOBE SOUPAPE DN40 PN25-40BAR L=200 H=275 G=150 GLOBE VALVE VALVE FOR BOILER MOC: MS,CS,CS-GC,GC,CS-GC-040-002,
312002058,GLOBE SOUPAPE DN50 PN25-40BAR L=230 H=275 G=150 GLOBE VALVE VALVE FOR BOILER MOC: MS,CS,CS-GC,GC,CS-GC-050-001,
312002059,GLOBE SOUPAPE DN80 PN25-40BAR L=310 H=375 G=200 GLOBE VALVE VALVE FOR BOILER MOC: MS,CS,CS-GC,GC,CS-GC-080-001,
312002064,"O - RING ID47,2 X 3,5 PART NUMBER : 015400891",ME,ME-JO,JO,ME-JO-047-002,JOINT [Type: SPI/O-RING/LEVRE] [Dimensions: IntXExtXEp] [Matière: NBR/FKM]
312002069,RING GEAR FOR ROTEXGS COUPLING SIZE 24 HYTREL GREEN 64SH-D,ME,ME-EN,EN,ME-EN-RIN-001,ENGRENAGE [Type: DROIT/HELIC] [Module]  [Ø exterieur/Matière][Ø Alésage/Matière]
312002070,O-RING E540-80 ⌀ 253.37X ⌀ 5.33,ME,ME-JO,JO,ME-JO-RIN-038,JOINT [Type: SPI/O-RING/LEVRE] [Dimensions: IntXExtXEp] [Matière: NBR/FKM]
312002071,HOT WATER FLOW METER,IN,IN-DE,DE,IN-DE-HOT-001,DEBITMETRE [Type] [Plage Débit] [DN/Raccordement] [Sortie]
312002073,JOINT EP2 259X240MM,ME,ME-JO,JO,ME-JO-259-001,JOINT [Type: SPI/O-RING/LEVRE] [Dimensions: IntXExtXEp] [Matière: NBR/FKM]
312002084,THERMAX FLAME DETECTOR / MODEL : UVCELL QRA2 / FOR 6TPH BOILER THERMAX,CS,CS-GC,GC,CS-GC-THE-001,
312002108,"THERMAX BOUCHON EN BRONZE 1"" BSP, IBRC/ THERMAX BOILER PLUG",CS,CS-GC,GC,CS-GC-THE-002,
312003008,SULZER GLOBE DN80 VALV 202AE PN25-40 BOTH END FLANGED FOR SULZER BOILER,CS,CS-GC,GC,CS-GC-040-003,
312003010,CONTRE ELECTRODE 330x260x180mm SULZER II TYPE 4273,CS,CS-SC,SC,CS-SC-330-001,
312003013,GLOBE SOUPAPE DN15 PN25-40BAR L=130 H=235 G=125 GLOBE VALVE VALVE FOR BOILER MOC: MS,CS,CS-GC,GC,CS-GC-015-001,
312003014,"GLOBE SOUPAPE DN65 PN25-40BAR L=280, PN 25-40BAR FLANGE END FOR BOILER LINE MOC: MS",CS,CS-GC,GC,CS-GC-280-001,
312003015,GLOBE VALVE DN200 PN 25-40 ROBINET A SOUPAPE A216 GR WCB VALVE FOR STEAM LINE IN BOILER,CS,CS-GC,GC,CS-GC-200-001,
312003016,GLOBE VALVE DN150 PN25-40 ROBINET A SOUPAPE A216 GR WCB VALVE FOR STEAM LINE IN BOILER,CS,CS-GC,GC,CS-GC-150-001,
312005003,JOINT EP2 249 X 194 KLINGEROIL REF. 018,ME,ME-JO,JO,ME-JO-249-001,JOINT [Type: SPI/O-RING/LEVRE] [Dimensions: IntXExtXEp] [Matière: NBR/FKM]
312005004,JOINT EP2 95 X 65 KLINGEROILIT REF. 014,ME,ME-JO,JO,ME-JO-095-001,JOINT [Type: SPI/O-RING/LEVRE] [Dimensions: IntXExtXEp] [Matière: NBR/FKM]
312005005,JOINT EP2 152 X 132 KLINGEROIL REF. 015,ME,ME-JO,JO,ME-JO-152-001,JOINT [Type: SPI/O-RING/LEVRE] [Dimensions: IntXExtXEp] [Matière: NBR/FKM]
312005006,JOINT EP2 152 X 96 KLINGEROILI REF. 006,ME,ME-JO,JO,ME-JO-152-002,JOINT [Type: SPI/O-RING/LEVRE] [Dimensions: IntXExtXEp] [Matière: NBR/FKM]
312005007,JOINT EP2 152 X 112 KLINGEROIL REF. 013,ME,ME-JO,JO,ME-JO-152-003,JOINT [Type: SPI/O-RING/LEVRE] [Dimensions: IntXExtXEp] [Matière: NBR/FKM]
312005008,RELAIS DE SURVEILLANCETENSION,EL,EL-RE,RE,EL-RE-REL-029,RELAIS [Type: EMBROCHABLE/STAT] BOBINE [Tension/V] [Nbr Contacts]
312005016,RELAIS INTERVALLE TEMPSTZMP 23,EL,EL-RE,RE,EL-RE-REL-030,RELAIS [Type: EMBROCHABLE/STAT] BOBINE [Tension/V] [Nbr Contacts]
312005018,ALARM SYSTEM EAO TYPE AS5016 2,SE,SE-AL,AL,SE-AL-ALA-002,ALARME SONORE [Type: SIRENE/BUZZER] [Puissance/dB] [Tension V]
312005020,VIS FIXATION M12x35 REF 1060  PORTE TUYERE,ME,ME-VI,VI,ME-VI-M12-004,VIS [Type: CHC/TH/FHC] M [Diamètre]X[Longueur]en mm [Matiere:Acier/Inox]
312005021,VIS M6x15 MM,ME,ME-VI,VI,ME-VI-M06-007,VIS [Type: CHC/TH/FHC] M [Diamètre]X[Longueur]en mm [Matiere:Acier/Inox]
312005025,POSITIONNEUR PNEUMATIQUE MODEL,PN,PN-RA,RA,PN-RA-POS-001,RACCORD PNEUMATIQUE [Type: INSTANT/NIPPLE] Ø[Tube] [Filetage]
312005031,CORP DE PALIER REF:2031 CCM SULZER 137.312.891.001 COMPLETE SET FOR BOILER1&2,CS,CS-GC,GC,CS-GC-137-001,
312005038,"PULLEY FOR CIRCUALTION PUMP REF:009, ART : 103.008.747.009 POULIE FOR SULZER BOILER-1",HY,HY-PO,PO,HY-PO-009-001,POMPE HYDRAULIQUE [Type:volumetrique/Turbo pompe] [Cylindrée] [Pression Max][type de liquide]
312005058,"RACLEUR SHAFT BEARING HOUSING SULZER-1 CIRC PUMP SHAFT SS BODY, OEM VAPEC",ME,ME-RO,RO,ME-RO-001-003,ROULEMENT [Type: BILLES/ROULEAUX] [Série/Réf] Ø[Intérieur]XØ[Extérieur]X[Épaisseur] [Flasque/Jeu]
312005059,"AXE POMPE DE CIRCULATION SULZER-2 BOILER, REF 2048 SHAFT FOR BOILER-2",HY,HY-PO,PO,HY-PO-002-007,POMPE HYDRAULIQUE [Type:volumetrique/Turbo pompe] [Cylindrée] [Pression Max][type de liquide]
312005070,O-RING D=63.17*2.62 EPDM80SH,ME,ME-JO,JO,ME-JO-063-001,JOINT [Type: SPI/O-RING/LEVRE] [Dimensions: IntXExtXEp] [Matière: NBR/FKM]
312005071,PRESSURE RING FOR BOILER HOUSE 300000,CS,CS-GC,GC,CS-GC-PRE-001,
312005090,LEVEL ELECTRODE GESTRATYPE NRG,CS,CS-SC,SC,CS-SC-LEV-001,
312005092,THERMOSTAT GEFRANTYPE TC1M,IN,IN-TE,TE,IN-TE-THE-004,SONDE TEMPERATURE [Type: PT100/TC-K] L=[Longueur] Ø[Tige]
312005096,DIGITAL MODULE X20 DO 6321 DIGITAL OUTPUT 6321 DIGITAL MODULE BER,ME,ME-RO,RO,ME-RO-DIG-001,ROULEMENT [Type: BILLES/ROULEAUX] [Série/Réf] Ø[Intérieur]XØ[Extérieur]X[Épaisseur] [Flasque/Jeu]
312005097,SWITCHING AMPLIFIER NRS1-51 230V AC,EE,EE-CP,CP,EE-CP-SWI-007,CAPTEUR [Type: PROXIMITE/PHOTO] [Signal: PNP/NPN/TOR] [Raccordement]
312005098,HIGH LEVEL SENSOR NRG 16 - 51 GESTRA MAKE,EE,EE-CP,CP,EE-CP-HIG-001,CAPTEUR [Type: PROXIMITE/PHOTO] [Signal: PNP/NPN/TOR] [Raccordement]
312005102,JOINT DE COUVERCLEBOITIER DE R,ME,ME-JO,JO,ME-JO-JOI-006,JOINT [Type: SPI/O-RING/LEVRE] [Dimensions: IntXExtXEp] [Matière: NBR/FKM]
312005105,GOUJON M16*60MM (SULZER SPX 30,ME,ME-VI,VI,ME-VI-016-001,VIS [Type: CHC/TH/FHC] M [Diamètre]X[Longueur]en mm [Matiere:Acier/Inox]
312005111,VIS DE FIXATION PORTE 1060,ME,ME-VI,VI,ME-VI-VIS-007,VIS [Type: CHC/TH/FHC] M [Diamètre]X[Longueur]en mm [Matiere:Acier/Inox]
312005115,SECURITY RELAIS TYPE C3-A30 AC,EL,EL-RE,RE,EL-RE-SEC-001,RELAIS [Type: EMBROCHABLE/STAT] BOBINE [Tension/V] [Nbr Contacts]
312005118,PROTECTION DISC 2PARTS103.008.,SE,SE-PM,PM,SE-PM-PRO-001,PROTECTION MACHINE [Type: CARTER/GRILLAGE/Switch] [Dimensions][Capteurs sécurité/Fin de course/dispositif d'arret d'urgence] [Matière][Tension]
312005151,BAGUE DE ROULEMENT ACIERCK60/C,ME,ME-RO,RO,ME-RO-BAG-002,ROULEMENT [Type: BILLES/ROULEAUX] [Série/Réf] Ø[Intérieur]XØ[Extérieur]X[Épaisseur] [Flasque/Jeu]
312005153,JOINT TYPE A IX 340/30315/15*1,ME,ME-JO,JO,ME-JO-340-001,JOINT [Type: SPI/O-RING/LEVRE] [Dimensions: IntXExtXEp] [Matière: NBR/FKM]
312005156,JOINT TYPE B MOD.V220*34*17MM,ME,ME-JO,JO,ME-JO-220-001,JOINT [Type: SPI/O-RING/LEVRE] [Dimensions: IntXExtXEp] [Matière: NBR/FKM]
312005164,"""PROTECTION DISC COMP,TWOHALF",SE,SE-PM,PM,SE-PM-PRO-002,PROTECTION MACHINE [Type: CARTER/GRILLAGE/Switch] [Dimensions][Capteurs sécurité/Fin de course/dispositif d'arret d'urgence] [Matière][Tension]
312005170,PROTECTION SHIELD COMP480x230,SE,SE-PM,PM,SE-PM-480-001,PROTECTION MACHINE [Type: CARTER/GRILLAGE/Switch] [Dimensions][Capteurs sécurité/Fin de course/dispositif d'arret d'urgence] [Matière][Tension]
312005171,PROTECTION SHIELD COMP310x66 (,SE,SE-PM,PM,SE-PM-310-001,PROTECTION MACHINE [Type: CARTER/GRILLAGE/Switch] [Dimensions][Capteurs sécurité/Fin de course/dispositif d'arret d'urgence] [Matière][Tension]
312005173,PACKING RING D=90/70x8mm000.00,CS,CS-JG,JG,CS-JG-090-001,
312005191,RIBBED BARRIER TUBE 103.008.54,SE,SE-PM,PM,SE-PM-RIB-001,PROTECTION MACHINE [Type: CARTER/GRILLAGE/Switch] [Dimensions][Capteurs sécurité/Fin de course/dispositif d'arret d'urgence] [Matière][Tension]
312005194,QUARTZ TUBE  000.003.064.074,HY,HY-FL,FL,HY-FL-QUA-001,FLEXIBLE HYDRAULIQUE [type: DN[Diamètre Ø int ] L=[Longueur] [Embouts]
312005202,HEXAGON NUT 0.5 D,ME,ME-VI,VI,ME-VI-HEX-007,VIS [Type: CHC/TH/FHC] M [Diamètre]X[Longueur]en mm [Matiere:Acier/Inox]
312005204,JOINTS DURABLES 152/116,ME,ME-JO,JO,ME-JO-152-004,JOINT [Type: SPI/O-RING/LEVRE] [Dimensions: IntXExtXEp] [Matière: NBR/FKM]
312005206,GASKET SIGRAFLEX152x67x1.5mm,ME,ME-JO,JO,ME-JO-152-005,JOINT [Type: SPI/O-RING/LEVRE] [Dimensions: IntXExtXEp] [Matière: NBR/FKM]
312005229,CABLE PROFIBUS/6XV1830-0EH10,EL,EL-CA,CA,EL-CA-CAB-007,CABLE [Type] [Nbr Conducteurs]X[Section/mm²] [Matière/Blindage]
312005301,ELEVATOR DRIVE COMPLETE,IN,IN-VA,VA,IN-VA-ELE-001,"VARIATEUR VITESSE [Type: MONO, TRIPHASE] [Puissance/kW]  [Mode: Réseau/Simple][Fabricant]"
312005621,BULB T6.8 - 24V / 50mA,SE,SE-EC,EC,SE-EC-BUL-001,ECLAIRAGE [Type: LED/Halogènes] [Puissance/W] [Tension/V]
312005724,TRANSDUCER ACTIV POWER100V KWZ,EE,EE-CP,CP,EE-CP-TRA-001,CAPTEUR [Type: PROXIMITE/PHOTO] [Signal: PNP/NPN/TOR] [Raccordement]
312005789,"""LEVEL ELECTRODE TYPE-NRG17-11",CS,CS-SC,SC,CS-SC-LEV-002,
312005793,PACKING GLAND DIA 185X60STEEL,CS,CS-JG,JG,CS-JG-185-001,
312006038,6210-2Z SKF SHIELDED DEEP GROOVE BALL BEARING 50X90X20MM,ME,ME-RO,RO,ME-RO-050-001,ROULEMENT [Type: BILLES/ROULEAUX] [Série/Réf] Ø[Intérieur]XØ[Extérieur]X[Épaisseur] [Flasque/Jeu]
312006039,SNR 22216.EAKW33C3 SPHERICAL ROLLER BEARING SNR,ME,ME-RO,RO,ME-RO-222-003,ROULEMENT [Type: BILLES/ROULEAUX] [Série/Réf] Ø[Intérieur]XØ[Extérieur]X[Épaisseur] [Flasque/Jeu]
312050159,REGULATEUR ELECTRONIC-ATLAS CO,PN,PN-RE,RE,PN-RE-REG-002,REGULATEUR PRESSION [Filetage] [Plage/Bars] [Options: MANOMETRE/FILTRE]
329010001,DIAPHRAGM FOR PUMPTYPE: MTMa 1,HY,HY-PO,PO,HY-PO-001-002,POMPE HYDRAULIQUE [Type:volumetrique/Turbo pompe] [Cylindrée] [Pression Max][type de liquide]
329012002,SUCTION VALVEPUMP TYPE MTMa 12,HY,HY-PO,PO,HY-PO-SUC-001,POMPE HYDRAULIQUE [Type:volumetrique/Turbo pompe] [Cylindrée] [Pression Max][type de liquide]
329012003,DISCHARGE VALVEPUMP TYPE MTMa,HY,HY-PO,PO,HY-PO-DIS-001,POMPE HYDRAULIQUE [Type:volumetrique/Turbo pompe] [Cylindrée] [Pression Max][type de liquide]
329020001,DIAPHARGM FOR PUMPTYPE: B 20.0,HY,HY-PO,PO,HY-PO-020-001,POMPE HYDRAULIQUE [Type:volumetrique/Turbo pompe] [Cylindrée] [Pression Max][type de liquide]
329601014,MECHANICAL SEALM410LZ928   FLO,ME,ME-JO,JO,ME-JO-MEC-018,JOINT [Type: SPI/O-RING/LEVRE] [Dimensions: IntXExtXEp] [Matière: NBR/FKM]
329601018,JOINT CASINGH455KC012,ME,ME-JO,JO,ME-JO-JOI-007,JOINT [Type: SPI/O-RING/LEVRE] [Dimensions: IntXExtXEp] [Matière: NBR/FKM]
329601020,IMPELLER FAN MAKE: EMC ELECTROMECANICAS,HY,HY-PO,PO,HY-PO-IMP-002,POMPE HYDRAULIQUE [Type:volumetrique/Turbo pompe] [Cylindrée] [Pression Max][type de liquide]
329608022,BEARING COVER/BASICMAT EN-GJL 250-MODEL =KSB 150-40 ZA033514 BASIC/KEMFIO PUMP,ME,ME-RO,RO,ME-RO-250-006,ROULEMENT [Type: BILLES/ROULEAUX] [Série/Réf] Ø[Intérieur]XØ[Extérieur]X[Épaisseur] [Flasque/Jeu]
329608025,GLASS OIL LEVEL TUPE 150-40 KENFLOW PUMP UTILITY SHOP,HY,HY-PO,PO,HY-PO-150-003,POMPE HYDRAULIQUE [Type:volumetrique/Turbo pompe] [Cylindrée] [Pression Max][type de liquide]
329608028,SHAFT FOR KSB PUMP MEG80-315 TANK YARD CPO PUMP MEGA 80-315,HY,HY-PO,PO,HY-PO-315-001,POMPE HYDRAULIQUE [Type:volumetrique/Turbo pompe] [Cylindrée] [Pression Max][type de liquide]
329608029,SLLEVE FOR KSB PUMP MEG80-315 TANK YARD CPO PUMP MEGA 80-315,HY,HY-PO,PO,HY-PO-315-002,POMPE HYDRAULIQUE [Type:volumetrique/Turbo pompe] [Cylindrée] [Pression Max][type de liquide]
329608036,MECHANICAL SEAL FOR40-25 CPX20,ME,ME-JO,JO,ME-JO-MEC-019,JOINT [Type: SPI/O-RING/LEVRE] [Dimensions: IntXExtXEp] [Matière: NBR/FKM]
329608037,IMPELLER  FOR 40-25CPX200 FLOW,HY,HY-PO,PO,HY-PO-IMP-003,POMPE HYDRAULIQUE [Type:volumetrique/Turbo pompe] [Cylindrée] [Pression Max][type de liquide]
329608046,IMPELLER FOR MEGA 65-315,HY,HY-PO,PO,HY-PO-IMP-004,POMPE HYDRAULIQUE [Type:volumetrique/Turbo pompe] [Cylindrée] [Pression Max][type de liquide]
329608047,"""Hex HEAD BOLTUNC 5/8"""""""" - 11",ME,ME-VI,VI,ME-VI-005-002,VIS [Type: CHC/TH/FHC] M [Diamètre]X[Longueur]en mm [Matiere:Acier/Inox]
329608056,IMPELLER NUTFOR PUMP MEGA G50-,ME,ME-VI,VI,ME-VI-IMP-001,VIS [Type: CHC/TH/FHC] M [Diamètre]X[Longueur]en mm [Matiere:Acier/Inox]
329608062,MECHANICAL SEAL 433 KSB CPK OC,ME,ME-JO,JO,ME-JO-MEC-020,JOINT [Type: SPI/O-RING/LEVRE] [Dimensions: IntXExtXEp] [Matière: NBR/FKM]
329608063,O RING & GASKET SETFOR PUMP ME,ME,ME-JO,JO,ME-JO-RIN-039,JOINT [Type: SPI/O-RING/LEVRE] [Dimensions: IntXExtXEp] [Matière: NBR/FKM]
329608064,IMPELLER 230 KSB CPK OC 40-200,HY,HY-PO,PO,HY-PO-IMP-005,POMPE HYDRAULIQUE [Type:volumetrique/Turbo pompe] [Cylindrée] [Pression Max][type de liquide]
329608065,IMPELLERFOR PUMP CPK E50-160,HY,HY-PO,PO,HY-PO-160-001,POMPE HYDRAULIQUE [Type:volumetrique/Turbo pompe] [Cylindrée] [Pression Max][type de liquide]
329608069,ST BOX PRESSURE RINGFOR PUMP C,HY,HY-PO,PO,HY-PO-BOX-001,POMPE HYDRAULIQUE [Type:volumetrique/Turbo pompe] [Cylindrée] [Pression Max][type de liquide]
329608071,LANTERN RINGFOR PUMP CPK E50-1,HY,HY-PO,PO,HY-PO-001-003,POMPE HYDRAULIQUE [Type:volumetrique/Turbo pompe] [Cylindrée] [Pression Max][type de liquide]
329608072,CIRCLIPFOR PUMP CPK E50-160,HY,HY-PO,PO,HY-PO-160-002,POMPE HYDRAULIQUE [Type:volumetrique/Turbo pompe] [Cylindrée] [Pression Max][type de liquide]
329608073,SPLASH RINGFOR PUMP CPK E50-16,HY,HY-PO,PO,HY-PO-016-002,POMPE HYDRAULIQUE [Type:volumetrique/Turbo pompe] [Cylindrée] [Pression Max][type de liquide]
329608078,LABYRINTH RINGFOR PUMP CPK E50,HY,HY-PO,PO,HY-PO-LAB-001,POMPE HYDRAULIQUE [Type:volumetrique/Turbo pompe] [Cylindrée] [Pression Max][type de liquide]
329608080,IMPELLER(bronze)TYPE 150-40,HY,HY-PO,PO,HY-PO-IMP-006,POMPE HYDRAULIQUE [Type:volumetrique/Turbo pompe] [Cylindrée] [Pression Max][type de liquide]
329608084,IMPELLER NUT TYPE 150-40,ME,ME-VI,VI,ME-VI-IMP-002,VIS [Type: CHC/TH/FHC] M [Diamètre]X[Longueur]en mm [Matiere:Acier/Inox]
329608089,IMPELLER BRONZE NO:230KSB CPK-,HY,HY-PO,PO,HY-PO-IMP-007,POMPE HYDRAULIQUE [Type:volumetrique/Turbo pompe] [Cylindrée] [Pression Max][type de liquide]
329608090,SHAFI PROTECTION STEEVE N. 524 UTILITY,SE,SE-PM,PM,SE-PM-SHA-001,PROTECTION MACHINE [Type: CARTER/GRILLAGE/Switch] [Dimensions][Capteurs sécurité/Fin de course/dispositif d'arret d'urgence] [Matière][Tension]
329608092,FLAT GASKET N. 554 UTILITY,ME,ME-JO,JO,ME-JO-FLA-001,JOINT [Type: SPI/O-RING/LEVRE] [Dimensions: IntXExtXEp] [Matière: NBR/FKM]
329608094,GLAND COVER N. 452 UTILITY,SE,SE-PM,PM,SE-PM-GLA-001,PROTECTION MACHINE [Type: CARTER/GRILLAGE/Switch] [Dimensions][Capteurs sécurité/Fin de course/dispositif d'arret d'urgence] [Matière][Tension]
329608097,GASKET SET AND O' RING UTILITY,ME,ME-JO,JO,ME-JO-GAS-016,JOINT [Type: SPI/O-RING/LEVRE] [Dimensions: IntXExtXEp] [Matière: NBR/FKM]
329608099,BALL BEARING KSB CPK OC 40-200,ME,ME-RO,RO,ME-RO-402-001,ROULEMENT [Type: BILLES/ROULEAUX] [Série/Réf] Ø[Intérieur]XØ[Extérieur]X[Épaisseur] [Flasque/Jeu]
329608101,ROLLER BEARING 320.02 KSB CPK,ME,ME-RO,RO,ME-RO-320-002,ROULEMENT [Type: BILLES/ROULEAUX] [Série/Réf] Ø[Intérieur]XØ[Extérieur]X[Épaisseur] [Flasque/Jeu]
329608103,BEARING BRACKET LANTERN 344KSB,ME,ME-RO,RO,ME-RO-344-001,ROULEMENT [Type: BILLES/ROULEAUX] [Série/Réf] Ø[Intérieur]XØ[Extérieur]X[Épaisseur] [Flasque/Jeu]
329701012,SEAT COVER/HOUSSE VÉHICULE,SE,SE-PM,PM,SE-PM-SEA-001,PROTECTION MACHINE [Type: CARTER/GRILLAGE/Switch] [Dimensions][Capteurs sécurité/Fin de course/dispositif d'arret d'urgence] [Matière][Tension]
340201009,ELECTRONIC REGULATOR II(ATLAS,PN,PN-RE,RE,PN-RE-ELE-001,REGULATEUR PRESSION [Filetage] [Plage/Bars] [Options: MANOMETRE/FILTRE]
340401001,FREE END GASKET000431990 - ELG,ME,ME-JO,JO,ME-JO-FRE-001,JOINT [Type: SPI/O-RING/LEVRE] [Dimensions: IntXExtXEp] [Matière: NBR/FKM]
340401008,SEAL OIL REF.000420350-ELGI CO,ME,ME-JO,JO,ME-JO-SEA-035,JOINT [Type: SPI/O-RING/LEVRE] [Dimensions: IntXExtXEp] [Matière: NBR/FKM]
340401018,GASKET DIA60REF.000414520 -ELG,ME,ME-JO,JO,ME-JO-060-005,JOINT [Type: SPI/O-RING/LEVRE] [Dimensions: IntXExtXEp] [Matière: NBR/FKM]
340401023,CYLINDER REF.00021010A-ELGI CO,HY,HY-VE,VE,HY-VE-CYL-029,VERIN HYDRAULIQUE [Type] Ø[Piston]/Ø[Tige]X[Course] [Pression Max]
340401024,CYLINDER 60 DIAREF.00021011C -,HY,HY-VE,VE,HY-VE-CYL-030,VERIN HYDRAULIQUE [Type] Ø[Piston]/Ø[Tige]X[Course] [Pression Max]
340401030,ELGI OIL-AIRLUBE XD/PART NO.  ELGI 11-13/MODEL = BOBF110013 000998053 - TALK PLANT,CS,CS-GC,GC,CS-GC-011-001,
340401031,ELGI AIR FILTER ELEMENT/BO0570 0770004 ELGI 11-13/MODEL = BOB F 110013  - TALK PLANT,HY,HY-FI,FI,HY-FI-ELG-003,FILTRE HYDRAULIQUE [Type: RETOUR/ASP] [Seuil/µm] [Raccordement/Débit]
340401032,OILFILTER ELE-75LPM/P.N.=B0048 0077001 ELGI 11-13/MODEL = BOB F 110013  - TALK PLANT,HY,HY-FI,FI,HY-FI-011-001,FILTRE HYDRAULIQUE [Type: RETOUR/ASP] [Seuil/µm] [Raccordement/Débit]
340401035,OIL COOLER-EG132 &160 KW 015314802,CS,CS-GC,GC,CS-GC-160-002,
340401036,O-RINGID47.2X35 015400891,ME,ME-JO,JO,ME-JO-047-003,JOINT [Type: SPI/O-RING/LEVRE] [Dimensions: IntXExtXEp] [Matière: NBR/FKM]
340662043,UNIT CONTROL MODULE(S.P.  TRAN,EE,EE-CA,CA,EE-CA-UNI-001,CARTE ELECTRONIQUE [Fonction/Usage] [Réf Modèle] [Constructeur]
341505088,FILTRE DEIDRATATORE ADK165S AT,HY,HY-FI,FI,HY-FI-FIL-029,FILTRE HYDRAULIQUE [Type: RETOUR/ASP] [Seuil/µm] [Raccordement/Débit]
346702007,SONDE PT100,IN,IN-TE,TE,IN-TE-P10-005,SONDE TEMPERATURE [Type: PT100/TC-K] L=[Longueur] Ø[Tige]
347603001,GAS PUMP N0 B21UP007,HY,HY-PO,PO,HY-PO-GAS-001,POMPE HYDRAULIQUE [Type:volumetrique/Turbo pompe] [Cylindrée] [Pression Max][type de liquide]
347603019,EVP HEATER CABLE THERMOSTAT 1,EL,EL-CA,CA,EL-CA-EVP-001,CABLE [Type] [Nbr Conducteurs]X[Section/mm²] [Matière/Blindage]
347603050,COMPRESSOR START TIMER50mS FIX,PN,PN-CO,CO,PN-CO-COM-007,COMPRESSEUR AIR [Puissance/kW] [Débit] [Capacité Cuve/L] [Pression]
347603102,POWER SUPPLY CARD CH530BRD0210,EE,EE-CA,CA,EE-CA-POW-011,CARTE ELECTRONIQUE [Fonction/Usage] [Réf Modèle] [Constructeur]
347603124,CONNECTOR SOLENOID COILASC / C,CS,CS-GC,GC,CS-GC-CON-002,
347603129,CONTROL RELAY 110/10ARLY0129E,EL,EL-RE,RE,EL-RE-110-001,RELAIS [Type: EMBROCHABLE/STAT] BOBINE [Tension/V] [Nbr Contacts]
347603142,MODULE CSRMOD01422,EE,EE-CA,CA,EE-CA-MOD-014,CARTE ELECTRONIQUE [Fonction/Usage] [Réf Modèle] [Constructeur]
347603155,LLID CABLE MODULE OUTPUTCONNE,EL,EL-CA,CA,EL-CA-LLI-001,CABLE [Type] [Nbr Conducteurs]X[Section/mm²] [Matière/Blindage]
347603168,SOLENOID COIL ALCOCONTROL TYPE,CS,CS-GC,GC,CS-GC-SOL-003,
347603169,SOLENOID COIL 110V50-60 Hz / C,CS,CS-GC,GC,CS-GC-SOL-004,
347603170,CABLE WITH PLUG ASC N151.5Mt F,EL,EL-CA,CA,EL-CA-CAB-008,CABLE [Type] [Nbr Conducteurs]X[Section/mm²] [Matière/Blindage]
347603262,PROTECTION RELAYRLY0262E,EL,EL-RE,RE,EL-RE-PRO-001,RELAIS [Type: EMBROCHABLE/STAT] BOBINE [Tension/V] [Nbr Contacts]
347603289,CONTACTOR TRIPOL 50 AMP+1F/10,EL,EL-CO,CO,EL-CO-CON-009,CONTACTEUR [Intensité/A] BOBINE [Tension/V] [Nbr Contacts NO/NF]
347603291,CONTACTOR TRIPOLE 115AMPCTR029,EL,EL-CO,CO,EL-CO-CON-010,CONTACTEUR [Intensité/A] BOBINE [Tension/V] [Nbr Contacts NO/NF]
347603292,CONTACTOR TRIPOL 265AMPCTR0297,EL,EL-CO,CO,EL-CO-CON-011,CONTACTEUR [Intensité/A] BOBINE [Tension/V] [Nbr Contacts NO/NF]
347603295,CONTACTOR TRIPOL 185AMPCTR0295,EL,EL-CO,CO,EL-CO-CON-012,CONTACTEUR [Intensité/A] BOBINE [Tension/V] [Nbr Contacts NO/NF]
347603314,SENSOR TEMPERATURE CH530SEN013,IN,IN-TE,TE,IN-TE-SEN-001,SONDE TEMPERATURE [Type: PT100/TC-K] L=[Longueur] Ø[Tige]
347603317,"""OIL FILTER ELEMENT LG 8""""""""EL",HY,HY-FI,FI,HY-FI-OIL-001,FILTRE HYDRAULIQUE [Type: RETOUR/ASP] [Seuil/µm] [Raccordement/Débit]
347603329,WELL SENSOR DIA 6.5MM LG95 CON,EE,EE-CP,CP,EE-CP-006-001,CAPTEUR [Type: PROXIMITE/PHOTO] [Signal: PNP/NPN/TOR] [Raccordement]
347603331,MODULE EXVMOD0116E,EE,EE-CA,CA,EE-CA-MOD-015,CARTE ELECTRONIQUE [Fonction/Usage] [Réf Modèle] [Constructeur]
347603332,MODULE CPM REPLACEDMOD0119E /,EE,EE-CA,CA,EE-CA-MOD-016,CARTE ELECTRONIQUE [Fonction/Usage] [Réf Modèle] [Constructeur]
347603333,EXPANSION THERMOSTATICVALVE -,IN,IN-TE,TE,IN-TE-EXP-001,SONDE TEMPERATURE [Type: PT100/TC-K] L=[Longueur] Ø[Tige]
347603334,TEMPARATURE SENSORCONNECTOR /,EE,EE-CP,CP,EE-CP-TEM-002,CAPTEUR [Type: PROXIMITE/PHOTO] [Signal: PNP/NPN/TOR] [Raccordement]
347603339,PRESSOSTAT LPCNT0209E,IN,IN-CP,CP,IN-CP-PRE-009,CAPTEUR PRESSION [Plage/Bars] [Signal: 4-20mA/TOR] [Raccordement]
347603343,CONTACTOR TRIPOLE 9AMP+1F/10 C,EL,EL-CO,CO,EL-CO-CON-013,CONTACTEUR [Intensité/A] BOBINE [Tension/V] [Nbr Contacts NO/NF]
347603354,TRANSDUCER PRESSURE PXLLID / T,EE,EE-CP,CP,EE-CP-TRA-002,CAPTEUR [Type: PROXIMITE/PHOTO] [Signal: PNP/NPN/TOR] [Raccordement]
347603357,SOLENOID VALVE 5/8 W/TCOIL / V,PN,PN-EV,EV,PN-EV-005-002,"ELECTROVANNE PNEU [Fonction: 5/2, 3/2] [Filetage] [Tension Commande]"
347603362,TRANECHILLERCOL03780HOLDCOIL HOLDING COIL 120V 50HZ AMG 120/50-60,CS,CS-GC,GC,CS-GC-120-001,
347603363,TRANE SENSOR SEN00703 OIL PRESENCE SENSOR 24VDC FOR TRANE CHILLER,EE,EE-CP,CP,EE-CP-TRA-003,CAPTEUR [Type: PROXIMITE/PHOTO] [Signal: PNP/NPN/TOR] [Raccordement]
347603364,TRANE CHILLER BRD04873 BOARD DUALBINARY INPUT WITH PLUG PROGRAMM REQUIRED,EE,EE-CA,CA,EE-CA-TRA-004,CARTE ELECTRONIQUE [Fonction/Usage] [Réf Modèle] [Constructeur]
347603365,TRANE CHILLER BOARD BRD04877 STARTER WITH PLUG+CONNECTOR PROGRAMMING REQUIRED,EE,EE-CA,CA,EE-CA-TRA-005,CARTE ELECTRONIQUE [Fonction/Usage] [Réf Modèle] [Constructeur]
347603367,"TRANE CHILLER ORING RNG01695 0.801*0.070 , NEOPRENE SIZE007 FOR TRANE CHILLER",ME,ME-JO,JO,ME-JO-000-002,JOINT [Type: SPI/O-RING/LEVRE] [Dimensions: IntXExtXEp] [Matière: NBR/FKM]
347603369,TRANECHILLER MOD02687 MOTOR STEPPERMODULE WITH MOTORY1214 M12 INPUT FOR TRANE CHILLER,EL,EL-MO,MO,EL-MO-TRA-002,MOTEUR ASYNCHRONE [Puissance/kW] [Vitesse/tr/min] [Fixation] [Tension]
347603370,TRANE CHILLER SENSOR SEN02128 2.2'' LIQUID LEVELBOTTOMMOUNT WITH GKT0 FOR NEW REFINERY,EE,EE-CP,CP,EE-CP-TRA-004,CAPTEUR [Type: PROXIMITE/PHOTO] [Signal: PNP/NPN/TOR] [Raccordement]
347603398,FUSE ISOLATING 500AMP REF-FUS 0136E TRANE CHILLER / RTHD DI,EL,EL-FU,FU,EL-FU-FUS-004,FUSIBLE [Type: AM/GG/UR] [Taille] [Calibre/A] [Tension]
347603407,"""REFRIGERANT FILTER 1""""""""1/8",HY,HY-FI,FI,HY-FI-001-002,FILTRE HYDRAULIQUE [Type: RETOUR/ASP] [Seuil/µm] [Raccordement/Débit]
347603409,SENSOR WATER TEMPERAT.LEAVING,EE,EE-CP,CP,EE-CP-SEN-010,CAPTEUR [Type: PROXIMITE/PHOTO] [Signal: PNP/NPN/TOR] [Raccordement]
347603412,MODULE LOCAL HUMAN CLDMOD00942,EE,EE-CA,CA,EE-CA-MOD-017,CARTE ELECTRONIQUE [Fonction/Usage] [Réf Modèle] [Constructeur]
347603417,PRESSOSTAT HP REF.CNT0257E  (T,IN,IN-CP,CP,IN-CP-PRE-010,CAPTEUR PRESSION [Plage/Bars] [Signal: 4-20mA/TOR] [Raccordement]
347603418,OIL FILTER      REF.FLR00280E,HY,HY-FI,FI,HY-FI-OIL-002,FILTRE HYDRAULIQUE [Type: RETOUR/ASP] [Seuil/µm] [Raccordement/Débit]
347603420,OIL    REF.0023E (TRANE),CS,CS-GC,GC,CS-GC-OIL-003,
347603422,TEMPERATURE SENSORSEN00951  (T,IN,IN-TE,TE,IN-TE-TEM-007,SONDE TEMPERATURE [Type: PT100/TC-K] L=[Longueur] Ø[Tige]
347603424,MODULE 70 - 125  TONMCSP MOD01,EE,EE-CA,CA,EE-CA-MOD-018,CARTE ELECTRONIQUE [Fonction/Usage] [Réf Modèle] [Constructeur]
347603425,FLOW SWITCH 20BAR 300PSI IP67  ISO R7 CNT0132E,EE,EE-CP,CP,EE-CP-FLO-004,CAPTEUR [Type: PROXIMITE/PHOTO] [Signal: PNP/NPN/TOR] [Raccordement]
347603426,DUAL BOARD RELAY OUTPUTBRD0294,EL,EL-RE,RE,EL-RE-DUA-001,RELAIS [Type: EMBROCHABLE/STAT] BOBINE [Tension/V] [Nbr Contacts]
347603427,DUAL BOARD TRIAC OUTPUTBRD0294,EE,EE-CA,CA,EE-CA-DUA-001,CARTE ELECTRONIQUE [Fonction/Usage] [Réf Modèle] [Constructeur]
347603428,DUAL BOARD QUAD RELAY OUTPUT B,EL,EL-RE,RE,EL-RE-DUA-002,RELAIS [Type: EMBROCHABLE/STAT] BOBINE [Tension/V] [Nbr Contacts]
347603430,"""OIL FILTER 5/8"""""""" -LG8""""""""",HY,HY-FI,FI,HY-FI-005-003,FILTRE HYDRAULIQUE [Type: RETOUR/ASP] [Seuil/µm] [Raccordement/Débit]
347603432,DIFFERENTIAL PROTECTIVERELAY E,EL,EL-RE,RE,EL-RE-DIF-001,RELAIS [Type: EMBROCHABLE/STAT] BOBINE [Tension/V] [Nbr Contacts]
347603434,VOLTAGE TRANSFORMER860VA TRR01,EL,EL-DI,DI,EL-DI-009-001,"DISJONCTEUR [Type: [VIDE,BAIN D'HUILE,GAZ,MOTEUR,MANETTE]  [Calibre/A] [Tension/Volt][Nbr Pôles] [Fabricant]"
347603435,KIT PROTECTION 630AT3RTHD SWT0,SE,SE-PM,PM,SE-PM-KIT-001,PROTECTION MACHINE [Type: CARTER/GRILLAGE/Switch] [Dimensions][Capteurs sécurité/Fin de course/dispositif d'arret d'urgence] [Matière][Tension]
347603436,SPRING HEATER OIL - RTHDSPG002,CS,CS-GC,GC,CS-GC-SPR-004,
347603437,OIL SENSOR OPTICAL LEVELRTHC S,EE,EE-CP,CP,EE-CP-OIL-001,CAPTEUR [Type: PROXIMITE/PHOTO] [Signal: PNP/NPN/TOR] [Raccordement]
347603438,VOLTAGE TRANSFORMER 6.6KV/110V,EL,EL-DI,DI,EL-DI-VOL-001,"DISJONCTEUR [Type: [VIDE,BAIN D'HUILE,GAZ,MOTEUR,MANETTE]  [Calibre/A] [Tension/Volt][Nbr Pôles] [Fabricant]"
347603446,TRANSFORMER U/O VOLTPRIMARY 19,EL,EL-DI,DI,EL-DI-TRA-005,"DISJONCTEUR [Type: [VIDE,BAIN D'HUILE,GAZ,MOTEUR,MANETTE]  [Calibre/A] [Tension/Volt][Nbr Pôles] [Fabricant]"
347603455,"""CORD-O-RING:6,99 HARD NESS,70",ME,ME-JO,JO,ME-JO-COR-001,JOINT [Type: SPI/O-RING/LEVRE] [Dimensions: IntXExtXEp] [Matière: NBR/FKM]
347603456,TRANSFORMER UNDER/OVER VOLTAGE,EL,EL-DI,DI,EL-DI-TRA-006,"DISJONCTEUR [Type: [VIDE,BAIN D'HUILE,GAZ,MOTEUR,MANETTE]  [Calibre/A] [Tension/Volt][Nbr Pôles] [Fabricant]"
347603457,WASHER CONTACT-M-12PART N:WAS0,ME,ME-VI,VI,ME-VI-WAS-006,VIS [Type: CHC/TH/FHC] M [Diamètre]X[Longueur]en mm [Matiere:Acier/Inox]
347603460,HOSE WITH BALL VALVES 3/4X20FT,HY,HY-FL,FL,HY-FL-003-005,FLEXIBLE HYDRAULIQUE [type: DN[Diamètre Ø int ] L=[Longueur] [Embouts]
347603461,MOTOR EXV - RTHDMOT12461,EL,EL-MO,MO,EL-MO-MOT-008,MOTEUR ASYNCHRONE [Puissance/kW] [Vitesse/tr/min] [Fixation] [Tension]
347603471,"OIL SEPARATOR S-5585-CE/WMP=31 BAR INTER.VOL.=30L/REFRIGRANT HFCS CONNECTOR=5/8"" 16MM",CS,CS-GC,GC,CS-GC-031-001,
347603490,MODULE DYNAVIEW CH530MOD01490,EE,EE-CA,CA,EE-CA-MOD-019,CARTE ELECTRONIQUE [Fonction/Usage] [Réf Modèle] [Constructeur]
347603715,CURRENT TRANSFORMERTRR00715,EL,EL-DI,DI,EL-DI-CUR-002,"DISJONCTEUR [Type: [VIDE,BAIN D'HUILE,GAZ,MOTEUR,MANETTE]  [Calibre/A] [Tension/Volt][Nbr Pôles] [Fabricant]"
347603946,DUAL BOARD HIGH VOLTAGEBRD0294,EE,EE-CA,CA,EE-CA-DUA-002,CARTE ELECTRONIQUE [Fonction/Usage] [Réf Modèle] [Constructeur]
347603953,SIGHT GLASS WITH ORING GLS0017,ME,ME-JO,JO,ME-JO-SIG-001,JOINT [Type: SPI/O-RING/LEVRE] [Dimensions: IntXExtXEp] [Matière: NBR/FKM]
347603956,LOCK ASSY LOK0020E,ME,ME-VI,VI,ME-VI-LOC-002,VIS [Type: CHC/TH/FHC] M [Diamètre]X[Longueur]en mm [Matiere:Acier/Inox]
347603973,WIRE HARNESS MALE TO FEMALE CA,EL,EL-CA,CA,EL-CA-WIR-001,CABLE [Type] [Nbr Conducteurs]X[Section/mm²] [Matière/Blindage]
347603974,WIRE HARNESS BRANCHING CAB0114,EL,EL-CA,CA,EL-CA-WIR-002,CABLE [Type] [Nbr Conducteurs]X[Section/mm²] [Matière/Blindage]
347603975,CORDE JOINT TORIQUE RNG0223E,ME,ME-JO,JO,ME-JO-COR-002,JOINT [Type: SPI/O-RING/LEVRE] [Dimensions: IntXExtXEp] [Matière: NBR/FKM]
347603978,SENSOR TEMPERATURE CH530 SEN01,IN,IN-TE,TE,IN-TE-SEN-002,SONDE TEMPERATURE [Type: PT100/TC-K] L=[Longueur] Ø[Tige]
347603979,CABLE MODULE OUTPUT CAB01155,EL,EL-CA,CA,EL-CA-CAB-009,CABLE [Type] [Nbr Conducteurs]X[Section/mm²] [Matière/Blindage]
349608010,LOCK WASHER 0.0383.009JOHNSON,ME,ME-VI,VI,ME-VI-LOC-003,VIS [Type: CHC/TH/FHC] M [Diamètre]X[Longueur]en mm [Matiere:Acier/Inox]
349608014,NEEDLE BEARING NKI 40/30JOHNSO,ME,ME-RO,RO,ME-RO-400-001,ROULEMENT [Type: BILLES/ROULEAUX] [Série/Réf] Ø[Intérieur]XØ[Extérieur]X[Épaisseur] [Flasque/Jeu]
349608034,GEAR SET 3.01820.11JOHNSON PUM,ME,ME-EN,EN,ME-EN-GEA-014,ENGRENAGE [Type: DROIT/HELIC] [Module]  [Ø exterieur/Matière][Ø Alésage/Matière]
350109000,HOSE ASSEMBLY 1622007300ATLAS,HY,HY-FL,FL,HY-FL-HOS-009,FLEXIBLE HYDRAULIQUE [type: DN[Diamètre Ø int ] L=[Longueur] [Embouts]
350109003,AIRFILTER-ELEM 4030 1613800400 GA-90,HY,HY-FI,FI,HY-FI-AIR-002,FILTRE HYDRAULIQUE [Type: RETOUR/ASP] [Seuil/µm] [Raccordement/Débit]
350109007,UNLOADING VALVEK.GA11-12   290,PN,PN-EV,EV,PN-EV-UNL-001,"ELECTROVANNE PNEU [Fonction: 5/2, 3/2] [Filetage] [Tension Commande]"
350109015,FILTRE A AIRE DOSSAN 3 TON,HY,HY-FI,FI,HY-FI-FIL-030,FILTRE HYDRAULIQUE [Type: RETOUR/ASP] [Seuil/µm] [Raccordement/Débit]
350109023,THERMOSTAT,IN,IN-TE,TE,IN-TE-THE-005,SONDE TEMPERATURE [Type: PT100/TC-K] L=[Longueur] Ø[Tige]
350109024,HOSE ASSEMBLY 2903100314ATLAS,HY,HY-FL,FL,HY-FL-HOS-010,FLEXIBLE HYDRAULIQUE [type: DN[Diamètre Ø int ] L=[Longueur] [Embouts]
350109029,SEAL RING REF:2050 ATLAS COPCO PART NUMBER 1616574200 FOR GA22SP COMPRESSOR,ME,ME-JO,JO,ME-JO-SEA-036,JOINT [Type: SPI/O-RING/LEVRE] [Dimensions: IntXExtXEp] [Matière: NBR/FKM]
350109032,BUSHING 1616493200ATLAS COPCO,PN,PN-CO,CO,PN-CO-BUS-001,COMPRESSEUR AIR [Puissance/kW] [Débit] [Capacité Cuve/L] [Pression]
350109035,OIL FILTER REF:1065 1613610500 PART NUMBER 1613610500 FOR GA132 COMPRESSOR,PN,PN-CO,CO,PN-CO-OIL-001,COMPRESSEUR AIR [Puissance/kW] [Débit] [Capacité Cuve/L] [Pression]
350109038,FILTER KIT (PART: 2901043100) PART NUMBER 2901043100 FOR GA90 COMPRESSOR,PN,PN-CO,CO,PN-CO-FIL-002,COMPRESSEUR AIR [Puissance/kW] [Débit] [Capacité Cuve/L] [Pression]
350109039,VAVLE STANDAR REF:1025 PART NUMBER 1613807200 FOR GA90 COMPRESSOR,PN,PN-CO,CO,PN-CO-VAV-001,COMPRESSEUR AIR [Puissance/kW] [Débit] [Capacité Cuve/L] [Pression]
350109040,GEAR WHEEL 1613877400ATLAS COP,ME,ME-EN,EN,ME-EN-GEA-015,ENGRENAGE [Type: DROIT/HELIC] [Module]  [Ø exterieur/Matière][Ø Alésage/Matière]
350109062,RADIATOR ABRO COOLANT DARK GRE GREEN EC-55H-GAL,CS,CS-GC,GC,CS-GC-RAD-001,
350109063,DIESEL INJECTION CLEANER ABRO DI-502,CS,CS-GC,GC,CS-GC-DIE-002,
350109065,THERMOSTAT VALVE 3005 PART NUMBER : 1202586903,IN,IN-TE,TE,IN-TE-THE-006,SONDE TEMPERATURE [Type: PT100/TC-K] L=[Longueur] Ø[Tige]
350109073,OIL SEPARATOR KIT 2906075200,CS,CS-GC,GC,CS-GC-OIL-004,
350109080,WASHER 1616492800ATLAS COPCO,ME,ME-VI,VI,ME-VI-WAS-007,VIS [Type: CHC/TH/FHC] M [Diamètre]X[Longueur]en mm [Matiere:Acier/Inox]
350109102,SOLENOID V 1089062114,PN,PN-EV,EV,PN-EV-SOL-007,"ELECTROVANNE PNEU [Fonction: 5/2, 3/2] [Filetage] [Tension Commande]"
350109103,SOLENOID VALVE1089062110 ATLAS,PN,PN-EV,EV,PN-EV-SOL-008,"ELECTROVANNE PNEU [Fonction: 5/2, 3/2] [Filetage] [Tension Commande]"
350109109,SEAL WASHER-0661100025 ATLAS COPCO 132,ME,ME-JO,JO,ME-JO-SEA-037,JOINT [Type: SPI/O-RING/LEVRE] [Dimensions: IntXExtXEp] [Matière: NBR/FKM]
350109110,FILTER KIT D 2901053200,HY,HY-FI,FI,HY-FI-FIL-031,FILTRE HYDRAULIQUE [Type: RETOUR/ASP] [Seuil/µm] [Raccordement/Débit]
350109114,TEMP SENSORPN:1089057440,EE,EE-CP,CP,EE-CP-TEM-003,CAPTEUR [Type: PROXIMITE/PHOTO] [Signal: PNP/NPN/TOR] [Raccordement]
350109115,TEMP SENSORPN:1089057404,EE,EE-CP,CP,EE-CP-TEM-004,CAPTEUR [Type: PROXIMITE/PHOTO] [Signal: PNP/NPN/TOR] [Raccordement]
350109120,OIL SEPARATOR KIT2901077901  A,CS,CS-GC,GC,CS-GC-OIL-005,
350109121,COVER 1622508800ATLAS COPCO,PN,PN-CO,CO,PN-CO-COV-001,COMPRESSEUR AIR [Puissance/kW] [Débit] [Capacité Cuve/L] [Pression]
350109123,ATLAS AIR OIL FILT 2906009200 GA 90/160 ATLAS COPCO 4000 HRS SERVICE KIT,PN,PN-CO,CO,PN-CO-090-001,COMPRESSEUR AIR [Puissance/kW] [Débit] [Capacité Cuve/L] [Pression]
350109124,V-BELT SET 2903102301ATLAS COP,ME,ME-CO,CO,ME-CO-SET-001,COURROIE [Type: Profil(TRAP/DENT/plate)] [dimension: L=[Longueurx epaisseur  en mm]
350109126,ELBOW 0560020026ATLAS COPCO,PN,PN-CO,CO,PN-CO-ELB-001,COMPRESSEUR AIR [Puissance/kW] [Débit] [Capacité Cuve/L] [Pression]
350109127,ATLS COP ROTO GLIDE 2908851400 ATLAS COPCO GREASE 4000 HRS SERVICE KIT,PN,PN-CO,CO,PN-CO-ATL-001,COMPRESSEUR AIR [Puissance/kW] [Débit] [Capacité Cuve/L] [Pression]
350109136,OIL SEP ELEMENT,CS,CS-GC,GC,CS-GC-OIL-006,
350109137,O RING 0663211123,ME,ME-JO,JO,ME-JO-RIN-040,JOINT [Type: SPI/O-RING/LEVRE] [Dimensions: IntXExtXEp] [Matière: NBR/FKM]
350109138,O RING 0663211124,ME,ME-JO,JO,ME-JO-RIN-041,JOINT [Type: SPI/O-RING/LEVRE] [Dimensions: IntXExtXEp] [Matière: NBR/FKM]
350109141,filter  kit 2901000000,HY,HY-FI,FI,HY-FI-FIL-032,FILTRE HYDRAULIQUE [Type: RETOUR/ASP] [Seuil/µm] [Raccordement/Débit]
350109144,PIPE 1613833600,HY,HY-FL,FL,HY-FL-PIP-001,FLEXIBLE HYDRAULIQUE [type: DN[Diamètre Ø int ] L=[Longueur] [Embouts]
350109147,HOSE CLIP 3045,HY,HY-FL,FL,HY-FL-HOS-011,FLEXIBLE HYDRAULIQUE [type: DN[Diamètre Ø int ] L=[Longueur] [Embouts]
350109149,WASHER 1202545200,ME,ME-VI,VI,ME-VI-WAS-008,VIS [Type: CHC/TH/FHC] M [Diamètre]X[Longueur]en mm [Matiere:Acier/Inox]
350109151,SEAL WASHER 0661100027,ME,ME-JO,JO,ME-JO-SEA-038,JOINT [Type: SPI/O-RING/LEVRE] [Dimensions: IntXExtXEp] [Matière: NBR/FKM]
350109155,O-RING 2025,ME,ME-JO,JO,ME-JO-RIN-042,JOINT [Type: SPI/O-RING/LEVRE] [Dimensions: IntXExtXEp] [Matière: NBR/FKM]
350109160,OIL COOLER,CS,CS-GC,GC,CS-GC-OIL-007,
350109168,HOSE ASSEMBLY 057991704,HY,HY-FL,FL,HY-FL-HOS-012,FLEXIBLE HYDRAULIQUE [type: DN[Diamètre Ø int ] L=[Longueur] [Embouts]
350109170,O-RING 063714200,ME,ME-JO,JO,ME-JO-RIN-043,JOINT [Type: SPI/O-RING/LEVRE] [Dimensions: IntXExtXEp] [Matière: NBR/FKM]
350109172,O-RING 0663312900,ME,ME-JO,JO,ME-JO-RIN-044,JOINT [Type: SPI/O-RING/LEVRE] [Dimensions: IntXExtXEp] [Matière: NBR/FKM]
350109173,O-RING 0663210778,ME,ME-JO,JO,ME-JO-RIN-045,JOINT [Type: SPI/O-RING/LEVRE] [Dimensions: IntXExtXEp] [Matière: NBR/FKM]
350109182,O-RING 0663210546,ME,ME-JO,JO,ME-JO-RIN-046,JOINT [Type: SPI/O-RING/LEVRE] [Dimensions: IntXExtXEp] [Matière: NBR/FKM]
350109184,O-RING 0663713200,ME,ME-JO,JO,ME-JO-RIN-047,JOINT [Type: SPI/O-RING/LEVRE] [Dimensions: IntXExtXEp] [Matière: NBR/FKM]
350109185,TEMP SENSOR 1089057407,EE,EE-CP,CP,EE-CP-TEM-005,CAPTEUR [Type: PROXIMITE/PHOTO] [Signal: PNP/NPN/TOR] [Raccordement]
350109187,MOTOR 3010,EL,EL-MO,MO,EL-MO-MOT-009,MOTEUR ASYNCHRONE [Puissance/kW] [Vitesse/tr/min] [Fixation] [Tension]
350109193,BOLT 0147147903,ME,ME-VI,VI,ME-VI-BOL-004,VIS [Type: CHC/TH/FHC] M [Diamètre]X[Longueur]en mm [Matiere:Acier/Inox]
350109206,O-RING 2155 compressor atlas copco GA90,ME,ME-JO,JO,ME-JO-RIN-048,JOINT [Type: SPI/O-RING/LEVRE] [Dimensions: IntXExtXEp] [Matière: NBR/FKM]
350109208,O-RING-0663210620,ME,ME-JO,JO,ME-JO-RIN-049,JOINT [Type: SPI/O-RING/LEVRE] [Dimensions: IntXExtXEp] [Matière: NBR/FKM]
350109209,O-RING-0663210777 ATLAS COPCO 132,ME,ME-JO,JO,ME-JO-RIN-050,JOINT [Type: SPI/O-RING/LEVRE] [Dimensions: IntXExtXEp] [Matière: NBR/FKM]
350109211,O-RING-0663210812 ATLAS COPCO 132,ME,ME-JO,JO,ME-JO-RIN-051,JOINT [Type: SPI/O-RING/LEVRE] [Dimensions: IntXExtXEp] [Matière: NBR/FKM]
350109212,O-RING-0663210611 ATLAS COPCO 132,ME,ME-JO,JO,ME-JO-RIN-052,JOINT [Type: SPI/O-RING/LEVRE] [Dimensions: IntXExtXEp] [Matière: NBR/FKM]
350109213,O-RING-0663210612 ATLAS COPCO 132,ME,ME-JO,JO,ME-JO-RIN-053,JOINT [Type: SPI/O-RING/LEVRE] [Dimensions: IntXExtXEp] [Matière: NBR/FKM]
350109215,AIR FILTER ELEMENT-GA30P 1613740700 ATLAS COPCO UTILITY,PN,PN-CO,CO,PN-CO-AIR-002,COMPRESSEUR AIR [Puissance/kW] [Débit] [Capacité Cuve/L] [Pression]
350109216,PREV MAINT KIT GA30P/PORT MUMB 2901164900 ATLAS COPCO UTILITY,PN,PN-CO,CO,PN-CO-PRE-002,COMPRESSEUR AIR [Puissance/kW] [Débit] [Capacité Cuve/L] [Pression]
350109220,FLEXIBLE GA 30P 0575128102 ATLAS COPCO UTILITY,PN,PN-CO,CO,PN-CO-FLE-001,COMPRESSEUR AIR [Puissance/kW] [Débit] [Capacité Cuve/L] [Pression]
350109226,COOLING FAN MOTOR 1622489151 FOR GA30+ AIR COMPRESSOR,PN,PN-CO,CO,PN-CO-COO-001,COMPRESSEUR AIR [Puissance/kW] [Débit] [Capacité Cuve/L] [Pression]
350109234,2901007200 OIL STOP VALVE KIT GA 90CW ATLAS COPCO OIL STOP VALVE KIT,PN,PN-CO,CO,PN-CO-OIL-002,COMPRESSEUR AIR [Puissance/kW] [Débit] [Capacité Cuve/L] [Pression]
350109236,2906010300 PM KIT 4000 HRS GA90 CW ATLAS COPCO COMPRESSOR PM KIT 4000 HRS,PN,PN-CO,CO,PN-CO-KIT-001,COMPRESSEUR AIR [Puissance/kW] [Débit] [Capacité Cuve/L] [Pression]
350109237,2906075600 PM KIT 8000HRS GA132 ATLAS COPCO COMPRESSOR PM KIT 8000HRS,PN,PN-CO,CO,PN-CO-KIT-002,COMPRESSEUR AIR [Puissance/kW] [Débit] [Capacité Cuve/L] [Pression]
350109238,1030097900 AIR FILTER GA132 ATLASCOPCO AIR FILTER,HY,HY-FI,FI,HY-FI-AIR-003,FILTRE HYDRAULIQUE [Type: RETOUR/ASP] [Seuil/µm] [Raccordement/Débit]
350201012,OIL FILTER CARTRIDGE,HY,HY-FI,FI,HY-FI-OIL-003,FILTRE HYDRAULIQUE [Type: RETOUR/ASP] [Seuil/µm] [Raccordement/Débit]
350201013,GASKET CYLINDER HEAD,ME,ME-JO,JO,ME-JO-CYL-035,JOINT [Type: SPI/O-RING/LEVRE] [Dimensions: IntXExtXEp] [Matière: NBR/FKM]
350201045,GASKET WATER JACKET,ME,ME-JO,JO,ME-JO-GAS-017,JOINT [Type: SPI/O-RING/LEVRE] [Dimensions: IntXExtXEp] [Matière: NBR/FKM]
350201049,"""SPRING WASHER 3/8""""""""",ME,ME-VI,VI,ME-VI-003-002,VIS [Type: CHC/TH/FHC] M [Diamètre]X[Longueur]en mm [Matiere:Acier/Inox]
350201050,FILTER BAG,HY,HY-FI,FI,HY-FI-FIL-033,FILTRE HYDRAULIQUE [Type: RETOUR/ASP] [Seuil/µm] [Raccordement/Débit]
350201053,OIL INDICATOR BOLTED,ME,ME-VI,VI,ME-VI-OIL-001,VIS [Type: CHC/TH/FHC] M [Diamètre]X[Longueur]en mm [Matiere:Acier/Inox]
350201054,GLASS OIL INDICATOR,CS,CS-GC,GC,CS-GC-GLA-001,
350201056,SPRING SAFETY HEAD,CS,CS-MS,MS,CS-MS-SPR-001,
350201059,"""SPRING DISCHARGE VALVE3/8""""""""",PN,PN-EV,EV,PN-EV-003-001,"ELECTROVANNE PNEU [Fonction: 5/2, 3/2] [Filetage] [Tension Commande]"
350201060,"""PLATE DISCHARGE VALVE3 3/4""""""",PN,PN-EV,EV,PN-EV-003-002,"ELECTROVANNE PNEU [Fonction: 5/2, 3/2] [Filetage] [Tension Commande]"
350201061,"""PLATE DISCHARGE VALVE2 1/2""""""",PN,PN-EV,EV,PN-EV-001-009,"ELECTROVANNE PNEU [Fonction: 5/2, 3/2] [Filetage] [Tension Commande]"
350201063,HEAD SAFETY,CS,CS-MS,MS,CS-MS-HEA-001,
350201064,PISTON SUCTION VALVEROD ASSEMB,PN,PN-EV,EV,PN-EV-PIS-001,"ELECTROVANNE PNEU [Fonction: 5/2, 3/2] [Filetage] [Tension Commande]"
350201069,RING OIL Std,CS,CS-GC,GC,CS-GC-RIN-001,
350201071,"""NUT ASSLY - DRAKE 3/4""""""""",ME,ME-VI,VI,ME-VI-003-003,VIS [Type: CHC/TH/FHC] M [Diamètre]X[Longueur]en mm [Matiere:Acier/Inox]
350201074,INSERT-BEARING (C.E),ME,ME-RO,RO,ME-RO-INS-001,ROULEMENT [Type: BILLES/ROULEAUX] [Série/Réf] Ø[Intérieur]XØ[Extérieur]X[Épaisseur] [Flasque/Jeu]
350201076,NEW SEAL ASSLY,ME,ME-JO,JO,ME-JO-NEW-001,JOINT [Type: SPI/O-RING/LEVRE] [Dimensions: IntXExtXEp] [Matière: NBR/FKM]
350201077,V-BELT 3750,ME,ME-CO,CO,ME-CO-BEL-013,COURROIE [Type: Profil(TRAP/DENT/plate)] [dimension: L=[Longueurx epaisseur  en mm]
350201080,BEARING SET CONNECTINGROD - KT,ME,ME-RO,RO,ME-RO-BEA-004,ROULEMENT [Type: BILLES/ROULEAUX] [Série/Réf] Ø[Intérieur]XØ[Extérieur]X[Épaisseur] [Flasque/Jeu]
350201081,YOKE SAFETY HEAD,CS,CS-MS,MS,CS-MS-YOK-001,
350201087,GASKET OIL PUMP BODY31899A,ME,ME-JO,JO,ME-JO-GAS-018,JOINT [Type: SPI/O-RING/LEVRE] [Dimensions: IntXExtXEp] [Matière: NBR/FKM]
350201088,GASKET OIL PUMP COVER31900A,ME,ME-JO,JO,ME-JO-GAS-019,JOINT [Type: SPI/O-RING/LEVRE] [Dimensions: IntXExtXEp] [Matière: NBR/FKM]
350201090,GASKET BEARING COVER31890A,ME,ME-RO,RO,ME-RO-GAS-001,ROULEMENT [Type: BILLES/ROULEAUX] [Série/Réf] Ø[Intérieur]XØ[Extérieur]X[Épaisseur] [Flasque/Jeu]
350201094,SEAL O RING LOWER33331A,ME,ME-JO,JO,ME-JO-SEA-039,JOINT [Type: SPI/O-RING/LEVRE] [Dimensions: IntXExtXEp] [Matière: NBR/FKM]
350201099,PISTON GAS (or) OIL35315A,CS,CS-GC,GC,CS-GC-PIS-001,
350201103,GASKET SUCTION SCREEN,ME,ME-JO,JO,ME-JO-GAS-020,JOINT [Type: SPI/O-RING/LEVRE] [Dimensions: IntXExtXEp] [Matière: NBR/FKM]
350201107,OIL RELIEF VALVE KITkit A 86,CS,CS-GC,GC,CS-GC-OIL-008,
350201109,FRONT BEARING TAPEREDROLLER 3.,ME,ME-RO,RO,ME-RO-RLR-003,ROULEMENT [Type: BILLES/ROULEAUX] [Série/Réf] Ø[Intérieur]XØ[Extérieur]X[Épaisseur] [Flasque/Jeu]
350201111,RETAINER REAR BEARING31904A,ME,ME-RO,RO,ME-RO-RET-001,ROULEMENT [Type: BILLES/ROULEAUX] [Série/Réf] Ø[Intérieur]XØ[Extérieur]X[Épaisseur] [Flasque/Jeu]
350201112,"""ROTARY SHAFT SEAL ASSLY3""""""""",ME,ME-JO,JO,ME-JO-RDS-007,JOINT [Type: SPI/O-RING/LEVRE] [Dimensions: IntXExtXEp] [Matière: NBR/FKM]
350201114,GASKET SHAFT SEALCOVER / 33496,ME,ME-JO,JO,ME-JO-RDS-008,JOINT [Type: SPI/O-RING/LEVRE] [Dimensions: IntXExtXEp] [Matière: NBR/FKM]
350201115,"""CRANK, OIL PUMP DRIVE33403A",HY,HY-PO,PO,HY-PO-CRA-001,POMPE HYDRAULIQUE [Type:volumetrique/Turbo pompe] [Cylindrée] [Pression Max][type de liquide]
350201116,SOLENOID VALVE COIL,PN,PN-EV,EV,PN-EV-SOL-009,"ELECTROVANNE PNEU [Fonction: 5/2, 3/2] [Filetage] [Tension Commande]"
351320108,HOSE ASSEMBLY 1614-9454-00,HY,HY-FL,FL,HY-FL-HOS-013,FLEXIBLE HYDRAULIQUE [type: DN[Diamètre Ø int ] L=[Longueur] [Embouts]
351320109,HOSE ASSEMBLY 9095-3691-00,HY,HY-FL,FL,HY-FL-HOS-014,FLEXIBLE HYDRAULIQUE [type: DN[Diamètre Ø int ] L=[Longueur] [Embouts]
351320110,HOSE ASSEMBLY 9095-3692-00,HY,HY-FL,FL,HY-FL-HOS-015,FLEXIBLE HYDRAULIQUE [type: DN[Diamètre Ø int ] L=[Longueur] [Embouts]
351320111,HOSE ASSEMBLY 9095-3865-00,HY,HY-FL,FL,HY-FL-HOS-016,FLEXIBLE HYDRAULIQUE [type: DN[Diamètre Ø int ] L=[Longueur] [Embouts]
351320114,HOSE CLIP 0347-6121-00,HY,HY-FL,FL,HY-FL-HOS-017,FLEXIBLE HYDRAULIQUE [type: DN[Diamètre Ø int ] L=[Longueur] [Embouts]
351320117,PISTON 2906-6021-00,ME,ME-RO,RO,ME-RO-PIS-001,ROULEMENT [Type: BILLES/ROULEAUX] [Série/Réf] Ø[Intérieur]XØ[Extérieur]X[Épaisseur] [Flasque/Jeu]
351320118,OIL SEPARATOR ELEMENT1614-9056,CS,CS-GC,GC,CS-GC-OIL-009,
351320121,TRIPHASE FAN-MOTOR COOLING 380V/50HZ/RPM2000-3000/10'',EL,EL-MO,MO,EL-MO-380-002,MOTEUR ASYNCHRONE [Puissance/kW] [Vitesse/tr/min] [Fixation] [Tension]
356801119,"""PUMP RSB 3""""""""x3"""""""" CYCLOIDA",HY,HY-PO,PO,HY-PO-003-002,POMPE HYDRAULIQUE [Type:volumetrique/Turbo pompe] [Cylindrée] [Pression Max][type de liquide]
356801122,GEAR BOX PERPANDICULARSHAFT RA,ME,ME-EN,EN,ME-EN-SFT-002,ENGRENAGE [Type: DROIT/HELIC] [Module]  [Ø exterieur/Matière][Ø Alésage/Matière]
356801128,COVER FOR RSB 3x3CYCLOIDAL PUM,SE,SE-PM,PM,SE-PM-003-001,PROTECTION MACHINE [Type: CARTER/GRILLAGE/Switch] [Dimensions][Capteurs sécurité/Fin de course/dispositif d'arret d'urgence] [Matière][Tension]
357767060,JOINT 6915101032,ME,ME-RO,RO,ME-RO-JOI-001,ROULEMENT [Type: BILLES/ROULEAUX] [Série/Réf] Ø[Intérieur]XØ[Extérieur]X[Épaisseur] [Flasque/Jeu]
364502047,CASING GASKET (NCK40-26)ENSIVA,ME,ME-JO,JO,ME-JO-CAS-001,JOINT [Type: SPI/O-RING/LEVRE] [Dimensions: IntXExtXEp] [Matière: NBR/FKM]
366801007,JOINT TORIQUE P.F,ME,ME-JO,JO,ME-JO-JOI-008,JOINT [Type: SPI/O-RING/LEVRE] [Dimensions: IntXExtXEp] [Matière: NBR/FKM]
366801025,POMPE CAPRARI E-12 855-6/1B-V,HY,HY-PO,PO,HY-PO-012-001,POMPE HYDRAULIQUE [Type:volumetrique/Turbo pompe] [Cylindrée] [Pression Max][type de liquide]
366801035,"""WELDING UNION 3/4""""""""  316LDI",CS,CS-SC,SC,CS-SC-003-001,
366801040,"""WELDING UNION 3""""""""   316LDIN",CS,CS-SC,SC,CS-SC-WEL-001,
366801041,BLANK FOR TRI-CLAMPSS316L DN25,SE,SE-EC,EC,SE-EC-025-002,ECLAIRAGE [Type: LED/Halogènes] [Puissance/W] [Tension/V]
366801042,BLANK FOR TRI-CLAMPSS316L DN50,SE,SE-EC,EC,SE-EC-050-001,ECLAIRAGE [Type: LED/Halogènes] [Puissance/W] [Tension/V]
366801048,JOINT TORIQUE164.69*3.53EPDM /,ME,ME-JO,JO,ME-JO-164-001,JOINT [Type: SPI/O-RING/LEVRE] [Dimensions: IntXExtXEp] [Matière: NBR/FKM]
366801049,JOINT TORIQUE 28.2*3.53EPDM /,ME,ME-JO,JO,ME-JO-028-005,JOINT [Type: SPI/O-RING/LEVRE] [Dimensions: IntXExtXEp] [Matière: NBR/FKM]
366801051,IMPELLER POUR HYGINOXCS50-145-,HY,HY-PO,PO,HY-PO-IMP-008,POMPE HYDRAULIQUE [Type:volumetrique/Turbo pompe] [Cylindrée] [Pression Max][type de liquide]
366801052,GARNITURE MECANIC POMPEHYGINOX,HY,HY-PO,PO,HY-PO-GAR-001,POMPE HYDRAULIQUE [Type:volumetrique/Turbo pompe] [Cylindrée] [Pression Max][type de liquide]
366801055,JOINT TORIQUE EPDM 80A4JT164*3,ME,ME-JO,JO,ME-JO-164-002,JOINT [Type: SPI/O-RING/LEVRE] [Dimensions: IntXExtXEp] [Matière: NBR/FKM]
366801056,"SS316 VALVE TRICLOVER END 11/2 VANNE INOX 316 TRICLAMP 1 1/2""",SE,SE-EC,EC,SE-EC-011-001,ECLAIRAGE [Type: LED/Halogènes] [Puissance/W] [Tension/V]
366801072,"SS 316 TRICLOVER BALL VALVE 2 SS VANNE A BOULE TRI CLAMP 2""",SE,SE-EC,EC,SE-EC-TRI-001,ECLAIRAGE [Type: LED/Halogènes] [Puissance/W] [Tension/V]
366802022,TRI CLOVER GASKET DN40,ME,ME-JO,JO,ME-JO-040-006,JOINT [Type: SPI/O-RING/LEVRE] [Dimensions: IntXExtXEp] [Matière: NBR/FKM]
366802028,"SEAL RING FOR TRI-CLAMP316L 1"" 316L  DN25",ME,ME-JO,JO,ME-JO-025-004,JOINT [Type: SPI/O-RING/LEVRE] [Dimensions: IntXExtXEp] [Matière: NBR/FKM]
366802030,"SEAL RING FOR TRI-CLAMP316L 2"" DN50",ME,ME-JO,JO,ME-JO-050-005,JOINT [Type: SPI/O-RING/LEVRE] [Dimensions: IntXExtXEp] [Matière: NBR/FKM]
366802032,SEAL RING TRI-CLAMP 316L DN65 DN50,ME,ME-JO,JO,ME-JO-065-002,JOINT [Type: SPI/O-RING/LEVRE] [Dimensions: IntXExtXEp] [Matière: NBR/FKM]
366802033,SEAL RING FOR TRI-CLAMP316L  D 316L  DN76,ME,ME-JO,JO,ME-JO-076-001,JOINT [Type: SPI/O-RING/LEVRE] [Dimensions: IntXExtXEp] [Matière: NBR/FKM]
366802035,"SEAL RING UNION FITTING DN20  3/4"" DIN11851",ME,ME-JO,JO,ME-JO-003-005,JOINT [Type: SPI/O-RING/LEVRE] [Dimensions: IntXExtXEp] [Matière: NBR/FKM]
366802036,SEAL RING FOR UNIONFITTING DN  FITTING DN 25   DIN11851,ME,ME-JO,JO,ME-JO-025-005,JOINT [Type: SPI/O-RING/LEVRE] [Dimensions: IntXExtXEp] [Matière: NBR/FKM]
366802039,SEAL RING FOR UNIONFITTING DN  FITTING DN 65  DIN11851,ME,ME-JO,JO,ME-JO-065-003,JOINT [Type: SPI/O-RING/LEVRE] [Dimensions: IntXExtXEp] [Matière: NBR/FKM]
366802040,SEAL RING FOR UNIONFITTING DN  FITTING DN 80  DIN11851,ME,ME-JO,JO,ME-JO-080-003,JOINT [Type: SPI/O-RING/LEVRE] [Dimensions: IntXExtXEp] [Matière: NBR/FKM]
366820031,PUMP MULTI CELLULAIRE MB40-8,HY,HY-PO,PO,HY-PO-008-001,POMPE HYDRAULIQUE [Type:volumetrique/Turbo pompe] [Cylindrée] [Pression Max][type de liquide]
366820035,VIS CALAGE IMPULSEURREF:18,ME,ME-VI,VI,ME-VI-VIS-008,VIS [Type: CHC/TH/FHC] M [Diamètre]X[Longueur]en mm [Matiere:Acier/Inox]
366820073,PUMP MULTI CELLULAIRE MB65 SULZER,HY,HY-PO,PO,HY-PO-PUM-003,POMPE HYDRAULIQUE [Type:volumetrique/Turbo pompe] [Cylindrée] [Pression Max][type de liquide]
366820074,BEARING HOUSING REF=520.01/MB 40/8 MAKE=SULZER MULTICELL HIGH PRESSURE BOILER FEED PUMP,ME,ME-RO,RO,ME-RO-520-001,ROULEMENT [Type: BILLES/ROULEAUX] [Série/Réf] Ø[Intérieur]XØ[Extérieur]X[Épaisseur] [Flasque/Jeu]
366820075,BALANCE DRUM LINER REF=605.01 MB40/08 MAKE SULZER MULTICELLULAR PUMP,HY,HY-PO,PO,HY-PO-605-001,POMPE HYDRAULIQUE [Type:volumetrique/Turbo pompe] [Cylindrée] [Pression Max][type de liquide]
366820076,IMPILLE/PART NO. 230.00/MB40/8 MAKE SULZER MULTICELLULAR PUMP HIGH PRESSURE BOILER FEED PUMP,HY,HY-PO,PO,HY-PO-230-001,POMPE HYDRAULIQUE [Type:volumetrique/Turbo pompe] [Cylindrée] [Pression Max][type de liquide]
366820077,BUSHING DIFUSER REF=541.01/MB 40/8 MAKE=SULZER MULTICELLULAR HIGH PRESSURE BOILER FEED PUMP,HY,HY-PO,PO,HY-PO-541-001,POMPE HYDRAULIQUE [Type:volumetrique/Turbo pompe] [Cylindrée] [Pression Max][type de liquide]
366820080,SHAFT SLEEVE/PART NO. 502.00 MB40/8 MAKE SULZER MULTICELLU HIGH PRESSURE BOILLER FEEDPUMP,HY,HY-PO,PO,HY-PO-502-001,POMPE HYDRAULIQUE [Type:volumetrique/Turbo pompe] [Cylindrée] [Pression Max][type de liquide]
366820081,BALANCE BUSHING REF=605.01 MB40/8 MAKE SULZER MULTICELLUL HIGH PRESSURE BOILLER FEEDPUMP,HY,HY-PO,PO,HY-PO-605-002,POMPE HYDRAULIQUE [Type:volumetrique/Turbo pompe] [Cylindrée] [Pression Max][type de liquide]
366820082,BALANCE PISTON REF=603.01/MB40 8/MAKE SULZER MULTICELLULAR  HIGH PRESSURE BOILLER FEEDPUMP,HY,HY-PO,PO,HY-PO-603-001,POMPE HYDRAULIQUE [Type:volumetrique/Turbo pompe] [Cylindrée] [Pression Max][type de liquide]
366820083,DIFFUSEUR REF=171.01/MB40/8 MAKE SULZER MULTICELLULAR PUMP HIGH PRESSURE BOILLER FEEDPUMP,HY,HY-PO,PO,HY-PO-171-001,POMPE HYDRAULIQUE [Type:volumetrique/Turbo pompe] [Cylindrée] [Pression Max][type de liquide]
366820084,DIFUSER LASTSTAGEAGE REF=177. .01/MB40/8 HIGH PRESSURE BOILLER FEEDPUMP,HY,HY-PO,PO,HY-PO-177-001,POMPE HYDRAULIQUE [Type:volumetrique/Turbo pompe] [Cylindrée] [Pression Max][type de liquide]
366820085,SHOFT REF=210.01/MB40/8 MAKE SULZER MULTICELLULAR PUMP HIGH PRESSURE BOILLER FEEDPUMP,HY,HY-PO,PO,HY-PO-210-001,POMPE HYDRAULIQUE [Type:volumetrique/Turbo pompe] [Cylindrée] [Pression Max][type de liquide]
366820086,DEFLECTOR REF=270.01/MB40/8 MAKE SULZER MULTICELLULAR PUMP HIGH PRESSURE BOILLER FEEDPUMP,HY,HY-PO,PO,HY-PO-270-001,POMPE HYDRAULIQUE [Type:volumetrique/Turbo pompe] [Cylindrée] [Pression Max][type de liquide]
366820087,BEARING HOUSING REF=520.02/MB 40/8 MAKE=SULZER MULTICELLULAR HIGH PRESSURE BOILER FEED PUMP,ME,ME-RO,RO,ME-RO-520-002,ROULEMENT [Type: BILLES/ROULEAUX] [Série/Réf] Ø[Intérieur]XØ[Extérieur]X[Épaisseur] [Flasque/Jeu]
366820088,SUPPORTING DISC REF=554.02/MB 40/8 MAKE SULZER MULTICELLULAR HIGH PRESSURE BOILLER FEEDPUMP,HY,HY-PO,PO,HY-PO-554-001,POMPE HYDRAULIQUE [Type:volumetrique/Turbo pompe] [Cylindrée] [Pression Max][type de liquide]
366820089,O-RING 185X3.55 REF=412/MB40/8 MAKE SULZER MULTICELLULAR PUMP HIGH PRESSURE BOILLER FEEDPUMP,ME,ME-JO,JO,ME-JO-055-008,JOINT [Type: SPI/O-RING/LEVRE] [Dimensions: IntXExtXEp] [Matière: NBR/FKM]
366820090,O-RING 132X3.55 REF=412.04/MB 40/8 MAKE SULZER MULTICELLULAR HIGH PRESSURE BOILLER FEEDPUMP,ME,ME-JO,JO,ME-JO-055-009,JOINT [Type: SPI/O-RING/LEVRE] [Dimensions: IntXExtXEp] [Matière: NBR/FKM]
366820092,O-RING 95X3.55 REF=412.02/MB40 8-MAKE SULZER MULTICELLULAR HIGH PRESSURE BOILLER FEEDPUMP,ME,ME-JO,JO,ME-JO-055-010,JOINT [Type: SPI/O-RING/LEVRE] [Dimensions: IntXExtXEp] [Matière: NBR/FKM]
366820094,SLOTTED NUT REF.923.01/MB40/8 MB40/8 BOILER WATER FEED PUMP,ME,ME-VI,VI,ME-VI-923-001,VIS [Type: CHC/TH/FHC] M [Diamètre]X[Longueur]en mm [Matiere:Acier/Inox]
366820095,LOCK WASHER/REF 931.01/MB40/8 MAKE SULZER MULTICELLULAR PUMP HIGH PRESSURE BOILER PUMP,ME,ME-VI,VI,ME-VI-931-001,VIS [Type: CHC/TH/FHC] M [Diamètre]X[Longueur]en mm [Matiere:Acier/Inox]
366820099,STAGECASING REF.N108.01/MB40/8 MAKE SULZER MULTICELLULAR PUMP HIGH PRESSURE BOILLER FEEDPUMP,HY,HY-PO,PO,HY-PO-001-004,POMPE HYDRAULIQUE [Type:volumetrique/Turbo pompe] [Cylindrée] [Pression Max][type de liquide]
369606003,GARNITURE MECANIQUECARBONE,CS,CS-JG,JG,CS-JG-GAR-002,
369606006,JOINT FKM DN -25,ME,ME-JO,JO,ME-JO-JOI-009,JOINT [Type: SPI/O-RING/LEVRE] [Dimensions: IntXExtXEp] [Matière: NBR/FKM]
369608050,GARNITURE MECANIQUE,CS,CS-JG,JG,CS-JG-GAR-003,
376010013,BAGUE REGL PV3-35/705950038,ME,ME-RO,RO,ME-RO-035-001,ROULEMENT [Type: BILLES/ROULEAUX] [Série/Réf] Ø[Intérieur]XØ[Extérieur]X[Épaisseur] [Flasque/Jeu]
376010014,BAGUE REGL L PV3-35/705950039,ME,ME-RO,RO,ME-RO-035-002,ROULEMENT [Type: BILLES/ROULEAUX] [Série/Réf] Ø[Intérieur]XØ[Extérieur]X[Épaisseur] [Flasque/Jeu]
376010019,JOINT TOR NIT 85278.99x3.53 16,ME,ME-JO,JO,ME-JO-099-001,JOINT [Type: SPI/O-RING/LEVRE] [Dimensions: IntXExtXEp] [Matière: NBR/FKM]
376010031,ROULEMENT AIGUILLE1503549,ME,ME-RO,RO,ME-RO-ROU-005,ROULEMENT [Type: BILLES/ROULEAUX] [Série/Réf] Ø[Intérieur]XØ[Extérieur]X[Épaisseur] [Flasque/Jeu]
376402012,ARBRE DE POMPE,HY,HY-PO,PO,HY-PO-ARB-001,POMPE HYDRAULIQUE [Type:volumetrique/Turbo pompe] [Cylindrée] [Pression Max][type de liquide]
376751005,GARNITURE BURGMANM7N/32,CS,CS-JG,JG,CS-JG-GAR-004,
376751006,GARNITURE MECANIQUE 33mm EN CARBONE,CS,CS-JG,JG,CS-JG-033-001,
386101021,O-RING / POS T2,ME,ME-JO,JO,ME-JO-RIN-054,JOINT [Type: SPI/O-RING/LEVRE] [Dimensions: IntXExtXEp] [Matière: NBR/FKM]
386101022,O-RING / POS T3,ME,ME-JO,JO,ME-JO-RIN-055,JOINT [Type: SPI/O-RING/LEVRE] [Dimensions: IntXExtXEp] [Matière: NBR/FKM]
386102013,V-RING  REF.V1 & V2(ENSIVAL PU,ME,ME-JO,JO,ME-JO-RIN-056,JOINT [Type: SPI/O-RING/LEVRE] [Dimensions: IntXExtXEp] [Matière: NBR/FKM]
386102016,FUEL INJECTOR - LPWT4 FOR ENSIVAL PUMP,HY,HY-PO,PO,HY-PO-FUE-001,POMPE HYDRAULIQUE [Type:volumetrique/Turbo pompe] [Cylindrée] [Pression Max][type de liquide]
386102017,NOZZLE LPWT4 (754-46570) FOR ENSIVAL PUMP,HY,HY-PO,PO,HY-PO-754-001,POMPE HYDRAULIQUE [Type:volumetrique/Turbo pompe] [Cylindrée] [Pression Max][type de liquide]
386102018,HEATER PLUG 12V (363-102) FOR ENSIVAL PUMP,HY,HY-PO,PO,HY-PO-363-001,POMPE HYDRAULIQUE [Type:volumetrique/Turbo pompe] [Cylindrée] [Pression Max][type de liquide]
386102019,COUPLING 757-14930 FOR ENSIVAL PUMP,HY,HY-PO,PO,HY-PO-757-001,POMPE HYDRAULIQUE [Type:volumetrique/Turbo pompe] [Cylindrée] [Pression Max][type de liquide]
386102022,ELEMENT 602-41760 FOR ENSIVAL PUMP,HY,HY-PO,PO,HY-PO-602-001,POMPE HYDRAULIQUE [Type:volumetrique/Turbo pompe] [Cylindrée] [Pression Max][type de liquide]
386102023,SOLENOID 12V - LPWT4 FOR ENSIVAL PUMP,HY,HY-PO,PO,HY-PO-SOL-001,POMPE HYDRAULIQUE [Type:volumetrique/Turbo pompe] [Cylindrée] [Pression Max][type de liquide]
386102032,"ENSIVAL CN200-40 DEFLECTOR OEMFABNO: Q221200403, REF NO:9 FOR BOILER HOUSE",CS,CS-GC,GC,CS-GC-040-004,
386102033,"ENSIVAL CN200-40 IMPELLER  OEMFABNO: Q221200403, REFNO:55 FOR BOILER HOUSE",CS,CS-GC,GC,CS-GC-040-005,
386102034,"ENSIVAL CN200-40 SHAFT  OEMFABNO: Q221200403, REFNO:59 FOR BOILER HOUSE",CS,CS-GC,GC,CS-GC-040-006,
386102036,"ENSIVAL CN200-40 LANTERN RING OEMFABNO: Q221200403, REFNO:77 FOR BOILER HOUSE",CS,CS-GC,GC,CS-GC-040-007,
386102037,"ENSIVAL CN200-40 GLAND 2PIECE OEMFABNO: Q221200403, REFNO:62 FOR BOILER HOUSE",CS,CS-GC,GC,CS-GC-040-008,
386102050,CASING WEAR RING 118APE PUMP N,HY,HY-PO,PO,HY-PO-CAS-001,POMPE HYDRAULIQUE [Type:volumetrique/Turbo pompe] [Cylindrée] [Pression Max][type de liquide]
386102051,SHAFT WITH KEY & SHAFTNUT 117.,ME,ME-VI,VI,ME-VI-SFT-001,VIS [Type: CHC/TH/FHC] M [Diamètre]X[Longueur]en mm [Matiere:Acier/Inox]
386102052,DEEP GROVE BALL BEARING119 APE,ME,ME-RO,RO,ME-RO-DEE-002,ROULEMENT [Type: BILLES/ROULEAUX] [Série/Réf] Ø[Intérieur]XØ[Extérieur]X[Épaisseur] [Flasque/Jeu]
386102055,MECHANICAL SEAL KIT REF.128A A,ME,ME-JO,JO,ME-JO-MEC-021,JOINT [Type: SPI/O-RING/LEVRE] [Dimensions: IntXExtXEp] [Matière: NBR/FKM]
386102057,GASKET 39.8/50*1.5AF-120,ME,ME-JO,JO,ME-JO-039-001,JOINT [Type: SPI/O-RING/LEVRE] [Dimensions: IntXExtXEp] [Matière: NBR/FKM]
386102058,GASKET 333.5/347.5*0.5AF-120,ME,ME-JO,JO,ME-JO-333-001,JOINT [Type: SPI/O-RING/LEVRE] [Dimensions: IntXExtXEp] [Matière: NBR/FKM]
386102059,GASKET 110.3/130*0.3AF-120,ME,ME-JO,JO,ME-JO-110-002,JOINT [Type: SPI/O-RING/LEVRE] [Dimensions: IntXExtXEp] [Matière: NBR/FKM]
386701001,GEAR WHEEL PUMP891103606,ME,ME-EN,EN,ME-EN-GEA-016,ENGRENAGE [Type: DROIT/HELIC] [Module]  [Ø exterieur/Matière][Ø Alésage/Matière]
387001006,"GARNITURE MECANIQUE B1,S2,E,G FOR SULZER MB 40-8 PUMP",HY,HY-PO,PO,HY-PO-040-001,POMPE HYDRAULIQUE [Type:volumetrique/Turbo pompe] [Cylindrée] [Pression Max][type de liquide]
387001009,MECHANICAL SEAL STGR 16 FOR GRANDFOS PUMP CR16-30AF,ME,ME-JO,JO,ME-JO-016-003,JOINT [Type: SPI/O-RING/LEVRE] [Dimensions: IntXExtXEp] [Matière: NBR/FKM]
387002001,PUMP BRAN & LUEBBE N-P31,HY,HY-PO,PO,HY-PO-PUM-004,POMPE HYDRAULIQUE [Type:volumetrique/Turbo pompe] [Cylindrée] [Pression Max][type de liquide]
387002003,GARNITURE INTERIEURE BRAN & LU FOR BRAN & LUEBBE PUMP,HY,HY-PO,PO,HY-PO-GAR-002,POMPE HYDRAULIQUE [Type:volumetrique/Turbo pompe] [Cylindrée] [Pression Max][type de liquide]
387002004,CLAPET DE REFOULEMT BRAN & LUE FOR BRAN & LUEBBE PUMP,HY,HY-PO,PO,HY-PO-CLA-001,POMPE HYDRAULIQUE [Type:volumetrique/Turbo pompe] [Cylindrée] [Pression Max][type de liquide]
387002005,CLAPET ASPIRATION BRAN & LUEBB FOR BRAN & LUEBBE PUMP,HY,HY-PO,PO,HY-PO-CLA-002,POMPE HYDRAULIQUE [Type:volumetrique/Turbo pompe] [Cylindrée] [Pression Max][type de liquide]
387002006,BAGUE DE BASE BRAN & LUEBBE FOR BRAN & LUEBBE PUMP,HY,HY-PO,PO,HY-PO-BAG-001,POMPE HYDRAULIQUE [Type:volumetrique/Turbo pompe] [Cylindrée] [Pression Max][type de liquide]
387002007,BAGUE DE PRESSION BRAN & LUEBB FOR BRAN & LUEBBE PUMP,HY,HY-PO,PO,HY-PO-BAG-002,POMPE HYDRAULIQUE [Type:volumetrique/Turbo pompe] [Cylindrée] [Pression Max][type de liquide]
387002008,BAGUE MANCHETTE BRAN & LUEBBE FOR BRAN & LUEBBE PUMP,HY,HY-PO,PO,HY-PO-BAG-003,POMPE HYDRAULIQUE [Type:volumetrique/Turbo pompe] [Cylindrée] [Pression Max][type de liquide]
387002009,BAGUE A LEVRE BRAN & LUEBBE FOR BRAN & LUEBBE PUMP,HY,HY-PO,PO,HY-PO-BAG-004,POMPE HYDRAULIQUE [Type:volumetrique/Turbo pompe] [Cylindrée] [Pression Max][type de liquide]
392000008,OIL SEAL LIQUIFRAM SHAFT 11252,ME,ME-JO,JO,ME-JO-RDS-009,JOINT [Type: SPI/O-RING/LEVRE] [Dimensions: IntXExtXEp] [Matière: NBR/FKM]
392000009,OIL SEAL 132952N,ME,ME-JO,JO,ME-JO-OIL-005,JOINT [Type: SPI/O-RING/LEVRE] [Dimensions: IntXExtXEp] [Matière: NBR/FKM]
392000010,OIL SEAL HOLDER 133011N,ME,ME-JO,JO,ME-JO-OIL-006,JOINT [Type: SPI/O-RING/LEVRE] [Dimensions: IntXExtXEp] [Matière: NBR/FKM]
392000018,RING SEAL TEFLON PART 902079,ME,ME-JO,JO,ME-JO-RIN-057,JOINT [Type: SPI/O-RING/LEVRE] [Dimensions: IntXExtXEp] [Matière: NBR/FKM]
392000027,DIAPHRAGM NEO ACTUATOR 1035,HY,HY-VE,VE,HY-VE-DIA-001,VERIN HYDRAULIQUE [Type] Ø[Piston]/Ø[Tige]X[Course] [Pression Max]
392000028,DIAPHRAGM NEO ACTUATOR 1001RWT,HY,HY-VE,VE,HY-VE-DIA-002,VERIN HYDRAULIQUE [Type] Ø[Piston]/Ø[Tige]X[Course] [Pression Max]
392000029,DIAPHRAGM NEO ACTUATOR 1018RWT,HY,HY-VE,VE,HY-VE-DIA-003,VERIN HYDRAULIQUE [Type] Ø[Piston]/Ø[Tige]X[Course] [Pression Max]
392000030,DIAPHRAGM NEO ACTUATOR 109RWT,HY,HY-VE,VE,HY-VE-DIA-004,VERIN HYDRAULIQUE [Type] Ø[Piston]/Ø[Tige]X[Course] [Pression Max]
392000034,FLOW METER UKL 50000 LPH,IN,IN-DE,DE,IN-DE-FLO-005,DEBITMETRE [Type] [Plage Débit] [DN/Raccordement] [Sortie]
392000036,MECHANICAL SEAL LC 9-16 FG O INT=16,ME,ME-JO,JO,ME-JO-MEC-022,JOINT [Type: SPI/O-RING/LEVRE] [Dimensions: IntXExtXEp] [Matière: NBR/FKM]
392000038,POMPE PROMINENT BT5 B0232,HY,HY-PO,PO,HY-PO-POM-004,POMPE HYDRAULIQUE [Type:volumetrique/Turbo pompe] [Cylindrée] [Pression Max][type de liquide]
392000039,POMPE PROMINENT BT4 B0708,HY,HY-PO,PO,HY-PO-POM-005,POMPE HYDRAULIQUE [Type:volumetrique/Turbo pompe] [Cylindrée] [Pression Max][type de liquide]
392000046,MECANICAL SEAL STG3 / 16MM,ME,ME-JO,JO,ME-JO-003-006,JOINT [Type: SPI/O-RING/LEVRE] [Dimensions: IntXExtXEp] [Matière: NBR/FKM]
392000047,"MECHANICAL SEAL BURGMAN  MG 13/28-Z , MAKE= BURGMAN WTP/UTILITY QUIPMENT",ME,ME-JO,JO,ME-JO-013-002,JOINT [Type: SPI/O-RING/LEVRE] [Dimensions: IntXExtXEp] [Matière: NBR/FKM]
392000049,PUMPGRUNDFOS/CR20AF-A-BUBE HMAX=56.8M/RPM=2900 COOLINGPUMPFORRECIRCULATION,HY,HY-PO,PO,HY-PO-056-001,POMPE HYDRAULIQUE [Type:volumetrique/Turbo pompe] [Cylindrée] [Pression Max][type de liquide]
392000053,COUPLING (FLP MOTOR) - 0.5 HP PART NO.: 133220S MAKE: MILTON ROY INDIA PVT LTD,EL,EL-MO,MO,EL-MO-COU-001,MOTEUR ASYNCHRONE [Puissance/kW] [Vitesse/tr/min] [Fixation] [Tension]
392000054,"METERING PUMP( DOSING PUMP) MAX CAPACITY 12.0 L/H 230V AC, 50HZ",HY,HY-PO,PO,HY-PO-012-002,POMPE HYDRAULIQUE [Type:volumetrique/Turbo pompe] [Cylindrée] [Pression Max][type de liquide]
393820024,LIP SEAL SINGLE(GLAND EN),ME,ME-JO,JO,ME-JO-LIP-002,JOINT [Type: SPI/O-RING/LEVRE] [Dimensions: IntXExtXEp] [Matière: NBR/FKM]
436004022,"RO CATRIDGE FILTER SET 3-5MIC FILTER SET 3M - 5M, MAX=15BAR FOR RO PLANT",HY,HY-FI,FI,HY-FI-CAT-001,FILTRE HYDRAULIQUE [Type: RETOUR/ASP] [Seuil/µm] [Raccordement/Débit]
436004028,RO ANTISCALNT DOSING SYST 6LPH ELECTRONIC PUMP 3.5BAR INCL 30 LTR DOSING TANK,HY,HY-PO,PO,HY-PO-003-003,POMPE HYDRAULIQUE [Type:volumetrique/Turbo pompe] [Cylindrée] [Pression Max][type de liquide]
436004029,"RO MULTIGRADE FILTER 13*54INCH MOC:FRP, CAP:1.5KL/HR PANTAIR MAKE",HY,HY-FI,FI,HY-FI-013-001,FILTRE HYDRAULIQUE [Type: RETOUR/ASP] [Seuil/µm] [Raccordement/Débit]
436004031,"RO FILTER FEED MULTISTAGE PUMP 2.5KL/HR, 3.5 BAR MOC:SS316 GRUNDFOSS HORIZONTAL PUMP",HY,HY-PO,PO,HY-PO-002-008,POMPE HYDRAULIQUE [Type:volumetrique/Turbo pompe] [Cylindrée] [Pression Max][type de liquide]
436004032,FILQUIP HMI MGF10/1 FILQUIP DISPLAY HMI MGF 10/1147/784,EE,EE-HM,HM,EE-HM-010-001,ECRAN IHM TACTILE [Taille/Pouces] [Résolution/Type] [Alimentation]
436004289,"ELEMENT FILTRANT DE 20"" 5 MICRON FILTER 20"" SEDIMENT",HY,HY-FI,FI,HY-FI-ELE-001,FILTRE HYDRAULIQUE [Type: RETOUR/ASP] [Seuil/µm] [Raccordement/Débit]
436107011,A/C OUTDOOR UNIT FAN CAPACITOR RUN MOTOR GAL030H60920-K01,EL,EL-MO,MO,EL-MO-OUT-001,MOTEUR ASYNCHRONE [Puissance/kW] [Vitesse/tr/min] [Fixation] [Tension]
436107105,ROTARY COMPRESSEUR 1CV 4.2A 4.2 A MONOPHASE 220 V 50 HZ 2730W/915W R22 25MF,PN,PN-CO,CO,PN-CO-ROT-001,COMPRESSEUR AIR [Puissance/kW] [Débit] [Capacité Cuve/L] [Pression]
436107108,"COMPRESSOR 1 1/2 HP FOR AC 12,000 BTU 220V, 50Hz , R22",PN,PN-CO,CO,PN-CO-001-001,COMPRESSEUR AIR [Puissance/kW] [Débit] [Capacité Cuve/L] [Pression]
436107111,"RUBBER LINED PIPE CLIP 1/2"" (20-25MM) M8 AND M10 DUAL THREAD",HY,HY-FL,FL,HY-FL-001-012,FLEXIBLE HYDRAULIQUE [type: DN[Diamètre Ø int ] L=[Longueur] [Embouts]
436107115,"MONOPHASE COMPRESSOR 1/8HP 220 MODEL: TF4 AT, REF :134A FOR FRIGO AT RESTAURANT",PN,PN-CO,CO,PN-CO-001-002,COMPRESSEUR AIR [Puissance/kW] [Débit] [Capacité Cuve/L] [Pression]
440200005,"BATTERY 48V, 470AH GODREJ ELEV",EL,EL-DI,DI,EL-DI-BAT-001,"DISJONCTEUR [Type: [VIDE,BAIN D'HUILE,GAZ,MOTEUR,MANETTE]  [Calibre/A] [Tension/Volt][Nbr Pôles] [Fabricant]"
440200008,FILTRE A GASOIL DOSSAN 3 TON,HY,HY-FI,FI,HY-FI-FIL-034,FILTRE HYDRAULIQUE [Type: RETOUR/ASP] [Seuil/µm] [Raccordement/Débit]
440200009,FILTRE A HUILE - DOSSAN 3 TON,HY,HY-FI,FI,HY-FI-FIL-035,FILTRE HYDRAULIQUE [Type: RETOUR/ASP] [Seuil/µm] [Raccordement/Débit]
440200013,FUEL TANK FILTER A371044,HY,HY-FI,FI,HY-FI-FUE-001,FILTRE HYDRAULIQUE [Type: RETOUR/ASP] [Seuil/µm] [Raccordement/Débit]
440200018,FILTRE HYDAULIC DOSSAN 3 TON,HY,HY-FI,FI,HY-FI-FIL-036,FILTRE HYDRAULIQUE [Type: RETOUR/ASP] [Seuil/µm] [Raccordement/Débit]
440300004,FLEXIBLE SUPER POLYANIDEBN10 4,HY,HY-FL,FL,HY-FL-FLE-006,FLEXIBLE HYDRAULIQUE [type: DN[Diamètre Ø int ] L=[Longueur] [Embouts]
440300010,NUT (228) MH26000228,ME,ME-VI,VI,ME-VI-NUT-005,VIS [Type: CHC/TH/FHC] M [Diamètre]X[Longueur]en mm [Matiere:Acier/Inox]
440300012,BOLT (226) MH26000226,ME,ME-VI,VI,ME-VI-BOL-005,VIS [Type: CHC/TH/FHC] M [Diamètre]X[Longueur]en mm [Matiere:Acier/Inox]
440300017,WASHER (219) MH26000219,ME,ME-VI,VI,ME-VI-WAS-009,VIS [Type: CHC/TH/FHC] M [Diamètre]X[Longueur]en mm [Matiere:Acier/Inox]
478001003,SEAL RING    CODE:52CERPELLI P,ME,ME-JO,JO,ME-JO-SEA-040,JOINT [Type: SPI/O-RING/LEVRE] [Dimensions: IntXExtXEp] [Matière: NBR/FKM]
478001008,SEAL RING-1619614200 ALTAS COPCO 132,ME,ME-JO,JO,ME-JO-SEA-041,JOINT [Type: SPI/O-RING/LEVRE] [Dimensions: IntXExtXEp] [Matière: NBR/FKM]
478001009,SEAL RING-1619614300 ALTAS COPCO 132,ME,ME-JO,JO,ME-JO-SEA-042,JOINT [Type: SPI/O-RING/LEVRE] [Dimensions: IntXExtXEp] [Matière: NBR/FKM]
478001013,HUB O-RING LARGE REF.72A702057,ME,ME-JO,JO,ME-JO-HUB-001,JOINT [Type: SPI/O-RING/LEVRE] [Dimensions: IntXExtXEp] [Matière: NBR/FKM]
478001018,NUT ITEM 81 UTILITY,ME,ME-VI,VI,ME-VI-NUT-006,VIS [Type: CHC/TH/FHC] M [Diamètre]X[Longueur]en mm [Matiere:Acier/Inox]
478001019,CROSS MEAD BUIDE COVER ITEM 53 UTILITY,SE,SE-PM,PM,SE-PM-CRO-001,PROTECTION MACHINE [Type: CARTER/GRILLAGE/Switch] [Dimensions][Capteurs sécurité/Fin de course/dispositif d'arret d'urgence] [Matière][Tension]
478001020,ELASTIC WASHER ITEM 170 UTILITY,ME,ME-VI,VI,ME-VI-ELA-001,VIS [Type: CHC/TH/FHC] M [Diamètre]X[Longueur]en mm [Matiere:Acier/Inox]
478001024,OIL PUMP ITEM 43 UTILITY,HY,HY-PO,PO,HY-PO-043-001,POMPE HYDRAULIQUE [Type:volumetrique/Turbo pompe] [Cylindrée] [Pression Max][type de liquide]
478001025,CERPELLI CORSSHEAD PIN REF:110 PUMP PDV200X250 JOB 19869 OIL UNLOADING PUMP,HY,HY-PO,PO,HY-PO-110-001,POMPE HYDRAULIQUE [Type:volumetrique/Turbo pompe] [Cylindrée] [Pression Max][type de liquide]
478001026,CERPELLI OILFILTER REF:9 PUMP PDV200X250 JOB: 19869 OIL UNLOADING PUMP,HY,HY-PO,PO,HY-PO-009-002,POMPE HYDRAULIQUE [Type:volumetrique/Turbo pompe] [Cylindrée] [Pression Max][type de liquide]
478001027,CERPELLI SPACER RING REF 60 PUMP PDV 200X250 OIL UNLOADING PUMP,HY,HY-PO,PO,HY-PO-060-001,POMPE HYDRAULIQUE [Type:volumetrique/Turbo pompe] [Cylindrée] [Pression Max][type de liquide]
478001030,CERPELLI WIPER REFNO: 58 PUMP PDV 200X250 OIL UNLOADING PUMP,HY,HY-PO,PO,HY-PO-058-001,POMPE HYDRAULIQUE [Type:volumetrique/Turbo pompe] [Cylindrée] [Pression Max][type de liquide]
478001031,CERPELLI CROSSHEADGUIDEREF:53 GUIDE COVER PUMP PDV200X250 OIL UNLOADING PUMP,HY,HY-PO,PO,HY-PO-053-001,POMPE HYDRAULIQUE [Type:volumetrique/Turbo pompe] [Cylindrée] [Pression Max][type de liquide]
478001032,CERPELLICROSSHEADGUIDEREF:51 GUIDE COVER PUMP PDV200X250 OIL UNLOADING PUMP,HY,HY-PO,PO,HY-PO-051-001,POMPE HYDRAULIQUE [Type:volumetrique/Turbo pompe] [Cylindrée] [Pression Max][type de liquide]
478001033,CERPELLI LOCK FLANGE REF :113 PUMP PDV200X250 JOB: 19869 OIL UNLOADING PUMP,HY,HY-PO,PO,HY-PO-113-001,POMPE HYDRAULIQUE [Type:volumetrique/Turbo pompe] [Cylindrée] [Pression Max][type de liquide]
49000001,FILTER GASOIL FOR DEFU PUMP,HY,HY-PO,PO,HY-PO-FIL-005,POMPE HYDRAULIQUE [Type:volumetrique/Turbo pompe] [Cylindrée] [Pression Max][type de liquide]
49000002,LAMP 12V / 1 PLOT 5 W,SE,SE-EC,EC,SE-EC-LAM-003,ECLAIRAGE [Type: LED/Halogènes] [Puissance/W] [Tension/V]
49000003,LAMP 12V / 1 PLOT 21 W,SE,SE-EC,EC,SE-EC-LAM-004,ECLAIRAGE [Type: LED/Halogènes] [Puissance/W] [Tension/V]
490101001,LAMP 12V / 2PLOTS,SE,SE-EC,EC,SE-EC-LAM-005,ECLAIRAGE [Type: LED/Halogènes] [Puissance/W] [Tension/V]
490101002,LAMP H4 DE 12VOLTS,SE,SE-EC,EC,SE-EC-LAM-006,ECLAIRAGE [Type: LED/Halogènes] [Puissance/W] [Tension/V]
490101018,STARTER MOTOR 26925062A HYDRA DEMARREUR 26925062A HYDRA,EL,EL-MO,MO,EL-MO-STA-001,MOTEUR ASYNCHRONE [Puissance/kW] [Vitesse/tr/min] [Fixation] [Tension]
490101025,BRAKE LINING SET SPY-2051.000 JEU DE GARNITURE DE FREIN,CS,CS-JG,JG,CS-JG-BRA-001,
490110031,TUBE 700-15,HY,HY-FL,FL,HY-FL-TUB-001,FLEXIBLE HYDRAULIQUE [type: DN[Diamètre Ø int ] L=[Longueur] [Embouts]
490110045,TUBE 1100 X 20,HY,HY-FL,FL,HY-FL-TUB-002,FLEXIBLE HYDRAULIQUE [type: DN[Diamètre Ø int ] L=[Longueur] [Embouts]
490110046,TUBE 1300 X 24,HY,HY-FL,FL,HY-FL-TUB-003,FLEXIBLE HYDRAULIQUE [type: DN[Diamètre Ø int ] L=[Longueur] [Embouts]
490201008,TUBE 650/10,HY,HY-FL,FL,HY-FL-650-001,FLEXIBLE HYDRAULIQUE [type: DN[Diamètre Ø int ] L=[Longueur] [Embouts]
490201012,TUBE 700/12,HY,HY-FL,FL,HY-FL-700-001,FLEXIBLE HYDRAULIQUE [type: DN[Diamètre Ø int ] L=[Longueur] [Embouts]
490201018,TUBE 750/16,HY,HY-FL,FL,HY-FL-750-001,FLEXIBLE HYDRAULIQUE [type: DN[Diamètre Ø int ] L=[Longueur] [Embouts]
490210007,TUBE 145/70/13,HY,HY-FL,FL,HY-FL-145-001,FLEXIBLE HYDRAULIQUE [type: DN[Diamètre Ø int ] L=[Longueur] [Embouts]
490210008,POCHETTE DE JOINTS GODREJ 5 T,ME,ME-JO,JO,ME-JO-POC-001,JOINT [Type: SPI/O-RING/LEVRE] [Dimensions: IntXExtXEp] [Matière: NBR/FKM]
490210016,MAITRE CYLINDRE HYDRA ESCOR 12,HY,HY-VE,VE,HY-VE-MAI-001,VERIN HYDRAULIQUE [Type] Ø[Piston]/Ø[Tige]X[Course] [Pression Max]
490210035,TUBE 235/16,HY,HY-FL,FL,HY-FL-235-001,FLEXIBLE HYDRAULIQUE [type: DN[Diamètre Ø int ] L=[Longueur] [Embouts]
490210038,TUBE 205/16,HY,HY-FL,FL,HY-FL-205-001,FLEXIBLE HYDRAULIQUE [type: DN[Diamètre Ø int ] L=[Longueur] [Embouts]
491001001,RACCORD D'EAU GODREJ,HY,HY-RA,RA,HY-RA-RAC-001,RACCORD HYDRAULIQUE [Type: IMPLANT/UNION] [Filetage/Ø Tube] [Matière]
492500001,DRIVE MOTOR AC-3KW  GODREJ POWER PALLET TRUCK 1-2T Serial No: 170.010,EL,EL-MO,MO,EL-MO-030-002,MOTEUR ASYNCHRONE [Puissance/kW] [Vitesse/tr/min] [Fixation] [Tension]
492500002,TURNTABLE BEARING GODREJ POOWER PALLET TRUCK1-2T serial no. MH2,ME,ME-RO,RO,ME-RO-TUR-001,ROULEMENT [Type: BILLES/ROULEAUX] [Série/Réf] Ø[Intérieur]XØ[Extérieur]X[Épaisseur] [Flasque/Jeu]
492500004,3KW / 24V DC MOTOR MH02684206 GODREJ POOWER PALLET TRUCK1-2T serial no. 3,EL,EL-MO,MO,EL-MO-030-003,MOTEUR ASYNCHRONE [Puissance/kW] [Vitesse/tr/min] [Fixation] [Tension]
492500007,HYD CONTACTOR GODREJ POOWER PALLET TRUCK1-2T Serial No: 3,EL,EL-CO,CO,EL-CO-HYD-001,CONTACTEUR [Intensité/A] BOBINE [Tension/V] [Nbr Contacts NO/NF]
492500009,LIMIT SWITCH GODREJ POOWER PALLET TRUCK1-2T Serial No: 12,EE,EE-CP,CP,EE-CP-LIM-014,CAPTEUR [Type: PROXIMITE/PHOTO] [Signal: PNP/NPN/TOR] [Raccordement]
492500010,TRACTION BATTERY 24V / 220AH GODREJ POOWER PALLET TRUCK1-2T Serial No: 1,EL,EL-DI,DI,EL-DI-TRA-007,"DISJONCTEUR [Type: [VIDE,BAIN D'HUILE,GAZ,MOTEUR,MANETTE]  [Calibre/A] [Tension/Volt][Nbr Pôles] [Fabricant]"
492500011,OIL FILTER (W800201-1) GODREJ POOWER PALLET TRUCK1-2T Serial No: 7,HY,HY-FI,FI,HY-FI-OIL-004,FILTRE HYDRAULIQUE [Type: RETOUR/ASP] [Seuil/µm] [Raccordement/Débit]
492500012,SWITCH (WITH LIFT-LOWER SYMBOL GODREJ POOWER PALLET TRUCK1-2T Serial No: 7,EE,EE-CP,CP,EE-CP-SWI-008,CAPTEUR [Type: PROXIMITE/PHOTO] [Signal: PNP/NPN/TOR] [Raccordement]
492500017,"CYLINDRE - DANTAL GODREJ POWER PALLET TRUCK 1  2 TON,Serial Num: 06",HY,HY-VE,VE,HY-VE-CYL-031,VERIN HYDRAULIQUE [Type] Ø[Piston]/Ø[Tige]X[Course] [Pression Max]
492500019,"HOSE ASSEMBLY - 870LG GODREJ POWER PALLET TRUCK 1  2 TON,Serial Num:4",HY,HY-FL,FL,HY-FL-HOS-018,FLEXIBLE HYDRAULIQUE [type: DN[Diamètre Ø int ] L=[Longueur] [Embouts]
492500020,"DRIVE WHEEL  GODREJ POWER PALLET TRUCK 1  2 TON,Serial Num:171.010",IN,IN-VA,VA,IN-VA-DRI-015,"VARIATEUR VITESSE [Type: MONO, TRIPHASE] [Puissance/kW]  [Mode: Réseau/Simple][Fabricant]"
492500021,"HOSE ASSEMBLY - 540 LG GODREJ POWER PALLET TRUCK 1  2 TON,Serial Num:5",HY,HY-FL,FL,HY-FL-HOS-019,FLEXIBLE HYDRAULIQUE [type: DN[Diamètre Ø int ] L=[Longueur] [Embouts]
492608035,PS OIL DISTRIBUTORMH02011035,PN,PN-DI,DI,PN-DI-DST-008,DISTRIBUTEUR HYDRAULIQUE [Type] [Nbr Voies][Tiroir] [Tension Bobine]
492608129,ROUNDING GASKETMH02161129,ME,ME-JO,JO,ME-JO-ROU-001,JOINT [Type: SPI/O-RING/LEVRE] [Dimensions: IntXExtXEp] [Matière: NBR/FKM]
492608163,PUMP GEAR SHAFTMH02011163,ME,ME-EN,EN,ME-EN-SFT-003,ENGRENAGE [Type: DROIT/HELIC] [Module]  [Ø exterieur/Matière][Ø Alésage/Matière]
492608233,BEARING INT MED SHAFTREAR 6307,ME,ME-RO,RO,ME-RO-035-003,ROULEMENT [Type: BILLES/ROULEAUX] [Série/Réf] Ø[Intérieur]XØ[Extérieur]X[Épaisseur] [Flasque/Jeu]
492608272,FORWARD/RESERVE SELECTORVALVE,EL,EL-CO,CO,EL-CO-FOR-001,CONTACTEUR [Intensité/A] BOBINE [Tension/V] [Nbr Contacts NO/NF]
492608340,BEARING PLUGMH02340340,ME,ME-RO,RO,ME-RO-BEA-005,ROULEMENT [Type: BILLES/ROULEAUX] [Série/Réf] Ø[Intérieur]XØ[Extérieur]X[Épaisseur] [Flasque/Jeu]
492608365,JOINT MH02549365,ME,ME-JO,JO,ME-JO-JOI-010,JOINT [Type: SPI/O-RING/LEVRE] [Dimensions: IntXExtXEp] [Matière: NBR/FKM]
492608487,HYDRAULIC CLUTCH ASSEMBLY,HY,HY-RA,RA,HY-RA-HYD-002,RACCORD HYDRAULIQUE [Type: IMPLANT/UNION] [Filetage/Ø Tube] [Matière]
492608499,MAJOR GASKET KITMH02554499,ME,ME-JO,JO,ME-JO-MAJ-001,JOINT [Type: SPI/O-RING/LEVRE] [Dimensions: IntXExtXEp] [Matière: NBR/FKM]
492608513,BUNDY PIPE MH02032513,HY,HY-FL,FL,HY-FL-BUN-001,FLEXIBLE HYDRAULIQUE [type: DN[Diamètre Ø int ] L=[Longueur] [Embouts]
492608529,NYLOCK NUT MH52810529,ME,ME-VI,VI,ME-VI-NYL-001,VIS [Type: CHC/TH/FHC] M [Diamètre]X[Longueur]en mm [Matiere:Acier/Inox]
492608542,INPUT SHAFT OIL DISTRI-BUTOR M,CS,CS-GC,GC,CS-GC-SFT-002,
492608555,INPUT SHAFTMH02049555,EE,EE-CA,CA,EE-CA-SFT-001,CARTE ELECTRONIQUE [Fonction/Usage] [Réf Modèle] [Constructeur]
492608806,PS BEARING SHIMMH02008806,ME,ME-RO,RO,ME-RO-BEA-006,ROULEMENT [Type: BILLES/ROULEAUX] [Série/Réf] Ø[Intérieur]XØ[Extérieur]X[Épaisseur] [Flasque/Jeu]
492608819,PS BEARING SHIM MH02008819,ME,ME-RO,RO,ME-RO-MH0-001,ROULEMENT [Type: BILLES/ROULEAUX] [Série/Réf] Ø[Intérieur]XØ[Extérieur]X[Épaisseur] [Flasque/Jeu]
492608822,PS BEARING SHIMMH02008822,ME,ME-RO,RO,ME-RO-BEA-007,ROULEMENT [Type: BILLES/ROULEAUX] [Série/Réf] Ø[Intérieur]XØ[Extérieur]X[Épaisseur] [Flasque/Jeu]
492608889,BEARING PNION SHAFTFRONT - MH5,ME,ME-RO,RO,ME-RO-SFT-001,ROULEMENT [Type: BILLES/ROULEAUX] [Série/Réf] Ø[Intérieur]XØ[Extérieur]X[Épaisseur] [Flasque/Jeu]
492800008,BRAKE OIL BOTTLEMH37100008,CS,CS-GC,GC,CS-GC-BRA-001,
492800019,WASHER LOCK DIFFER. 50.01372.0,ME,ME-VI,VI,ME-VI-WAS-010,VIS [Type: CHC/TH/FHC] M [Diamètre]X[Longueur]en mm [Matiere:Acier/Inox]
492800020,WASHER LOCK DIFFE. 54.61.08.11,ME,ME-VI,VI,ME-VI-WAS-011,VIS [Type: CHC/TH/FHC] M [Diamètre]X[Longueur]en mm [Matiere:Acier/Inox]
492800021,NUT SPECIAL 50.01364.0,ME,ME-VI,VI,ME-VI-NUT-007,VIS [Type: CHC/TH/FHC] M [Diamètre]X[Longueur]en mm [Matiere:Acier/Inox]
492800039,AJUSTING WASHER BEVEL PINION 50.01361.0,ME,ME-VI,VI,ME-VI-AJU-001,VIS [Type: CHC/TH/FHC] M [Diamètre]X[Longueur]en mm [Matiere:Acier/Inox]
492800041,AJUSTING WASHER BEVEL PINION 50.01361.2,ME,ME-VI,VI,ME-VI-AJU-002,VIS [Type: CHC/TH/FHC] M [Diamètre]X[Longueur]en mm [Matiere:Acier/Inox]
492800042,HOUSING BEVEL ROLLER BEARING 50.01318.0,ME,ME-RO,RO,ME-RO-500-002,ROULEMENT [Type: BILLES/ROULEAUX] [Série/Réf] Ø[Intérieur]XØ[Extérieur]X[Épaisseur] [Flasque/Jeu]
492800045,LOCK WASHER BEVEL PINION NUT 50.01363.0,ME,ME-VI,VI,ME-VI-LOC-004,VIS [Type: CHC/TH/FHC] M [Diamètre]X[Longueur]en mm [Matiere:Acier/Inox]
492800046,TAB WASHER 50.1399.0,ME,ME-VI,VI,ME-VI-TAB-001,VIS [Type: CHC/TH/FHC] M [Diamètre]X[Longueur]en mm [Matiere:Acier/Inox]
492800047,SLEEVE NUT SLOTTED 54.23.10.04,ME,ME-VI,VI,ME-VI-SLE-001,VIS [Type: CHC/TH/FHC] M [Diamètre]X[Longueur]en mm [Matiere:Acier/Inox]
492800050,BOLT 54.21.06.07,ME,ME-VI,VI,ME-VI-BOL-006,VIS [Type: CHC/TH/FHC] M [Diamètre]X[Longueur]en mm [Matiere:Acier/Inox]
492800053,SEAL KIT STEERING SDY.2164.000,ME,ME-JO,JO,ME-JO-SEA-043,JOINT [Type: SPI/O-RING/LEVRE] [Dimensions: IntXExtXEp] [Matière: NBR/FKM]
492800054,SEAL KIT LIFT CYLINDER SOX.258 SOX.2258.00,ME,ME-JO,JO,ME-JO-CYL-036,JOINT [Type: SPI/O-RING/LEVRE] [Dimensions: IntXExtXEp] [Matière: NBR/FKM]
492800056,O RING 85.09.114.0,ME,ME-JO,JO,ME-JO-RIN-058,JOINT [Type: SPI/O-RING/LEVRE] [Dimensions: IntXExtXEp] [Matière: NBR/FKM]
492800057,LOCK RING 86.02.43.1,ME,ME-VI,VI,ME-VI-LOC-005,VIS [Type: CHC/TH/FHC] M [Diamètre]X[Longueur]en mm [Matiere:Acier/Inox]
492800168,GREASE NIPPLEMH59500168,PN,PN-RA,RA,PN-RA-NPL-004,RACCORD PNEUMATIQUE [Type: INSTANT/NIPPLE] Ø[Tube] [Filetage]
492800354,THERMOSTAT ELEMENTMH36210354,IN,IN-TE,TE,IN-TE-THE-007,SONDE TEMPERATURE [Type: PT100/TC-K] L=[Longueur] Ø[Tige]
492800522,COPPER WASHERMH36210522,ME,ME-VI,VI,ME-VI-COP-001,VIS [Type: CHC/TH/FHC] M [Diamètre]X[Longueur]en mm [Matiere:Acier/Inox]
492801010,HYD HOSE KITS STEERMH39551010,HY,HY-FL,FL,HY-FL-HYD-004,FLEXIBLE HYDRAULIQUE [type: DN[Diamètre Ø int ] L=[Longueur] [Embouts]
492802755,HEX NUT WITH COLLERMH02362755,ME,ME-VI,VI,ME-VI-HEX-008,VIS [Type: CHC/TH/FHC] M [Diamètre]X[Longueur]en mm [Matiere:Acier/Inox]
492804141,KNUCKLE BEARING BOTTOMMH540141,ME,ME-RO,RO,ME-RO-KNU-001,ROULEMENT [Type: BILLES/ROULEAUX] [Série/Réf] Ø[Intérieur]XØ[Extérieur]X[Épaisseur] [Flasque/Jeu]
492804149,TAB WASHER MH26000126,ME,ME-VI,VI,ME-VI-TAB-002,VIS [Type: CHC/TH/FHC] M [Diamètre]X[Longueur]en mm [Matiere:Acier/Inox]
492804151,FUEL FILTER 092020379,HY,HY-FI,FI,HY-FI-FUE-002,FILTRE HYDRAULIQUE [Type: RETOUR/ASP] [Seuil/µm] [Raccordement/Débit]
492804902,WHEEL CYLINDER ASSY- DOOSAN 3T,HY,HY-VE,VE,HY-VE-CYL-032,VERIN HYDRAULIQUE [Type] Ø[Piston]/Ø[Tige]X[Course] [Pression Max]
492804903,WHEEL CYLINDER ASSY-DOOSAN 2.5,HY,HY-VE,VE,HY-VE-CYL-033,VERIN HYDRAULIQUE [Type] Ø[Piston]/Ø[Tige]X[Course] [Pression Max]
492805000,COUPELLE POUR MAITRECYLINDRE E,HY,HY-VE,VE,HY-VE-COU-001,VERIN HYDRAULIQUE [Type] Ø[Piston]/Ø[Tige]X[Course] [Pression Max]
492806590,UNLOADER VALVEMH02086590,PN,PN-EV,EV,PN-EV-UNL-002,"ELECTROVANNE PNEU [Fonction: 5/2, 3/2] [Filetage] [Tension Commande]"
492808003,CABLE F/R HI/LOMH71400003,EL,EL-CA,CA,EL-CA-CAB-010,CABLE [Type] [Nbr Conducteurs]X[Section/mm²] [Matière/Blindage]
492808007,MASTER CYLINDERMH37100007,HY,HY-VE,VE,HY-VE-CYL-034,VERIN HYDRAULIQUE [Type] Ø[Piston]/Ø[Tige]X[Course] [Pression Max]
492808008,ELEMENT AIR FILTERMH36500008,HY,HY-FI,FI,HY-FI-ELE-002,FILTRE HYDRAULIQUE [Type: RETOUR/ASP] [Seuil/µm] [Raccordement/Débit]
492808011,SINGLE JOINT ASSY.M1102016650,ME,ME-JO,JO,ME-JO-SIN-001,JOINT [Type: SPI/O-RING/LEVRE] [Dimensions: IntXExtXEp] [Matière: NBR/FKM]
492808012,DRIVE WHEEL ASSY 02147145,IN,IN-VA,VA,IN-VA-DRI-016,"VARIATEUR VITESSE [Type: MONO, TRIPHASE] [Puissance/kW]  [Mode: Réseau/Simple][Fabricant]"
492808015,MAIN CONTACTORMH71700008,EL,EL-CO,CO,EL-CO-MAI-001,CONTACTEUR [Intensité/A] BOBINE [Tension/V] [Nbr Contacts NO/NF]
492808016,MASTER CYLINDER KITMH37100016,HY,HY-VE,VE,HY-VE-CYL-035,VERIN HYDRAULIQUE [Type] Ø[Piston]/Ø[Tige]X[Course] [Pression Max]
492808017,PUMP 3011 39200007,HY,HY-PO,PO,HY-PO-PUM-005,POMPE HYDRAULIQUE [Type:volumetrique/Turbo pompe] [Cylindrée] [Pression Max][type de liquide]
492808018,UNIVERSAL JOINTMH38950002,ME,ME-JO,JO,ME-JO-UNI-001,JOINT [Type: SPI/O-RING/LEVRE] [Dimensions: IntXExtXEp] [Matière: NBR/FKM]
492808019,HYD CONTACTORMH71700009,EL,EL-CO,CO,EL-CO-HYD-002,CONTACTEUR [Intensité/A] BOBINE [Tension/V] [Nbr Contacts NO/NF]
492808023,KIT FIXED & MOVING CON.PUMP CO,HY,HY-PO,PO,HY-PO-KIT-001,POMPE HYDRAULIQUE [Type:volumetrique/Turbo pompe] [Cylindrée] [Pression Max][type de liquide]
492808024,VALVE MAIN (WALVOIL-2 SPOOL)  39100156,CS,CS-GC,GC,CS-GC-VAL-001,
492808032,CONTROL CKT FUSEMH71700032,EL,EL-FU,FU,EL-FU-CON-001,FUSIBLE [Type: AM/GG/UR] [Taille] [Calibre/A] [Tension]
492808033,BEARING OUTERMH55300001,ME,ME-RO,RO,ME-RO-BEA-008,ROULEMENT [Type: BILLES/ROULEAUX] [Série/Réf] Ø[Intérieur]XØ[Extérieur]X[Épaisseur] [Flasque/Jeu]
492808034,BEARING (RIGHT)MH55300005,ME,ME-RO,RO,ME-RO-MH5-001,ROULEMENT [Type: BILLES/ROULEAUX] [Série/Réf] Ø[Intérieur]XØ[Extérieur]X[Épaisseur] [Flasque/Jeu]
492808035,BEARING (LEFT)MH55300005,ME,ME-RO,RO,ME-RO-MH5-002,ROULEMENT [Type: BILLES/ROULEAUX] [Série/Réf] Ø[Intérieur]XØ[Extérieur]X[Épaisseur] [Flasque/Jeu]
492808076,SEAL KITMH26000911,ME,ME-JO,JO,ME-JO-SEA-044,JOINT [Type: SPI/O-RING/LEVRE] [Dimensions: IntXExtXEp] [Matière: NBR/FKM]
492808081,PARKING CABLE HYDRA V16490710 CABLE FREIN A MAIN HYDRA,EL,EL-CA,CA,EL-CA-PAR-001,CABLE [Type] [Nbr Conducteurs]X[Section/mm²] [Matière/Blindage]
492808085,SEAL KIT LIFTCYLINDERMH3940008,ME,ME-JO,JO,ME-JO-CYL-037,JOINT [Type: SPI/O-RING/LEVRE] [Dimensions: IntXExtXEp] [Matière: NBR/FKM]
492808088,DANTAL STEER CYLINDERSEAL KIT,ME,ME-JO,JO,ME-JO-CYL-038,JOINT [Type: SPI/O-RING/LEVRE] [Dimensions: IntXExtXEp] [Matière: NBR/FKM]
492808101,BANGO BOLT  MH39550101,ME,ME-VI,VI,ME-VI-BAN-001,VIS [Type: CHC/TH/FHC] M [Diamètre]X[Longueur]en mm [Matiere:Acier/Inox]
492808103,COPPER WASHER MH39550102,ME,ME-VI,VI,ME-VI-COP-002,VIS [Type: CHC/TH/FHC] M [Diamètre]X[Longueur]en mm [Matiere:Acier/Inox]
492808104,O-RING SUCTION HOSEMH56156757,ME,ME-JO,JO,ME-JO-RIN-059,JOINT [Type: SPI/O-RING/LEVRE] [Dimensions: IntXExtXEp] [Matière: NBR/FKM]
492808105,O-RING SUCTION HOSEMH56153785,ME,ME-JO,JO,ME-JO-RIN-060,JOINT [Type: SPI/O-RING/LEVRE] [Dimensions: IntXExtXEp] [Matière: NBR/FKM]
492808110,KIT MOVING CONTACT PUMPMH71700,HY,HY-PO,PO,HY-PO-KIT-002,POMPE HYDRAULIQUE [Type:volumetrique/Turbo pompe] [Cylindrée] [Pression Max][type de liquide]
492808140,HOSE STEERIN UNIT-ST CYLMH3955,HY,HY-FL,FL,HY-FL-HOS-020,FLEXIBLE HYDRAULIQUE [type: DN[Diamètre Ø int ] L=[Longueur] [Embouts]
492808150,HOSE FLOW CTRL-VAL-L.CYLMH3955,HY,HY-FL,FL,HY-FL-HOS-021,FLEXIBLE HYDRAULIQUE [type: DN[Diamètre Ø int ] L=[Longueur] [Embouts]
492808153,HOSE FLOW CTRL-VAL-BURSTMH3955,HY,HY-FL,FL,HY-FL-HOS-022,FLEXIBLE HYDRAULIQUE [type: DN[Diamètre Ø int ] L=[Longueur] [Embouts]
492808154,O-RING 24101600PA09222,ME,ME-JO,JO,ME-JO-RIN-061,JOINT [Type: SPI/O-RING/LEVRE] [Dimensions: IntXExtXEp] [Matière: NBR/FKM]
492808157,BATTERY TO DC CONV.WIRING / MH,EL,EL-CA,CA,EL-CA-BAT-001,CABLE [Type] [Nbr Conducteurs]X[Section/mm²] [Matière/Blindage]
492808160,Y-SEAL 24101600PA09046,ME,ME-JO,JO,ME-JO-SEA-045,JOINT [Type: SPI/O-RING/LEVRE] [Dimensions: IntXExtXEp] [Matière: NBR/FKM]
492808164,HOSE-FUEL TO INJECTORPUMP MH39,HY,HY-FL,FL,HY-FL-HOS-023,FLEXIBLE HYDRAULIQUE [type: DN[Diamètre Ø int ] L=[Longueur] [Embouts]
492808166,"GODREJ PUMP CONTROLLER 1232SE- 5321 48V , 350A",HY,HY-PO,PO,HY-PO-RLR-001,POMPE HYDRAULIQUE [Type:volumetrique/Turbo pompe] [Cylindrée] [Pression Max][type de liquide]
492808171,GODREJ EL. HOSE 039550289,HY,HY-FL,FL,HY-FL-GOD-001,FLEXIBLE HYDRAULIQUE [type: DN[Diamètre Ø int ] L=[Longueur] [Embouts]
492808172,GODREJ EL. HOSE 039550288,HY,HY-FL,FL,HY-FL-GOD-002,FLEXIBLE HYDRAULIQUE [type: DN[Diamètre Ø int ] L=[Longueur] [Embouts]
492808173,GODREJ EL. SUCTION HOSE 02462703,HY,HY-FL,FL,HY-FL-GOD-003,FLEXIBLE HYDRAULIQUE [type: DN[Diamètre Ø int ] L=[Longueur] [Embouts]
492808174,GODREJ EL. MICRO SWITCH  02140443,EE,EE-CP,CP,EE-CP-GOD-001,CAPTEUR [Type: PROXIMITE/PHOTO] [Signal: PNP/NPN/TOR] [Raccordement]
492808175,GODREJ EL. BRAKE SWITCH  02469182 MGT,EE,EE-CP,CP,EE-CP-GOD-002,CAPTEUR [Type: PROXIMITE/PHOTO] [Signal: PNP/NPN/TOR] [Raccordement]
492808176,GODREJ EL. CYLINDER 39400327 SIDE LIFT  DANTAL,HY,HY-VE,VE,HY-VE-CYL-036,VERIN HYDRAULIQUE [Type] Ø[Piston]/Ø[Tige]X[Course] [Pression Max]
492808177,GODREJ EL. CYLINDER 39400328 CENTRAL LIFT DANTAL,HY,HY-VE,VE,HY-VE-CYL-037,VERIN HYDRAULIQUE [Type] Ø[Piston]/Ø[Tige]X[Course] [Pression Max]
492808182,GODREJ EL. FILTER RETURN 02354659,HY,HY-FI,FI,HY-FI-GOD-001,FILTRE HYDRAULIQUE [Type: RETOUR/ASP] [Seuil/µm] [Raccordement/Débit]
492808184,TAIL LIGHTMH71500184,SE,SE-EC,EC,SE-EC-TAI-001,ECLAIRAGE [Type: LED/Halogènes] [Puissance/W] [Tension/V]
492808189,GODREJ PUMP MOTOR MOTOR BODY EXRTRUDED 132 FR,HY,HY-PO,PO,HY-PO-132-001,POMPE HYDRAULIQUE [Type:volumetrique/Turbo pompe] [Cylindrée] [Pression Max][type de liquide]
492808191,AC DRIVE MOTOR ASSEMBLY PM ( 8KW ),EL,EL-MO,MO,EL-MO-080-001,MOTEUR ASYNCHRONE [Puissance/kW] [Vitesse/tr/min] [Fixation] [Tension]
492808195,RETURN LINE FILTERMH02354659,HY,HY-FI,FI,HY-FI-RET-002,FILTRE HYDRAULIQUE [Type: RETOUR/ASP] [Seuil/µm] [Raccordement/Débit]
492808199,HOSE AIR INLETCONNECTION MH029,PN,PN-TU,TU,PN-TU-HOS-001,TUBE PNEUMATIQUE [Matière: PU/PA] Ø[Extérieur]XØ[Intérieur] [Couleur]
492808208,HOSE TEE (ROD END)MH39550208,HY,HY-FL,FL,HY-FL-HOS-024,FLEXIBLE HYDRAULIQUE [type: DN[Diamètre Ø int ] L=[Longueur] [Embouts]
492808210,SEAL KIT STEERING 401107-00549,ME,ME-JO,JO,ME-JO-SEA-046,JOINT [Type: SPI/O-RING/LEVRE] [Dimensions: IntXExtXEp] [Matière: NBR/FKM]
492808211,SEAL KIT LIFT PRIM D511927,ME,ME-JO,JO,ME-JO-SEA-047,JOINT [Type: SPI/O-RING/LEVRE] [Dimensions: IntXExtXEp] [Matière: NBR/FKM]
492808212,SEAL KIT LIFT SEC FFT D511208 JEU BOURRAGE VERIN SEC.,ME,ME-JO,JO,ME-JO-SEA-048,JOINT [Type: SPI/O-RING/LEVRE] [Dimensions: IntXExtXEp] [Matière: NBR/FKM]
492808241,POMPE D'ALIMENTATION,HY,HY-PO,PO,HY-PO-POM-006,POMPE HYDRAULIQUE [Type:volumetrique/Turbo pompe] [Cylindrée] [Pression Max][type de liquide]
492808249,IDLE GEAR SHAFTMH02010249,ME,ME-EN,EN,ME-EN-SFT-004,ENGRENAGE [Type: DROIT/HELIC] [Module]  [Ø exterieur/Matière][Ø Alésage/Matière]
492808258,ELBOWS TILT CYLINDERMH39550260,HY,HY-VE,VE,HY-VE-CYL-038,VERIN HYDRAULIQUE [Type] Ø[Piston]/Ø[Tige]X[Course] [Pression Max]
492808259,WASHER ID 5MMMH53110259,ME,ME-VI,VI,ME-VI-WAS-012,VIS [Type: CHC/TH/FHC] M [Diamètre]X[Longueur]en mm [Matiere:Acier/Inox]
492808260,HOSE TLV-TILT CYL FRONT MH3955,HY,HY-FL,FL,HY-FL-HOS-025,FLEXIBLE HYDRAULIQUE [type: DN[Diamètre Ø int ] L=[Longueur] [Embouts]
492808385,RAD HOSE BOTTOMMH02325385,HY,HY-FL,FL,HY-FL-RAD-001,FLEXIBLE HYDRAULIQUE [type: DN[Diamètre Ø int ] L=[Longueur] [Embouts]
492808391,GASKET CONTROL COVERMH02014391,ME,ME-JO,JO,ME-JO-GAS-021,JOINT [Type: SPI/O-RING/LEVRE] [Dimensions: IntXExtXEp] [Matière: NBR/FKM]
492808406,HOSE PUMP MAIN VAL HYDMH395504,HY,HY-FL,FL,HY-FL-HOS-026,FLEXIBLE HYDRAULIQUE [type: DN[Diamètre Ø int ] L=[Longueur] [Embouts]
492808433,PUMP GEAR SHAFTMH02358433,ME,ME-EN,EN,ME-EN-SFT-005,ENGRENAGE [Type: DROIT/HELIC] [Module]  [Ø exterieur/Matière][Ø Alésage/Matière]
492808552,HYDAX COUPLER ASSEMBLYMH024685,HY,HY-RA,RA,HY-RA-HYD-003,RACCORD HYDRAULIQUE [Type: IMPLANT/UNION] [Filetage/Ø Tube] [Matière]
492808626,HUB BOLTSMH02066626,ME,ME-VI,VI,ME-VI-HUB-001,VIS [Type: CHC/TH/FHC] M [Diamètre]X[Longueur]en mm [Matiere:Acier/Inox]
492808629,TAPPET COVER GASKETMH02553629,ME,ME-JO,JO,ME-JO-TAP-001,JOINT [Type: SPI/O-RING/LEVRE] [Dimensions: IntXExtXEp] [Matière: NBR/FKM]
492808646,GASKET HYD TANK COVERMHO235464,ME,ME-JO,JO,ME-JO-GAS-022,JOINT [Type: SPI/O-RING/LEVRE] [Dimensions: IntXExtXEp] [Matière: NBR/FKM]
492808676,FAN BELT MH36210676,ME,ME-CO,CO,ME-CO-MH3-001,COURROIE [Type: Profil(TRAP/DENT/plate)] [dimension: L=[Longueurx epaisseur  en mm]
492808697,OIL SEAL MH02073697,ME,ME-JO,JO,ME-JO-OIL-007,JOINT [Type: SPI/O-RING/LEVRE] [Dimensions: IntXExtXEp] [Matière: NBR/FKM]
492808766,RAD HOSE TOPMH02326766,HY,HY-FL,FL,HY-FL-RAD-002,FLEXIBLE HYDRAULIQUE [type: DN[Diamètre Ø int ] L=[Longueur] [Embouts]
492808767,O-RINGMH56157767,ME,ME-JO,JO,ME-JO-RIN-062,JOINT [Type: SPI/O-RING/LEVRE] [Dimensions: IntXExtXEp] [Matière: NBR/FKM]
492808784,OIL SEAL 60/86/8MH02362784,ME,ME-JO,JO,ME-JO-060-006,JOINT [Type: SPI/O-RING/LEVRE] [Dimensions: IntXExtXEp] [Matière: NBR/FKM]
492808831,WHEEL CYLINDER KITMH02570831,HY,HY-VE,VE,HY-VE-CYL-039,VERIN HYDRAULIQUE [Type] Ø[Piston]/Ø[Tige]X[Course] [Pression Max]
492808873,DOWTY PUMPMH97545873,HY,HY-PO,PO,HY-PO-DOW-001,POMPE HYDRAULIQUE [Type:volumetrique/Turbo pompe] [Cylindrée] [Pression Max][type de liquide]
492808888,SEALMH26000144,ME,ME-JO,JO,ME-JO-SEA-049,JOINT [Type: SPI/O-RING/LEVRE] [Dimensions: IntXExtXEp] [Matière: NBR/FKM]
492808894,OIL SEAL MH02001894,ME,ME-JO,JO,ME-JO-OIL-008,JOINT [Type: SPI/O-RING/LEVRE] [Dimensions: IntXExtXEp] [Matière: NBR/FKM]
492808901,STEER CYLINDER ASSLYMH59172901,HY,HY-VE,VE,HY-VE-CYL-040,VERIN HYDRAULIQUE [Type] Ø[Piston]/Ø[Tige]X[Course] [Pression Max]
492808902,FAN BELT MH02559902,ME,ME-CO,CO,ME-CO-MH0-001,COURROIE [Type: Profil(TRAP/DENT/plate)] [dimension: L=[Longueurx epaisseur  en mm]
492808917,O RING OUTPUT FLANGEMH56158917,ME,ME-JO,JO,ME-JO-RIN-063,JOINT [Type: SPI/O-RING/LEVRE] [Dimensions: IntXExtXEp] [Matière: NBR/FKM]
492808944,BORING SEAL KIT,ME,ME-JO,JO,ME-JO-BOR-001,JOINT [Type: SPI/O-RING/LEVRE] [Dimensions: IntXExtXEp] [Matière: NBR/FKM]
492808981,pump piston rodMH26000101,HY,HY-PO,PO,HY-PO-PUM-006,POMPE HYDRAULIQUE [Type:volumetrique/Turbo pompe] [Cylindrée] [Pression Max][type de liquide]
492808988,ASSEMBLED PUMPMH26000915,HY,HY-PO,PO,HY-PO-ASS-001,POMPE HYDRAULIQUE [Type:volumetrique/Turbo pompe] [Cylindrée] [Pression Max][type de liquide]
492808999,BEARING (ROULEMENT)MH54101999,ME,ME-RO,RO,ME-RO-MH5-003,ROULEMENT [Type: BILLES/ROULEAUX] [Série/Réf] Ø[Intérieur]XØ[Extérieur]X[Épaisseur] [Flasque/Jeu]
492809000,Y-SEAL MH26001375,ME,ME-JO,JO,ME-JO-SEA-050,JOINT [Type: SPI/O-RING/LEVRE] [Dimensions: IntXExtXEp] [Matière: NBR/FKM]
492809002,PUMP PISTON ROD MH26001371,HY,HY-PO,PO,HY-PO-PUM-007,POMPE HYDRAULIQUE [Type:volumetrique/Turbo pompe] [Cylindrée] [Pression Max][type de liquide]
492809003,WASHER MH26001372,ME,ME-VI,VI,ME-VI-WAS-013,VIS [Type: CHC/TH/FHC] M [Diamètre]X[Longueur]en mm [Matiere:Acier/Inox]
492809005,RELAIS 12V / DOOSAN,EL,EL-RE,RE,EL-RE-REL-031,RELAIS [Type: EMBROCHABLE/STAT] BOBINE [Tension/V] [Nbr Contacts]
492809007,STEERING CYLINDER FOR DOOSAN CYL. STEERING 400331-00003,HY,HY-VE,VE,HY-VE-CYL-041,VERIN HYDRAULIQUE [Type] Ø[Piston]/Ø[Tige]X[Course] [Pression Max]
496610053,FILTER A HUILE TOYOTA90915-300,HY,HY-FI,FI,HY-FI-300-001,FILTRE HYDRAULIQUE [Type: RETOUR/ASP] [Seuil/µm] [Raccordement/Débit]
496610056,FILTRE A AIR FOR LISTER PETTER,HY,HY-FI,FI,HY-FI-FIL-037,FILTRE HYDRAULIQUE [Type: RETOUR/ASP] [Seuil/µm] [Raccordement/Débit]
496610057,FILTRE A HUILE FOR LISTER PETT,HY,HY-FI,FI,HY-FI-FIL-038,FILTRE HYDRAULIQUE [Type: RETOUR/ASP] [Seuil/µm] [Raccordement/Débit]
496610058,FILTRE A GASOIL FOR LISTER PET,HY,HY-FI,FI,HY-FI-FIL-039,FILTRE HYDRAULIQUE [Type: RETOUR/ASP] [Seuil/µm] [Raccordement/Débit]
496801052,FILTRE A HUILE GODREJ 5 TON,HY,HY-FI,FI,HY-FI-FIL-040,FILTRE HYDRAULIQUE [Type: RETOUR/ASP] [Seuil/µm] [Raccordement/Débit]
496801053,FILTRE GASOIL 5 TON ELEVETOR,HY,HY-FI,FI,HY-FI-FIL-041,FILTRE HYDRAULIQUE [Type: RETOUR/ASP] [Seuil/µm] [Raccordement/Débit]
496801065,RONDELLE EN CUIVREDIA 19,ME,ME-VI,VI,ME-VI-019-001,VIS [Type: CHC/TH/FHC] M [Diamètre]X[Longueur]en mm [Matiere:Acier/Inox]
496801066,RONDELLE EN CUIVREDIA 17,ME,ME-VI,VI,ME-VI-017-002,VIS [Type: CHC/TH/FHC] M [Diamètre]X[Longueur]en mm [Matiere:Acier/Inox]
496801068,POMPE ELECTRIQUE 12V A MAZOUT,HY,HY-PO,PO,HY-PO-POM-007,POMPE HYDRAULIQUE [Type:volumetrique/Turbo pompe] [Cylindrée] [Pression Max][type de liquide]
496801072,DEMARREUR 12V/HYDRA STARTER MOTOR 26925062A,EL,EL-MO,MO,EL-MO-012-001,MOTEUR ASYNCHRONE [Puissance/kW] [Vitesse/tr/min] [Fixation] [Tension]
496801073,FILTER HYDRAULIQUE POUR HYDRA,HY,HY-FI,FI,HY-FI-FIL-042,FILTRE HYDRAULIQUE [Type: RETOUR/ASP] [Seuil/µm] [Raccordement/Débit]
496801077,WIRE ROPE 19C3019 CABLE HYDRA 19C3019,EL,EL-CA,CA,EL-CA-WIR-003,CABLE [Type] [Nbr Conducteurs]X[Section/mm²] [Matière/Blindage]
496801078,PRE - FILTRE GASOIL,HY,HY-FI,FI,HY-FI-PRE-007,FILTRE HYDRAULIQUE [Type: RETOUR/ASP] [Seuil/µm] [Raccordement/Débit]
496801082,DIRECTION SWITCH FOR DOOSAN,EE,EE-CP,CP,EE-CP-DIR-001,CAPTEUR [Type: PROXIMITE/PHOTO] [Signal: PNP/NPN/TOR] [Raccordement]
496801084,ACCELERATOR CABLE ASSY A651216,EL,EL-CA,CA,EL-CA-ACC-001,CABLE [Type] [Nbr Conducteurs]X[Section/mm²] [Matière/Blindage]
496801085,GEAR - PUMP ASS'Y - DOOSAN,ME,ME-EN,EN,ME-EN-GEA-017,ENGRENAGE [Type: DROIT/HELIC] [Module]  [Ø exterieur/Matière][Ø Alésage/Matière]
498024008,FLEXIBLE ARMER ATLAS COPCO 132 COMPRESSOR,PN,PN-CO,CO,PN-CO-FLE-002,COMPRESSEUR AIR [Puissance/kW] [Débit] [Capacité Cuve/L] [Pression]
498024094,KIT SEAL 8968342,ME,ME-JO,JO,ME-JO-KIT-001,JOINT [Type: SPI/O-RING/LEVRE] [Dimensions: IntXExtXEp] [Matière: NBR/FKM]
498024176,FUSE BOX ASS'Y A651146 DOOSAN 2.5T / 3T,EL,EL-FU,FU,EL-FU-FUS-005,FUSIBLE [Type: AM/GG/UR] [Taille] [Calibre/A] [Tension]
498024687,JOINT 8159687,ME,ME-JO,JO,ME-JO-JOI-011,JOINT [Type: SPI/O-RING/LEVRE] [Dimensions: IntXExtXEp] [Matière: NBR/FKM]
498024881,GA 132 HOSE ASSY-1614909100,HY,HY-FL,FL,HY-FL-HOS-027,FLEXIBLE HYDRAULIQUE [type: DN[Diamètre Ø int ] L=[Longueur] [Embouts]
498024882,HOSE ASSEMBLY-1621914400 ATLAS COPCO 132,PN,PN-CO,CO,PN-CO-HOS-001,COMPRESSEUR AIR [Puissance/kW] [Débit] [Capacité Cuve/L] [Pression]
498301006,FLEXIBLE DIMENSION 24,HY,HY-FL,FL,HY-FL-FLE-007,FLEXIBLE HYDRAULIQUE [type: DN[Diamètre Ø int ] L=[Longueur] [Embouts]
498301007,FLEXIBLE DIMENSION 27TRACTEUR,HY,HY-FL,FL,HY-FL-FLE-008,FLEXIBLE HYDRAULIQUE [type: DN[Diamètre Ø int ] L=[Longueur] [Embouts]
499968004,SOLENOIDE 12V FOR DOOSAN,PN,PN-EV,EV,PN-EV-SOL-010,"ELECTROVANNE PNEU [Fonction: 5/2, 3/2] [Filetage] [Tension Commande]"
499968007,FUSIBLE A BROCHES 10A POUR ELEVATEUR,EL,EL-FU,FU,EL-FU-FUS-006,FUSIBLE [Type: AM/GG/UR] [Taille] [Calibre/A] [Tension]
499968008,FUSIBLE A BROCHES 15A POUR ELEVATEUR,EL,EL-FU,FU,EL-FU-FUS-007,FUSIBLE [Type: AM/GG/UR] [Taille] [Calibre/A] [Tension]
499968009,FUSIBLE A BROCHES 25A POUR ELEVATEUR,EL,EL-FU,FU,EL-FU-FUS-008,FUSIBLE [Type: AM/GG/UR] [Taille] [Calibre/A] [Tension]
499968010,FUSIBLE A BROCHES 20A POUR ELEVATEUR,EL,EL-FU,FU,EL-FU-FUS-009,FUSIBLE [Type: AM/GG/UR] [Taille] [Calibre/A] [Tension]
499968011,FUSIBLE A BROCHES 30A POUR ELEVATEUR,EL,EL-FU,FU,EL-FU-FUS-010,FUSIBLE [Type: AM/GG/UR] [Taille] [Calibre/A] [Tension]
499970201,BATTERIE 12V/100AH DRYCELL DRYCELL BETTERY FOR THE UPS,EL,EL-DI,DI,EL-DI-BAT-002,"DISJONCTEUR [Type: [VIDE,BAIN D'HUILE,GAZ,MOTEUR,MANETTE]  [Calibre/A] [Tension/Volt][Nbr Pôles] [Fabricant]"
499970240,COSSE POUR BATTERIE,EL,EL-CA,CA,EL-CA-COS-001,CABLE [Type] [Nbr Conducteurs]X[Section/mm²] [Matière/Blindage]
499970358,FAN MOTOR/YWD4-450/380V/1450RP M 0.55A/P=135/230W/50Hz FOR CHILLER GEONAIR CHILLER,EL,EL-MO,MO,EL-MO-002-003,MOTEUR ASYNCHRONE [Puissance/kW] [Vitesse/tr/min] [Fixation] [Tension]
499970443,ROULEMENT LM 67048/Q,ME,ME-RO,RO,ME-RO-670-001,ROULEMENT [Type: BILLES/ROULEAUX] [Série/Réf] Ø[Intérieur]XØ[Extérieur]X[Épaisseur] [Flasque/Jeu]
499980028,ROULEMENT 89449,ME,ME-RO,RO,ME-RO-894-001,ROULEMENT [Type: BILLES/ROULEAUX] [Série/Réf] Ø[Intérieur]XØ[Extérieur]X[Épaisseur] [Flasque/Jeu]
499980029,GOUJON COMPLET POURGODREJ ELEV,ME,ME-VI,VI,ME-VI-GOU-001,VIS [Type: CHC/TH/FHC] M [Diamètre]X[Longueur]en mm [Matiere:Acier/Inox]
499980030,FILTRE A AIR GODREJ  5 TON GODREJ,HY,HY-FI,FI,HY-FI-FIL-043,FILTRE HYDRAULIQUE [Type: RETOUR/ASP] [Seuil/µm] [Raccordement/Débit]
499980031,FILTRE A AIR GODREJ 3 TON ELEV,HY,HY-FI,FI,HY-FI-FIL-044,FILTRE HYDRAULIQUE [Type: RETOUR/ASP] [Seuil/µm] [Raccordement/Débit]
499980033,ROULEMENT302140,ME,ME-RO,RO,ME-RO-ROU-006,ROULEMENT [Type: BILLES/ROULEAUX] [Série/Réf] Ø[Intérieur]XØ[Extérieur]X[Épaisseur] [Flasque/Jeu]
499980035,ROULEMENT 32012,ME,ME-RO,RO,ME-RO-320-003,ROULEMENT [Type: BILLES/ROULEAUX] [Série/Réf] Ø[Intérieur]XØ[Extérieur]X[Épaisseur] [Flasque/Jeu]
499980037,MAITRE CYLINDRE,HY,HY-VE,VE,HY-VE-MAI-002,VERIN HYDRAULIQUE [Type] Ø[Piston]/Ø[Tige]X[Course] [Pression Max]
499980038,FLEXIBLE 22,HY,HY-FL,FL,HY-FL-FLE-009,FLEXIBLE HYDRAULIQUE [type: DN[Diamètre Ø int ] L=[Longueur] [Embouts]
499980039,ROULEMENT T-151 FAG,ME,ME-RO,RO,ME-RO-151-001,ROULEMENT [Type: BILLES/ROULEAUX] [Série/Réf] Ø[Intérieur]XØ[Extérieur]X[Épaisseur] [Flasque/Jeu]
571005014,TOILE MOUSTIQUE,CS,CS-GC,GC,CS-GC-TOI-001,
573010012,CIMENT COLLE POUR FIXATION CARREAU,CS,CS-AM,AM,CS-AM-CIM-001,
590000002,DITAL CONTROLLER TAIE FU 96 M/N FU96 701000 S/N: SU 1801121960001,ME,ME-RO,RO,ME-RO-RLR-004,ROULEMENT [Type: BILLES/ROULEAUX] [Série/Réf] Ø[Intérieur]XØ[Extérieur]X[Épaisseur] [Flasque/Jeu]
590000003,PLC SIMATIC S7-1200 CPU 1215C SIEMENS SIMATIC S7-1200 SIEMENS CPU 1215C,EE,EE-AU,AU,EE-AU-SIM-003,AUTOMATE PLC [Série/Modèle] [Configuration E/S] [Alimentation]
590000005,PHOTO SENSOR BMS 300-DDT AUTONICS CHINA 7A0135B CHINA 7A0135B,EE,EE-CP,CP,EE-CP-PHO-006,CAPTEUR [Type: PROXIMITE/PHOTO] [Signal: PNP/NPN/TOR] [Raccordement]
590000007,OPERATING PANEL WEINVIEW TK 6071IP 1WV WEINVIEW,ME,ME-RO,RO,ME-RO-OPE-001,ROULEMENT [Type: BILLES/ROULEAUX] [Série/Réf] Ø[Intérieur]XØ[Extérieur]X[Épaisseur] [Flasque/Jeu]
590000008,PHOTO SENSOR PR 12-4AO AUTONICS PR 12-4AO BRN: 100 - 240 VAC,EE,EE-CP,CP,EE-CP-PHO-007,CAPTEUR [Type: PROXIMITE/PHOTO] [Signal: PNP/NPN/TOR] [Raccordement]
590000010,"AC DRIVE ATV 312HU30N4- 3KW ALTIVAR 312HU30N4 3,0 KW - 3HP - 380-500VAC",IN,IN-VA,VA,IN-VA-DRI-017,"VARIATEUR VITESSE [Type: MONO, TRIPHASE] [Puissance/kW]  [Mode: Réseau/Simple][Fabricant]"
590000011,PLC DELTA DVP - 20EH DOP - B07S411 DELTA ELECTRONICS INC,EE,EE-AU,AU,EE-AU-DEL-002,AUTOMATE PLC [Série/Modèle] [Configuration E/S] [Alimentation]
590000012,PLC MODULE CSM1277 SIMATIC NETWORK 1P6GK7 277,EE,EE-AU,AU,EE-AU-MOD-002,AUTOMATE PLC [Série/Modèle] [Configuration E/S] [Alimentation]
590000013,PLC PANASONIC FP - XOL30R PANASONIC FP - XOL 30 R POWER: 100 - 240VAC,EE,EE-AU,AU,EE-AU-PAN-002,AUTOMATE PLC [Série/Modèle] [Configuration E/S] [Alimentation]
590000014,AC DRIVE ATV 320U55N4B 5.5KW ALTIVAR 320U55N4B 5.5 KW - 7.1/2HP,IN,IN-VA,VA,IN-VA-007-001,"VARIATEUR VITESSE [Type: MONO, TRIPHASE] [Puissance/kW]  [Mode: Réseau/Simple][Fabricant]"
590000015,PLC MODULE SM1221DC SIEMENS DIGITAL I/O SM 1221 DIGITTAL I/O SM 1221,EE,EE-AU,AU,EE-AU-MOD-003,AUTOMATE PLC [Série/Modèle] [Configuration E/S] [Alimentation]
590000016,"ROTARY ENCODER 24VDC OMRON  E6B2- CWZ6C , 600P/R FOR NOODLES PLANT",EE,EE-CP,CP,EE-CP-ROT-002,CAPTEUR [Type: PROXIMITE/PHOTO] [Signal: PNP/NPN/TOR] [Raccordement]
590000017,PROXIMITY SENSOR PSN7-5DN AUTONICS PROXI SWITCH NPN FOR NOODLES PLANT,EE,EE-CP,CP,EE-CP-PRO-010,CAPTEUR [Type: PROXIMITE/PHOTO] [Signal: PNP/NPN/TOR] [Raccordement]
590000018,"PROXI SWITCH KJT-QB30-ZNKJ MAKE - KJTDO, PROXI SWITCH FOR NOODLES PLANT",EE,EE-CP,CP,EE-CP-PRO-011,CAPTEUR [Type: PROXIMITE/PHOTO] [Signal: PNP/NPN/TOR] [Raccordement]
590000019,INDUCTIVE SENSOR PR12-4DP AUTONICS INDUCTIVE SENSOR FOR NOODLES PLANT,EE,EE-CP,CP,EE-CP-IND-005,CAPTEUR [Type: PROXIMITE/PHOTO] [Signal: PNP/NPN/TOR] [Raccordement]
590000024,MECHANICAL SEAL FOR OIL PUMP FOR NOODLES PLANT,ME,ME-JO,JO,ME-JO-MEC-023,JOINT [Type: SPI/O-RING/LEVRE] [Dimensions: IntXExtXEp] [Matière: NBR/FKM]
590000027,NOODLES STEAMING NET BELT FOR NOODLES PLANT,ME,ME-CO,CO,ME-CO-NOO-001,COURROIE [Type: Profil(TRAP/DENT/plate)] [dimension: L=[Longueurx epaisseur  en mm]
590000028,RIPPLE FORMING NET BELT FOR NOODLES PLANT,ME,ME-CO,CO,ME-CO-RIP-001,COURROIE [Type: Profil(TRAP/DENT/plate)] [dimension: L=[Longueurx epaisseur  en mm]
590000038,SIEMENS HMI KTP 1200 BASIC FLOUR MIXER SYSTEM 6AV2. 123 - 2M BO3 - OAXO,EE,EE-HM,HM,EE-HM-SIE-002,ECRAN IHM TACTILE [Taille/Pouces] [Résolution/Type] [Alimentation]
590000039,CARBON BRUSH FOR QNS450 WRAPP PACKING MACHINE QNS 450 HORIZONTAL PILLOW NISSIN,CS,CS-JG,JG,CS-JG-CAR-001,
590000040,"FOAM BELT FOR QNS450 WRAPPING PACKING MACHINE QNS 450 NOODLES PLANT, NISSIN CHINA",ME,ME-CO,CO,ME-CO-FOA-001,COURROIE [Type: Profil(TRAP/DENT/plate)] [dimension: L=[Longueurx epaisseur  en mm]
590000041,END SEALER HEATER FOR QNS450 PACKING MACHINE QNS 450 NISSIN MAKE,ME,ME-JO,JO,ME-JO-END-001,JOINT [Type: SPI/O-RING/LEVRE] [Dimensions: IntXExtXEp] [Matière: NBR/FKM]
590000042,THERMOCOUPLE END SEALING QNS FOR QNS 450 PACKINGMACHINE NISSIN MACHINE,ME,ME-JO,JO,ME-JO-THE-001,JOINT [Type: SPI/O-RING/LEVRE] [Dimensions: IntXExtXEp] [Matière: NBR/FKM]
590000043,THERMOCOUPLE LONG SEALING QNS PACKING MACHINE QNS 450  NOODLES PLANT,ME,ME-JO,JO,ME-JO-THE-002,JOINT [Type: SPI/O-RING/LEVRE] [Dimensions: IntXExtXEp] [Matière: NBR/FKM]
590000044,HEATER LONG SEALER FOR QNS450 PACKING MACHINE QNS 450 DEDICATED FOR NOODLES PLANT,ME,ME-JO,JO,ME-JO-HEA-002,JOINT [Type: SPI/O-RING/LEVRE] [Dimensions: IntXExtXEp] [Matière: NBR/FKM]
590000045,END SEALER FOR QNS450 WRAPPING PACKING MACHINE QNS 450 DEDICATED FOR NOODLES PLANT,ME,ME-JO,JO,ME-JO-END-002,JOINT [Type: SPI/O-RING/LEVRE] [Dimensions: IntXExtXEp] [Matière: NBR/FKM]
590000046,LONG SEALER FOR QNS450 WRAP PACKING MACHINE QNS 450 DEDICATED FOR NOODLES PLANT,ME,ME-JO,JO,ME-JO-LON-001,JOINT [Type: SPI/O-RING/LEVRE] [Dimensions: IntXExtXEp] [Matière: NBR/FKM]
590000047,BELT UNDER FOAM BELT QNS450  FOR PACKING MACHINE QNS 450 DEDICATED FOR NOODLES PLANT,ME,ME-CO,CO,ME-CO-QNS-001,COURROIE [Type: Profil(TRAP/DENT/plate)] [dimension: L=[Longueurx epaisseur  en mm]
590000048,"DISCHAGE OUT BELT FOR QNS 450 PACKING MACH QNS 450, NISSIN  DEDICATED FOR NOODLES PLANT",ME,ME-CO,CO,ME-CO-DIS-001,COURROIE [Type: Profil(TRAP/DENT/plate)] [dimension: L=[Longueurx epaisseur  en mm]
590000049,"CUTTER BLADE FOR QNS450 WRAPP PACKING MACHINE QNS 450,  DEDICATED FOR NOODLES PLANT",CS,CS-JG,JG,CS-JG-CUT-001,
590000051,NUMBER (0-9) DIGIT FOR QNS450 FOR CODING ON PACKING MACHINE  DEDICATED FOR NOODLES PLANT,CS,CS-JG,JG,CS-JG-NUM-001,
590000053,INK ROLL FOR QNS450 WRAPPER PACKING MACHINE QNS 450 NISSIN  DEDICATED FOR NOODLES PLANT,CS,CS-JG,JG,CS-JG-INK-001,
590000054,BELT 75X1860MM CARTON-SEALER FOR CARTON ERECTOR AND SEALER  DEDICATED FOR NOODLES PLANT,ME,ME-CO,CO,ME-CO-075-002,COURROIE [Type: Profil(TRAP/DENT/plate)] [dimension: L=[Longueurx epaisseur  en mm]
590000055,CUTTER 30X78MM CARTON-SEALER DEDICATED FOR NOODLES PLANT,ME,ME-JO,JO,ME-JO-030-003,JOINT [Type: SPI/O-RING/LEVRE] [Dimensions: IntXExtXEp] [Matière: NBR/FKM]
590000056,BELT 50X1860MM CARTON-SEALER CARTON ERECTOR SEALER MACHINE DEDICATED FOR NOODLES PLANT.,ME,ME-CO,CO,ME-CO-050-001,COURROIE [Type: Profil(TRAP/DENT/plate)] [dimension: L=[Longueurx epaisseur  en mm]
590000057,HIGHMARK SENSOR OMRON E3ZM SENSOR FOR LABEL MARK READING  FOR NISSIN WRAPPING MACHINE,EE,EE-CP,CP,EE-CP-HIG-002,CAPTEUR [Type: PROXIMITE/PHOTO] [Signal: PNP/NPN/TOR] [Raccordement]
590000066,ENDSEALER GEARS,ME,ME-EN,EN,ME-EN-END-001,ENGRENAGE [Type: DROIT/HELIC] [Module]  [Ø exterieur/Matière][Ø Alésage/Matière]
590000070,THERMOCOUPLE SENSOR FOR CODER CODER PGS-100A,IN,IN-TH,TH,IN-TH-THE-017,THERMOCOUPLE [Type: K/J/T] [Longueur Gaine] [Raccordement]
590000071,SENSOR OMRON E3Z-RC1+REFLECTOR REFLECTOR OMRON E39-R3,EE,EE-CP,CP,EE-CP-SEN-011,CAPTEUR [Type: PROXIMITE/PHOTO] [Signal: PNP/NPN/TOR] [Raccordement]
590000072,SENSOR OMRON E3Z-LS61 02Y18M AUTOMATIC POUCH DISPENSER.,EE,EE-CP,CP,EE-CP-SEN-012,CAPTEUR [Type: PROXIMITE/PHOTO] [Signal: PNP/NPN/TOR] [Raccordement]
590000074,PLASTIC SIGHT GLASS FOR FLOUR BLOW PIPE NOODLE PLANT,HY,HY-FL,FL,HY-FL-PLA-001,FLEXIBLE HYDRAULIQUE [type: DN[Diamètre Ø int ] L=[Longueur] [Embouts]
590000075,METAL DETECTOT BELT FOR NOODLES PLANT,ME,ME-CO,CO,ME-CO-MET-001,COURROIE [Type: Profil(TRAP/DENT/plate)] [dimension: L=[Longueurx epaisseur  en mm]
590000076,WEIGH CHECKER BELT FOR NOODLES PLANT,ME,ME-CO,CO,ME-CO-WEI-001,COURROIE [Type: Profil(TRAP/DENT/plate)] [dimension: L=[Longueurx epaisseur  en mm]
590000077,DISTRIBUTION CONVEYOR BELT BROADYEA FOR NOODLES PLANT,ME,ME-CO,CO,ME-CO-DIS-002,COURROIE [Type: Profil(TRAP/DENT/plate)] [dimension: L=[Longueurx epaisseur  en mm]
590000078,FINISHED PRODUCT CONVEYOR BELT FOR NOODLES PLANT,ME,ME-CO,CO,ME-CO-FIN-001,COURROIE [Type: Profil(TRAP/DENT/plate)] [dimension: L=[Longueurx epaisseur  en mm]
590000096,SM 1222 DC DO SIEMENS SIMATIC S7 - 1200 DIGITAL OUTPUT,EE,EE-CA,CA,EE-CA-SIE-005,CARTE ELECTRONIQUE [Fonction/Usage] [Réf Modèle] [Constructeur]
590000098,TIMING BELT HTD 3M-306-11,ME,ME-CO,CO,ME-CO-HTD-002,COURROIE [Type: Profil(TRAP/DENT/plate)] [dimension: L=[Longueurx epaisseur  en mm]
590000099,PANASONIC AC SERVO DRIVER MCDLN35SE AC VOLTAGE: 200V,IN,IN-VA,VA,IN-VA-PAN-001,"VARIATEUR VITESSE [Type: MONO, TRIPHASE] [Puissance/kW]  [Mode: Réseau/Simple][Fabricant]"
590000100,"PANASONIC AC SERVO MOTOR MHMF082L1U2M 3 PHASE AC,129V,3.8A",EL,EL-MO,MO,EL-MO-129-001,MOTEUR ASYNCHRONE [Puissance/kW] [Vitesse/tr/min] [Fixation] [Tension]
590000101,SS RELAY SC942160 MHMF082L1U2M SWITCHING VOLTAGE 12-280VAC,EL,EL-RE,RE,EL-RE-REL-032,RELAIS [Type: EMBROCHABLE/STAT] BOBINE [Tension/V] [Nbr Contacts]
590000103,TIMING BELT 445H,ME,ME-CO,CO,ME-CO-TIM-004,COURROIE [Type: Profil(TRAP/DENT/plate)] [dimension: L=[Longueurx epaisseur  en mm]
590000106,TIMING BELT 412L,ME,ME-CO,CO,ME-CO-TIM-005,COURROIE [Type: Profil(TRAP/DENT/plate)] [dimension: L=[Longueurx epaisseur  en mm]
590000107,TIMING BELT 500H,ME,ME-CO,CO,ME-CO-TIM-006,COURROIE [Type: Profil(TRAP/DENT/plate)] [dimension: L=[Longueurx epaisseur  en mm]
590000108,TIMING BELT 540 H,ME,ME-CO,CO,ME-CO-TIM-007,COURROIE [Type: Profil(TRAP/DENT/plate)] [dimension: L=[Longueurx epaisseur  en mm]
590000110,4 INCH TRANSPARENT HOSE,HY,HY-FL,FL,HY-FL-INC-001,FLEXIBLE HYDRAULIQUE [type: DN[Diamètre Ø int ] L=[Longueur] [Embouts]
590000115,THERMOCOUPLE MACHINE JW-KG150T,IN,IN-TH,TH,IN-TH-THE-018,THERMOCOUPLE [Type: K/J/T] [Longueur Gaine] [Raccordement]
590000116,SEALER HEATER 600W 380V 600W 67 L-20+180 MACHINE JW-KG150T,ME,ME-JO,JO,ME-JO-SEA-051,JOINT [Type: SPI/O-RING/LEVRE] [Dimensions: IntXExtXEp] [Matière: NBR/FKM]
590000117,"ULTRASONIC SENSOR DB18 DB 18 UP.1-25,2500",EE,EE-CP,CP,EE-CP-ULT-002,CAPTEUR [Type: PROXIMITE/PHOTO] [Signal: PNP/NPN/TOR] [Raccordement]
590000119,"ALKALINE PUMP WITH MOTOR SS YS71B2 0.90KW, 220/380V",HY,HY-PO,PO,HY-PO-000-003,POMPE HYDRAULIQUE [Type:volumetrique/Turbo pompe] [Cylindrée] [Pression Max][type de liquide]
590000120,CUTTER POSITION SENSOR EE-SX670 U48U 5 TO 24 VDC ±10%,EE,EE-CP,CP,EE-CP-CUT-003,CAPTEUR [Type: PROXIMITE/PHOTO] [Signal: PNP/NPN/TOR] [Raccordement]
590000125,CONE PULLEY FLAT BELT,ME,ME-CO,CO,ME-CO-CON-002,COURROIE [Type: Profil(TRAP/DENT/plate)] [dimension: L=[Longueurx epaisseur  en mm]
590000128,ROUND BELT IDLE/DIS.BRUSH,ME,ME-CO,CO,ME-CO-ROU-001,COURROIE [Type: Profil(TRAP/DENT/plate)] [dimension: L=[Longueurx epaisseur  en mm]
590000129,4RK25GN-C/4GN-10KG10TMOTOR/GEA AC VOLTAGE 110/220V,EL,EL-MO,MO,EL-MO-220-002,MOTEUR ASYNCHRONE [Puissance/kW] [Vitesse/tr/min] [Fixation] [Tension]
590000130,SCHNEIDERXCJ-127LIMITSWITCH 10A 250VAC,EE,EE-CP,CP,EE-CP-SCH-001,CAPTEUR [Type: PROXIMITE/PHOTO] [Signal: PNP/NPN/TOR] [Raccordement]
590000131,M9RX40GB4GGA BRAKE MOTOR 220 V/230 V (50/60 HZ),EL,EL-MO,MO,EL-MO-220-003,MOTEUR ASYNCHRONE [Puissance/kW] [Vitesse/tr/min] [Fixation] [Tension]
590000132,SMC YSJ8024 PUMP MOTOR 750 W 220/380 V 3.48/2.01 A 400 R/MIN 1,HY,HY-PO,PO,HY-PO-750-001,POMPE HYDRAULIQUE [Type:volumetrique/Turbo pompe] [Cylindrée] [Pression Max][type de liquide]
590000133,ACSERVODRIVE400WASD-B2-0421-B,IN,IN-VA,VA,IN-VA-ACS-001,"VARIATEUR VITESSE [Type: MONO, TRIPHASE] [Puissance/kW]  [Mode: Réseau/Simple][Fabricant]"
590000134,DELTAECMA-C20604RSSERVOMOTOR 400W,EL,EL-MO,MO,EL-MO-004-003,MOTEUR ASYNCHRONE [Puissance/kW] [Vitesse/tr/min] [Fixation] [Tension]
590000135,JSCC25W220V3PH MOTOR,EL,EL-MO,MO,EL-MO-JSC-001,MOTEUR ASYNCHRONE [Puissance/kW] [Vitesse/tr/min] [Fixation] [Tension]
590000136,JSCC120WACMOTORWITHGEARBOX,ME,ME-EN,EN,ME-EN-JSC-001,ENGRENAGE [Type: DROIT/HELIC] [Module]  [Ø exterieur/Matière][Ø Alésage/Matière]
590000137,AUTO SWITCH DMSG-20 CYLINDER POSITION SENSOR AIRTAC,HY,HY-VE,VE,HY-VE-CYL-042,VERIN HYDRAULIQUE [Type] Ø[Piston]/Ø[Tige]X[Course] [Pression Max]
590000138,PHTOELECTRICLEVELSENSORBUP-50 POWER SUPPLY 12-24VDC AUTONICS,EE,EE-CP,CP,EE-CP-PHT-001,CAPTEUR [Type: PROXIMITE/PHOTO] [Signal: PNP/NPN/TOR] [Raccordement]
590000139,INFEEDPROXIYSENSORFORGEARTRA,ME,ME-EN,EN,ME-EN-INF-001,ENGRENAGE [Type: DROIT/HELIC] [Module]  [Ø exterieur/Matière][Ø Alésage/Matière]
590000140,INDICATOR LIGHT 24V,SE,SE-EC,EC,SE-EC-IND-005,ECLAIRAGE [Type: LED/Halogènes] [Puissance/W] [Tension/V]
590000141,LONG SEALING SERVO MOTOR MHMJ082G1U PANASONIC,ME,ME-JO,JO,ME-JO-LON-002,JOINT [Type: SPI/O-RING/LEVRE] [Dimensions: IntXExtXEp] [Matière: NBR/FKM]
590000142,MOTOR FOR LONG SEALER YY80-30 1PHASE 220V BK,ME,ME-JO,JO,ME-JO-MOT-001,JOINT [Type: SPI/O-RING/LEVRE] [Dimensions: IntXExtXEp] [Matière: NBR/FKM]
590000144,SEASONING MACHINE SEALER 190322 D02(J)P70X4-00180820 MACHINE JW-KG150T,ME,ME-JO,JO,ME-JO-070-003,JOINT [Type: SPI/O-RING/LEVRE] [Dimensions: IntXExtXEp] [Matière: NBR/FKM]
590000145,SAFETY ROPE SWITCH WITH ROPE E4008TBM ERSCE,EE,EE-CP,CP,EE-CP-SAF-006,CAPTEUR [Type: PROXIMITE/PHOTO] [Signal: PNP/NPN/TOR] [Raccordement]
590000147,ULTRASONIC SENSOR CONTROLLER PGS-100A ZHONGLU STAR,EE,EE-CP,CP,EE-CP-RLR-001,CAPTEUR [Type: PROXIMITE/PHOTO] [Signal: PNP/NPN/TOR] [Raccordement]
590000148,DIFFERENTIAL GEAR BOX MOTOR YY90-60 60W 220V 0.60A,ME,ME-EN,EN,ME-EN-001-003,ENGRENAGE [Type: DROIT/HELIC] [Module]  [Ø exterieur/Matière][Ø Alésage/Matière]
590000149,LIMIT SWITCH Z-15GW2-B OMRON,EE,EE-CP,CP,EE-CP-LIM-015,CAPTEUR [Type: PROXIMITE/PHOTO] [Signal: PNP/NPN/TOR] [Raccordement]
590000150,ENDSEALER PROXIMITY SWITCH TK-12N4C-3M TOKY,ME,ME-JO,JO,ME-JO-END-003,JOINT [Type: SPI/O-RING/LEVRE] [Dimensions: IntXExtXEp] [Matière: NBR/FKM]
590000151,TEMPERATURE CONTROLLER AI-7048 UDIAN,ME,ME-RO,RO,ME-RO-RLR-005,ROULEMENT [Type: BILLES/ROULEAUX] [Série/Réf] Ø[Intérieur]XØ[Extérieur]X[Épaisseur] [Flasque/Jeu]
590000153,SAFETY LIMIT SWITCHYBLX-K1/511 CHINT,EE,EE-CP,CP,EE-CP-001-001,CAPTEUR [Type: PROXIMITE/PHOTO] [Signal: PNP/NPN/TOR] [Raccordement]
590000154,END SEALER SERVO MOTOR MDMF102L1G6M AC PANASONIC,ME,ME-JO,JO,ME-JO-END-004,JOINT [Type: SPI/O-RING/LEVRE] [Dimensions: IntXExtXEp] [Matière: NBR/FKM]
590000156,DIVERTER VALVE CYLINDER MIC25X50SCA AIRTEC MAKE,HY,HY-VE,VE,HY-VE-025-004,VERIN HYDRAULIQUE [Type] Ø[Piston]/Ø[Tige]X[Course] [Pression Max]
590000160,FRYER HOOD TIMING BELT BELT 370H,ME,ME-CO,CO,ME-CO-FRY-001,COURROIE [Type: Profil(TRAP/DENT/plate)] [dimension: L=[Longueurx epaisseur  en mm]
590000163,DISCHARGE BRUSH QNS 450/120 NISSIN PACKING MACHINE,CS,CS-JG,JG,CS-JG-450-001,
590000164,REJECTOR SOLENOID VALVE 3V310-10-NC WEIGHT CHECKER,PN,PN-EV,EV,PN-EV-REJ-001,"ELECTROVANNE PNEU [Fonction: 5/2, 3/2] [Filetage] [Tension Commande]"
590000165,5 MICRON FILTER HOUSING RO PLANT NOODLES PLANT,HY,HY-FI,FI,HY-FI-MIC-001,FILTRE HYDRAULIQUE [Type: RETOUR/ASP] [Seuil/µm] [Raccordement/Débit]
590000168,FILTER 5 MICRON RO PLANT,HY,HY-FI,FI,HY-FI-FIL-045,FILTRE HYDRAULIQUE [Type: RETOUR/ASP] [Seuil/µm] [Raccordement/Débit]
590000175,FRYER OUTLET CONVEYOR CHAIN SS CHAIN WITH PUSHING RODS BROADYEA MAKE,ME,ME-CH,CH,ME-CH-FRY-001,CHAINE ROULEAUX [Pas] [Type: SIMPLEX/DUPLEX] L=[Nbr Maillons/Longueur en mm]
590000177,FRYER PAPER FILTER BROADYEA MAKE,HY,HY-FI,FI,HY-FI-FRY-001,FILTRE HYDRAULIQUE [Type: RETOUR/ASP] [Seuil/µm] [Raccordement/Débit]
590000178,PUSH PLATE LINEAR BEARING CUT AND FOLD STATION BROADYEA MAKE,ME,ME-RO,RO,ME-RO-PLT-002,ROULEMENT [Type: BILLES/ROULEAUX] [Série/Réf] Ø[Intérieur]XØ[Extérieur]X[Épaisseur] [Flasque/Jeu]
590000186,PACKING MACHINE INFEED CHAIN SS40 QNS 450/120 NISSIN,ME,ME-CH,CH,ME-CH-450-001,CHAINE ROULEAUX [Pas] [Type: SIMPLEX/DUPLEX] L=[Nbr Maillons/Longueur en mm]
590000187,TEFLON PUSH LUGS QNS 450/120 NISSIN,EL,EL-CO,CO,EL-CO-450-001,CONTACTEUR [Intensité/A] BOBINE [Tension/V] [Nbr Contacts NO/NF]
590000190,ROUD BELT FOR DISCHARGE BRUSH QNS 450/120 NISSIN BROADYEA,ME,ME-CO,CO,ME-CO-450-001,COURROIE [Type: Profil(TRAP/DENT/plate)] [dimension: L=[Longueurx epaisseur  en mm]
590000192,BRASS BRUSH FOR SEALER JAW CLEANING MACHINE JW-KG150T,ME,ME-JO,JO,ME-JO-BRA-002,JOINT [Type: SPI/O-RING/LEVRE] [Dimensions: IntXExtXEp] [Matière: NBR/FKM]
590000215,"OIL SEAL 55*90*10 / CUT AND FOLD GEAR BOX OIL SEAL / KSK, TC, 55*90*10, 4 / FOR GEARBOX NOODLES PLANT",ME,ME-EN,EN,ME-EN-055-001,ENGRENAGE [Type: DROIT/HELIC] [Module]  [Ø exterieur/Matière][Ø Alésage/Matière]
590000216,ROULEMENT NXZ 32011 CE /ROLLER BEARING NXZ 32011 CE / CUT AND FOLD GEAR BOX BEARING,ME,ME-RO,RO,ME-RO-320-004,ROULEMENT [Type: BILLES/ROULEAUX] [Série/Réf] Ø[Intérieur]XØ[Extérieur]X[Épaisseur] [Flasque/Jeu]
590300001,PROXY SWITCH PSN17-8DN PROXYSWITCH AUTONIC AUTONIC SK16CR,EE,EE-CP,CP,EE-CP-PRO-012,CAPTEUR [Type: PROXIMITE/PHOTO] [Signal: PNP/NPN/TOR] [Raccordement]
590300002,PHOTO SENSOR OMRON E3Z-R61  PHOTO ELECTR SENSOR OMRON E3Z-R61,EE,EE-CP,CP,EE-CP-PHO-008,CAPTEUR [Type: PROXIMITE/PHOTO] [Signal: PNP/NPN/TOR] [Raccordement]
610101002,GASKET FOR SELF CLEANINGFILTER,ME,ME-JO,JO,ME-JO-GAS-023,JOINT [Type: SPI/O-RING/LEVRE] [Dimensions: IntXExtXEp] [Matière: NBR/FKM]
612011007,CRIQUE 20TN (JACK) HYDRAULIQUE,HY,HY-RA,RA,HY-RA-CRI-001,RACCORD HYDRAULIQUE [Type: IMPLANT/UNION] [Filetage/Ø Tube] [Matière]
612011031,BALANCE 3 KG PRECISION 0.5-1G  METTLER TOLEDO BBA422,SE,SE-EC,EC,SE-EC-BAL-001,ECLAIRAGE [Type: LED/Halogènes] [Puissance/W] [Tension/V]
612011041,1XMF 6004 CONTROLLER,ME,ME-RO,RO,ME-RO-RLR-006,ROULEMENT [Type: BILLES/ROULEAUX] [Série/Réf] Ø[Intérieur]XØ[Extérieur]X[Épaisseur] [Flasque/Jeu]
612011046,1XLOADCELL CABLE 20M,EL,EL-CA,CA,EL-CA-1XL-001,CABLE [Type] [Nbr Conducteurs]X[Section/mm²] [Matière/Blindage]
612011049,BALANCE ELECTRONIC CARDWITH CO,EE,EE-CA,CA,EE-CA-BAL-001,CARTE ELECTRONIQUE [Fonction/Usage] [Réf Modèle] [Constructeur]
612011053,"LOADCELL 10TON/PA6181/COMPRESS ION, MAKE=AVERYTRONICS SOAP PLANT BLEACH OIL TANK",CS,CS-GC,GC,CS-GC-LOA-001,
612011067,"WEIGHBRIDGE INDICATOR ART-S I/P: 0.5UV, LINEARITY :0.004% 15MM,9-DIGIT,15-SEG,REDLED",SE,SE-EC,EC,SE-EC-015-001,ECLAIRAGE [Type: LED/Halogènes] [Puissance/W] [Tension/V]
612011068,CONTROLLER ELECTRICAL HUMMER CONTROLLER 620365-0 MAKITA CONTROLLER ELECT HUMMER,ME,ME-RO,RO,ME-RO-RLR-007,ROULEMENT [Type: BILLES/ROULEAUX] [Série/Réf] Ø[Intérieur]XØ[Extérieur]X[Épaisseur] [Flasque/Jeu]
612012008,GRAISSE 100 GR FOR MAKITA,CS,CS-GC,GC,CS-GC-GRA-001,
612012055,CARTER POUR MAKITA GA 9020 GEAR HOUSING FR MAKITA GA 9020,ME,ME-EN,EN,ME-EN-CAR-001,ENGRENAGE [Type: DROIT/HELIC] [Module]  [Ø exterieur/Matière][Ø Alésage/Matière]
612012201,INTERRUPTEUR MAKITA GA 9020 SWITCH MAKITA GA 9020,EE,EE-CP,CP,EE-CP-INT-001,CAPTEUR [Type: PROXIMITE/PHOTO] [Signal: PNP/NPN/TOR] [Raccordement]
619601301,1.5MFD CAPACITOR FOR FAN 380V-460V AC FOR 1-PHASE MOTORS,EL,EL-MO,MO,EL-MO-380-003,MOTEUR ASYNCHRONE [Puissance/kW] [Vitesse/tr/min] [Fixation] [Tension]
619601302,2.5MFD CAPACITOR FOR FAN 380V-460V AC FOR 1-PHASE MOTORS,EL,EL-MO,MO,EL-MO-380-004,MOTEUR ASYNCHRONE [Puissance/kW] [Vitesse/tr/min] [Fixation] [Tension]
619601304,50MFD CAPACITOR FOR FAN 380V-460V AC FOR 1-PHASE MOTORS,EL,EL-MO,MO,EL-MO-380-005,MOTEUR ASYNCHRONE [Puissance/kW] [Vitesse/tr/min] [Fixation] [Tension]
630101183,GEARED MOTOR-FLANGE TYPE6.5KW/,ME,ME-EN,EN,ME-EN-065-001,ENGRENAGE [Type: DROIT/HELIC] [Module]  [Ø exterieur/Matière][Ø Alésage/Matière]
632913001,DECLENCHEUR (THERMISTOR)MOTOR,EL,EL-MO,MO,EL-MO-DEC-001,MOTEUR ASYNCHRONE [Puissance/kW] [Vitesse/tr/min] [Fixation] [Tension]
632954240,MOTOR 10HP/4P/380V,EL,EL-MO,MO,EL-MO-380-006,MOTEUR ASYNCHRONE [Puissance/kW] [Vitesse/tr/min] [Fixation] [Tension]
632954270,MOTOR 7.5HP/4P/380V,EL,EL-MO,MO,EL-MO-380-007,MOTEUR ASYNCHRONE [Puissance/kW] [Vitesse/tr/min] [Fixation] [Tension]
632954280,MOTOR 4HP/4P/380V,EL,EL-MO,MO,EL-MO-380-008,MOTEUR ASYNCHRONE [Puissance/kW] [Vitesse/tr/min] [Fixation] [Tension]
632954292,MOTOR 5HP/4P/380V,EL,EL-MO,MO,EL-MO-380-009,MOTEUR ASYNCHRONE [Puissance/kW] [Vitesse/tr/min] [Fixation] [Tension]
632954293,"22KW 380VAC 1500RPM 180LMOTOR 50HZ, BASE MOUNTED, IP55 FOR SULZER-2 BOILER",EL,EL-MO,MO,EL-MO-220-004,MOTEUR ASYNCHRONE [Puissance/kW] [Vitesse/tr/min] [Fixation] [Tension]
632954294,"18.5KW 380VAC 180M-MOTOR 4POLE 50HZ, BASE MOUNT, IP55,1500RPM FOR SULZER-1 BOILER",EL,EL-MO,MO,EL-MO-185-001,MOTEUR ASYNCHRONE [Puissance/kW] [Vitesse/tr/min] [Fixation] [Tension]
632954317,MOTOR 3HP/4P/380V,EL,EL-MO,MO,EL-MO-380-010,MOTEUR ASYNCHRONE [Puissance/kW] [Vitesse/tr/min] [Fixation] [Tension]
632954323,MOTOR 2HP/4P/380V,EL,EL-MO,MO,EL-MO-380-011,MOTEUR ASYNCHRONE [Puissance/kW] [Vitesse/tr/min] [Fixation] [Tension]
632954329,MOTOR 1.5HP/4P/380V,EL,EL-MO,MO,EL-MO-380-012,MOTEUR ASYNCHRONE [Puissance/kW] [Vitesse/tr/min] [Fixation] [Tension]
632954339,MOTOR 1HP/4P/380V,EL,EL-MO,MO,EL-MO-380-013,MOTEUR ASYNCHRONE [Puissance/kW] [Vitesse/tr/min] [Fixation] [Tension]
632954353,MOTOR 0.33HP/4P/380V,EL,EL-MO,MO,EL-MO-380-014,MOTEUR ASYNCHRONE [Puissance/kW] [Vitesse/tr/min] [Fixation] [Tension]
632954396,MOTOR 4HP/2P/380V,EL,EL-MO,MO,EL-MO-380-015,MOTEUR ASYNCHRONE [Puissance/kW] [Vitesse/tr/min] [Fixation] [Tension]
632954397,FLAMEPROOF MOTOR 1.5 HP 380V 1440RPM FLANGE MOUNTED FOR SUMAMOSE PLANT,EL,EL-MO,MO,EL-MO-380-016,MOTEUR ASYNCHRONE [Puissance/kW] [Vitesse/tr/min] [Fixation] [Tension]
632954398,34HP/25KW 750RPM FRAME:ND230M FOOT MOUNTED 380V 56AMPS FOR SOAP PLANT DRIER,CS,CS-GC,GC,CS-GC-34H-001,
632954421,MOTOR 2HP/2P/380V,EL,EL-MO,MO,EL-MO-380-017,MOTEUR ASYNCHRONE [Puissance/kW] [Vitesse/tr/min] [Fixation] [Tension]
632954424,MOTOR 1.5HP/2P/380V,EL,EL-MO,MO,EL-MO-380-018,MOTEUR ASYNCHRONE [Puissance/kW] [Vitesse/tr/min] [Fixation] [Tension]
632954428,MOTOR 1HP/2P/380V,EL,EL-MO,MO,EL-MO-380-019,MOTEUR ASYNCHRONE [Puissance/kW] [Vitesse/tr/min] [Fixation] [Tension]
632954437,MOTOR 0.33HP/2P/380V,EL,EL-MO,MO,EL-MO-380-020,MOTEUR ASYNCHRONE [Puissance/kW] [Vitesse/tr/min] [Fixation] [Tension]
632954472,MOTOR 7.5HP/6P/380V,EL,EL-MO,MO,EL-MO-380-021,MOTEUR ASYNCHRONE [Puissance/kW] [Vitesse/tr/min] [Fixation] [Tension]
632954474,MOTOR 5HP/6P/380V,EL,EL-MO,MO,EL-MO-380-022,MOTEUR ASYNCHRONE [Puissance/kW] [Vitesse/tr/min] [Fixation] [Tension]
632954480,MOTOR 1HP/6P/380V,EL,EL-MO,MO,EL-MO-380-023,MOTEUR ASYNCHRONE [Puissance/kW] [Vitesse/tr/min] [Fixation] [Tension]
632954485,MOTOR 7.5HP/6B5P/380V,EL,EL-MO,MO,EL-MO-380-024,MOTEUR ASYNCHRONE [Puissance/kW] [Vitesse/tr/min] [Fixation] [Tension]
632954498,MOTOR 2HP/8P/380V,EL,EL-MO,MO,EL-MO-380-025,MOTEUR ASYNCHRONE [Puissance/kW] [Vitesse/tr/min] [Fixation] [Tension]
632954499,"INDUCTION MOTOR 31K15A-CW2L 15W, 220V,50/60Hz,0,190/0,160A 1200/1450TR/MIN 1,0MF 450V",EL,EL-MO,MO,EL-MO-001-003,MOTEUR ASYNCHRONE [Puissance/kW] [Vitesse/tr/min] [Fixation] [Tension]
632954508,MOTOR 7.5HP/4V1P/380V,EL,EL-MO,MO,EL-MO-380-026,MOTEUR ASYNCHRONE [Puissance/kW] [Vitesse/tr/min] [Fixation] [Tension]
632954525,MOTOR 0.75HP/4V1P/380V,EL,EL-MO,MO,EL-MO-380-027,MOTEUR ASYNCHRONE [Puissance/kW] [Vitesse/tr/min] [Fixation] [Tension]
632954536,MOTOR 10HP/4V1P/380V,EL,EL-MO,MO,EL-MO-380-028,MOTEUR ASYNCHRONE [Puissance/kW] [Vitesse/tr/min] [Fixation] [Tension]
632955973,MOTOR 3HP/2P/380V,EL,EL-MO,MO,EL-MO-380-029,MOTEUR ASYNCHRONE [Puissance/kW] [Vitesse/tr/min] [Fixation] [Tension]
632997218,MOTOR 40HP/4P/380V,EL,EL-MO,MO,EL-MO-380-030,MOTEUR ASYNCHRONE [Puissance/kW] [Vitesse/tr/min] [Fixation] [Tension]
632997235,MOTOR 25HP/4P/380V,EL,EL-MO,MO,EL-MO-380-031,MOTEUR ASYNCHRONE [Puissance/kW] [Vitesse/tr/min] [Fixation] [Tension]
632997249,MOTOR 20HP/4P/380V,EL,EL-MO,MO,EL-MO-380-032,MOTEUR ASYNCHRONE [Puissance/kW] [Vitesse/tr/min] [Fixation] [Tension]
632997278,MOTOR 50HP/2P/380V,EL,EL-MO,MO,EL-MO-380-033,MOTEUR ASYNCHRONE [Puissance/kW] [Vitesse/tr/min] [Fixation] [Tension]
632997281,MOTOR 40HP/2P/380V,EL,EL-MO,MO,EL-MO-380-034,MOTEUR ASYNCHRONE [Puissance/kW] [Vitesse/tr/min] [Fixation] [Tension]
632997287,MOTOR 30HP/2P/380V,EL,EL-MO,MO,EL-MO-380-035,MOTEUR ASYNCHRONE [Puissance/kW] [Vitesse/tr/min] [Fixation] [Tension]
632997305,MOTOR 16HP/6P/380V,EL,EL-MO,MO,EL-MO-380-036,MOTEUR ASYNCHRONE [Puissance/kW] [Vitesse/tr/min] [Fixation] [Tension]
632997315,MOTOR 7.5HP/8P/380V,EL,EL-MO,MO,EL-MO-380-037,MOTEUR ASYNCHRONE [Puissance/kW] [Vitesse/tr/min] [Fixation] [Tension]
632997333,MOTOR 15HP/V1/4P/380V,EL,EL-MO,MO,EL-MO-380-038,MOTEUR ASYNCHRONE [Puissance/kW] [Vitesse/tr/min] [Fixation] [Tension]
641631066,BOUTON POUSSOIR AVECVOYANT VER,SE,SE-SI,SI,SE-SI-BOU-001,SIGNALISATION [Type: VOYANT] [Couleur] [Tension V][ Forme]
641631067,BOUTON POUSSOIR AVECVOYANT ROU,SE,SE-SI,SI,SE-SI-BOU-002,SIGNALISATION [Type: VOYANT] [Couleur] [Tension V][ Forme]
641631068,BOUTON POUSSOIR AVECVOYANT CLA,SE,SE-SI,SI,SE-SI-BOU-003,SIGNALISATION [Type: VOYANT] [Couleur] [Tension V][ Forme]
641631069,BOUTON POUSSOIR AVECVOYANT JAU,SE,SE-SI,SI,SE-SI-BOU-004,SIGNALISATION [Type: VOYANT] [Couleur] [Tension V][ Forme]
641631250,CONTACTOR 250A WITH COILAND AD,EL,EL-CO,CO,EL-CO-CON-014,CONTACTEUR [Intensité/A] BOBINE [Tension/V] [Nbr Contacts NO/NF]
641633112,POWER CONTACTORS3TF35220AM0 38,EL,EL-CO,CO,EL-CO-POW-001,CONTACTEUR [Intensité/A] BOBINE [Tension/V] [Nbr Contacts NO/NF]
641633115,SONDE A RESISTANCER.T.D 3 WIRE,EL,EL-CA,CA,EL-CA-SON-001,CABLE [Type] [Nbr Conducteurs]X[Section/mm²] [Matière/Blindage]
643610004,CURRENT TRANSFORMER100/5,EL,EL-DI,DI,EL-DI-100-001,"DISJONCTEUR [Type: [VIDE,BAIN D'HUILE,GAZ,MOTEUR,MANETTE]  [Calibre/A] [Tension/Volt][Nbr Pôles] [Fabricant]"
643610008,CURRENT TRANSFORMER200/5,EL,EL-DI,DI,EL-DI-200-001,"DISJONCTEUR [Type: [VIDE,BAIN D'HUILE,GAZ,MOTEUR,MANETTE]  [Calibre/A] [Tension/Volt][Nbr Pôles] [Fabricant]"
643610010,CURRENT TRANSFORMER300/5,EL,EL-DI,DI,EL-DI-300-001,"DISJONCTEUR [Type: [VIDE,BAIN D'HUILE,GAZ,MOTEUR,MANETTE]  [Calibre/A] [Tension/Volt][Nbr Pôles] [Fabricant]"
643610019,CURRENT TRANSFORMER800/5,EL,EL-DI,DI,EL-DI-800-001,"DISJONCTEUR [Type: [VIDE,BAIN D'HUILE,GAZ,MOTEUR,MANETTE]  [Calibre/A] [Tension/Volt][Nbr Pôles] [Fabricant]"
643610020,CURRENT TRANSFORMER600/5,EL,EL-DI,DI,EL-DI-600-001,"DISJONCTEUR [Type: [VIDE,BAIN D'HUILE,GAZ,MOTEUR,MANETTE]  [Calibre/A] [Tension/Volt][Nbr Pôles] [Fabricant]"
643610049,CURRENT TRANSFORMER400/5,EL,EL-DI,DI,EL-DI-400-001,"DISJONCTEUR [Type: [VIDE,BAIN D'HUILE,GAZ,MOTEUR,MANETTE]  [Calibre/A] [Tension/Volt][Nbr Pôles] [Fabricant]"
643610050,CURRENT TRANSFORMER250/5,EL,EL-DI,DI,EL-DI-250-001,"DISJONCTEUR [Type: [VIDE,BAIN D'HUILE,GAZ,MOTEUR,MANETTE]  [Calibre/A] [Tension/Volt][Nbr Pôles] [Fabricant]"
643610051,CURRENT TRANSFORMER1000/5,EL,EL-DI,DI,EL-DI-CUR-003,"DISJONCTEUR [Type: [VIDE,BAIN D'HUILE,GAZ,MOTEUR,MANETTE]  [Calibre/A] [Tension/Volt][Nbr Pôles] [Fabricant]"
643610052,CURRENT TRANSFORMER2000/5,EL,EL-DI,DI,EL-DI-CUR-004,"DISJONCTEUR [Type: [VIDE,BAIN D'HUILE,GAZ,MOTEUR,MANETTE]  [Calibre/A] [Tension/Volt][Nbr Pôles] [Fabricant]"
643610514,ELEMENT FILTRE,HY,HY-FI,FI,HY-FI-ELE-003,FILTRE HYDRAULIQUE [Type: RETOUR/ASP] [Seuil/µm] [Raccordement/Débit]
643610516,CONTOUCHE FILTRE  COTON,HY,HY-FI,FI,HY-FI-CON-001,FILTRE HYDRAULIQUE [Type: RETOUR/ASP] [Seuil/µm] [Raccordement/Débit]
643610518,CONTOUCHE FILTRE GRARILE,HY,HY-FI,FI,HY-FI-CON-002,FILTRE HYDRAULIQUE [Type: RETOUR/ASP] [Seuil/µm] [Raccordement/Débit]
644104101,ORGANIC WELDING HOLDERWITH NOZ,CS,CS-SC,SC,CS-SC-ORG-001,
644104170,CONTACTEUR 11DILM,EL,EL-CO,CO,EL-CO-CON-015,CONTACTEUR [Intensité/A] BOBINE [Tension/V] [Nbr Contacts NO/NF]
644106021,"STABILISATEUR DE 5000W INPUT:220V,50Hz OUTPUT220V 50Hz",EE,EE-CA,CA,EE-CA-STA-001,CARTE ELECTRONIQUE [Fonction/Usage] [Réf Modèle] [Constructeur]
644106031,MAIN CONTACTOR 3TY74630AMO,EL,EL-CO,CO,EL-CO-MAI-002,CONTACTEUR [Intensité/A] BOBINE [Tension/V] [Nbr Contacts NO/NF]
644106058,AC ANALOG VOLTMETER0-25/20000/,EE,EE-CA,CA,EE-CA-025-001,CARTE ELECTRONIQUE [Fonction/Usage] [Réf Modèle] [Constructeur]
644106068,CONTACTOR 75KW 3RT1055 WITH 3POLE,EL,EL-CO,CO,EL-CO-003-001,CONTACTEUR [Intensité/A] BOBINE [Tension/V] [Nbr Contacts NO/NF]
644106069,CONTACTOR 55 KW 3RT54-6LA06  3POLE,EL,EL-CO,CO,EL-CO-003-002,CONTACTEUR [Intensité/A] BOBINE [Tension/V] [Nbr Contacts NO/NF]
644106070,CONTACTOR 3RT1955-5AP,EL,EL-CO,CO,EL-CO-CON-016,CONTACTEUR [Intensité/A] BOBINE [Tension/V] [Nbr Contacts NO/NF]
644106071,CONTACTOR 45 KW 230 V 3RT1046-1AP00,EL,EL-CO,CO,EL-CO-CON-017,CONTACTEUR [Intensité/A] BOBINE [Tension/V] [Nbr Contacts NO/NF]
644106072,CONTACTOR 30KW 3RT1044-1AP00,EL,EL-CO,CO,EL-CO-CON-018,CONTACTEUR [Intensité/A] BOBINE [Tension/V] [Nbr Contacts NO/NF]
644106073,CONTACTOR 22 KW 3RT1036-1AP00,EL,EL-CO,CO,EL-CO-CON-019,CONTACTEUR [Intensité/A] BOBINE [Tension/V] [Nbr Contacts NO/NF]
644106074,CONTACTOR 15 KW 3RT1034-AP00,EL,EL-CO,CO,EL-CO-CON-020,CONTACTEUR [Intensité/A] BOBINE [Tension/V] [Nbr Contacts NO/NF]
644106076,CONTACTOR 4KW LC1D09 220VAC SCHNEIDER LC1D09M7C 220V COIL,EL,EL-CO,CO,EL-CO-CON-021,CONTACTEUR [Intensité/A] BOBINE [Tension/V] [Nbr Contacts NO/NF]
644106202,CONTACTEUR AUXILLIAIRE22 DI,EL,EL-CO,CO,EL-CO-CON-022,CONTACTEUR [Intensité/A] BOBINE [Tension/V] [Nbr Contacts NO/NF]
644107001,PRESSOSTAT 1B,IN,IN-CP,CP,IN-CP-PRE-011,CAPTEUR PRESSION [Plage/Bars] [Signal: 4-20mA/TOR] [Raccordement]
644108015,"""DISJONCTEURS MOTEURS1-1, 6A",EL,EL-DI,DI,EL-DI-DIS-015,"DISJONCTEUR [Type: [VIDE,BAIN D'HUILE,GAZ,MOTEUR,MANETTE]  [Calibre/A] [Tension/Volt][Nbr Pôles] [Fabricant]"
644108024,DISJONCTEURS MOTEURS 2.5-4A EN ENCOFFERT,EL,EL-DI,DI,EL-DI-DIS-016,"DISJONCTEUR [Type: [VIDE,BAIN D'HUILE,GAZ,MOTEUR,MANETTE]  [Calibre/A] [Tension/Volt][Nbr Pôles] [Fabricant]"
644108046,DISJONCTEUR PKZM 1-20A,EL,EL-DI,DI,EL-DI-DIS-017,"DISJONCTEUR [Type: [VIDE,BAIN D'HUILE,GAZ,MOTEUR,MANETTE]  [Calibre/A] [Tension/Volt][Nbr Pôles] [Fabricant]"
644109005,DISJONCTEUR GV3 25-40A,EL,EL-DI,DI,EL-DI-DIS-018,"DISJONCTEUR [Type: [VIDE,BAIN D'HUILE,GAZ,MOTEUR,MANETTE]  [Calibre/A] [Tension/Volt][Nbr Pôles] [Fabricant]"
644109006,DISJONCTEUR MOTEUR4 - 6A,EL,EL-DI,DI,EL-DI-DIS-019,"DISJONCTEUR [Type: [VIDE,BAIN D'HUILE,GAZ,MOTEUR,MANETTE]  [Calibre/A] [Tension/Volt][Nbr Pôles] [Fabricant]"
644109008,DISJONCTEUR G2 C6,EL,EL-DI,DI,EL-DI-DIS-020,"DISJONCTEUR [Type: [VIDE,BAIN D'HUILE,GAZ,MOTEUR,MANETTE]  [Calibre/A] [Tension/Volt][Nbr Pôles] [Fabricant]"
644109009,DISJONCTEUR MOTEUR9  -  14A,EL,EL-DI,DI,EL-DI-DIS-021,"DISJONCTEUR [Type: [VIDE,BAIN D'HUILE,GAZ,MOTEUR,MANETTE]  [Calibre/A] [Tension/Volt][Nbr Pôles] [Fabricant]"
644109010,DISJONCTEUR G2 C16,EL,EL-DI,DI,EL-DI-DIS-022,"DISJONCTEUR [Type: [VIDE,BAIN D'HUILE,GAZ,MOTEUR,MANETTE]  [Calibre/A] [Tension/Volt][Nbr Pôles] [Fabricant]"
644109011,DISJONCTEUR G2 C2,EL,EL-DI,DI,EL-DI-DIS-023,"DISJONCTEUR [Type: [VIDE,BAIN D'HUILE,GAZ,MOTEUR,MANETTE]  [Calibre/A] [Tension/Volt][Nbr Pôles] [Fabricant]"
644109013,DISJONCTEUR G2 C10,EL,EL-DI,DI,EL-DI-DIS-024,"DISJONCTEUR [Type: [VIDE,BAIN D'HUILE,GAZ,MOTEUR,MANETTE]  [Calibre/A] [Tension/Volt][Nbr Pôles] [Fabricant]"
644109126,"""DISJONCTEUR COMPLETE4,5 - 6AM",EL,EL-DI,DI,EL-DI-DIS-025,"DISJONCTEUR [Type: [VIDE,BAIN D'HUILE,GAZ,MOTEUR,MANETTE]  [Calibre/A] [Tension/Volt][Nbr Pôles] [Fabricant]"
644109130,DISJONCTEUR COMPLETE6-10A,EL,EL-DI,DI,EL-DI-DIS-026,"DISJONCTEUR [Type: [VIDE,BAIN D'HUILE,GAZ,MOTEUR,MANETTE]  [Calibre/A] [Tension/Volt][Nbr Pôles] [Fabricant]"
644109139,DISJONCTEUR COMPLET13 -18AMPS,EL,EL-DI,DI,EL-DI-DIS-027,"DISJONCTEUR [Type: [VIDE,BAIN D'HUILE,GAZ,MOTEUR,MANETTE]  [Calibre/A] [Tension/Volt][Nbr Pôles] [Fabricant]"
644109477,DISJONCTEUR COMPLET20-25 AMPS,EL,EL-DI,DI,EL-DI-DIS-028,"DISJONCTEUR [Type: [VIDE,BAIN D'HUILE,GAZ,MOTEUR,MANETTE]  [Calibre/A] [Tension/Volt][Nbr Pôles] [Fabricant]"
644110091,HOT AIR BLOWERGUN 220VAC 1500W / PORTABLE WITH TEMP CONTROL / FOR ELEC CABLE TERMINATIONS,EL,EL-CA,CA,EL-CA-HOT-001,CABLE [Type] [Nbr Conducteurs]X[Section/mm²] [Matière/Blindage]
644111753,CONTACTEUR DIL 0AM 220V,EL,EL-CO,CO,EL-CO-CON-023,CONTACTEUR [Intensité/A] BOBINE [Tension/V] [Nbr Contacts NO/NF]
644111914,BOBINE DE RECHANGE(SPARE COIL),CS,CS-GC,GC,CS-GC-BOB-001,
644112004,CONTACTEUR 3P 4KWLC1D0910 M7 2,EL,EL-CO,CO,EL-CO-CON-024,CONTACTEUR [Intensité/A] BOBINE [Tension/V] [Nbr Contacts NO/NF]
644112012,RELAIS TERMIQUE LR212- 18A,EL,EL-RE,RE,EL-RE-REL-033,RELAIS [Type: EMBROCHABLE/STAT] BOBINE [Tension/V] [Nbr Contacts]
644112013,contacteur de 11kwlc1d25f7,EL,EL-CO,CO,EL-CO-CON-025,CONTACTEUR [Intensité/A] BOBINE [Tension/V] [Nbr Contacts NO/NF]
644112014,CONTACTEUR TRIPOLAIREREF LC1-D,EL,EL-CO,CO,EL-CO-CON-026,CONTACTEUR [Intensité/A] BOBINE [Tension/V] [Nbr Contacts NO/NF]
644112016,CONTACTEUR TRIPOLAIREREF 250A,EL,EL-CO,CO,EL-CO-250-001,CONTACTEUR [Intensité/A] BOBINE [Tension/V] [Nbr Contacts NO/NF]
644112037,CONTACTEUR 3P 37KWLC1D8011  M7,EL,EL-CO,CO,EL-CO-CON-027,CONTACTEUR [Intensité/A] BOBINE [Tension/V] [Nbr Contacts NO/NF]
644112050,RELAIS TERMIQUE LR237 - 50A,EL,EL-RE,RE,EL-RE-REL-034,RELAIS [Type: EMBROCHABLE/STAT] BOBINE [Tension/V] [Nbr Contacts]
644112055,CONTACTEUR 3P 5.5KW 220V,EL,EL-CO,CO,EL-CO-CON-028,CONTACTEUR [Intensité/A] BOBINE [Tension/V] [Nbr Contacts NO/NF]
644112075,CONTACTEUR 3P 7.5KW DIL00BN 22,EL,EL-CO,CO,EL-CO-CON-029,CONTACTEUR [Intensité/A] BOBINE [Tension/V] [Nbr Contacts NO/NF]
644112113,RELAIS INTERFACE 220V AC 5A OM OMRON MY2N-G 250V AC,EL,EL-RE,RE,EL-RE-REL-035,RELAIS [Type: EMBROCHABLE/STAT] BOBINE [Tension/V] [Nbr Contacts]
644112120,Protection relay XJ3-G AC 400V,EL,EL-RE,RE,EL-RE-PRO-002,RELAIS [Type: EMBROCHABLE/STAT] BOBINE [Tension/V] [Nbr Contacts]
644112185,CONTACTEUR 3P 18.5KWLC1D4011 M,EL,EL-CO,CO,EL-CO-CON-030,CONTACTEUR [Intensité/A] BOBINE [Tension/V] [Nbr Contacts NO/NF]
644112279,BLOC DE CONTACTS AUXILIA-IRES,EL,EL-CA,CA,EL-CA-BLO-001,CABLE [Type] [Nbr Conducteurs]X[Section/mm²] [Matière/Blindage]
644112413,RELAIS THERMIQUE 3UA5000-1G,EL,EL-RE,RE,EL-RE-REL-036,RELAIS [Type: EMBROCHABLE/STAT] BOBINE [Tension/V] [Nbr Contacts]
644112414,RELAIS THERMIQUE 3UA5000-0K,EL,EL-RE,RE,EL-RE-REL-037,RELAIS [Type: EMBROCHABLE/STAT] BOBINE [Tension/V] [Nbr Contacts]
644112415,RELAIS THERMIQUE 3UA5000-1A,EL,EL-RE,RE,EL-RE-REL-038,RELAIS [Type: EMBROCHABLE/STAT] BOBINE [Tension/V] [Nbr Contacts]
644112417,RELAIS THERMIQUE 3UA5000-1D,EL,EL-RE,RE,EL-RE-REL-039,RELAIS [Type: EMBROCHABLE/STAT] BOBINE [Tension/V] [Nbr Contacts]
644112418,RELAIS THERMIQUE 3UA5000-1E,EL,EL-RE,RE,EL-RE-REL-040,RELAIS [Type: EMBROCHABLE/STAT] BOBINE [Tension/V] [Nbr Contacts]
644112419,SCHNEIDER OLR LRD325 20-25AMP DIFFER THERMAL LOAD RELAY RELAY WITH NO+NC,EL,EL-RE,RE,EL-RE-SCH-001,RELAIS [Type: EMBROCHABLE/STAT] BOBINE [Tension/V] [Nbr Contacts]
644112420,SCHNEIDER OLR LRD21 10-18AMP DIFFER THERMAL LOAD RELAY RELAY WITH NO+NC,EL,EL-RE,RE,EL-RE-SCH-002,RELAIS [Type: EMBROCHABLE/STAT] BOBINE [Tension/V] [Nbr Contacts]
644112421,SCHNEIDER OLR LRD16 9-13AMP DIFFER THERMAL LOAD RELAY RELAY WITH NO+NC,EL,EL-RE,RE,EL-RE-SCH-003,RELAIS [Type: EMBROCHABLE/STAT] BOBINE [Tension/V] [Nbr Contacts]
644112422,SCHNEIDER OLR LRD14 7-10AMP DIFFER THERMAL LOAD RELAY RELAY WITH NO+NC,EL,EL-RE,RE,EL-RE-SCH-004,RELAIS [Type: EMBROCHABLE/STAT] BOBINE [Tension/V] [Nbr Contacts]
644112425,RELAIS THERMIQUE 3UA5000-1K,EL,EL-RE,RE,EL-RE-REL-041,RELAIS [Type: EMBROCHABLE/STAT] BOBINE [Tension/V] [Nbr Contacts]
644112428,MPCB (80-100A) / 3RV1041-4MA10 MOTOR PROTECTION CIRCUIT BREA KER MAKE = SIEMENS CLASS 10ADJ,EL,EL-MO,MO,EL-MO-MPC-001,MOTEUR ASYNCHRONE [Puissance/kW] [Vitesse/tr/min] [Fixation] [Tension]
644112429,MPCB (57-75A) / 3RV1041-4LA10 MOTOR PROTECTION CIRCUIT BREA KER MAKE = SIEMENS CLASS 10ADJ,EL,EL-MO,MO,EL-MO-MPC-002,MOTEUR ASYNCHRONE [Puissance/kW] [Vitesse/tr/min] [Fixation] [Tension]
644112430,MPCB (70-90A) / 3RV1041-4MA10 MOTOR PROTECTION CIRCUIT BREA KER MAKE = SIEMENS CLASS 10ADJ,EL,EL-MO,MO,EL-MO-MPC-003,MOTEUR ASYNCHRONE [Puissance/kW] [Vitesse/tr/min] [Fixation] [Tension]
644112431,MPCB (45-63A) / 3RV1041-4JA10 MOTOR PROTECTION CIRCUIT BREA KER MAKE = SIEMENS CLASS 10ADJ,EL,EL-MO,MO,EL-MO-MPC-004,MOTEUR ASYNCHRONE [Puissance/kW] [Vitesse/tr/min] [Fixation] [Tension]
644112433,MPCB (36-45A) / 3RV1041-4GA10 MOTOR PROTECTION CIRCUIT BREA KER MAKE = SIEMENS CLASS 10ADJ,EL,EL-MO,MO,EL-MO-MPC-005,MOTEUR ASYNCHRONE [Puissance/kW] [Vitesse/tr/min] [Fixation] [Tension]
644112451,RELAIS THERMIQUE 3UA5800-2FZ1,EL,EL-RE,RE,EL-RE-REL-042,RELAIS [Type: EMBROCHABLE/STAT] BOBINE [Tension/V] [Nbr Contacts]
644112457,"RELAIS TEMPORISE AU TRAVAIL 220V, 50 HZ, 0.05S-300h",EL,EL-RE,RE,EL-RE-REL-043,RELAIS [Type: EMBROCHABLE/STAT] BOBINE [Tension/V] [Nbr Contacts]
644112458,"RELAIS TEMPORISE AU REPOS 220V, 50 HZ, 0.05S-300h",EL,EL-RE,RE,EL-RE-REL-044,RELAIS [Type: EMBROCHABLE/STAT] BOBINE [Tension/V] [Nbr Contacts]
644112459,MPCB 3.5-5A/3RV1011-AFA10 MOTOR PROTECTION CIRCUIT BREAKER MAKE =SEIMENS CLASS 10,EL,EL-DI,DI,EL-DI-MPC-001,"DISJONCTEUR [Type: [VIDE,BAIN D'HUILE,GAZ,MOTEUR,MANETTE]  [Calibre/A] [Tension/Volt][Nbr Pôles] [Fabricant]"
644112460,MPCB 4.5-6.3A/3RV1011-AGA10 MOTOR PROTECTION CIRCUIT BREAKER MAKE =SEIMENS CLASS 10,EL,EL-DI,DI,EL-DI-MPC-002,"DISJONCTEUR [Type: [VIDE,BAIN D'HUILE,GAZ,MOTEUR,MANETTE]  [Calibre/A] [Tension/Volt][Nbr Pôles] [Fabricant]"
644112462,MPCB 7-10A/3RV1011-1JA10 MOTOR PROTECTION CIRCUIT BREAKER MAKE =SEIMENS CLASS 10,EL,EL-DI,DI,EL-DI-MPC-003,"DISJONCTEUR [Type: [VIDE,BAIN D'HUILE,GAZ,MOTEUR,MANETTE]  [Calibre/A] [Tension/Volt][Nbr Pôles] [Fabricant]"
644112463,MPCB 9-12A/3RV1011-1KA10 MOTOR PROTECTION CIRCUIT BREAKER MAKE =SEIMENS CLASS 10,EL,EL-DI,DI,EL-DI-MPC-004,"DISJONCTEUR [Type: [VIDE,BAIN D'HUILE,GAZ,MOTEUR,MANETTE]  [Calibre/A] [Tension/Volt][Nbr Pôles] [Fabricant]"
644112464,MPCB 11-16A/3RV1041-4AA10 MOTOR PROTECTION CIRCUIT BREAKER MAKE =SEIMENS CLASS 10,EL,EL-DI,DI,EL-DI-MPC-005,"DISJONCTEUR [Type: [VIDE,BAIN D'HUILE,GAZ,MOTEUR,MANETTE]  [Calibre/A] [Tension/Volt][Nbr Pôles] [Fabricant]"
644112465,MPCB 14-20A/3RV1041-4BA10 MOTOR PROTECTION CIRCUIT BREAKER MAKE =SEIMENS CLASS 10,EL,EL-DI,DI,EL-DI-MPC-006,"DISJONCTEUR [Type: [VIDE,BAIN D'HUILE,GAZ,MOTEUR,MANETTE]  [Calibre/A] [Tension/Volt][Nbr Pôles] [Fabricant]"
644112466,MPCB 17-22A/3RV1041-4CA10 MOTOR PROTECTION CIRCUIT BREAKER MAKE =SEIMENS CLASS 10,EL,EL-DI,DI,EL-DI-MPC-007,"DISJONCTEUR [Type: [VIDE,BAIN D'HUILE,GAZ,MOTEUR,MANETTE]  [Calibre/A] [Tension/Volt][Nbr Pôles] [Fabricant]"
644112467,MPCB 20-25A/3RV1041-4DA10 MOTOR PROTECTION CIRCUIT BREAKER MAKE =SEIMENS CLASS 10,EL,EL-DI,DI,EL-DI-MPC-008,"DISJONCTEUR [Type: [VIDE,BAIN D'HUILE,GAZ,MOTEUR,MANETTE]  [Calibre/A] [Tension/Volt][Nbr Pôles] [Fabricant]"
644112468,MPCB 22-32A/3RV1041-4EA10 MOTOR PROTECTION CIRCUIT BREAKER MAKE =SEIMENS CLASS 10,EL,EL-DI,DI,EL-DI-MPC-009,"DISJONCTEUR [Type: [VIDE,BAIN D'HUILE,GAZ,MOTEUR,MANETTE]  [Calibre/A] [Tension/Volt][Nbr Pôles] [Fabricant]"
644112469,MPCB 28-40A/3RV1041-4FA10 MOTOR PROTECTION CIRCUIT BREAKER MAKE =SEIMENS CLASS 10,EL,EL-DI,DI,EL-DI-MPC-010,"DISJONCTEUR [Type: [VIDE,BAIN D'HUILE,GAZ,MOTEUR,MANETTE]  [Calibre/A] [Tension/Volt][Nbr Pôles] [Fabricant]"
644112500,CONTACTEUR LC1F500 P7500A 3P 2,EL,EL-CO,CO,EL-CO-CON-031,CONTACTEUR [Intensité/A] BOBINE [Tension/V] [Nbr Contacts NO/NF]
644113500,CONTACTEUR 12A 115V1F+1O LC1D1,EL,EL-CO,CO,EL-CO-012-001,CONTACTEUR [Intensité/A] BOBINE [Tension/V] [Nbr Contacts NO/NF]
644113505,CONTACTEUR 18A 115V1F+1O LC1D1,EL,EL-CO,CO,EL-CO-018-002,CONTACTEUR [Intensité/A] BOBINE [Tension/V] [Nbr Contacts NO/NF]
644113506,CONTACTEUR 110VLC1D80  50/60HZ,EL,EL-CO,CO,EL-CO-050-001,CONTACTEUR [Intensité/A] BOBINE [Tension/V] [Nbr Contacts NO/NF]
644113524,CONTACTEUR MODEL K REF.LC1K060,EL,EL-CO,CO,EL-CO-CON-032,CONTACTEUR [Intensité/A] BOBINE [Tension/V] [Nbr Contacts NO/NF]
644113532,CONTACTEUR 32A 115V1F+1O LC1D3,EL,EL-CO,CO,EL-CO-032-002,CONTACTEUR [Intensité/A] BOBINE [Tension/V] [Nbr Contacts NO/NF]
644113550,CONTACTEURLC1D50 P7  50/60HZ,EL,EL-CO,CO,EL-CO-050-002,CONTACTEUR [Intensité/A] BOBINE [Tension/V] [Nbr Contacts NO/NF]
644207002,SELECTOR SWITCH(3 position),EE,EE-CP,CP,EE-CP-SEL-003,CAPTEUR [Type: PROXIMITE/PHOTO] [Signal: PNP/NPN/TOR] [Raccordement]
647613220,RELAIS THERMIQUE LR-9F5371 TH,EL,EL-RE,RE,EL-RE-REL-045,RELAIS [Type: EMBROCHABLE/STAT] BOBINE [Tension/V] [Nbr Contacts]
654960066,"ELEC COFFIE / DB  3R*13WAY DB WITH DOOR, WALL MOUNTED PLASTIC ENCLOSURE IP45",ME,ME-VI,VI,ME-VI-ELE-001,VIS [Type: CHC/TH/FHC] M [Diamètre]X[Longueur]en mm [Matiere:Acier/Inox]
654966160,DISJONCTEUR MCCB 3POLE160A AVE,EL,EL-DI,DI,EL-DI-DIS-029,"DISJONCTEUR [Type: [VIDE,BAIN D'HUILE,GAZ,MOTEUR,MANETTE]  [Calibre/A] [Tension/Volt][Nbr Pôles] [Fabricant]"
654966200,DISJONCTEUR MCCB 3POLE200A AVE,EL,EL-DI,DI,EL-DI-DIS-030,"DISJONCTEUR [Type: [VIDE,BAIN D'HUILE,GAZ,MOTEUR,MANETTE]  [Calibre/A] [Tension/Volt][Nbr Pôles] [Fabricant]"
654966400,DISJONCTEUR MCCB 3POLE400A AVE,EL,EL-DI,DI,EL-DI-DIS-031,"DISJONCTEUR [Type: [VIDE,BAIN D'HUILE,GAZ,MOTEUR,MANETTE]  [Calibre/A] [Tension/Volt][Nbr Pôles] [Fabricant]"
658101006,FUSIBLE DZ 10 A,EL,EL-FU,FU,EL-FU-FUS-011,FUSIBLE [Type: AM/GG/UR] [Taille] [Calibre/A] [Tension]
658302125,FUSIBLE 125 AMP HPC,EL,EL-FU,FU,EL-FU-FUS-012,FUSIBLE [Type: AM/GG/UR] [Taille] [Calibre/A] [Tension]
658302533,FUSIBLE 80 AMP HPC,EL,EL-FU,FU,EL-FU-FUS-013,FUSIBLE [Type: AM/GG/UR] [Taille] [Calibre/A] [Tension]
658302534,FUSIBLE 100 AMP HPC,EL,EL-FU,FU,EL-FU-FUS-014,FUSIBLE [Type: AM/GG/UR] [Taille] [Calibre/A] [Tension]
658303500,SEMI-CONDUCTOR FUSE LINKFOR 50,EL,EL-FU,FU,EL-FU-SEM-001,FUSIBLE [Type: AM/GG/UR] [Taille] [Calibre/A] [Tension]
658401001,FUSIBLE CYLINDRIQUE 1AGL 10*38,EL,EL-FU,FU,EL-FU-010-001,FUSIBLE [Type: AM/GG/UR] [Taille] [Calibre/A] [Tension]
658401006,FUSIBLE CYLINDRIQUE 6AAM 10*38,EL,EL-FU,FU,EL-FU-010-002,FUSIBLE [Type: AM/GG/UR] [Taille] [Calibre/A] [Tension]
658401008,FUSIBLE CYLINDRIQUE 8AAM 10*38,EL,EL-FU,FU,EL-FU-010-003,FUSIBLE [Type: AM/GG/UR] [Taille] [Calibre/A] [Tension]
658901456,"GLASS FUSE 10AMPS Diameter : 5mm , Length : 20mm",EL,EL-FU,FU,EL-FU-005-003,FUSIBLE [Type: AM/GG/UR] [Taille] [Calibre/A] [Tension]
658901457,"GLASS FUSE 1AMP Diameter : 5mm , Length : 20mm",EL,EL-FU,FU,EL-FU-005-004,FUSIBLE [Type: AM/GG/UR] [Taille] [Calibre/A] [Tension]
658901459,GLASS FUSE 2AMPS,EL,EL-FU,FU,EL-FU-GLA-003,FUSIBLE [Type: AM/GG/UR] [Taille] [Calibre/A] [Tension]
658901460,GLASS FUSE 5AMPS,EL,EL-FU,FU,EL-FU-GLA-004,FUSIBLE [Type: AM/GG/UR] [Taille] [Calibre/A] [Tension]
658901461,"GLASS FUSE 3,5AMPS Diameter : 5mm , Length : 20mm",EL,EL-FU,FU,EL-FU-005-005,FUSIBLE [Type: AM/GG/UR] [Taille] [Calibre/A] [Tension]
659113585,FUSIBLE TIS 50A,EL,EL-FU,FU,EL-FU-FUS-015,FUSIBLE [Type: AM/GG/UR] [Taille] [Calibre/A] [Tension]
659181250,DISJONCTEUR MCCB 3POLE1250 AMP,EL,EL-DI,DI,EL-DI-DIS-032,"DISJONCTEUR [Type: [VIDE,BAIN D'HUILE,GAZ,MOTEUR,MANETTE]  [Calibre/A] [Tension/Volt][Nbr Pôles] [Fabricant]"
659181600,DISJONCTEUR MCCB 3POLE1600 AMP,EL,EL-DI,DI,EL-DI-DIS-033,"DISJONCTEUR [Type: [VIDE,BAIN D'HUILE,GAZ,MOTEUR,MANETTE]  [Calibre/A] [Tension/Volt][Nbr Pôles] [Fabricant]"
659189011,DISJONCTEUR AZ-3-C32,EL,EL-DI,DI,EL-DI-DIS-034,"DISJONCTEUR [Type: [VIDE,BAIN D'HUILE,GAZ,MOTEUR,MANETTE]  [Calibre/A] [Tension/Volt][Nbr Pôles] [Fabricant]"
659189080,DISJONCTEUR AZ-3-C80,EL,EL-DI,DI,EL-DI-DIS-035,"DISJONCTEUR [Type: [VIDE,BAIN D'HUILE,GAZ,MOTEUR,MANETTE]  [Calibre/A] [Tension/Volt][Nbr Pôles] [Fabricant]"
659189100,DISJONCTEUR MCCB 3POLE100 AMPS,EL,EL-DI,DI,EL-DI-DIS-036,"DISJONCTEUR [Type: [VIDE,BAIN D'HUILE,GAZ,MOTEUR,MANETTE]  [Calibre/A] [Tension/Volt][Nbr Pôles] [Fabricant]"
659189125,DISJONCTEUR MCCB 3POLE125A SIM,EL,EL-DI,DI,EL-DI-DIS-037,"DISJONCTEUR [Type: [VIDE,BAIN D'HUILE,GAZ,MOTEUR,MANETTE]  [Calibre/A] [Tension/Volt][Nbr Pôles] [Fabricant]"
659189471,DISJONCTEUR G I DE10A,EL,EL-DI,DI,EL-DI-DIS-038,"DISJONCTEUR [Type: [VIDE,BAIN D'HUILE,GAZ,MOTEUR,MANETTE]  [Calibre/A] [Tension/Volt][Nbr Pôles] [Fabricant]"
659189473,DISJONCTEUR G I DE16A,EL,EL-DI,DI,EL-DI-DIS-039,"DISJONCTEUR [Type: [VIDE,BAIN D'HUILE,GAZ,MOTEUR,MANETTE]  [Calibre/A] [Tension/Volt][Nbr Pôles] [Fabricant]"
659189475,DISJONCTEUR GI DE 20AMPS,EL,EL-DI,DI,EL-DI-DIS-040,"DISJONCTEUR [Type: [VIDE,BAIN D'HUILE,GAZ,MOTEUR,MANETTE]  [Calibre/A] [Tension/Volt][Nbr Pôles] [Fabricant]"
659189477,DISJONCTEUR G I DE25A,EL,EL-DI,DI,EL-DI-DIS-041,"DISJONCTEUR [Type: [VIDE,BAIN D'HUILE,GAZ,MOTEUR,MANETTE]  [Calibre/A] [Tension/Volt][Nbr Pôles] [Fabricant]"
659189630,DISJONCTEUR MCCB 3POLE630A SIM,EL,EL-DI,DI,EL-DI-DIS-042,"DISJONCTEUR [Type: [VIDE,BAIN D'HUILE,GAZ,MOTEUR,MANETTE]  [Calibre/A] [Tension/Volt][Nbr Pôles] [Fabricant]"
659189800,DISJONCTEUR MCCB 3POLE800A SIM,EL,EL-DI,DI,EL-DI-DIS-043,"DISJONCTEUR [Type: [VIDE,BAIN D'HUILE,GAZ,MOTEUR,MANETTE]  [Calibre/A] [Tension/Volt][Nbr Pôles] [Fabricant]"
659189802,"20KV HT RELAY WOODWARD SEG TYPE:MRI1I5E5D, IN:5A,UV16-270 FOR EARTHING & OVERLOAD TRIP",EL,EL-RE,RE,EL-RE-005-002,RELAIS [Type: EMBROCHABLE/STAT] BOBINE [Tension/V] [Nbr Contacts]
659190031,DISJONCTEUR G IV DE63A,EL,EL-DI,DI,EL-DI-DIS-044,"DISJONCTEUR [Type: [VIDE,BAIN D'HUILE,GAZ,MOTEUR,MANETTE]  [Calibre/A] [Tension/Volt][Nbr Pôles] [Fabricant]"
659190033,DISJONCTEUR GIV  80AOEZ LST 80,EL,EL-DI,DI,EL-DI-DIS-045,"DISJONCTEUR [Type: [VIDE,BAIN D'HUILE,GAZ,MOTEUR,MANETTE]  [Calibre/A] [Tension/Volt][Nbr Pôles] [Fabricant]"
659190038,DISJONCTEUR GIV  100AOEZ PN00,EL,EL-DI,DI,EL-DI-DIS-046,"DISJONCTEUR [Type: [VIDE,BAIN D'HUILE,GAZ,MOTEUR,MANETTE]  [Calibre/A] [Tension/Volt][Nbr Pôles] [Fabricant]"
659190046,SCHNIDR MCB 40A 4P A9N4P40C 4POLE MCB 15KA C URVE SCHNEIDER MAKE,EL,EL-DI,DI,EL-DI-SCH-001,"DISJONCTEUR [Type: [VIDE,BAIN D'HUILE,GAZ,MOTEUR,MANETTE]  [Calibre/A] [Tension/Volt][Nbr Pôles] [Fabricant]"
659190047,SCHNIDR MCB 16A 2-P A9N3P16C 2 POLE MCB 15KA C CURVE SCHNEIDER MAKE,EL,EL-DI,DI,EL-DI-SCH-002,"DISJONCTEUR [Type: [VIDE,BAIN D'HUILE,GAZ,MOTEUR,MANETTE]  [Calibre/A] [Tension/Volt][Nbr Pôles] [Fabricant]"
659190048,SCHNIDR MCB 32A 2-P A9N2P32C 2 POLE MCB 15KA C CURVE SCHNEIDER MAKE,EL,EL-DI,DI,EL-DI-SCH-003,"DISJONCTEUR [Type: [VIDE,BAIN D'HUILE,GAZ,MOTEUR,MANETTE]  [Calibre/A] [Tension/Volt][Nbr Pôles] [Fabricant]"
660120017,POMPE HYDROPHORE  3 HPH=55 MTR,HY,HY-PO,PO,HY-PO-003-004,POMPE HYDRAULIQUE [Type:volumetrique/Turbo pompe] [Cylindrée] [Pression Max][type de liquide]
662643115,E27 PORCELAIN LAMP HOLDER,SE,SE-EC,EC,SE-EC-E27-001,ECLAIRAGE [Type: LED/Halogènes] [Puissance/W] [Tension/V]
662643116,FIBRE GLASS COPPER CABLE1 CORE,EL,EL-CA,CA,EL-CA-FIB-001,CABLE [Type] [Nbr Conducteurs]X[Section/mm²] [Matière/Blindage]
662643120,CABLE ARMORED 4X185 SQMM SWA/XLPE/ PVC/CU LV(1 KV),EL,EL-CA,CA,EL-CA-004-001,CABLE [Type] [Nbr Conducteurs]X[Section/mm²] [Matière/Blindage]
662643516,CABLE ARMEE DE 4x1.5mm,EL,EL-CA,CA,EL-CA-004-002,CABLE [Type] [Nbr Conducteurs]X[Section/mm²] [Matière/Blindage]
662643522,CABLE ARMEE DE 4x2.5mm,EL,EL-CA,CA,EL-CA-004-003,CABLE [Type] [Nbr Conducteurs]X[Section/mm²] [Matière/Blindage]
662643528,CABLE ARMEE DE 4x4mm,EL,EL-CA,CA,EL-CA-004-004,CABLE [Type] [Nbr Conducteurs]X[Section/mm²] [Matière/Blindage]
662643612,CABLE ARMEE DE 4x6mm,EL,EL-CA,CA,EL-CA-004-005,CABLE [Type] [Nbr Conducteurs]X[Section/mm²] [Matière/Blindage]
662643614,CABLE ARMEE DE 4x10mm,EL,EL-CA,CA,EL-CA-004-006,CABLE [Type] [Nbr Conducteurs]X[Section/mm²] [Matière/Blindage]
662643616,CABLE ARMEE DE 4x16mm,EL,EL-CA,CA,EL-CA-004-007,CABLE [Type] [Nbr Conducteurs]X[Section/mm²] [Matière/Blindage]
662643618,CABLE ARMEE DE 4x25mm,EL,EL-CA,CA,EL-CA-004-008,CABLE [Type] [Nbr Conducteurs]X[Section/mm²] [Matière/Blindage]
662643619,"1C*400 SQMM ALUMINIUM CABLE ARMOURED, XLPE TYPE, 1.1 KV",EL,EL-CA,CA,EL-CA-SQM-001,CABLE [Type] [Nbr Conducteurs]X[Section/mm²] [Matière/Blindage]
662643621,CABLE ARMORED 4X120 SQMM SWA/XLPE/PVC/CU LV (1KV),EL,EL-CA,CA,EL-CA-004-009,CABLE [Type] [Nbr Conducteurs]X[Section/mm²] [Matière/Blindage]
662643622,CABLE ARMORED 1X400 SQMM SWA/XLPE/PVC/CU LV (1KV),EL,EL-CA,CA,EL-CA-001-002,CABLE [Type] [Nbr Conducteurs]X[Section/mm²] [Matière/Blindage]
662643623,CABLE ARMORED 4X240 SQMM SWA/XLPE/PVC/CU LV (1KV),EL,EL-CA,CA,EL-CA-004-010,CABLE [Type] [Nbr Conducteurs]X[Section/mm²] [Matière/Blindage]
662643636,CABLE ARMEE DE 4x50mm,EL,EL-CA,CA,EL-CA-004-011,CABLE [Type] [Nbr Conducteurs]X[Section/mm²] [Matière/Blindage]
662643637,CABLE ARMEE DE 4x35mm EN CUIVR,EL,EL-CA,CA,EL-CA-004-012,CABLE [Type] [Nbr Conducteurs]X[Section/mm²] [Matière/Blindage]
662643639,CABLE ARME 4*95 MM2,EL,EL-CA,CA,EL-CA-004-013,CABLE [Type] [Nbr Conducteurs]X[Section/mm²] [Matière/Blindage]
662643640,4CX150 SQMM SWA LV CABLE SWA/XLPE/ PVC/CU LV(1 KV) CABLE,EL,EL-CA,CA,EL-CA-4CX-001,CABLE [Type] [Nbr Conducteurs]X[Section/mm²] [Matière/Blindage]
662643642,1CX300 SQMM LV CABLE SWA/XLPE/ PVC/C LV(1 KV) CABLE,EL,EL-CA,CA,EL-CA-1CX-001,CABLE [Type] [Nbr Conducteurs]X[Section/mm²] [Matière/Blindage]
662743516,"""CABLE SOUPLE 4 x 1,5 mm",EL,EL-CA,CA,EL-CA-004-014,CABLE [Type] [Nbr Conducteurs]X[Section/mm²] [Matière/Blindage]
662743517,"1SQMM*4C CU BRAID SHEILD CABLE / 600VAC, PVC INSL BRAIDED / FOR INSTRUMENTATION PURPOSE",EL,EL-CA,CA,EL-CA-1SQ-001,CABLE [Type] [Nbr Conducteurs]X[Section/mm²] [Matière/Blindage]
662743522,"""CABLE SOUPLE 4 x 2,5 mm",EL,EL-CA,CA,EL-CA-004-015,CABLE [Type] [Nbr Conducteurs]X[Section/mm²] [Matière/Blindage]
662743531,CABLE POSTE A SOUDER 70mm sq,EL,EL-CA,CA,EL-CA-070-001,CABLE [Type] [Nbr Conducteurs]X[Section/mm²] [Matière/Blindage]
662743535,CABLE POSTE A SOUDER75mm sq,EL,EL-CA,CA,EL-CA-075-001,CABLE [Type] [Nbr Conducteurs]X[Section/mm²] [Matière/Blindage]
662743536,"CU CABLE 1.5SQMM*4C FLEXIBLE 660VAC, XLPE CABLE CABLE FOR ELECTRICAL USE",HY,HY-FL,FL,HY-FL-CAB-001,FLEXIBLE HYDRAULIQUE [type: DN[Diamètre Ø int ] L=[Longueur] [Embouts]
662743537,"CU CABLE 2.5SQMM*4C FLEXIBLE 660VAC, XLPE CABLE CABLE FOR ELECTRICAL USE",HY,HY-FL,FL,HY-FL-CAB-002,FLEXIBLE HYDRAULIQUE [type: DN[Diamètre Ø int ] L=[Longueur] [Embouts]
662743538,"CU CABLE 4SQMM*4C FLEXIBLE 660VAC, XLPE CABLE CABLE FOR ELECTRICAL USE",HY,HY-FL,FL,HY-FL-CAB-003,FLEXIBLE HYDRAULIQUE [type: DN[Diamètre Ø int ] L=[Longueur] [Embouts]
662743539,"SHIELDED CU CABLE 6SQMM*4C 1100VAC, XLPE CABLE FOR ELECTRICAL WORK",EL,EL-CA,CA,EL-CA-SHI-001,CABLE [Type] [Nbr Conducteurs]X[Section/mm²] [Matière/Blindage]
662743716,CABLE SOUPLE 4 X 4 sq mm,EL,EL-CA,CA,EL-CA-004-016,CABLE [Type] [Nbr Conducteurs]X[Section/mm²] [Matière/Blindage]
662743719,CABLE SOUPLE DE 4 X 16 MM2,EL,EL-CA,CA,EL-CA-004-017,CABLE [Type] [Nbr Conducteurs]X[Section/mm²] [Matière/Blindage]
662743720,FIL SOUPLE DE 1 X 16MM2,EL,EL-CA,CA,EL-CA-001-003,CABLE [Type] [Nbr Conducteurs]X[Section/mm²] [Matière/Blindage]
662743721,FIL SOUPLE DE 1 X 25MM2,EL,EL-CA,CA,EL-CA-001-004,CABLE [Type] [Nbr Conducteurs]X[Section/mm²] [Matière/Blindage]
662743723,FIL SOUPLE DE 1 X 6MM2,EL,EL-CA,CA,EL-CA-001-005,CABLE [Type] [Nbr Conducteurs]X[Section/mm²] [Matière/Blindage]
662743724,FIL ANTICHALEUR 1 X 2.5MM2  ANTICHALEUR,EL,EL-CA,CA,EL-CA-001-006,CABLE [Type] [Nbr Conducteurs]X[Section/mm²] [Matière/Blindage]
662743725,COPPER FLEXI 4C *10SQMM CABLE 1100VAC FOR ELECTRICAL USE,EL,EL-CA,CA,EL-CA-COP-001,CABLE [Type] [Nbr Conducteurs]X[Section/mm²] [Matière/Blindage]
662743726,1CX 10 SQMM COPPER CABLE,EL,EL-CA,CA,EL-CA-1CX-002,CABLE [Type] [Nbr Conducteurs]X[Section/mm²] [Matière/Blindage]
662743727,1CX 50 SQMM GREEN EARTH CABLE,EL,EL-CA,CA,EL-CA-1CX-003,CABLE [Type] [Nbr Conducteurs]X[Section/mm²] [Matière/Blindage]
662743728,1CX95 SQMM EARTH CABLE,EL,EL-CA,CA,EL-CA-1CX-004,CABLE [Type] [Nbr Conducteurs]X[Section/mm²] [Matière/Blindage]
662743729,1CX 185 SQMM EARTH CABLE,EL,EL-CA,CA,EL-CA-1CX-005,CABLE [Type] [Nbr Conducteurs]X[Section/mm²] [Matière/Blindage]
662743730,HIGHTEMPERATURECABLE LUG25SQMM,EL,EL-CA,CA,EL-CA-HIG-001,CABLE [Type] [Nbr Conducteurs]X[Section/mm²] [Matière/Blindage]
662743731,HIGHTEMPERATURECABLELUG6SQMM,EL,EL-CA,CA,EL-CA-HIG-002,CABLE [Type] [Nbr Conducteurs]X[Section/mm²] [Matière/Blindage]
662743732,HIGHTEMPERATURECABLELUG10SQMM,EL,EL-CA,CA,EL-CA-HIG-003,CABLE [Type] [Nbr Conducteurs]X[Section/mm²] [Matière/Blindage]
662743733,HIGHTEMPERATURECABLE LUG35SQMM,EL,EL-CA,CA,EL-CA-HIG-004,CABLE [Type] [Nbr Conducteurs]X[Section/mm²] [Matière/Blindage]
662743734,HIGHTEMPERATURECABLE1C6SQMM,EL,EL-CA,CA,EL-CA-HIG-005,CABLE [Type] [Nbr Conducteurs]X[Section/mm²] [Matière/Blindage]
662743735,HIGHTEMPERATURECABLE1C25 SQMM,EL,EL-CA,CA,EL-CA-HIG-006,CABLE [Type] [Nbr Conducteurs]X[Section/mm²] [Matière/Blindage]
662743736,HIGHTEMPERATURECABLE1C35 SQMM,EL,EL-CA,CA,EL-CA-HIG-007,CABLE [Type] [Nbr Conducteurs]X[Section/mm²] [Matière/Blindage]
662743737,HIGHTEMPERATURECABLE1C10 SQMM,EL,EL-CA,CA,EL-CA-HIG-008,CABLE [Type] [Nbr Conducteurs]X[Section/mm²] [Matière/Blindage]
667106007,"PORTABLE DIESEL TRANSFER PUMP 220-240 V , 50HZ, 1PH WITH ALL THE ACCESSORIES",HY,HY-PO,PO,HY-PO-220-001,POMPE HYDRAULIQUE [Type:volumetrique/Turbo pompe] [Cylindrée] [Pression Max][type de liquide]
667706209,"""CABLE VOB 1,5 mm",EL,EL-CA,CA,EL-CA-001-007,CABLE [Type] [Nbr Conducteurs]X[Section/mm²] [Matière/Blindage]
667706210,ROULEAUX FIL VOB 2.5BLEU (ROLL,EL,EL-CA,CA,EL-CA-ROU-001,CABLE [Type] [Nbr Conducteurs]X[Section/mm²] [Matière/Blindage]
667707010,FIL DE TERRE 10MM,EL,EL-CA,CA,EL-CA-010-001,CABLE [Type] [Nbr Conducteurs]X[Section/mm²] [Matière/Blindage]
667707011,FILLE DE TERRE DE 1*4MM2 CABLE VERT/JAUNE,EL,EL-CA,CA,EL-CA-001-008,CABLE [Type] [Nbr Conducteurs]X[Section/mm²] [Matière/Blindage]
667707025,FIL DE TERRE NU 25 SQMM,EL,EL-CA,CA,EL-CA-FIL-001,CABLE [Type] [Nbr Conducteurs]X[Section/mm²] [Matière/Blindage]
667707050,FIL DE TERRE NU 50 SQMM,EL,EL-CA,CA,EL-CA-FIL-002,CABLE [Type] [Nbr Conducteurs]X[Section/mm²] [Matière/Blindage]
670128080,LAMPS 2W 24V 80ma,SE,SE-EC,EC,SE-EC-LAM-007,ECLAIRAGE [Type: LED/Halogènes] [Puissance/W] [Tension/V]
670128124,LAMPE A VAPEUR MERCURE250 W,SE,SE-EC,EC,SE-EC-LAM-008,ECLAIRAGE [Type: LED/Halogènes] [Puissance/W] [Tension/V]
670128125,LAMPE A VAPEUR MERCURE400 W,SE,SE-EC,EC,SE-EC-LAM-009,ECLAIRAGE [Type: LED/Halogènes] [Puissance/W] [Tension/V]
670128126,LAMPE UV POUR STERILISATION EA,SE,SE-EC,EC,SE-EC-LAM-010,ECLAIRAGE [Type: LED/Halogènes] [Puissance/W] [Tension/V]
670128128,LEDHIGHBAYLIGHT165WEQUI400W 165HB/LED/850/D WB UDL BB G2 4/1,SE,SE-EC,EC,SE-EC-004-002,ECLAIRAGE [Type: LED/Halogènes] [Puissance/W] [Tension/V]
670128131,"9WATTS LED BULB 220 -240V, 50HZ",SE,SE-EC,EC,SE-EC-9WA-001,ECLAIRAGE [Type: LED/Halogènes] [Puissance/W] [Tension/V]
670128132,"12 WATTS LED BULB 220V-240V , 50HZ",SE,SE-EC,EC,SE-EC-WAT-001,ECLAIRAGE [Type: LED/Halogènes] [Puissance/W] [Tension/V]
671005020,TUBE HALOGENE 1000W,HY,HY-FL,FL,HY-FL-TUB-004,FLEXIBLE HYDRAULIQUE [type: DN[Diamètre Ø int ] L=[Longueur] [Embouts]
671005021,LAMP HALOGENE 24V100W,SE,SE-EC,EC,SE-EC-LAM-011,ECLAIRAGE [Type: LED/Halogènes] [Puissance/W] [Tension/V]
671005024,LAMPE SPOT 120W/E27 ES30 FLOO,SE,SE-EC,EC,SE-EC-LAM-012,ECLAIRAGE [Type: LED/Halogènes] [Puissance/W] [Tension/V]
671005025,"LEDBULB18WE276500KWA231PF/6 MX V-100 TO 240V, 50 HZ-6OHZ, 18W PHILIPS STANDARD LED BULB",SE,SE-EC,EC,SE-EC-LED-001,ECLAIRAGE [Type: LED/Halogènes] [Puissance/W] [Tension/V]
671005027,FLUKE377 FCAC/DCCLAMPMETER  RANGE 250O AMPS,SE,SE-EC,EC,SE-EC-FLU-001,ECLAIRAGE [Type: LED/Halogènes] [Puissance/W] [Tension/V]
671005029,LAMP 50W GU10-240VOPEN GL LAMP,SE,SE-EC,EC,SE-EC-LAM-013,ECLAIRAGE [Type: LED/Halogènes] [Puissance/W] [Tension/V]
671005030,HALOGENE LAMP JCD 220V50W/VETO,SE,SE-EC,EC,SE-EC-HAL-001,ECLAIRAGE [Type: LED/Halogènes] [Puissance/W] [Tension/V]
671005031,"LAMPE HALOGENE DE24V,50W/FESTO",SE,SE-EC,EC,SE-EC-LAM-014,ECLAIRAGE [Type: LED/Halogènes] [Puissance/W] [Tension/V]
671005034,SPOT LAMP 60WATTS 230V AC SOCKET : E27,SE,SE-EC,EC,SE-EC-SPO-001,ECLAIRAGE [Type: LED/Halogènes] [Puissance/W] [Tension/V]
671005035,POWER CONDITIONER INPUT VOLTAGE 208/240 OUTPUT VOLTAGE 240,EE,EE-CA,CA,EE-CA-208-001,CARTE ELECTRONIQUE [Fonction/Usage] [Réf Modèle] [Constructeur]
673321011,TUBE TL DE 40 W,HY,HY-FL,FL,HY-FL-TUB-005,FLEXIBLE HYDRAULIQUE [type: DN[Diamètre Ø int ] L=[Longueur] [Embouts]
673321085,TUBE TL DE 20 WATTS,HY,HY-FL,FL,HY-FL-TUB-006,FLEXIBLE HYDRAULIQUE [type: DN[Diamètre Ø int ] L=[Longueur] [Embouts]
673322085,TUBE TL 20W - BLEU,HY,HY-FL,FL,HY-FL-TUB-007,FLEXIBLE HYDRAULIQUE [type: DN[Diamètre Ø int ] L=[Longueur] [Embouts]
673322088,500SQMMMVCABLETERMINATIONKIT,EL,EL-CA,CA,EL-CA-500-002,CABLE [Type] [Nbr Conducteurs]X[Section/mm²] [Matière/Blindage]
673731011,"50W WATERPROOFLEDFLOODLIGHT 220-240V, 50HZ",SE,SE-EC,EC,SE-EC-50W-001,ECLAIRAGE [Type: LED/Halogènes] [Puissance/W] [Tension/V]
673731032,200 WATTS LED FLOOD LIGHT INPUT VOLTAGE 220 TO 240 V 5OHZ,SE,SE-EC,EC,SE-EC-WAT-002,ECLAIRAGE [Type: LED/Halogènes] [Puissance/W] [Tension/V]
674420010,EMERGENCY LIGHT,SE,SE-EC,EC,SE-EC-EME-001,ECLAIRAGE [Type: LED/Halogènes] [Puissance/W] [Tension/V]
676122145,BATTEN TYPE LED TUBELIGHT 20W LEDLIGHT 180-220VAC 50HZ WIPRO BATTEN TYPE OFFICE/RESIDENCE,SE,SE-EC,EC,SE-EC-BAT-001,ECLAIRAGE [Type: LED/Halogènes] [Puissance/W] [Tension/V]
676122146,40W LED WELLGLAS LIGHT  IP66 4800LUMENS 220VAC 50HZ FOR WAREHOUSE & PATHWAYS,SE,SE-EC,EC,SE-EC-40W-001,ECLAIRAGE [Type: LED/Halogènes] [Puissance/W] [Tension/V]
679148119,BASE POUR RELAIS,EL,EL-RE,RE,EL-RE-BAS-001,RELAIS [Type: EMBROCHABLE/STAT] BOBINE [Tension/V] [Nbr Contacts]
683104180,SOULIER DE CABLE 185 MM,EL,EL-CA,CA,EL-CA-185-001,CABLE [Type] [Nbr Conducteurs]X[Section/mm²] [Matière/Blindage]
683104400,SOULIER DE CABLE 400 MM,EL,EL-CA,CA,EL-CA-400-001,CABLE [Type] [Nbr Conducteurs]X[Section/mm²] [Matière/Blindage]
683104401,SOULIER DE CABLE 400SQMMALU-CU,EL,EL-CA,CA,EL-CA-SOU-001,CABLE [Type] [Nbr Conducteurs]X[Section/mm²] [Matière/Blindage]
683104402,SOULIER DE CABLE 500SQMMALU-CU,EL,EL-CA,CA,EL-CA-SOU-002,CABLE [Type] [Nbr Conducteurs]X[Section/mm²] [Matière/Blindage]
683104403,PINCE/CLAMP FOR EARTHING 400A EARTHING CLAMP FOR WELDING M/C FOR WELDING MACHINE,SE,SE-EC,EC,SE-EC-PIN-001,ECLAIRAGE [Type: LED/Halogènes] [Puissance/W] [Tension/V]
683104404,BIMETTALIC LU 400SQMM COPPER ALU ALLOY LUG FOR ELE CABLE,EL,EL-CA,CA,EL-CA-BIM-001,CABLE [Type] [Nbr Conducteurs]X[Section/mm²] [Matière/Blindage]
683105150,SOULIER DE CABLE 150 MM,EL,EL-CA,CA,EL-CA-150-001,CABLE [Type] [Nbr Conducteurs]X[Section/mm²] [Matière/Blindage]
683107055,SOULIER DE CABLE 25 MM,EL,EL-CA,CA,EL-CA-025-001,CABLE [Type] [Nbr Conducteurs]X[Section/mm²] [Matière/Blindage]
683107063,SOULIER DE CABLE 35 MM,EL,EL-CA,CA,EL-CA-035-001,CABLE [Type] [Nbr Conducteurs]X[Section/mm²] [Matière/Blindage]
683107070,SOULIER DE CABLE 50 MM,EL,EL-CA,CA,EL-CA-050-001,CABLE [Type] [Nbr Conducteurs]X[Section/mm²] [Matière/Blindage]
683108619,SOULIER DE CABLE 16 MM,EL,EL-CA,CA,EL-CA-016-001,CABLE [Type] [Nbr Conducteurs]X[Section/mm²] [Matière/Blindage]
683108620,SOULIER DE CABLE 10 MM,EL,EL-CA,CA,EL-CA-010-002,CABLE [Type] [Nbr Conducteurs]X[Section/mm²] [Matière/Blindage]
683108621,SOULIER DE CABLE 6 MM,EL,EL-CA,CA,EL-CA-006-002,CABLE [Type] [Nbr Conducteurs]X[Section/mm²] [Matière/Blindage]
683108622,SOULIER DE CABLE 4 MM,EL,EL-CA,CA,EL-CA-004-018,CABLE [Type] [Nbr Conducteurs]X[Section/mm²] [Matière/Blindage]
683108712,SOULIER DE CABLE 2.5 MM,EL,EL-CA,CA,EL-CA-002-002,CABLE [Type] [Nbr Conducteurs]X[Section/mm²] [Matière/Blindage]
683109087,SOULIER DE CABLE 70 MM,EL,EL-CA,CA,EL-CA-070-002,CABLE [Type] [Nbr Conducteurs]X[Section/mm²] [Matière/Blindage]
683109092,SOULIER DE CABLE 95 MM,EL,EL-CA,CA,EL-CA-095-001,CABLE [Type] [Nbr Conducteurs]X[Section/mm²] [Matière/Blindage]
683109093,CABLE LUGS 300 SQMM TINNED COPPER,EL,EL-CA,CA,EL-CA-CAB-011,CABLE [Type] [Nbr Conducteurs]X[Section/mm²] [Matière/Blindage]
683109094,CABLE LUGS 120 SQMM TINNED COPPER,EL,EL-CA,CA,EL-CA-CAB-012,CABLE [Type] [Nbr Conducteurs]X[Section/mm²] [Matière/Blindage]
683109095,CABLE LUG 240 SQMM TINNED COPPER,EL,EL-CA,CA,EL-CA-CAB-013,CABLE [Type] [Nbr Conducteurs]X[Section/mm²] [Matière/Blindage]
683110305,EMBOUT DE CABLE PIN TYPE 50MM COPPER LUG PIN TYPE FOR ELE WORKS,EL,EL-CA,CA,EL-CA-050-002,CABLE [Type] [Nbr Conducteurs]X[Section/mm²] [Matière/Blindage]
683110306,EMBOUT DE CABLE PIN TYPE 35MM COPPER LUG PIN TYPE FOR ELE WORKS,EL,EL-CA,CA,EL-CA-035-002,CABLE [Type] [Nbr Conducteurs]X[Section/mm²] [Matière/Blindage]
683110307,EMBOUT DE CABLE PIN TYPE 10MM COPPER LUG PIN TYPE FOR ELE WORKS,EL,EL-CA,CA,EL-CA-010-003,CABLE [Type] [Nbr Conducteurs]X[Section/mm²] [Matière/Blindage]
683110319,CABLE GLAND 50MM,EL,EL-CA,CA,EL-CA-050-003,CABLE [Type] [Nbr Conducteurs]X[Section/mm²] [Matière/Blindage]
683110320,CABLE GLAND 95MM,EL,EL-CA,CA,EL-CA-095-002,CABLE [Type] [Nbr Conducteurs]X[Section/mm²] [Matière/Blindage]
683110321,CABLE GLAND 185MM,EL,EL-CA,CA,EL-CA-185-002,CABLE [Type] [Nbr Conducteurs]X[Section/mm²] [Matière/Blindage]
683110619,SOULIER DE CABLE PIN16mm,EL,EL-CA,CA,EL-CA-016-002,CABLE [Type] [Nbr Conducteurs]X[Section/mm²] [Matière/Blindage]
683110621,SOULIER DE CABLE PIN6mm,EL,EL-CA,CA,EL-CA-006-003,CABLE [Type] [Nbr Conducteurs]X[Section/mm²] [Matière/Blindage]
683110622,SOULIER DE CABLE PIN4mm,EL,EL-CA,CA,EL-CA-004-019,CABLE [Type] [Nbr Conducteurs]X[Section/mm²] [Matière/Blindage]
683635012,PRESSE ETOUPE DOUBLE 400MM 1C CABLE GLAND DOUBLE COMPRESSION FOR CABLES,EL,EL-CA,CA,EL-CA-400-002,CABLE [Type] [Nbr Conducteurs]X[Section/mm²] [Matière/Blindage]
683635013,PRESSE ETOUPE DOUBLE 300MM 1C CABLE GLAND DOUBLE COMPRESSION FOR CABLES,EL,EL-CA,CA,EL-CA-300-001,CABLE [Type] [Nbr Conducteurs]X[Section/mm²] [Matière/Blindage]
683635014,PRESSE ETOUPE DOUBLE 150MM*4C CABLE GLAND DOUBLE COMPRESSION FOR CABLES,EL,EL-CA,CA,EL-CA-150-002,CABLE [Type] [Nbr Conducteurs]X[Section/mm²] [Matière/Blindage]
683635015,PRESSE ETOUPE DOUBLE 95MM*4C CABLE GLAND DOUBLE COMPRESSION FOR CABLES,EL,EL-CA,CA,EL-CA-095-003,CABLE [Type] [Nbr Conducteurs]X[Section/mm²] [Matière/Blindage]
684610010,ROULEAUX DE TOILEISOLANT,CS,CS-GC,GC,CS-GC-ROU-001,
684610011,ROULEAU BANDE ADHESIVEPOUR FRI,CS,CS-AM,AM,CS-AM-ROU-001,
684610049,CABLE TRUFF GOULOTTE 75MM*75MM PLACTIC MOC FOR GENERAL PURPOSE,EL,EL-CA,CA,EL-CA-075-002,CABLE [Type] [Nbr Conducteurs]X[Section/mm²] [Matière/Blindage]
684610054,"70SQMM*3.5 CU ARMED XLPE CABLE COPPER ARMRD CABLE, 660VAC ELECTRICAL CABLE",EL,EL-CA,CA,EL-CA-70S-001,CABLE [Type] [Nbr Conducteurs]X[Section/mm²] [Matière/Blindage]
684610055,PVC CABLE TRUFF 60MM*40MM GOULOTTE 60*40 FOR ELECTRICAL PANEL,EL,EL-CA,CA,EL-CA-060-001,CABLE [Type] [Nbr Conducteurs]X[Section/mm²] [Matière/Blindage]
684610056,CARTE ELECTRONIQUE POUR SPLIT LG. 12000 À 24000 BTU,EE,EE-CA,CA,EE-CA-CAR-003,CARTE ELECTRONIQUE [Fonction/Usage] [Réf Modèle] [Constructeur]
700000002,RAPP.JOURNALIE-PARA QUAL-SAVON QUALITE A L'EMB.SAVON,CS,CS-GC,GC,CS-GC-RAP-001,
700000010,RAPP.JRNL-ANALYS DE SAVON LIQU,CS,CS-GC,GC,CS-GC-RAP-002,
700000018,RAPP-MELANGE D'HUILES-SAVONS,CS,CS-GC,GC,CS-GC-RAP-003,
700000025,BON DE LIVRAISON DES HUILES,CS,CS-GC,GC,CS-GC-BON-001,
740306067,"""TUYAU NOIR S/S DIA 3/4""""",HY,HY-FL,FL,HY-FL-003-006,FLEXIBLE HYDRAULIQUE [type: DN[Diamètre Ø int ] L=[Longueur] [Embouts]
740602049,"""TUYAU NOIR A/S DIA 1/2""""""",HY,HY-FL,FL,HY-FL-001-013,FLEXIBLE HYDRAULIQUE [type: DN[Diamètre Ø int ] L=[Longueur] [Embouts]
740602067,"""TUYAU NOIR A/S DIA 3/4""""""",HY,HY-FL,FL,HY-FL-003-007,FLEXIBLE HYDRAULIQUE [type: DN[Diamètre Ø int ] L=[Longueur] [Embouts]
740602071,SEAMLESS PIPE SCH 8080NB,HY,HY-FL,FL,HY-FL-SEA-001,FLEXIBLE HYDRAULIQUE [type: DN[Diamètre Ø int ] L=[Longueur] [Embouts]
740602100,"""TUYAU NOIR A/S DIA 1""""""",HY,HY-FL,FL,HY-FL-001-014,FLEXIBLE HYDRAULIQUE [type: DN[Diamètre Ø int ] L=[Longueur] [Embouts]
740602137,"""TUYAU NOIR A/S DI 1 1/4""""MS P",HY,HY-FL,FL,HY-FL-001-015,FLEXIBLE HYDRAULIQUE [type: DN[Diamètre Ø int ] L=[Longueur] [Embouts]
740602169,"TUYAU NOIR S/S DE 5"" DN125  SEAMLESS PIPE DN 125",HY,HY-FL,FL,HY-FL-125-001,FLEXIBLE HYDRAULIQUE [type: DN[Diamètre Ø int ] L=[Longueur] [Embouts]
740602230,"""TUYAU NOIR A/S DIA 2""""""",HY,HY-FL,FL,HY-FL-002-001,FLEXIBLE HYDRAULIQUE [type: DN[Diamètre Ø int ] L=[Longueur] [Embouts]
740602231,"TUYAU NOIR A/S DE 5"" ERW MS PIPE DN 125 ERW Mild Steel PIPE DN 125",HY,HY-FL,FL,HY-FL-125-002,FLEXIBLE HYDRAULIQUE [type: DN[Diamètre Ø int ] L=[Longueur] [Embouts]
740602268,"""TUYAU NOIR A/S DE 2 1/2""""""",HY,HY-FL,FL,HY-FL-001-016,FLEXIBLE HYDRAULIQUE [type: DN[Diamètre Ø int ] L=[Longueur] [Embouts]
740602269,PIPE 4mm DIA L:3m+FEMEL NIPPLE TE MALE NIPPLE 4mm DIAM PIPE,PN,PN-RA,RA,PN-RA-004-001,RACCORD PNEUMATIQUE [Type: INSTANT/NIPPLE] Ø[Tube] [Filetage]
740602318,"""TUYAU NOIR A/S DIA 3""""""",HY,HY-FL,FL,HY-FL-003-008,FLEXIBLE HYDRAULIQUE [type: DN[Diamètre Ø int ] L=[Longueur] [Embouts]
740602344,"""TUYAU NOIR A/S DIA 8""""",HY,HY-FL,FL,HY-FL-008-001,FLEXIBLE HYDRAULIQUE [type: DN[Diamètre Ø int ] L=[Longueur] [Embouts]
740602346,"""TUYAU NOIR A/S DIA 10""""",HY,HY-FL,FL,HY-FL-010-006,FLEXIBLE HYDRAULIQUE [type: DN[Diamètre Ø int ] L=[Longueur] [Embouts]
740602367,"""TUYAU NOIR A/S DIA 4""""",HY,HY-FL,FL,HY-FL-004-001,FLEXIBLE HYDRAULIQUE [type: DN[Diamètre Ø int ] L=[Longueur] [Embouts]
740602503,"""TUYAU NOIR A/S DIA 6""""""",HY,HY-FL,FL,HY-FL-006-003,FLEXIBLE HYDRAULIQUE [type: DN[Diamètre Ø int ] L=[Longueur] [Embouts]
740603047,TUYAU NOIR S/S DIA 1/2'',HY,HY-FL,FL,HY-FL-001-017,FLEXIBLE HYDRAULIQUE [type: DN[Diamètre Ø int ] L=[Longueur] [Embouts]
740603100,"""TUYAU NOIR S/S DIA 1""""""",HY,HY-FL,FL,HY-FL-001-018,FLEXIBLE HYDRAULIQUE [type: DN[Diamètre Ø int ] L=[Longueur] [Embouts]
740603168,"""TUYAU NOIR S/S DI 1 1/2""""""",HY,HY-FL,FL,HY-FL-001-019,FLEXIBLE HYDRAULIQUE [type: DN[Diamètre Ø int ] L=[Longueur] [Embouts]
740603230,"""TUYAU NOIR S/S DIA 2""""""",HY,HY-FL,FL,HY-FL-002-002,FLEXIBLE HYDRAULIQUE [type: DN[Diamètre Ø int ] L=[Longueur] [Embouts]
740603268,"""TUYAU NOIR S/S DI 2 1/2""""""",HY,HY-FL,FL,HY-FL-001-020,FLEXIBLE HYDRAULIQUE [type: DN[Diamètre Ø int ] L=[Longueur] [Embouts]
740603315,"""TUYAU NOIR S/S DIA 3""""""",HY,HY-FL,FL,HY-FL-003-009,FLEXIBLE HYDRAULIQUE [type: DN[Diamètre Ø int ] L=[Longueur] [Embouts]
740603367,"""TUYAU NOIR S/S DIA 4""""""",HY,HY-FL,FL,HY-FL-004-002,FLEXIBLE HYDRAULIQUE [type: DN[Diamètre Ø int ] L=[Longueur] [Embouts]
740604503,TUYAU NOIR S/S DN 150 MM,HY,HY-FL,FL,HY-FL-150-001,FLEXIBLE HYDRAULIQUE [type: DN[Diamètre Ø int ] L=[Longueur] [Embouts]
740604506,TUYAU NOIR S/S DN 200 MM,HY,HY-FL,FL,HY-FL-200-001,FLEXIBLE HYDRAULIQUE [type: DN[Diamètre Ø int ] L=[Longueur] [Embouts]
740702049,"""TUYAU GALVANISE DIA 1/2""""""",HY,HY-FL,FL,HY-FL-001-021,FLEXIBLE HYDRAULIQUE [type: DN[Diamètre Ø int ] L=[Longueur] [Embouts]
740702102,TUYAU GALVANISE DIA 1'',HY,HY-FL,FL,HY-FL-001-022,FLEXIBLE HYDRAULIQUE [type: DN[Diamètre Ø int ] L=[Longueur] [Embouts]
740702110,"TUYAU GALVANISE DE 12"" GALVANIZED PIPE 12"",",HY,HY-FL,FL,HY-FL-TUY-001,FLEXIBLE HYDRAULIQUE [type: DN[Diamètre Ø int ] L=[Longueur] [Embouts]
740702168,TUYAU GALVANISE 1 1/2'',HY,HY-FL,FL,HY-FL-001-023,FLEXIBLE HYDRAULIQUE [type: DN[Diamètre Ø int ] L=[Longueur] [Embouts]
740702230,TUYAU GALVANISE DIA 2'',HY,HY-FL,FL,HY-FL-002-003,FLEXIBLE HYDRAULIQUE [type: DN[Diamètre Ø int ] L=[Longueur] [Embouts]
740702231,"TUYAU GALVANISE DE 3"" GALVANIZED PIPE 3"" DIA",HY,HY-FL,FL,HY-FL-TUY-002,FLEXIBLE HYDRAULIQUE [type: DN[Diamètre Ø int ] L=[Longueur] [Embouts]
741450029,"""TUYAU INOX 316L  DIA 4""""""",HY,HY-FL,FL,HY-FL-004-003,FLEXIBLE HYDRAULIQUE [type: DN[Diamètre Ø int ] L=[Longueur] [Embouts]
741450030,"TUYAU INOX 304 DE 6""",HY,HY-FL,FL,HY-FL-TUY-003,FLEXIBLE HYDRAULIQUE [type: DN[Diamètre Ø int ] L=[Longueur] [Embouts]
741450181,"TUYAU INOX 316 DE 3"" STAINLESS STEEL 316 PIPE 3""",HY,HY-FL,FL,HY-FL-TUY-004,FLEXIBLE HYDRAULIQUE [type: DN[Diamètre Ø int ] L=[Longueur] [Embouts]
741450182,"""TUYAU INOX DIA 1/2""""""",HY,HY-FL,FL,HY-FL-001-024,FLEXIBLE HYDRAULIQUE [type: DN[Diamètre Ø int ] L=[Longueur] [Embouts]
741450183,"TUYAU INOX 304 DE 4"" SEAMLESS SS 304 PIPE 4""",HY,HY-FL,FL,HY-FL-TUY-005,FLEXIBLE HYDRAULIQUE [type: DN[Diamètre Ø int ] L=[Longueur] [Embouts]
741450184,"""TUYAU INOX DIA 3/4""""""",HY,HY-FL,FL,HY-FL-003-010,FLEXIBLE HYDRAULIQUE [type: DN[Diamètre Ø int ] L=[Longueur] [Embouts]
741450324,TUYAU INOX DIA 1'',HY,HY-FL,FL,HY-FL-001-025,FLEXIBLE HYDRAULIQUE [type: DN[Diamètre Ø int ] L=[Longueur] [Embouts]
741450325,"""TUYAUX INOX DIA 1 1/2""""""",HY,HY-FL,FL,HY-FL-001-026,FLEXIBLE HYDRAULIQUE [type: DN[Diamètre Ø int ] L=[Longueur] [Embouts]
741450326,"""TUYAU INOX DIA 2 1/2""""""""",HY,HY-FL,FL,HY-FL-001-027,FLEXIBLE HYDRAULIQUE [type: DN[Diamètre Ø int ] L=[Longueur] [Embouts]
741450468,"""TUYAU INOX DIA 2""""""",HY,HY-FL,FL,HY-FL-002-004,FLEXIBLE HYDRAULIQUE [type: DN[Diamètre Ø int ] L=[Longueur] [Embouts]
741450471,"""TUYAU INOX DIA 3""""""",HY,HY-FL,FL,HY-FL-003-011,FLEXIBLE HYDRAULIQUE [type: DN[Diamètre Ø int ] L=[Longueur] [Embouts]
741451033,TUYAU INOX  AS 1.1/4,HY,HY-FL,FL,HY-FL-001-028,FLEXIBLE HYDRAULIQUE [type: DN[Diamètre Ø int ] L=[Longueur] [Embouts]
742004032,"TUYAU EN CUIVRE DE 5/8""",HY,HY-FL,FL,HY-FL-005-002,FLEXIBLE HYDRAULIQUE [type: DN[Diamètre Ø int ] L=[Longueur] [Embouts]
742004061,TUYAU EN CUIVRE 7/8 INCH FOR THE CHILLER CIRCUITS,HY,HY-FL,FL,HY-FL-007-001,FLEXIBLE HYDRAULIQUE [type: DN[Diamètre Ø int ] L=[Longueur] [Embouts]
742004065,COPPER SHEET JOINT KLINERING 1MM * 1SQMR DIMENSION FOR CHILLERS MAINTENANCE,ME,ME-JO,JO,ME-JO-001-003,JOINT [Type: SPI/O-RING/LEVRE] [Dimensions: IntXExtXEp] [Matière: NBR/FKM]
742004068,COPPER TRACING TUBE 8 MM TUBE EN CUIVRE DE TRACAGE 8MM,HY,HY-FL,FL,HY-FL-008-002,FLEXIBLE HYDRAULIQUE [type: DN[Diamètre Ø int ] L=[Longueur] [Embouts]
742901057,"""TEE PVC 1""""",HY,HY-RA,RA,HY-RA-TEE-001,RACCORD HYDRAULIQUE [Type: IMPLANT/UNION] [Filetage/Ø Tube] [Matière]
742901060,"TUYAU PVC 2"" PRESSION",HY,HY-FL,FL,HY-FL-TUY-006,FLEXIBLE HYDRAULIQUE [type: DN[Diamètre Ø int ] L=[Longueur] [Embouts]
742901062,"""NIPPLE PVC 1/2""""",PN,PN-RA,RA,PN-RA-001-046,RACCORD PNEUMATIQUE [Type: INSTANT/NIPPLE] Ø[Tube] [Filetage]
742901063,"TUYAU PVC 1"" PRESSION",HY,HY-FL,FL,HY-FL-TUY-007,FLEXIBLE HYDRAULIQUE [type: DN[Diamètre Ø int ] L=[Longueur] [Embouts]
742901065,"FLEXIBLE EN PVC DE 3/4""",HY,HY-FL,FL,HY-FL-003-012,FLEXIBLE HYDRAULIQUE [type: DN[Diamètre Ø int ] L=[Longueur] [Embouts]
742901066,"""TUYAU PVC FLEXIBLE 2""""",HY,HY-FL,FL,HY-FL-TUY-008,FLEXIBLE HYDRAULIQUE [type: DN[Diamètre Ø int ] L=[Longueur] [Embouts]
742901071,"""TEE PVC 2""""",HY,HY-RA,RA,HY-RA-TEE-002,RACCORD HYDRAULIQUE [Type: IMPLANT/UNION] [Filetage/Ø Tube] [Matière]
742901072,"NIPPLE PVC 2""",PN,PN-RA,RA,PN-RA-NPL-005,RACCORD PNEUMATIQUE [Type: INSTANT/NIPPLE] Ø[Tube] [Filetage]
742901074,ANTONOIRE PVC O 160 PVC COLLECTEUR PVC,CS,CS-AM,AM,CS-AM-ANT-001,
742901077,RACCORD PVC PRESSION DE 3/4'' PVC UNION 3/4'',HY,HY-RA,RA,HY-RA-003-001,RACCORD HYDRAULIQUE [Type: IMPLANT/UNION] [Filetage/Ø Tube] [Matière]
742901080,"NIPPLE PVC PRESSION DE 2 1/2"" PVC NIPPLE 2 1/2""",PN,PN-RA,RA,PN-RA-001-047,RACCORD PNEUMATIQUE [Type: INSTANT/NIPPLE] Ø[Tube] [Filetage]
742901082,"TUYAU PVC PRESSION DE 2 1/2"" 2 1/2 ""PVC PIPE",HY,HY-FL,FL,HY-FL-001-029,FLEXIBLE HYDRAULIQUE [type: DN[Diamètre Ø int ] L=[Longueur] [Embouts]
742901084,"COUDE PVC PRESSION DE 2 1/2"" PVC ELBOW 90° 2 1/2""",HY,HY-RA,RA,HY-RA-001-011,RACCORD HYDRAULIQUE [Type: IMPLANT/UNION] [Filetage/Ø Tube] [Matière]
742901085,"RACCORD PVC PRESSION DE 1"" PVC UNION 1""",HY,HY-RA,RA,HY-RA-RAC-002,RACCORD HYDRAULIQUE [Type: IMPLANT/UNION] [Filetage/Ø Tube] [Matière]
742901088,"WATER PVC PIPE O 1/2"" PVC WATER PIPE O 1/2""",HY,HY-FL,FL,HY-FL-001-030,FLEXIBLE HYDRAULIQUE [type: DN[Diamètre Ø int ] L=[Longueur] [Embouts]
742901089,"R ACCORDS UNION PVC O 1/2""  PVC UNION FITTING O 1/2""",PN,PN-RA,RA,PN-RA-001-048,RACCORD PNEUMATIQUE [Type: INSTANT/NIPPLE] Ø[Tube] [Filetage]
742901092,TE PVC O 63 MM ECOULEMENT TEE PVC O 63 MM FOR DRAINAGE,HY,HY-RA,RA,HY-RA-063-001,RACCORD HYDRAULIQUE [Type: IMPLANT/UNION] [Filetage/Ø Tube] [Matière]
742901093,TUYAU PVC O 63 MM ECOULEMENT PVC PIPE O 63 MM FOR DRAINAGE,HY,HY-FL,FL,HY-FL-063-001,FLEXIBLE HYDRAULIQUE [type: DN[Diamètre Ø int ] L=[Longueur] [Embouts]
742901100,"""TUBES PVC1""""""""",HY,HY-FL,FL,HY-FL-TUB-008,FLEXIBLE HYDRAULIQUE [type: DN[Diamètre Ø int ] L=[Longueur] [Embouts]
742901185,"""NIPPLE PVC 1""""",PN,PN-RA,RA,PN-RA-NPL-006,RACCORD PNEUMATIQUE [Type: INSTANT/NIPPLE] Ø[Tube] [Filetage]
742902458,TUYAU PVC DIA160MM /10MM(HIGH,HY,HY-FL,FL,HY-FL-160-001,FLEXIBLE HYDRAULIQUE [type: DN[Diamètre Ø int ] L=[Longueur] [Embouts]
744301019,"""TUYAU D'ARROSAGE 3/4""""",HY,HY-FL,FL,HY-FL-003-013,FLEXIBLE HYDRAULIQUE [type: DN[Diamètre Ø int ] L=[Longueur] [Embouts]
744301020,"""FLEXIBLE INOX DIA 3/4""""""""AVEC",HY,HY-FL,FL,HY-FL-003-014,FLEXIBLE HYDRAULIQUE [type: DN[Diamètre Ø int ] L=[Longueur] [Embouts]
744301021,"""FLEXIBLE INOX DIA 1""""""""AVEC R",HY,HY-FL,FL,HY-FL-001-031,FLEXIBLE HYDRAULIQUE [type: DN[Diamètre Ø int ] L=[Longueur] [Embouts]
744301023,"""FLEXIBLE INOX SS304DIA 2""""",HY,HY-FL,FL,HY-FL-002-005,FLEXIBLE HYDRAULIQUE [type: DN[Diamètre Ø int ] L=[Longueur] [Embouts]
744301026,"TUYAU FLEXIBLE INOX 316L 3"" DI FE DIA 3""(6MTR LONG)",HY,HY-FL,FL,HY-FL-003-015,FLEXIBLE HYDRAULIQUE [type: DN[Diamètre Ø int ] L=[Longueur] [Embouts]
744301027,"TUYAU FLEXIBLE INOX 316L 6"" DI FE DIA 6""(6MTR LONG)",HY,HY-FL,FL,HY-FL-006-004,FLEXIBLE HYDRAULIQUE [type: DN[Diamètre Ø int ] L=[Longueur] [Embouts]
744301028,"TUYAU FLEXIBLE INOX 304FE 4"" D FE DIA 4"" (3MTR LENGTH)",HY,HY-FL,FL,HY-FL-004-004,FLEXIBLE HYDRAULIQUE [type: DN[Diamètre Ø int ] L=[Longueur] [Embouts]
744301033,"FLEXIBLE DE REFOULEMENT 3""",HY,HY-FL,FL,HY-FL-FLE-010,FLEXIBLE HYDRAULIQUE [type: DN[Diamètre Ø int ] L=[Longueur] [Embouts]
744301035,FLEXIBLE ARMORED 4 INCH. DIA DIESEL PUMP MODEL=KDP 40 ST. OIL PUMP/CRUDE OIL TRANFER,HY,HY-FL,FL,HY-FL-004-005,FLEXIBLE HYDRAULIQUE [type: DN[Diamètre Ø int ] L=[Longueur] [Embouts]
744301037,FLEXIBLE EN CAOUTCHOUC DN 65,HY,HY-FL,FL,HY-FL-065-001,FLEXIBLE HYDRAULIQUE [type: DN[Diamètre Ø int ] L=[Longueur] [Embouts]
744301040,"FLEXIBLE EN CAOUTCHOUC DE 2""",HY,HY-FL,FL,HY-FL-FLE-011,FLEXIBLE HYDRAULIQUE [type: DN[Diamètre Ø int ] L=[Longueur] [Embouts]
744301041,"FLEXIBLE TRANSPARENT DE 1 1/2"" TRANSPARENT FLEXIBLE PIPE DN40",HY,HY-FL,FL,HY-FL-001-032,FLEXIBLE HYDRAULIQUE [type: DN[Diamètre Ø int ] L=[Longueur] [Embouts]
744301043,"TUYAU FLEXIBLE TRANSPARENT 1"" TRANSPARENT FLEXIBLE PIPE 1""",HY,HY-FL,FL,HY-FL-TUY-009,FLEXIBLE HYDRAULIQUE [type: DN[Diamètre Ø int ] L=[Longueur] [Embouts]
744301108,"TUYAU FLEXIBLE INOX 304 de 6"" SS 304 flexible hose 6""",HY,HY-FL,FL,HY-FL-TUY-010,FLEXIBLE HYDRAULIQUE [type: DN[Diamètre Ø int ] L=[Longueur] [Embouts]
744301159,"TUYAU GALVANISE 2""1/2 GI PIPE 2""1/2 THREADED END",HY,HY-FL,FL,HY-FL-001-033,FLEXIBLE HYDRAULIQUE [type: DN[Diamètre Ø int ] L=[Longueur] [Embouts]
744302231,FLEXIBLES TA2 DN 13L=1.50 M,HY,HY-FL,FL,HY-FL-013-001,FLEXIBLE HYDRAULIQUE [type: DN[Diamètre Ø int ] L=[Longueur] [Embouts]
744302359,"""TUYAU FLEXIBLE DIA 8""""",HY,HY-FL,FL,HY-FL-008-003,FLEXIBLE HYDRAULIQUE [type: DN[Diamètre Ø int ] L=[Longueur] [Embouts]
744303338,TAYAU  FLEXIBLE EN DN80PN16 LO,HY,HY-FL,FL,HY-FL-080-001,FLEXIBLE HYDRAULIQUE [type: DN[Diamètre Ø int ] L=[Longueur] [Embouts]
744331011,TUYAUX D'OXYGENE,HY,HY-FL,FL,HY-FL-TUY-011,FLEXIBLE HYDRAULIQUE [type: DN[Diamètre Ø int ] L=[Longueur] [Embouts]
744331013,TUYAUX ACETYLENE,HY,HY-FL,FL,HY-FL-TUY-012,FLEXIBLE HYDRAULIQUE [type: DN[Diamètre Ø int ] L=[Longueur] [Embouts]
744401004,FLEXIBLE METIGEUR 3/8 - 1/2,HY,HY-FL,FL,HY-FL-003-016,FLEXIBLE HYDRAULIQUE [type: DN[Diamètre Ø int ] L=[Longueur] [Embouts]
744401005,"FLEXIBLE 1/2 -3/8 "" LONG 350  FLEXIBLE PIPE 1/2 3/38""-350 MM DIAMETER 1/2-3/8 L 350MM",HY,HY-FL,FL,HY-FL-001-034,FLEXIBLE HYDRAULIQUE [type: DN[Diamètre Ø int ] L=[Longueur] [Embouts]
744401310,HOSE PIPE 3/8 INCH 1MLONG,HY,HY-FL,FL,HY-FL-003-017,FLEXIBLE HYDRAULIQUE [type: DN[Diamètre Ø int ] L=[Longueur] [Embouts]
745301086,"COUDE INOX 316 DE 2"", OD 52MM, NW50/ SS ELBOW",HY,HY-RA,RA,HY-RA-052-001,RACCORD HYDRAULIQUE [Type: IMPLANT/UNION] [Filetage/Ø Tube] [Matière]
745301092,"SS 316L inline filter I/O 2"" filtre inox de 2"" tri clamp",HY,HY-FI,FI,HY-FI-316-001,FILTRE HYDRAULIQUE [Type: RETOUR/ASP] [Seuil/µm] [Raccordement/Débit]
745311017,"TE GALVANISE 3/4"" (TEE)",HY,HY-RA,RA,HY-RA-003-002,RACCORD HYDRAULIQUE [Type: IMPLANT/UNION] [Filetage/Ø Tube] [Matière]
745311101,TEE EN INOX DIA 1/2,HY,HY-RA,RA,HY-RA-001-012,RACCORD HYDRAULIQUE [Type: IMPLANT/UNION] [Filetage/Ø Tube] [Matière]
745311102,"""TEE EN INOX DE 3/4""""",HY,HY-RA,RA,HY-RA-003-003,RACCORD HYDRAULIQUE [Type: IMPLANT/UNION] [Filetage/Ø Tube] [Matière]
745311103,"""TEE EN INOX DE 1""""""""",HY,HY-RA,RA,HY-RA-TEE-003,RACCORD HYDRAULIQUE [Type: IMPLANT/UNION] [Filetage/Ø Tube] [Matière]
745311105,"""TEE EN INOX DE 3""""X1.1/2",HY,HY-RA,RA,HY-RA-001-013,RACCORD HYDRAULIQUE [Type: IMPLANT/UNION] [Filetage/Ø Tube] [Matière]
745311106,"""TEE EN INOX DE 3""""X1",HY,HY-RA,RA,HY-RA-TEE-004,RACCORD HYDRAULIQUE [Type: IMPLANT/UNION] [Filetage/Ø Tube] [Matière]
745311230,"""TEE EN INOX DIA 2""""",HY,HY-RA,RA,HY-RA-002-001,RACCORD HYDRAULIQUE [Type: IMPLANT/UNION] [Filetage/Ø Tube] [Matière]
745312003,"TEE GALVANISEE 2""1/2 FILETEE GI TEE 2""1/2 THREADED END",HY,HY-RA,RA,HY-RA-001-014,RACCORD HYDRAULIQUE [Type: IMPLANT/UNION] [Filetage/Ø Tube] [Matière]
745601016,RACCORD UNIONS 1/2,HY,HY-RA,RA,HY-RA-001-015,RACCORD HYDRAULIQUE [Type: IMPLANT/UNION] [Filetage/Ø Tube] [Matière]
745601021,RACCORD UNIONS 3/4,HY,HY-RA,RA,HY-RA-003-004,RACCORD HYDRAULIQUE [Type: IMPLANT/UNION] [Filetage/Ø Tube] [Matière]
745601030,"""RACCORD UNIONS 1""""",HY,HY-RA,RA,HY-RA-RAC-003,RACCORD HYDRAULIQUE [Type: IMPLANT/UNION] [Filetage/Ø Tube] [Matière]
745601040,"""RACCORD UNIONS 2""""",HY,HY-RA,RA,HY-RA-RAC-004,RACCORD HYDRAULIQUE [Type: IMPLANT/UNION] [Filetage/Ø Tube] [Matière]
745601051,"""RACCORD UNIONS 1 1/2""""""""",HY,HY-RA,RA,HY-RA-001-016,RACCORD HYDRAULIQUE [Type: IMPLANT/UNION] [Filetage/Ø Tube] [Matière]
745601076,"""RACCORD UNIONGALVANISE3""""""""",HY,HY-RA,RA,HY-RA-RAC-005,RACCORD HYDRAULIQUE [Type: IMPLANT/UNION] [Filetage/Ø Tube] [Matière]
745601078,"RACCORD 3"" ALUMINIUM",HY,HY-RA,RA,HY-RA-RAC-006,RACCORD HYDRAULIQUE [Type: IMPLANT/UNION] [Filetage/Ø Tube] [Matière]
745601100,RACCORD ALUMINIUM M/F70x63mm,HY,HY-RA,RA,HY-RA-070-001,RACCORD HYDRAULIQUE [Type: IMPLANT/UNION] [Filetage/Ø Tube] [Matière]
745601101,"RACCORD POUR BOUCHE ANTI INCENDIE 2"" 1/2",HY,HY-RA,RA,HY-RA-001-017,RACCORD HYDRAULIQUE [Type: IMPLANT/UNION] [Filetage/Ø Tube] [Matière]
745601107,ENGINE STOP SOLENOID XHQ-PT/I ARRÊT DU MOTEUR XHQ-PT/I,EL,EL-MO,MO,EL-MO-ENG-001,MOTEUR ASYNCHRONE [Puissance/kW] [Vitesse/tr/min] [Fixation] [Tension]
745601230,"""RACCORD UNION INOX 1""""""""",HY,HY-RA,RA,HY-RA-RAC-007,RACCORD HYDRAULIQUE [Type: IMPLANT/UNION] [Filetage/Ø Tube] [Matière]
745601540,"""RACCORD UNION INOX 2""""""""",HY,HY-RA,RA,HY-RA-RAC-008,RACCORD HYDRAULIQUE [Type: IMPLANT/UNION] [Filetage/Ø Tube] [Matière]
745601545,"""RACCORD INOX DIA 4""""""""",HY,HY-RA,RA,HY-RA-004-001,RACCORD HYDRAULIQUE [Type: IMPLANT/UNION] [Filetage/Ø Tube] [Matière]
745601552,"RACCORD SMS DE 3"" SMS UNION 3""",HY,HY-RA,RA,HY-RA-RAC-009,RACCORD HYDRAULIQUE [Type: IMPLANT/UNION] [Filetage/Ø Tube] [Matière]
745601553,"R ACCORD UNION GALVANIS 2""1/2 GI UNION 2""1/2 THREADED END",HY,HY-RA,RA,HY-RA-001-018,RACCORD HYDRAULIQUE [Type: IMPLANT/UNION] [Filetage/Ø Tube] [Matière]
745692248,"TUYAU GALVANISE DE 4""",HY,HY-FL,FL,HY-FL-TUY-013,FLEXIBLE HYDRAULIQUE [type: DN[Diamètre Ø int ] L=[Longueur] [Embouts]
745692250,"TUYAU GALVANISE DE 6""",HY,HY-FL,FL,HY-FL-TUY-014,FLEXIBLE HYDRAULIQUE [type: DN[Diamètre Ø int ] L=[Longueur] [Embouts]
745692251,"TUYAU GALVANISE DE 8""",HY,HY-FL,FL,HY-FL-TUY-015,FLEXIBLE HYDRAULIQUE [type: DN[Diamètre Ø int ] L=[Longueur] [Embouts]
745692252,"TUYAU GALVANISE DE 10""",HY,HY-FL,FL,HY-FL-TUY-016,FLEXIBLE HYDRAULIQUE [type: DN[Diamètre Ø int ] L=[Longueur] [Embouts]
745767016,"""NIPPLES GALV 1/2""""",PN,PN-RA,RA,PN-RA-001-049,RACCORD PNEUMATIQUE [Type: INSTANT/NIPPLE] Ø[Tube] [Filetage]
745767021,"""NIPPLES GALV 3/4""""",PN,PN-RA,RA,PN-RA-003-006,RACCORD PNEUMATIQUE [Type: INSTANT/NIPPLE] Ø[Tube] [Filetage]
745767031,"""NIPPLES GALV 1""""",PN,PN-RA,RA,PN-RA-NPL-007,RACCORD PNEUMATIQUE [Type: INSTANT/NIPPLE] Ø[Tube] [Filetage]
745767051,"""NIPPLES GALV 1 1/2""""""""",PN,PN-RA,RA,PN-RA-001-050,RACCORD PNEUMATIQUE [Type: INSTANT/NIPPLE] Ø[Tube] [Filetage]
745767061,"""NIPPLES GALV 2""""",PN,PN-RA,RA,PN-RA-NPL-008,RACCORD PNEUMATIQUE [Type: INSTANT/NIPPLE] Ø[Tube] [Filetage]
745767062,"NIPPLE GALVANISE DE 3"" GALVANISE NIPPLE 3"" DIA",PN,PN-RA,RA,PN-RA-NPL-009,RACCORD PNEUMATIQUE [Type: INSTANT/NIPPLE] Ø[Tube] [Filetage]
745767067,"NIPPLE INOX DE 3/4"" SS NIPPLE DN 20",PN,PN-RA,RA,PN-RA-003-007,RACCORD PNEUMATIQUE [Type: INSTANT/NIPPLE] Ø[Tube] [Filetage]
745767068,"PVC NIPPLE O 3/4"" PRESSURE  NIPPLE PVC O 3/'4"" FILETE",PN,PN-RA,RA,PN-RA-003-008,RACCORD PNEUMATIQUE [Type: INSTANT/NIPPLE] Ø[Tube] [Filetage]
745768043,"""NIPPLE 3/8"""""""" x 12mm",PN,PN-RA,RA,PN-RA-003-009,RACCORD PNEUMATIQUE [Type: INSTANT/NIPPLE] Ø[Tube] [Filetage]
745768047,"NIPPLE GALVANISE 2""1/745312003",PN,PN-RA,RA,PN-RA-001-051,RACCORD PNEUMATIQUE [Type: INSTANT/NIPPLE] Ø[Tube] [Filetage]
746062246,RECCORD UNION SIZE=5/8''COPPER FOR CHILLERS GEONAIR MOLDING PLANT,HY,HY-RA,RA,HY-RA-005-001,RACCORD HYDRAULIQUE [Type: IMPLANT/UNION] [Filetage/Ø Tube] [Matière]
747903150,RACCORD PVC DIA 50MM,HY,HY-RA,RA,HY-RA-050-001,RACCORD HYDRAULIQUE [Type: IMPLANT/UNION] [Filetage/Ø Tube] [Matière]
747950161,TEE PVC DE 160M,HY,HY-RA,RA,HY-RA-TEE-005,RACCORD HYDRAULIQUE [Type: IMPLANT/UNION] [Filetage/Ø Tube] [Matière]
747953152,TUYAU PVC 110,HY,HY-FL,FL,HY-FL-TUY-017,FLEXIBLE HYDRAULIQUE [type: DN[Diamètre Ø int ] L=[Longueur] [Embouts]
748422359,"ACTUATORWITHBUTTERFLYVALVE3'' 220V,1P, 50HZ AC,10W,50N.M DN-80, PN-60, CI",PN,PN-EV,EV,PN-EV-ACT-001,"ELECTROVANNE PNEU [Fonction: 5/2, 3/2] [Filetage] [Tension Commande]"
748425327,"JOINT EN CAOUTCHOUC DE 6"" RUBBER JOINT DN 150",ME,ME-JO,JO,ME-JO-150-001,JOINT [Type: SPI/O-RING/LEVRE] [Dimensions: IntXExtXEp] [Matière: NBR/FKM]
748425330,JOINT EN CAOUTCHOUC  1.50mm x1.50 mm x 5mm,ME,ME-JO,JO,ME-JO-001-004,JOINT [Type: SPI/O-RING/LEVRE] [Dimensions: IntXExtXEp] [Matière: NBR/FKM]
750526010,FLEXIBLE INCENDIE DSP70/30 MTR,HY,HY-FL,FL,HY-FL-070-001,FLEXIBLE HYDRAULIQUE [type: DN[Diamètre Ø int ] L=[Longueur] [Embouts]
750526014,FLEXIBLE ANTI INCENDIEDN75,HY,HY-FL,FL,HY-FL-075-001,FLEXIBLE HYDRAULIQUE [type: DN[Diamètre Ø int ] L=[Longueur] [Embouts]
750526190,FLEXIBLE POUR ROBINETEQUERRE,HY,HY-FL,FL,HY-FL-FLE-012,FLEXIBLE HYDRAULIQUE [type: DN[Diamètre Ø int ] L=[Longueur] [Embouts]
750526191,FLEXIBLE TELEPHONEDOUCHE,HY,HY-FL,FL,HY-FL-FLE-013,FLEXIBLE HYDRAULIQUE [type: DN[Diamètre Ø int ] L=[Longueur] [Embouts]
750526193,FLEXIBLE MUSULMANE,HY,HY-FL,FL,HY-FL-FLE-014,FLEXIBLE HYDRAULIQUE [type: DN[Diamètre Ø int ] L=[Longueur] [Embouts]
750528216,SOAP DISPENSERDISTRIBUTEUR DE,PN,PN-DI,DI,PN-DI-SOA-001,DISTRIBUTEUR HYDRAULIQUE [Type] [Nbr Voies][Tiroir] [Tension Bobine]
750697205,ROBINET METIGEUR OVIER DE CUSI CUISINE,CS,CS-SC,SC,CS-SC-ROB-001,
756616025,FILTRE A SEDIMENT AVEC BRIDE 1,HY,HY-FI,FI,HY-FI-FIL-046,FILTRE HYDRAULIQUE [Type: RETOUR/ASP] [Seuil/µm] [Raccordement/Débit]
756616050,FILTRE A SEDIMENT AVEC BRIDE 2,HY,HY-FI,FI,HY-FI-FIL-047,FILTRE HYDRAULIQUE [Type: RETOUR/ASP] [Seuil/µm] [Raccordement/Débit]
756616080,FILTRE A SEDIMENT AVEC BRIDE 3,HY,HY-FI,FI,HY-FI-FIL-048,FILTRE HYDRAULIQUE [Type: RETOUR/ASP] [Seuil/µm] [Raccordement/Débit]
756617016,"Filtre Y taraudé inox de 1/2"" / Strainer AISI304 BSP 15NB",HY,HY-FI,FI,HY-FI-001-003,FILTRE HYDRAULIQUE [Type: RETOUR/ASP] [Seuil/µm] [Raccordement/Débit]
756617017,"Filtre Y taraudé inox de 1"" / Strainer AISI304 BSP 25NB",HY,HY-FI,FI,HY-FI-FIL-049,FILTRE HYDRAULIQUE [Type: RETOUR/ASP] [Seuil/µm] [Raccordement/Débit]
756617018,"Filtre Y taraudé inox de 3/4"" / Strainer AISI304 BSP 20NB",HY,HY-FI,FI,HY-FI-003-001,FILTRE HYDRAULIQUE [Type: RETOUR/ASP] [Seuil/µm] [Raccordement/Débit]
756617020,FILTRE A SEDIMENT TARAUDE DIA,HY,HY-FI,FI,HY-FI-FIL-050,FILTRE HYDRAULIQUE [Type: RETOUR/ASP] [Seuil/µm] [Raccordement/Débit]
756617027,FILTRE A VAPEUR WCB 150DE 1 1/,HY,HY-FI,FI,HY-FI-FIL-051,FILTRE HYDRAULIQUE [Type: RETOUR/ASP] [Seuil/µm] [Raccordement/Débit]
756617050,"""FILTRE A VAPEUR WCB 150DE 2""""",HY,HY-FI,FI,HY-FI-FIL-052,FILTRE HYDRAULIQUE [Type: RETOUR/ASP] [Seuil/µm] [Raccordement/Débit]
756618049,"""FILTRE A VAPEUR PN40DIA50MM 2",HY,HY-FI,FI,HY-FI-050-001,FILTRE HYDRAULIQUE [Type: RETOUR/ASP] [Seuil/µm] [Raccordement/Débit]
756618050,"""FILTRE A VAPEUR PN40 3""""""""",HY,HY-FI,FI,HY-FI-FIL-053,FILTRE HYDRAULIQUE [Type: RETOUR/ASP] [Seuil/µm] [Raccordement/Débit]
756618051,"FILTRE Y AVEC BRIDE DE 4"" Y STRAINER FLANGED END 4""",HY,HY-FI,FI,HY-FI-FIL-054,FILTRE HYDRAULIQUE [Type: RETOUR/ASP] [Seuil/µm] [Raccordement/Débit]
757101005,"Purgeur thermostatique de 1/2"" / Thermostatic steam trap 15NB",IN,IN-TE,TE,IN-TE-001-001,SONDE TEMPERATURE [Type: PT100/TC-K] L=[Longueur] Ø[Tige]
757109727,SEAL KIT BALL VALVE DN40 PN10 KIT DE JOINT VANNE DN40 PN 10,ME,ME-JO,JO,ME-JO-040-007,JOINT [Type: SPI/O-RING/LEVRE] [Dimensions: IntXExtXEp] [Matière: NBR/FKM]
757109728,"SEAL KIT OF BALL VALVE 1""PN10 KIT DE JOINT DE VANNE 3"" PN 10",ME,ME-JO,JO,ME-JO-SEA-052,JOINT [Type: SPI/O-RING/LEVRE] [Dimensions: IntXExtXEp] [Matière: NBR/FKM]
757109729,"SEAL KIT OF BALL VALVE 2"" PN10 KIT DE JOINT DE VANNE 3"" PN 10",ME,ME-JO,JO,ME-JO-SEA-053,JOINT [Type: SPI/O-RING/LEVRE] [Dimensions: IntXExtXEp] [Matière: NBR/FKM]
757109730,"SEAL KIT OF BALL VALVE 3"" PN10 KIT DE JOINT DE VANNE 3"" PN10",ME,ME-JO,JO,ME-JO-SEA-054,JOINT [Type: SPI/O-RING/LEVRE] [Dimensions: IntXExtXEp] [Matière: NBR/FKM]
757525016,"CREPINE AVEC BRIDE 2""",CS,CS-EP,EP,CS-EP-CRE-001,
757525017,"CREPINE INOX 1""1/2",CS,CS-EP,EP,CS-EP-001-001,
758864127,"""PNEUMATIC CYLINDER 1""""""""PISTO",PN,PN-VE,VE,PN-VE-CYL-028,VERIN PNEUMATIQUE [Type: ISO/COMPACT] Ø[Alésage]X[Course] [Amortissement]
759558003,POMPE A CONDENSAT 5.5M3/H/ CONDENSATE PUMP 5.5M3/H,HY,HY-PO,PO,HY-PO-005-003,POMPE HYDRAULIQUE [Type:volumetrique/Turbo pompe] [Cylindrée] [Pression Max][type de liquide]
759558004,COMPTEUR DE DEBIT OGDEN PUMP/ FLOW METER FOR OGDEN CONDENSATE PUMP,HY,HY-PO,PO,HY-PO-COM-001,POMPE HYDRAULIQUE [Type:volumetrique/Turbo pompe] [Cylindrée] [Pression Max][type de liquide]
770101716,ROULEMENT 6003-2Z,ME,ME-RO,RO,ME-RO-017-001,ROULEMENT [Type: BILLES/ROULEAUX] [Série/Réf] Ø[Intérieur]XØ[Extérieur]X[Épaisseur] [Flasque/Jeu]
770102013,ROULEMENT 6200,ME,ME-RO,RO,ME-RO-010-001,ROULEMENT [Type: BILLES/ROULEAUX] [Série/Réf] Ø[Intérieur]XØ[Extérieur]X[Épaisseur] [Flasque/Jeu]
770102019,ROULEMENT 6205,ME,ME-RO,RO,ME-RO-025-002,ROULEMENT [Type: BILLES/ROULEAUX] [Série/Réf] Ø[Intérieur]XØ[Extérieur]X[Épaisseur] [Flasque/Jeu]
770102024,ROULEMENT L191/2 ACD,ME,ME-RO,RO,ME-RO-L19-001,ROULEMENT [Type: BILLES/ROULEAUX] [Série/Réf] Ø[Intérieur]XØ[Extérieur]X[Épaisseur] [Flasque/Jeu]
770102035,ROULEMENT 6219,ME,ME-RO,RO,ME-RO-095-001,ROULEMENT [Type: BILLES/ROULEAUX] [Série/Réf] Ø[Intérieur]XØ[Extérieur]X[Épaisseur] [Flasque/Jeu]
770102036,ROULEMENT 6220,ME,ME-RO,RO,ME-RO-100-001,ROULEMENT [Type: BILLES/ROULEAUX] [Série/Réf] Ø[Intérieur]XØ[Extérieur]X[Épaisseur] [Flasque/Jeu]
770102149,ROULEMENT 68149,ME,ME-RO,RO,ME-RO-681-001,ROULEMENT [Type: BILLES/ROULEAUX] [Série/Réf] Ø[Intérieur]XØ[Extérieur]X[Épaisseur] [Flasque/Jeu]
770102713,ROULEMENT 6200-2Z,ME,ME-RO,RO,ME-RO-010-002,ROULEMENT [Type: BILLES/ROULEAUX] [Série/Réf] Ø[Intérieur]XØ[Extérieur]X[Épaisseur] [Flasque/Jeu]
770102714,ROULEMENT 6201-2Z,ME,ME-RO,RO,ME-RO-012-001,ROULEMENT [Type: BILLES/ROULEAUX] [Série/Réf] Ø[Intérieur]XØ[Extérieur]X[Épaisseur] [Flasque/Jeu]
770102715,ROULEMENT 6202-2Z,ME,ME-RO,RO,ME-RO-015-001,ROULEMENT [Type: BILLES/ROULEAUX] [Série/Réf] Ø[Intérieur]XØ[Extérieur]X[Épaisseur] [Flasque/Jeu]
770102716,ROULEMENT 6203-2Z,ME,ME-RO,RO,ME-RO-017-002,ROULEMENT [Type: BILLES/ROULEAUX] [Série/Réf] Ø[Intérieur]XØ[Extérieur]X[Épaisseur] [Flasque/Jeu]
770102717,ROULEMENT 6204-2Z,ME,ME-RO,RO,ME-RO-020-001,ROULEMENT [Type: BILLES/ROULEAUX] [Série/Réf] Ø[Intérieur]XØ[Extérieur]X[Épaisseur] [Flasque/Jeu]
770102719,ROULEMENT 6205-2Z,ME,ME-RO,RO,ME-RO-025-003,ROULEMENT [Type: BILLES/ROULEAUX] [Série/Réf] Ø[Intérieur]XØ[Extérieur]X[Épaisseur] [Flasque/Jeu]
770102721,ROULEMENT 6206-2Z,ME,ME-RO,RO,ME-RO-030-001,ROULEMENT [Type: BILLES/ROULEAUX] [Série/Réf] Ø[Intérieur]XØ[Extérieur]X[Épaisseur] [Flasque/Jeu]
770102723,ROULEMENT 6207-2Z,ME,ME-RO,RO,ME-RO-035-004,ROULEMENT [Type: BILLES/ROULEAUX] [Série/Réf] Ø[Intérieur]XØ[Extérieur]X[Épaisseur] [Flasque/Jeu]
770102724,ROULEMENT 6208-2Z,ME,ME-RO,RO,ME-RO-040-001,ROULEMENT [Type: BILLES/ROULEAUX] [Série/Réf] Ø[Intérieur]XØ[Extérieur]X[Épaisseur] [Flasque/Jeu]
770102725,ROULEMENT 6209-2Z,ME,ME-RO,RO,ME-RO-045-002,ROULEMENT [Type: BILLES/ROULEAUX] [Série/Réf] Ø[Intérieur]XØ[Extérieur]X[Épaisseur] [Flasque/Jeu]
770102726,ROULEMENT 6307/C3 BEARING 6307 C3,ME,ME-RO,RO,ME-RO-035-005,ROULEMENT [Type: BILLES/ROULEAUX] [Série/Réf] Ø[Intérieur]XØ[Extérieur]X[Épaisseur] [Flasque/Jeu]
770102728,ROULEMENT 6212-2Z,ME,ME-RO,RO,ME-RO-060-001,ROULEMENT [Type: BILLES/ROULEAUX] [Série/Réf] Ø[Intérieur]XØ[Extérieur]X[Épaisseur] [Flasque/Jeu]
770102729,ROULEMENT 6213-2Z,ME,ME-RO,RO,ME-RO-065-002,ROULEMENT [Type: BILLES/ROULEAUX] [Série/Réf] Ø[Intérieur]XØ[Extérieur]X[Épaisseur] [Flasque/Jeu]
770102730,ROULEMENT 6214-2Z,ME,ME-RO,RO,ME-RO-070-001,ROULEMENT [Type: BILLES/ROULEAUX] [Série/Réf] Ø[Intérieur]XØ[Extérieur]X[Épaisseur] [Flasque/Jeu]
770102731,ROULEMENT 6217-2Z,ME,ME-RO,RO,ME-RO-085-001,ROULEMENT [Type: BILLES/ROULEAUX] [Série/Réf] Ø[Intérieur]XØ[Extérieur]X[Épaisseur] [Flasque/Jeu]
770102733,ROULEMENT 6215 2Z,ME,ME-RO,RO,ME-RO-075-001,ROULEMENT [Type: BILLES/ROULEAUX] [Série/Réf] Ø[Intérieur]XØ[Extérieur]X[Épaisseur] [Flasque/Jeu]
770102735,INSERT BALL BEARING UC 204,ME,ME-RO,RO,ME-RO-204-001,ROULEMENT [Type: BILLES/ROULEAUX] [Série/Réf] Ø[Intérieur]XØ[Extérieur]X[Épaisseur] [Flasque/Jeu]
770102739,ROULEMENT 30212 J2/Q,ME,ME-RO,RO,ME-RO-302-002,ROULEMENT [Type: BILLES/ROULEAUX] [Série/Réf] Ø[Intérieur]XØ[Extérieur]X[Épaisseur] [Flasque/Jeu]
770102740,ROULEMENT 30306 J2/Q,ME,ME-RO,RO,ME-RO-303-002,ROULEMENT [Type: BILLES/ROULEAUX] [Série/Réf] Ø[Intérieur]XØ[Extérieur]X[Épaisseur] [Flasque/Jeu]
770102741,BEARING 6910-2Z,ME,ME-RO,RO,ME-RO-050-002,ROULEMENT [Type: BILLES/ROULEAUX] [Série/Réf] Ø[Intérieur]XØ[Extérieur]X[Épaisseur] [Flasque/Jeu]
770102745,ROULEMENT 3203A-2RS BALL BEARING 3203A-2RS GENERAL ITEM,ME,ME-RO,RO,ME-RO-320-005,ROULEMENT [Type: BILLES/ROULEAUX] [Série/Réf] Ø[Intérieur]XØ[Extérieur]X[Épaisseur] [Flasque/Jeu]
770102746,ROULEMENT TAPPER ROLLER 33010 BEARING TAPPER ROLLER 33010 GENERAL ITEM,ME,ME-RO,RO,ME-RO-330-001,ROULEMENT [Type: BILLES/ROULEAUX] [Série/Réf] Ø[Intérieur]XØ[Extérieur]X[Épaisseur] [Flasque/Jeu]
770102747,ROULEMENT NU 217 ECP / BEARING NU 217 ECP,ME,ME-RO,RO,ME-RO-217-001,ROULEMENT [Type: BILLES/ROULEAUX] [Série/Réf] Ø[Intérieur]XØ[Extérieur]X[Épaisseur] [Flasque/Jeu]
770102914,ROULEMENT 6201-2RS1,ME,ME-RO,RO,ME-RO-012-002,ROULEMENT [Type: BILLES/ROULEAUX] [Série/Réf] Ø[Intérieur]XØ[Extérieur]X[Épaisseur] [Flasque/Jeu]
770102923,ROULEMENT 6207-2RS1,ME,ME-RO,RO,ME-RO-035-006,ROULEMENT [Type: BILLES/ROULEAUX] [Série/Réf] Ø[Intérieur]XØ[Extérieur]X[Épaisseur] [Flasque/Jeu]
770102926,ROULEMENT 6210-2RS1,ME,ME-RO,RO,ME-RO-050-003,ROULEMENT [Type: BILLES/ROULEAUX] [Série/Réf] Ø[Intérieur]XØ[Extérieur]X[Épaisseur] [Flasque/Jeu]
770102927,ROULEMENT 6211-2RS1,ME,ME-RO,RO,ME-RO-055-002,ROULEMENT [Type: BILLES/ROULEAUX] [Série/Réf] Ø[Intérieur]XØ[Extérieur]X[Épaisseur] [Flasque/Jeu]
770102932,ROULEMENT 6216 2RS180X140/26,ME,ME-RO,RO,ME-RO-080-001,ROULEMENT [Type: BILLES/ROULEAUX] [Série/Réf] Ø[Intérieur]XØ[Extérieur]X[Épaisseur] [Flasque/Jeu]
770103013,ROULEMENT 6300,ME,ME-RO,RO,ME-RO-010-003,ROULEMENT [Type: BILLES/ROULEAUX] [Série/Réf] Ø[Intérieur]XØ[Extérieur]X[Épaisseur] [Flasque/Jeu]
770103014,ROULEMENT 6301,ME,ME-RO,RO,ME-RO-012-003,ROULEMENT [Type: BILLES/ROULEAUX] [Série/Réf] Ø[Intérieur]XØ[Extérieur]X[Épaisseur] [Flasque/Jeu]
770103025,ROULEMENT 6309,ME,ME-RO,RO,ME-RO-045-003,ROULEMENT [Type: BILLES/ROULEAUX] [Série/Réf] Ø[Intérieur]XØ[Extérieur]X[Épaisseur] [Flasque/Jeu]
770103028,ROULEMENT 6312,ME,ME-RO,RO,ME-RO-060-002,ROULEMENT [Type: BILLES/ROULEAUX] [Série/Réf] Ø[Intérieur]XØ[Extérieur]X[Épaisseur] [Flasque/Jeu]
770103033,ROULEMENT 6317,ME,ME-RO,RO,ME-RO-085-002,ROULEMENT [Type: BILLES/ROULEAUX] [Série/Réf] Ø[Intérieur]XØ[Extérieur]X[Épaisseur] [Flasque/Jeu]
770103035,ROULEMENT 6319,ME,ME-RO,RO,ME-RO-095-002,ROULEMENT [Type: BILLES/ROULEAUX] [Série/Réf] Ø[Intérieur]XØ[Extérieur]X[Épaisseur] [Flasque/Jeu]
770103036,ROULEMENT 6320,ME,ME-RO,RO,ME-RO-100-002,ROULEMENT [Type: BILLES/ROULEAUX] [Série/Réf] Ø[Intérieur]XØ[Extérieur]X[Épaisseur] [Flasque/Jeu]
770103713,ROULEMENT 6300-2Z,ME,ME-RO,RO,ME-RO-010-004,ROULEMENT [Type: BILLES/ROULEAUX] [Série/Réf] Ø[Intérieur]XØ[Extérieur]X[Épaisseur] [Flasque/Jeu]
770103715,ROULEMENT 6302-2Z,ME,ME-RO,RO,ME-RO-015-002,ROULEMENT [Type: BILLES/ROULEAUX] [Série/Réf] Ø[Intérieur]XØ[Extérieur]X[Épaisseur] [Flasque/Jeu]
770103716,ROULEMENT 6303-2Z,ME,ME-RO,RO,ME-RO-017-003,ROULEMENT [Type: BILLES/ROULEAUX] [Série/Réf] Ø[Intérieur]XØ[Extérieur]X[Épaisseur] [Flasque/Jeu]
770103717,ROULEMENT 6304-2Z,ME,ME-RO,RO,ME-RO-020-002,ROULEMENT [Type: BILLES/ROULEAUX] [Série/Réf] Ø[Intérieur]XØ[Extérieur]X[Épaisseur] [Flasque/Jeu]
770103719,ROULEMENT 6305-2Z,ME,ME-RO,RO,ME-RO-025-004,ROULEMENT [Type: BILLES/ROULEAUX] [Série/Réf] Ø[Intérieur]XØ[Extérieur]X[Épaisseur] [Flasque/Jeu]
770103721,ROULEMENT 6306-2Z,ME,ME-RO,RO,ME-RO-030-002,ROULEMENT [Type: BILLES/ROULEAUX] [Série/Réf] Ø[Intérieur]XØ[Extérieur]X[Épaisseur] [Flasque/Jeu]
770103723,ROULEMENT 6307-2Z,ME,ME-RO,RO,ME-RO-035-007,ROULEMENT [Type: BILLES/ROULEAUX] [Série/Réf] Ø[Intérieur]XØ[Extérieur]X[Épaisseur] [Flasque/Jeu]
770103724,ROULEMENT 6308-2Z,ME,ME-RO,RO,ME-RO-040-002,ROULEMENT [Type: BILLES/ROULEAUX] [Série/Réf] Ø[Intérieur]XØ[Extérieur]X[Épaisseur] [Flasque/Jeu]
770103725,ROULEMENT 6309-2Z,ME,ME-RO,RO,ME-RO-045-004,ROULEMENT [Type: BILLES/ROULEAUX] [Série/Réf] Ø[Intérieur]XØ[Extérieur]X[Épaisseur] [Flasque/Jeu]
770103726,ROULEMENT 6310-ZZ,ME,ME-RO,RO,ME-RO-050-004,ROULEMENT [Type: BILLES/ROULEAUX] [Série/Réf] Ø[Intérieur]XØ[Extérieur]X[Épaisseur] [Flasque/Jeu]
770103728,ROULEMENT 6312-2Z,ME,ME-RO,RO,ME-RO-060-003,ROULEMENT [Type: BILLES/ROULEAUX] [Série/Réf] Ø[Intérieur]XØ[Extérieur]X[Épaisseur] [Flasque/Jeu]
770103729,ROULEMENT 6313-2Z,ME,ME-RO,RO,ME-RO-065-003,ROULEMENT [Type: BILLES/ROULEAUX] [Série/Réf] Ø[Intérieur]XØ[Extérieur]X[Épaisseur] [Flasque/Jeu]
770103730,ROULEMENT 6314-2Z,ME,ME-RO,RO,ME-RO-070-002,ROULEMENT [Type: BILLES/ROULEAUX] [Série/Réf] Ø[Intérieur]XØ[Extérieur]X[Épaisseur] [Flasque/Jeu]
770103738,ROULEMENT 6315-2Z,ME,ME-RO,RO,ME-RO-075-002,ROULEMENT [Type: BILLES/ROULEAUX] [Série/Réf] Ø[Intérieur]XØ[Extérieur]X[Épaisseur] [Flasque/Jeu]
770103741,ROULEMENT 6316 2RS1,ME,ME-RO,RO,ME-RO-080-002,ROULEMENT [Type: BILLES/ROULEAUX] [Série/Réf] Ø[Intérieur]XØ[Extérieur]X[Épaisseur] [Flasque/Jeu]
770103742,ROULEMENT SKF 6030-2RS1,ME,ME-RO,RO,ME-RO-150-001,ROULEMENT [Type: BILLES/ROULEAUX] [Série/Réf] Ø[Intérieur]XØ[Extérieur]X[Épaisseur] [Flasque/Jeu]
770103743,ROULEMENT SKF 6021-2RS1,ME,ME-RO,RO,ME-RO-105-001,ROULEMENT [Type: BILLES/ROULEAUX] [Série/Réf] Ø[Intérieur]XØ[Extérieur]X[Épaisseur] [Flasque/Jeu]
770103744,ROULEMENT FAG 20206 K.T.C3,ME,ME-RO,RO,ME-RO-202-001,ROULEMENT [Type: BILLES/ROULEAUX] [Série/Réf] Ø[Intérieur]XØ[Extérieur]X[Épaisseur] [Flasque/Jeu]
770103745,ROULEMENT SKF 6012-2RS,ME,ME-RO,RO,ME-RO-060-004,ROULEMENT [Type: BILLES/ROULEAUX] [Série/Réf] Ø[Intérieur]XØ[Extérieur]X[Épaisseur] [Flasque/Jeu]
770103746,BEARING 30317 2GD,ME,ME-RO,RO,ME-RO-303-003,ROULEMENT [Type: BILLES/ROULEAUX] [Série/Réf] Ø[Intérieur]XØ[Extérieur]X[Épaisseur] [Flasque/Jeu]
770103817,ROULEMENT 6302 2RS1,ME,ME-RO,RO,ME-RO-015-003,ROULEMENT [Type: BILLES/ROULEAUX] [Série/Réf] Ø[Intérieur]XØ[Extérieur]X[Épaisseur] [Flasque/Jeu]
770103917,ROULEMENT 6304-2RSI,ME,ME-RO,RO,ME-RO-020-003,ROULEMENT [Type: BILLES/ROULEAUX] [Série/Réf] Ø[Intérieur]XØ[Extérieur]X[Épaisseur] [Flasque/Jeu]
770103919,ROULEMENT 6305-2RS,ME,ME-RO,RO,ME-RO-025-005,ROULEMENT [Type: BILLES/ROULEAUX] [Série/Réf] Ø[Intérieur]XØ[Extérieur]X[Épaisseur] [Flasque/Jeu]
770103923,ROULEMENT 6307-2RS,ME,ME-RO,RO,ME-RO-035-008,ROULEMENT [Type: BILLES/ROULEAUX] [Série/Réf] Ø[Intérieur]XØ[Extérieur]X[Épaisseur] [Flasque/Jeu]
770103924,ROULEMENT 6308-2RS,ME,ME-RO,RO,ME-RO-040-003,ROULEMENT [Type: BILLES/ROULEAUX] [Série/Réf] Ø[Intérieur]XØ[Extérieur]X[Épaisseur] [Flasque/Jeu]
770103926,ROULEMENT 6310-2RS,ME,ME-RO,RO,ME-RO-050-005,ROULEMENT [Type: BILLES/ROULEAUX] [Série/Réf] Ø[Intérieur]XØ[Extérieur]X[Épaisseur] [Flasque/Jeu]
770103927,ROULEMENT 6311 2RS155X120/29,ME,ME-RO,RO,ME-RO-055-003,ROULEMENT [Type: BILLES/ROULEAUX] [Série/Réf] Ø[Intérieur]XØ[Extérieur]X[Épaisseur] [Flasque/Jeu]
770103931,SINGLE RAWBALL BEARING 6405,ME,ME-RO,RO,ME-RO-025-006,ROULEMENT [Type: BILLES/ROULEAUX] [Série/Réf] Ø[Intérieur]XØ[Extérieur]X[Épaisseur] [Flasque/Jeu]
770103932,ROULEMENT 6311-2Z 120X29X55,ME,ME-RO,RO,ME-RO-055-004,ROULEMENT [Type: BILLES/ROULEAUX] [Série/Réf] Ø[Intérieur]XØ[Extérieur]X[Épaisseur] [Flasque/Jeu]
770104021,BEARING N 206 MA,ME,ME-RO,RO,ME-RO-206-002,ROULEMENT [Type: BILLES/ROULEAUX] [Série/Réf] Ø[Intérieur]XØ[Extérieur]X[Épaisseur] [Flasque/Jeu]
770104022,BALL BEARING HYDRA 54310110 ROULEMENT HYDRA 54310110,ME,ME-RO,RO,ME-RO-543-001,ROULEMENT [Type: BILLES/ROULEAUX] [Série/Réf] Ø[Intérieur]XØ[Extérieur]X[Épaisseur] [Flasque/Jeu]
770104023,ROULEMENT 6407,ME,ME-RO,RO,ME-RO-035-009,ROULEMENT [Type: BILLES/ROULEAUX] [Série/Réf] Ø[Intérieur]XØ[Extérieur]X[Épaisseur] [Flasque/Jeu]
770104024,BEARING 6411 SKF FOR KEMFLOW PUMP EQUALENT TO NS 411,ME,ME-RO,RO,ME-RO-411-001,ROULEMENT [Type: BILLES/ROULEAUX] [Série/Réf] Ø[Intérieur]XØ[Extérieur]X[Épaisseur] [Flasque/Jeu]
770104032,ROULEMENT RNA 6904,ME,ME-RO,RO,ME-RO-020-004,ROULEMENT [Type: BILLES/ROULEAUX] [Série/Réf] Ø[Intérieur]XØ[Extérieur]X[Épaisseur] [Flasque/Jeu]
770104034,ROULEMENT RNA 6905,ME,ME-RO,RO,ME-RO-025-007,ROULEMENT [Type: BILLES/ROULEAUX] [Série/Réf] Ø[Intérieur]XØ[Extérieur]X[Épaisseur] [Flasque/Jeu]
770104035,ROULEMENT HR 3212C,ME,ME-RO,RO,ME-RO-321-001,ROULEMENT [Type: BILLES/ROULEAUX] [Série/Réf] Ø[Intérieur]XØ[Extérieur]X[Épaisseur] [Flasque/Jeu]
770104036,ROULEMENT 31310A,ME,ME-RO,RO,ME-RO-313-001,ROULEMENT [Type: BILLES/ROULEAUX] [Série/Réf] Ø[Intérieur]XØ[Extérieur]X[Épaisseur] [Flasque/Jeu]
770104037,THRUST BEARING 29422 E,ME,ME-RO,RO,ME-RO-294-002,ROULEMENT [Type: BILLES/ROULEAUX] [Série/Réf] Ø[Intérieur]XØ[Extérieur]X[Épaisseur] [Flasque/Jeu]
770104038,BEARINGS 23124,ME,ME-RO,RO,ME-RO-231-001,ROULEMENT [Type: BILLES/ROULEAUX] [Série/Réf] Ø[Intérieur]XØ[Extérieur]X[Épaisseur] [Flasque/Jeu]
770104039,BEARINGS SKF NJ 222 ECP,ME,ME-RO,RO,ME-RO-222-004,ROULEMENT [Type: BILLES/ROULEAUX] [Série/Réf] Ø[Intérieur]XØ[Extérieur]X[Épaisseur] [Flasque/Jeu]
770104040,BEARINGS RNA 4915,ME,ME-RO,RO,ME-RO-491-001,ROULEMENT [Type: BILLES/ROULEAUX] [Série/Réf] Ø[Intérieur]XØ[Extérieur]X[Épaisseur] [Flasque/Jeu]
770104041,BEARINGS  22312,ME,ME-RO,RO,ME-RO-223-002,ROULEMENT [Type: BILLES/ROULEAUX] [Série/Réf] Ø[Intérieur]XØ[Extérieur]X[Épaisseur] [Flasque/Jeu]
770104042,BEARINGS  RNA 4822,ME,ME-RO,RO,ME-RO-482-002,ROULEMENT [Type: BILLES/ROULEAUX] [Série/Réf] Ø[Intérieur]XØ[Extérieur]X[Épaisseur] [Flasque/Jeu]
770104043,BEARINGS  22316 E,ME,ME-RO,RO,ME-RO-223-003,ROULEMENT [Type: BILLES/ROULEAUX] [Série/Réf] Ø[Intérieur]XØ[Extérieur]X[Épaisseur] [Flasque/Jeu]
770104044,BEARINGS  SKF NJ 228 ECJ,ME,ME-RO,RO,ME-RO-228-001,ROULEMENT [Type: BILLES/ROULEAUX] [Série/Réf] Ø[Intérieur]XØ[Extérieur]X[Épaisseur] [Flasque/Jeu]
770104045,BEARINGS  22228 / CC W33,ME,ME-RO,RO,ME-RO-222-005,ROULEMENT [Type: BILLES/ROULEAUX] [Série/Réf] Ø[Intérieur]XØ[Extérieur]X[Épaisseur] [Flasque/Jeu]
770104046,BEARINGS  22320 E,ME,ME-RO,RO,ME-RO-223-004,ROULEMENT [Type: BILLES/ROULEAUX] [Série/Réf] Ø[Intérieur]XØ[Extérieur]X[Épaisseur] [Flasque/Jeu]
770104047,THRUST BEARING 29428 E,ME,ME-RO,RO,ME-RO-294-003,ROULEMENT [Type: BILLES/ROULEAUX] [Série/Réf] Ø[Intérieur]XØ[Extérieur]X[Épaisseur] [Flasque/Jeu]
770104050,ROULEMENT 3309,ME,ME-RO,RO,ME-RO-045-005,ROULEMENT [Type: BILLES/ROULEAUX] [Série/Réf] Ø[Intérieur]XØ[Extérieur]X[Épaisseur] [Flasque/Jeu]
770104052,ROULEMENT 23120 CC,ME,ME-RO,RO,ME-RO-231-002,ROULEMENT [Type: BILLES/ROULEAUX] [Série/Réf] Ø[Intérieur]XØ[Extérieur]X[Épaisseur] [Flasque/Jeu]
770104053,ROULEMENT 29318 E,ME,ME-RO,RO,ME-RO-293-001,ROULEMENT [Type: BILLES/ROULEAUX] [Série/Réf] Ø[Intérieur]XØ[Extérieur]X[Épaisseur] [Flasque/Jeu]
770104054,ROULEMENT 3310,ME,ME-RO,RO,ME-RO-050-006,ROULEMENT [Type: BILLES/ROULEAUX] [Série/Réf] Ø[Intérieur]XØ[Extérieur]X[Épaisseur] [Flasque/Jeu]
770104055,ROULEMENT 33213,ME,ME-RO,RO,ME-RO-332-004,ROULEMENT [Type: BILLES/ROULEAUX] [Série/Réf] Ø[Intérieur]XØ[Extérieur]X[Épaisseur] [Flasque/Jeu]
770104056,ROULEMENT 32311,ME,ME-RO,RO,ME-RO-323-004,ROULEMENT [Type: BILLES/ROULEAUX] [Série/Réf] Ø[Intérieur]XØ[Extérieur]X[Épaisseur] [Flasque/Jeu]
770104057,ROULEMENT 32226,ME,ME-RO,RO,ME-RO-322-002,ROULEMENT [Type: BILLES/ROULEAUX] [Série/Réf] Ø[Intérieur]XØ[Extérieur]X[Épaisseur] [Flasque/Jeu]
770104058,ROULEMENT 29252 E1,ME,ME-RO,RO,ME-RO-292-001,ROULEMENT [Type: BILLES/ROULEAUX] [Série/Réf] Ø[Intérieur]XØ[Extérieur]X[Épaisseur] [Flasque/Jeu]
770110021,ROULEMENT 6006,ME,ME-RO,RO,ME-RO-030-003,ROULEMENT [Type: BILLES/ROULEAUX] [Série/Réf] Ø[Intérieur]XØ[Extérieur]X[Épaisseur] [Flasque/Jeu]
770110036,ROULEMENT 6020,ME,ME-RO,RO,ME-RO-100-003,ROULEMENT [Type: BILLES/ROULEAUX] [Série/Réf] Ø[Intérieur]XØ[Extérieur]X[Épaisseur] [Flasque/Jeu]
770110711,ROULEMENT 608-2Z,ME,ME-RO,RO,ME-RO-608-001,ROULEMENT [Type: BILLES/ROULEAUX] [Série/Réf] Ø[Intérieur]XØ[Extérieur]X[Épaisseur] [Flasque/Jeu]
770110712,ROULEMENT 626-2Z,ME,ME-RO,RO,ME-RO-626-001,ROULEMENT [Type: BILLES/ROULEAUX] [Série/Réf] Ø[Intérieur]XØ[Extérieur]X[Épaisseur] [Flasque/Jeu]
770110713,ROULEMENT 6000-2Z,ME,ME-RO,RO,ME-RO-010-005,ROULEMENT [Type: BILLES/ROULEAUX] [Série/Réf] Ø[Intérieur]XØ[Extérieur]X[Épaisseur] [Flasque/Jeu]
770110714,ROULEMENT 6001-2Z,ME,ME-RO,RO,ME-RO-012-004,ROULEMENT [Type: BILLES/ROULEAUX] [Série/Réf] Ø[Intérieur]XØ[Extérieur]X[Épaisseur] [Flasque/Jeu]
770110715,ROULEMENT 6002-2Z,ME,ME-RO,RO,ME-RO-015-004,ROULEMENT [Type: BILLES/ROULEAUX] [Série/Réf] Ø[Intérieur]XØ[Extérieur]X[Épaisseur] [Flasque/Jeu]
770110717,ROULEMENT 6004-2Z,ME,ME-RO,RO,ME-RO-020-005,ROULEMENT [Type: BILLES/ROULEAUX] [Série/Réf] Ø[Intérieur]XØ[Extérieur]X[Épaisseur] [Flasque/Jeu]
770110719,ROULEMENT 6005-2Z,ME,ME-RO,RO,ME-RO-025-008,ROULEMENT [Type: BILLES/ROULEAUX] [Série/Réf] Ø[Intérieur]XØ[Extérieur]X[Épaisseur] [Flasque/Jeu]
770110721,ROULEMENT 6006-2Z,ME,ME-RO,RO,ME-RO-030-004,ROULEMENT [Type: BILLES/ROULEAUX] [Série/Réf] Ø[Intérieur]XØ[Extérieur]X[Épaisseur] [Flasque/Jeu]
770110722,ROULEMENT 6007-2Z,ME,ME-RO,RO,ME-RO-035-010,ROULEMENT [Type: BILLES/ROULEAUX] [Série/Réf] Ø[Intérieur]XØ[Extérieur]X[Épaisseur] [Flasque/Jeu]
770110724,ROULEMENT 6008-2Z,ME,ME-RO,RO,ME-RO-040-004,ROULEMENT [Type: BILLES/ROULEAUX] [Série/Réf] Ø[Intérieur]XØ[Extérieur]X[Épaisseur] [Flasque/Jeu]
770110726,ROULEMENT 6010-2Z,ME,ME-RO,RO,ME-RO-050-007,ROULEMENT [Type: BILLES/ROULEAUX] [Série/Réf] Ø[Intérieur]XØ[Extérieur]X[Épaisseur] [Flasque/Jeu]
770110731,ROULEMENT 6014-2Z,ME,ME-RO,RO,ME-RO-070-003,ROULEMENT [Type: BILLES/ROULEAUX] [Série/Réf] Ø[Intérieur]XØ[Extérieur]X[Épaisseur] [Flasque/Jeu]
770110732,ROLLEMENT SKF 61802 -2z APPLICATOR SLEEVING MACHINE  MOTOR COSMATIC PLANT,EL,EL-MO,MO,EL-MO-ROL-001,MOTEUR ASYNCHRONE [Puissance/kW] [Vitesse/tr/min] [Fixation] [Tension]
770110925,ROULEMENT 6009-2RS1,ME,ME-RO,RO,ME-RO-045-006,ROULEMENT [Type: BILLES/ROULEAUX] [Série/Réf] Ø[Intérieur]XØ[Extérieur]X[Épaisseur] [Flasque/Jeu]
770189210,ROULEMENT AUTOMATICLUBRICATOR,ME,ME-RO,RO,ME-RO-ROU-007,ROULEMENT [Type: BILLES/ROULEAUX] [Série/Réf] Ø[Intérieur]XØ[Extérieur]X[Épaisseur] [Flasque/Jeu]
770189211,ROULEMENT MB11,ME,ME-RO,RO,ME-RO-MB1-001,ROULEMENT [Type: BILLES/ROULEAUX] [Série/Réf] Ø[Intérieur]XØ[Extérieur]X[Épaisseur] [Flasque/Jeu]
770189213,ROULEMENT MB13,ME,ME-RO,RO,ME-RO-MB1-002,ROULEMENT [Type: BILLES/ROULEAUX] [Série/Réf] Ø[Intérieur]XØ[Extérieur]X[Épaisseur] [Flasque/Jeu]
770189221,ROULEMENT MB21,ME,ME-RO,RO,ME-RO-MB2-001,ROULEMENT [Type: BILLES/ROULEAUX] [Série/Réf] Ø[Intérieur]XØ[Extérieur]X[Épaisseur] [Flasque/Jeu]
770189228,ROULEMENT MB28,ME,ME-RO,RO,ME-RO-MB2-002,ROULEMENT [Type: BILLES/ROULEAUX] [Série/Réf] Ø[Intérieur]XØ[Extérieur]X[Épaisseur] [Flasque/Jeu]
770189246,ROULEMENT ADAPTER SLEV MB 36,ME,ME-RO,RO,ME-RO-360-001,ROULEMENT [Type: BILLES/ROULEAUX] [Série/Réf] Ø[Intérieur]XØ[Extérieur]X[Épaisseur] [Flasque/Jeu]
770193028,ROULEMENT RLS 20,ME,ME-RO,RO,ME-RO-200-003,ROULEMENT [Type: BILLES/ROULEAUX] [Série/Réf] Ø[Intérieur]XØ[Extérieur]X[Épaisseur] [Flasque/Jeu]
770196030,ROULEMENT CRM 22A   SKF,ME,ME-RO,RO,ME-RO-22A-001,ROULEMENT [Type: BILLES/ROULEAUX] [Série/Réf] Ø[Intérieur]XØ[Extérieur]X[Épaisseur] [Flasque/Jeu]
770222027,ROULEMENT 4214,ME,ME-RO,RO,ME-RO-421-001,ROULEMENT [Type: BILLES/ROULEAUX] [Série/Réf] Ø[Intérieur]XØ[Extérieur]X[Épaisseur] [Flasque/Jeu]
770223017,ROULEMENT NA 4900,ME,ME-RO,RO,ME-RO-490-003,ROULEMENT [Type: BILLES/ROULEAUX] [Série/Réf] Ø[Intérieur]XØ[Extérieur]X[Épaisseur] [Flasque/Jeu]
770223025,ROULEMENT NA 4906 RS,ME,ME-RO,RO,ME-RO-490-004,ROULEMENT [Type: BILLES/ROULEAUX] [Série/Réf] Ø[Intérieur]XØ[Extérieur]X[Épaisseur] [Flasque/Jeu]
770303916,ROULEMENT 63003 2RS1,ME,ME-RO,RO,ME-RO-630-001,ROULEMENT [Type: BILLES/ROULEAUX] [Série/Réf] Ø[Intérieur]XØ[Extérieur]X[Épaisseur] [Flasque/Jeu]
770401011,ROULEMENT NU 1011 ECP,ME,ME-RO,RO,ME-RO-101-001,ROULEMENT [Type: BILLES/ROULEAUX] [Série/Réf] Ø[Intérieur]XØ[Extérieur]X[Épaisseur] [Flasque/Jeu]
770402022,ROULEMENT 1205 ETN9,ME,ME-RO,RO,ME-RO-120-001,ROULEMENT [Type: BILLES/ROULEAUX] [Série/Réf] Ø[Intérieur]XØ[Extérieur]X[Épaisseur] [Flasque/Jeu]
770402025,ROULEMENT NU 2209 ECP,ME,ME-RO,RO,ME-RO-045-007,ROULEMENT [Type: BILLES/ROULEAUX] [Série/Réf] Ø[Intérieur]XØ[Extérieur]X[Épaisseur] [Flasque/Jeu]
770402026,ROULEMENT 1210 EKTN9,ME,ME-RO,RO,ME-RO-121-002,ROULEMENT [Type: BILLES/ROULEAUX] [Série/Réf] Ø[Intérieur]XØ[Extérieur]X[Épaisseur] [Flasque/Jeu]
770402028,ROULEMENT 1212,ME,ME-RO,RO,ME-RO-121-003,ROULEMENT [Type: BILLES/ROULEAUX] [Série/Réf] Ø[Intérieur]XØ[Extérieur]X[Épaisseur] [Flasque/Jeu]
770422012,ROULEMENT NJ 2205,ME,ME-RO,RO,ME-RO-025-009,ROULEMENT [Type: BILLES/ROULEAUX] [Série/Réf] Ø[Intérieur]XØ[Extérieur]X[Épaisseur] [Flasque/Jeu]
770422023,ROULEMENT 2207 ETN9,ME,ME-RO,RO,ME-RO-035-011,ROULEMENT [Type: BILLES/ROULEAUX] [Série/Réf] Ø[Intérieur]XØ[Extérieur]X[Épaisseur] [Flasque/Jeu]
770422025,ROULEMENT 2201 ETN9,ME,ME-RO,RO,ME-RO-012-005,ROULEMENT [Type: BILLES/ROULEAUX] [Série/Réf] Ø[Intérieur]XØ[Extérieur]X[Épaisseur] [Flasque/Jeu]
770422026,ROULEMENT 2210 ETN9,ME,ME-RO,RO,ME-RO-050-008,ROULEMENT [Type: BILLES/ROULEAUX] [Série/Réf] Ø[Intérieur]XØ[Extérieur]X[Épaisseur] [Flasque/Jeu]
770422029,ROULEMENT 2213 ETN9,ME,ME-RO,RO,ME-RO-065-004,ROULEMENT [Type: BILLES/ROULEAUX] [Série/Réf] Ø[Intérieur]XØ[Extérieur]X[Épaisseur] [Flasque/Jeu]
770423031,ROULEMENT 1215K,ME,ME-RO,RO,ME-RO-121-004,ROULEMENT [Type: BILLES/ROULEAUX] [Série/Réf] Ø[Intérieur]XØ[Extérieur]X[Épaisseur] [Flasque/Jeu]
770502012,ROULEMENT 7212/72487/2Q,ME,ME-RO,RO,ME-RO-721-001,ROULEMENT [Type: BILLES/ROULEAUX] [Série/Réf] Ø[Intérieur]XØ[Extérieur]X[Épaisseur] [Flasque/Jeu]
770502022,ROULEMENT 7208 BEP,ME,ME-RO,RO,ME-RO-720-001,ROULEMENT [Type: BILLES/ROULEAUX] [Série/Réf] Ø[Intérieur]XØ[Extérieur]X[Épaisseur] [Flasque/Jeu]
770502023,ROULEMENT 7207,ME,ME-RO,RO,ME-RO-720-002,ROULEMENT [Type: BILLES/ROULEAUX] [Série/Réf] Ø[Intérieur]XØ[Extérieur]X[Épaisseur] [Flasque/Jeu]
770503019,ROULEMENT 7305 BECBP,ME,ME-RO,RO,ME-RO-730-001,ROULEMENT [Type: BILLES/ROULEAUX] [Série/Réf] Ø[Intérieur]XØ[Extérieur]X[Épaisseur] [Flasque/Jeu]
770503023,ROULEMENT 7307 BEP,ME,ME-RO,RO,ME-RO-730-002,ROULEMENT [Type: BILLES/ROULEAUX] [Série/Réf] Ø[Intérieur]XØ[Extérieur]X[Épaisseur] [Flasque/Jeu]
770503025,ROULEMENT 7309 BEP,ME,ME-RO,RO,ME-RO-730-003,ROULEMENT [Type: BILLES/ROULEAUX] [Série/Réf] Ø[Intérieur]XØ[Extérieur]X[Épaisseur] [Flasque/Jeu]
770503027,ROULEMENT SKF 7310 BEP,ME,ME-RO,RO,ME-RO-731-001,ROULEMENT [Type: BILLES/ROULEAUX] [Série/Réf] Ø[Intérieur]XØ[Extérieur]X[Épaisseur] [Flasque/Jeu]
770503028,ROULEMENT 7312 BECBP,ME,ME-RO,RO,ME-RO-731-002,ROULEMENT [Type: BILLES/ROULEAUX] [Série/Réf] Ø[Intérieur]XØ[Extérieur]X[Épaisseur] [Flasque/Jeu]
770503038,ROULEMENT 7309 BECBP BEARING 7309 BECBP,ME,ME-RO,RO,ME-RO-730-004,ROULEMENT [Type: BILLES/ROULEAUX] [Série/Réf] Ø[Intérieur]XØ[Extérieur]X[Épaisseur] [Flasque/Jeu]
770503730,ROULEMENT 7313 BEP,ME,ME-RO,RO,ME-RO-731-003,ROULEMENT [Type: BILLES/ROULEAUX] [Série/Réf] Ø[Intérieur]XØ[Extérieur]X[Épaisseur] [Flasque/Jeu]
770512031,ROULEMENT SKF 7215 BEP,ME,ME-RO,RO,ME-RO-721-002,ROULEMENT [Type: BILLES/ROULEAUX] [Série/Réf] Ø[Intérieur]XØ[Extérieur]X[Épaisseur] [Flasque/Jeu]
770522014,ROULEMENT 3201,ME,ME-RO,RO,ME-RO-012-006,ROULEMENT [Type: BILLES/ROULEAUX] [Série/Réf] Ø[Intérieur]XØ[Extérieur]X[Épaisseur] [Flasque/Jeu]
770522017,ROULEMENT 3204,ME,ME-RO,RO,ME-RO-020-006,ROULEMENT [Type: BILLES/ROULEAUX] [Série/Réf] Ø[Intérieur]XØ[Extérieur]X[Épaisseur] [Flasque/Jeu]
770522018,ROULEMENT 32021 X/Q,ME,ME-RO,RO,ME-RO-320-006,ROULEMENT [Type: BILLES/ROULEAUX] [Série/Réf] Ø[Intérieur]XØ[Extérieur]X[Épaisseur] [Flasque/Jeu]
770522020,ROULEMENT 3206 2RS1,ME,ME-RO,RO,ME-RO-030-005,ROULEMENT [Type: BILLES/ROULEAUX] [Série/Réf] Ø[Intérieur]XØ[Extérieur]X[Épaisseur] [Flasque/Jeu]
770532009,ROULEMENT 3016 K,ME,ME-RO,RO,ME-RO-301-002,ROULEMENT [Type: BILLES/ROULEAUX] [Série/Réf] Ø[Intérieur]XØ[Extérieur]X[Épaisseur] [Flasque/Jeu]
770532123,ROULEMENT 3207 ATN9,ME,ME-RO,RO,ME-RO-035-012,ROULEMENT [Type: BILLES/ROULEAUX] [Série/Réf] Ø[Intérieur]XØ[Extérieur]X[Épaisseur] [Flasque/Jeu]
770532130,ROULEMENT 3213,ME,ME-RO,RO,ME-RO-065-005,ROULEMENT [Type: BILLES/ROULEAUX] [Série/Réf] Ø[Intérieur]XØ[Extérieur]X[Épaisseur] [Flasque/Jeu]
770533120,ROULEMENT 32309,ME,ME-RO,RO,ME-RO-323-005,ROULEMENT [Type: BILLES/ROULEAUX] [Série/Réf] Ø[Intérieur]XØ[Extérieur]X[Épaisseur] [Flasque/Jeu]
770533123,ROULEMENT 3307,ME,ME-RO,RO,ME-RO-035-013,ROULEMENT [Type: BILLES/ROULEAUX] [Série/Réf] Ø[Intérieur]XØ[Extérieur]X[Épaisseur] [Flasque/Jeu]
770533124,ROULEMENT 3308,ME,ME-RO,RO,ME-RO-040-005,ROULEMENT [Type: BILLES/ROULEAUX] [Série/Réf] Ø[Intérieur]XØ[Extérieur]X[Épaisseur] [Flasque/Jeu]
770533125,ROULEMENT 3309   ATN9,ME,ME-RO,RO,ME-RO-045-008,ROULEMENT [Type: BILLES/ROULEAUX] [Série/Réf] Ø[Intérieur]XØ[Extérieur]X[Épaisseur] [Flasque/Jeu]
770533126,ROULEMENT NJ2307E C3,ME,ME-RO,RO,ME-RO-NJ2-001,ROULEMENT [Type: BILLES/ROULEAUX] [Série/Réf] Ø[Intérieur]XØ[Extérieur]X[Épaisseur] [Flasque/Jeu]
770533127,ROULEMENT 2307,ME,ME-RO,RO,ME-RO-035-014,ROULEMENT [Type: BILLES/ROULEAUX] [Série/Réf] Ø[Intérieur]XØ[Extérieur]X[Épaisseur] [Flasque/Jeu]
770533205,ROULEMENT 33205,ME,ME-RO,RO,ME-RO-332-005,ROULEMENT [Type: BILLES/ROULEAUX] [Série/Réf] Ø[Intérieur]XØ[Extérieur]X[Épaisseur] [Flasque/Jeu]
770611015,ROULEMENT 51102,ME,ME-RO,RO,ME-RO-511-001,ROULEMENT [Type: BILLES/ROULEAUX] [Série/Réf] Ø[Intérieur]XØ[Extérieur]X[Épaisseur] [Flasque/Jeu]
770611016,ROULEMENT 51103,ME,ME-RO,RO,ME-RO-511-002,ROULEMENT [Type: BILLES/ROULEAUX] [Série/Réf] Ø[Intérieur]XØ[Extérieur]X[Épaisseur] [Flasque/Jeu]
770611029,ROULEMENT 51113,ME,ME-RO,RO,ME-RO-511-003,ROULEMENT [Type: BILLES/ROULEAUX] [Série/Réf] Ø[Intérieur]XØ[Extérieur]X[Épaisseur] [Flasque/Jeu]
770611034,ROULEMENT 51117,ME,ME-RO,RO,ME-RO-511-004,ROULEMENT [Type: BILLES/ROULEAUX] [Série/Réf] Ø[Intérieur]XØ[Extérieur]X[Épaisseur] [Flasque/Jeu]
770611041,ROULEMENT 51124,ME,ME-RO,RO,ME-RO-511-005,ROULEMENT [Type: BILLES/ROULEAUX] [Série/Réf] Ø[Intérieur]XØ[Extérieur]X[Épaisseur] [Flasque/Jeu]
770611042,ROULEMENT 51126,ME,ME-RO,RO,ME-RO-511-006,ROULEMENT [Type: BILLES/ROULEAUX] [Série/Réf] Ø[Intérieur]XØ[Extérieur]X[Épaisseur] [Flasque/Jeu]
770612017,ROULEMENT 51104,ME,ME-RO,RO,ME-RO-511-007,ROULEMENT [Type: BILLES/ROULEAUX] [Série/Réf] Ø[Intérieur]XØ[Extérieur]X[Épaisseur] [Flasque/Jeu]
770612037,ROULEMENT 51308,ME,ME-RO,RO,ME-RO-513-002,ROULEMENT [Type: BILLES/ROULEAUX] [Série/Réf] Ø[Intérieur]XØ[Extérieur]X[Épaisseur] [Flasque/Jeu]
770613225,ROULEMENT 3309 A/C3,ME,ME-RO,RO,ME-RO-045-009,ROULEMENT [Type: BILLES/ROULEAUX] [Série/Réf] Ø[Intérieur]XØ[Extérieur]X[Épaisseur] [Flasque/Jeu]
770633019,ROULEMENT 53305,ME,ME-RO,RO,ME-RO-533-001,ROULEMENT [Type: BILLES/ROULEAUX] [Série/Réf] Ø[Intérieur]XØ[Extérieur]X[Épaisseur] [Flasque/Jeu]
770756029,ROULEMENT 2313,ME,ME-RO,RO,ME-RO-065-006,ROULEMENT [Type: BILLES/ROULEAUX] [Série/Réf] Ø[Intérieur]XØ[Extérieur]X[Épaisseur] [Flasque/Jeu]
771103030,ROULEMENT 21314,ME,ME-RO,RO,ME-RO-213-001,ROULEMENT [Type: BILLES/ROULEAUX] [Série/Réf] Ø[Intérieur]XØ[Extérieur]X[Épaisseur] [Flasque/Jeu]
771103031,ROULEMENT 21315,ME,ME-RO,RO,ME-RO-213-002,ROULEMENT [Type: BILLES/ROULEAUX] [Série/Réf] Ø[Intérieur]XØ[Extérieur]X[Épaisseur] [Flasque/Jeu]
771103032,ROULEMENT 21317,ME,ME-RO,RO,ME-RO-213-003,ROULEMENT [Type: BILLES/ROULEAUX] [Série/Réf] Ø[Intérieur]XØ[Extérieur]X[Épaisseur] [Flasque/Jeu]
771103033,ROULEMENT 21318,ME,ME-RO,RO,ME-RO-213-004,ROULEMENT [Type: BILLES/ROULEAUX] [Série/Réf] Ø[Intérieur]XØ[Extérieur]X[Épaisseur] [Flasque/Jeu]
771122026,ROULEMENT 22210 E,ME,ME-RO,RO,ME-RO-222-006,ROULEMENT [Type: BILLES/ROULEAUX] [Série/Réf] Ø[Intérieur]XØ[Extérieur]X[Épaisseur] [Flasque/Jeu]
771122027,ROULEMENT 22212 E,ME,ME-RO,RO,ME-RO-222-007,ROULEMENT [Type: BILLES/ROULEAUX] [Série/Réf] Ø[Intérieur]XØ[Extérieur]X[Épaisseur] [Flasque/Jeu]
771122028,ROULEMENT 22211 E,ME,ME-RO,RO,ME-RO-222-008,ROULEMENT [Type: BILLES/ROULEAUX] [Série/Réf] Ø[Intérieur]XØ[Extérieur]X[Épaisseur] [Flasque/Jeu]
771122029,ROULEMENT 22213 E,ME,ME-RO,RO,ME-RO-222-009,ROULEMENT [Type: BILLES/ROULEAUX] [Série/Réf] Ø[Intérieur]XØ[Extérieur]X[Épaisseur] [Flasque/Jeu]
771122030,ROULEMENT 22214 E,ME,ME-RO,RO,ME-RO-222-010,ROULEMENT [Type: BILLES/ROULEAUX] [Série/Réf] Ø[Intérieur]XØ[Extérieur]X[Épaisseur] [Flasque/Jeu]
771122033,ROULEMENT 22217 E,ME,ME-RO,RO,ME-RO-222-011,ROULEMENT [Type: BILLES/ROULEAUX] [Série/Réf] Ø[Intérieur]XØ[Extérieur]X[Épaisseur] [Flasque/Jeu]
771122035,ROULEMENT 22218 CC,ME,ME-RO,RO,ME-RO-222-012,ROULEMENT [Type: BILLES/ROULEAUX] [Série/Réf] Ø[Intérieur]XØ[Extérieur]X[Épaisseur] [Flasque/Jeu]
771123025,ROULEMENT 22309 E,ME,ME-RO,RO,ME-RO-223-005,ROULEMENT [Type: BILLES/ROULEAUX] [Série/Réf] Ø[Intérieur]XØ[Extérieur]X[Épaisseur] [Flasque/Jeu]
771123027,ROULEMENT 22311E050601009 ATLA,ME,ME-RO,RO,ME-RO-223-006,ROULEMENT [Type: BILLES/ROULEAUX] [Série/Réf] Ø[Intérieur]XØ[Extérieur]X[Épaisseur] [Flasque/Jeu]
771123028,ROULEMENT 22313 CC,ME,ME-RO,RO,ME-RO-223-007,ROULEMENT [Type: BILLES/ROULEAUX] [Série/Réf] Ø[Intérieur]XØ[Extérieur]X[Épaisseur] [Flasque/Jeu]
771123030,ROULEMENT 22314 E,ME,ME-RO,RO,ME-RO-223-008,ROULEMENT [Type: BILLES/ROULEAUX] [Série/Réf] Ø[Intérieur]XØ[Extérieur]X[Épaisseur] [Flasque/Jeu]
771123031,ROULEMENT 22315,ME,ME-RO,RO,ME-RO-223-009,ROULEMENT [Type: BILLES/ROULEAUX] [Série/Réf] Ø[Intérieur]XØ[Extérieur]X[Épaisseur] [Flasque/Jeu]
771123034,ROULEMENT 22318 E,ME,ME-RO,RO,ME-RO-223-010,ROULEMENT [Type: BILLES/ROULEAUX] [Série/Réf] Ø[Intérieur]XØ[Extérieur]X[Épaisseur] [Flasque/Jeu]
771129019,ROULEMENT 2305,ME,ME-RO,RO,ME-RO-025-010,ROULEMENT [Type: BILLES/ROULEAUX] [Série/Réf] Ø[Intérieur]XØ[Extérieur]X[Épaisseur] [Flasque/Jeu]
771130024,ROULEMENT 23024,ME,ME-RO,RO,ME-RO-230-001,ROULEMENT [Type: BILLES/ROULEAUX] [Série/Réf] Ø[Intérieur]XØ[Extérieur]X[Épaisseur] [Flasque/Jeu]
771130034,ROULEMENT 23030 CC/W33,ME,ME-RO,RO,ME-RO-230-002,ROULEMENT [Type: BILLES/ROULEAUX] [Série/Réf] Ø[Intérieur]XØ[Extérieur]X[Épaisseur] [Flasque/Jeu]
771130035,ROULEMENT 23122 CC/W33,ME,ME-RO,RO,ME-RO-231-003,ROULEMENT [Type: BILLES/ROULEAUX] [Série/Réf] Ø[Intérieur]XØ[Extérieur]X[Épaisseur] [Flasque/Jeu]
771130040,ROULEMENT 23218 CC/W33,ME,ME-RO,RO,ME-RO-232-001,ROULEMENT [Type: BILLES/ROULEAUX] [Série/Réf] Ø[Intérieur]XØ[Extérieur]X[Épaisseur] [Flasque/Jeu]
771130041,ROULEMENT 23222C (BEARING),ME,ME-RO,RO,ME-RO-232-002,ROULEMENT [Type: BILLES/ROULEAUX] [Série/Réf] Ø[Intérieur]XØ[Extérieur]X[Épaisseur] [Flasque/Jeu]
771156015,ROULEMENT 23936CC/W33,ME,ME-RO,RO,ME-RO-239-001,ROULEMENT [Type: BILLES/ROULEAUX] [Série/Réf] Ø[Intérieur]XØ[Extérieur]X[Épaisseur] [Flasque/Jeu]
771202016,BEARING ROULEMENT NU-211ECP SKF ATLASCOPCO GA-30 MAINTENANCE,ME,ME-RO,RO,ME-RO-211-001,ROULEMENT [Type: BILLES/ROULEAUX] [Série/Réf] Ø[Intérieur]XØ[Extérieur]X[Épaisseur] [Flasque/Jeu]
771202017,BEARING ROULEMENT NU-207EC SKF ATLASCOPCO GA30 MAINTENANCE,ME,ME-RO,RO,ME-RO-207-001,ROULEMENT [Type: BILLES/ROULEAUX] [Série/Réf] Ø[Intérieur]XØ[Extérieur]X[Épaisseur] [Flasque/Jeu]
771202021,INSERT BEARING YAR 208-2RF,ME,ME-RO,RO,ME-RO-208-001,ROULEMENT [Type: BILLES/ROULEAUX] [Série/Réf] Ø[Intérieur]XØ[Extérieur]X[Épaisseur] [Flasque/Jeu]
771202022,ROULEMENT NU 208,ME,ME-RO,RO,ME-RO-208-002,ROULEMENT [Type: BILLES/ROULEAUX] [Série/Réf] Ø[Intérieur]XØ[Extérieur]X[Épaisseur] [Flasque/Jeu]
771202024,ROULEMENT YAR 209-2F,ME,ME-RO,RO,ME-RO-209-001,ROULEMENT [Type: BILLES/ROULEAUX] [Série/Réf] Ø[Intérieur]XØ[Extérieur]X[Épaisseur] [Flasque/Jeu]
771202029,ROULEMENT NU 213 ECP0508110085,ME,ME-RO,RO,ME-RO-213-005,ROULEMENT [Type: BILLES/ROULEAUX] [Série/Réf] Ø[Intérieur]XØ[Extérieur]X[Épaisseur] [Flasque/Jeu]
771202123,BEARING SKF QJ307 MA ROULEMENT  FOR AIR COMPRESSOR,ME,ME-RO,RO,ME-RO-QJ3-001,ROULEMENT [Type: BILLES/ROULEAUX] [Série/Réf] Ø[Intérieur]XØ[Extérieur]X[Épaisseur] [Flasque/Jeu]
771202124,BEARING SKF 2206 EC ROULEMENT  FOR AIR COMPRESSOR,ME,ME-RO,RO,ME-RO-030-006,ROULEMENT [Type: BILLES/ROULEAUX] [Série/Réf] Ø[Intérieur]XØ[Extérieur]X[Épaisseur] [Flasque/Jeu]
771202125,BEARING SKF NU 307 ECJ ROULEMENT  FOR AIR COMPRESSOR,ME,ME-RO,RO,ME-RO-307-001,ROULEMENT [Type: BILLES/ROULEAUX] [Série/Réf] Ø[Intérieur]XØ[Extérieur]X[Épaisseur] [Flasque/Jeu]
771203019,ROULEMENT SKF NU 305 ECP,ME,ME-RO,RO,ME-RO-305-002,ROULEMENT [Type: BILLES/ROULEAUX] [Série/Réf] Ø[Intérieur]XØ[Extérieur]X[Épaisseur] [Flasque/Jeu]
771203023,ROULEMENT NU 307 ECP,ME,ME-RO,RO,ME-RO-307-002,ROULEMENT [Type: BILLES/ROULEAUX] [Série/Réf] Ø[Intérieur]XØ[Extérieur]X[Épaisseur] [Flasque/Jeu]
771203024,ROULEMENT NU 308 ECP,ME,ME-RO,RO,ME-RO-308-001,ROULEMENT [Type: BILLES/ROULEAUX] [Série/Réf] Ø[Intérieur]XØ[Extérieur]X[Épaisseur] [Flasque/Jeu]
771203025,ROULEMENT SKF NU 309  ECP,ME,ME-RO,RO,ME-RO-309-001,ROULEMENT [Type: BILLES/ROULEAUX] [Série/Réf] Ø[Intérieur]XØ[Extérieur]X[Épaisseur] [Flasque/Jeu]
771203027,ROULEMENT SKF NU 310 ECP,ME,ME-RO,RO,ME-RO-310-001,ROULEMENT [Type: BILLES/ROULEAUX] [Série/Réf] Ø[Intérieur]XØ[Extérieur]X[Épaisseur] [Flasque/Jeu]
771203029,ROULEMENT SKF NJ 309 ECP,ME,ME-RO,RO,ME-RO-309-002,ROULEMENT [Type: BILLES/ROULEAUX] [Série/Réf] Ø[Intérieur]XØ[Extérieur]X[Épaisseur] [Flasque/Jeu]
771203031,ROULEMENT NJ 208 ECP,ME,ME-RO,RO,ME-RO-208-003,ROULEMENT [Type: BILLES/ROULEAUX] [Série/Réf] Ø[Intérieur]XØ[Extérieur]X[Épaisseur] [Flasque/Jeu]
771203034,ROULEMENT SKF NJ 314 ECP,ME,ME-RO,RO,ME-RO-314-001,ROULEMENT [Type: BILLES/ROULEAUX] [Série/Réf] Ø[Intérieur]XØ[Extérieur]X[Épaisseur] [Flasque/Jeu]
771203119,ROULEMENT SKF NU 305 ECJ,ME,ME-RO,RO,ME-RO-305-003,ROULEMENT [Type: BILLES/ROULEAUX] [Série/Réf] Ø[Intérieur]XØ[Extérieur]X[Épaisseur] [Flasque/Jeu]
771203120,ROULEMENT SKF N 309 ECP,ME,ME-RO,RO,ME-RO-309-003,ROULEMENT [Type: BILLES/ROULEAUX] [Série/Réf] Ø[Intérieur]XØ[Extérieur]X[Épaisseur] [Flasque/Jeu]
771203121,ROLLEMENT SKF NJ 305 ECP APPLICATOR SLEEVING MACHINE  MOTOR COSMATIC PLANT,EL,EL-MO,MO,EL-MO-ROL-002,MOTEUR ASYNCHRONE [Puissance/kW] [Vitesse/tr/min] [Fixation] [Tension]
771204023,ROULEMENT NJ 308 ECJ,ME,ME-RO,RO,ME-RO-308-002,ROULEMENT [Type: BILLES/ROULEAUX] [Série/Réf] Ø[Intérieur]XØ[Extérieur]X[Épaisseur] [Flasque/Jeu]
771204024,ROULEMENT HR 32007 X,ME,ME-RO,RO,ME-RO-320-007,ROULEMENT [Type: BILLES/ROULEAUX] [Série/Réf] Ø[Intérieur]XØ[Extérieur]X[Épaisseur] [Flasque/Jeu]
771222005,ROULEMENT NK 22/30,ME,ME-RO,RO,ME-RO-220-001,ROULEMENT [Type: BILLES/ROULEAUX] [Série/Réf] Ø[Intérieur]XØ[Extérieur]X[Épaisseur] [Flasque/Jeu]
771222006,ROULEMENT NKS 22,ME,ME-RO,RO,ME-RO-220-002,ROULEMENT [Type: BILLES/ROULEAUX] [Série/Réf] Ø[Intérieur]XØ[Extérieur]X[Épaisseur] [Flasque/Jeu]
771222007,ROULEMENT NK 16/16,ME,ME-RO,RO,ME-RO-160-001,ROULEMENT [Type: BILLES/ROULEAUX] [Série/Réf] Ø[Intérieur]XØ[Extérieur]X[Épaisseur] [Flasque/Jeu]
771222034,ROULEMENT 22208,ME,ME-RO,RO,ME-RO-222-013,ROULEMENT [Type: BILLES/ROULEAUX] [Série/Réf] Ø[Intérieur]XØ[Extérieur]X[Épaisseur] [Flasque/Jeu]
771223024,ROULEMENT NU 2308 ECP,ME,ME-RO,RO,ME-RO-040-006,ROULEMENT [Type: BILLES/ROULEAUX] [Série/Réf] Ø[Intérieur]XØ[Extérieur]X[Épaisseur] [Flasque/Jeu]
771223026,ROULEMENT 22310,ME,ME-RO,RO,ME-RO-223-011,ROULEMENT [Type: BILLES/ROULEAUX] [Série/Réf] Ø[Intérieur]XØ[Extérieur]X[Épaisseur] [Flasque/Jeu]
771223030,ROULEMENT NU 2214 ECP,ME,ME-RO,RO,ME-RO-070-004,ROULEMENT [Type: BILLES/ROULEAUX] [Série/Réf] Ø[Intérieur]XØ[Extérieur]X[Épaisseur] [Flasque/Jeu]
771229023,ROULEMENT 2308,ME,ME-RO,RO,ME-RO-040-007,ROULEMENT [Type: BILLES/ROULEAUX] [Série/Réf] Ø[Intérieur]XØ[Extérieur]X[Épaisseur] [Flasque/Jeu]
771521006,ROULEMENT HK 1010,ME,ME-RO,RO,ME-RO-101-002,ROULEMENT [Type: BILLES/ROULEAUX] [Série/Réf] Ø[Intérieur]XØ[Extérieur]X[Épaisseur] [Flasque/Jeu]
771602021,ROULEMENT 30205  J2/Q,ME,ME-RO,RO,ME-RO-302-003,ROULEMENT [Type: BILLES/ROULEAUX] [Série/Réf] Ø[Intérieur]XØ[Extérieur]X[Épaisseur] [Flasque/Jeu]
771602023,ROULEMENT 30207 J2/Q,ME,ME-RO,RO,ME-RO-302-004,ROULEMENT [Type: BILLES/ROULEAUX] [Série/Réf] Ø[Intérieur]XØ[Extérieur]X[Épaisseur] [Flasque/Jeu]
771602025,ROULEMENT 30210,ME,ME-RO,RO,ME-RO-302-005,ROULEMENT [Type: BILLES/ROULEAUX] [Série/Réf] Ø[Intérieur]XØ[Extérieur]X[Épaisseur] [Flasque/Jeu]
771602029,ROULEMENT 30213,ME,ME-RO,RO,ME-RO-302-006,ROULEMENT [Type: BILLES/ROULEAUX] [Série/Réf] Ø[Intérieur]XØ[Extérieur]X[Épaisseur] [Flasque/Jeu]
771602209,ROULEMENT 30209MH55300011,ME,ME-RO,RO,ME-RO-302-007,ROULEMENT [Type: BILLES/ROULEAUX] [Série/Réf] Ø[Intérieur]XØ[Extérieur]X[Épaisseur] [Flasque/Jeu]
771603003,ROULEMENT 30303 J2,ME,ME-RO,RO,ME-RO-303-004,ROULEMENT [Type: BILLES/ROULEAUX] [Série/Réf] Ø[Intérieur]XØ[Extérieur]X[Épaisseur] [Flasque/Jeu]
771603004,ROULEMENT 30304 J2/Q,ME,ME-RO,RO,ME-RO-303-005,ROULEMENT [Type: BILLES/ROULEAUX] [Série/Réf] Ø[Intérieur]XØ[Extérieur]X[Épaisseur] [Flasque/Jeu]
771603008,ROULEMENT 30308 J2/Q,ME,ME-RO,RO,ME-RO-303-006,ROULEMENT [Type: BILLES/ROULEAUX] [Série/Réf] Ø[Intérieur]XØ[Extérieur]X[Épaisseur] [Flasque/Jeu]
771603205,ROULEMENT 32205,ME,ME-RO,RO,ME-RO-322-003,ROULEMENT [Type: BILLES/ROULEAUX] [Série/Réf] Ø[Intérieur]XØ[Extérieur]X[Épaisseur] [Flasque/Jeu]
771603206,BEARING HR 32206J LATHE MACH. BHAVYA LATHE MACHINE N° 3050-4,ME,ME-RO,RO,ME-RO-322-004,ROULEMENT [Type: BILLES/ROULEAUX] [Série/Réf] Ø[Intérieur]XØ[Extérieur]X[Épaisseur] [Flasque/Jeu]
771603207,ROULEMENT 32207 MH55300010,ME,ME-RO,RO,ME-RO-322-005,ROULEMENT [Type: BILLES/ROULEAUX] [Série/Réf] Ø[Intérieur]XØ[Extérieur]X[Épaisseur] [Flasque/Jeu]
771603208,ROULEMENT 32208,ME,ME-RO,RO,ME-RO-322-006,ROULEMENT [Type: BILLES/ROULEAUX] [Série/Réf] Ø[Intérieur]XØ[Extérieur]X[Épaisseur] [Flasque/Jeu]
771622002,ROULEMENT 32010 X1Q,ME,ME-RO,RO,ME-RO-320-008,ROULEMENT [Type: BILLES/ROULEAUX] [Série/Réf] Ø[Intérieur]XØ[Extérieur]X[Épaisseur] [Flasque/Jeu]
771622003,ROULEMENT 32006 X/Q,ME,ME-RO,RO,ME-RO-320-009,ROULEMENT [Type: BILLES/ROULEAUX] [Série/Réf] Ø[Intérieur]XØ[Extérieur]X[Épaisseur] [Flasque/Jeu]
771622024,ROULEMENT 30228 J2,ME,ME-RO,RO,ME-RO-302-008,ROULEMENT [Type: BILLES/ROULEAUX] [Série/Réf] Ø[Intérieur]XØ[Extérieur]X[Épaisseur] [Flasque/Jeu]
771622031,ROULEMENT 32212/Q,ME,ME-RO,RO,ME-RO-322-007,ROULEMENT [Type: BILLES/ROULEAUX] [Série/Réf] Ø[Intérieur]XØ[Extérieur]X[Épaisseur] [Flasque/Jeu]
771622033,ROULEMENT 32216/J2,ME,ME-RO,RO,ME-RO-322-008,ROULEMENT [Type: BILLES/ROULEAUX] [Série/Réf] Ø[Intérieur]XØ[Extérieur]X[Épaisseur] [Flasque/Jeu]
771622040,ROULEMENT 32040 X,ME,ME-RO,RO,ME-RO-320-010,ROULEMENT [Type: BILLES/ROULEAUX] [Série/Réf] Ø[Intérieur]XØ[Extérieur]X[Épaisseur] [Flasque/Jeu]
771710140,ROULEMENT 29322 E,ME,ME-RO,RO,ME-RO-293-002,ROULEMENT [Type: BILLES/ROULEAUX] [Série/Réf] Ø[Intérieur]XØ[Extérieur]X[Épaisseur] [Flasque/Jeu]
771710146,ROULEMENT 29426 E,ME,ME-RO,RO,ME-RO-294-004,ROULEMENT [Type: BILLES/ROULEAUX] [Série/Réf] Ø[Intérieur]XØ[Extérieur]X[Épaisseur] [Flasque/Jeu]
771710432,ROULEMENT 29432,ME,ME-RO,RO,ME-RO-294-005,ROULEMENT [Type: BILLES/ROULEAUX] [Série/Réf] Ø[Intérieur]XØ[Extérieur]X[Épaisseur] [Flasque/Jeu]
771824033,ROULEMENT 29417 E,ME,ME-RO,RO,ME-RO-294-006,ROULEMENT [Type: BILLES/ROULEAUX] [Série/Réf] Ø[Intérieur]XØ[Extérieur]X[Épaisseur] [Flasque/Jeu]
771824034,ROULEMENT 29415 X LIFE E1 H142,ME,ME-RO,RO,ME-RO-294-007,ROULEMENT [Type: BILLES/ROULEAUX] [Série/Réf] Ø[Intérieur]XØ[Extérieur]X[Épaisseur] [Flasque/Jeu]
772103132,ROULEMENT 22216 E SPHERICAL RO,ME,ME-RO,RO,ME-RO-222-014,ROULEMENT [Type: BILLES/ROULEAUX] [Série/Réf] Ø[Intérieur]XØ[Extérieur]X[Épaisseur] [Flasque/Jeu]
772103135,ROULEMENT 22218 E(WITH CYLINDR,ME,ME-RO,RO,ME-RO-222-015,ROULEMENT [Type: BILLES/ROULEAUX] [Série/Réf] Ø[Intérieur]XØ[Extérieur]X[Épaisseur] [Flasque/Jeu]
772103137,22218CK/EK SPHERICAL ROLR BRNG BEARING FOR BOILER CIRC PUMP SKF MAKE 22218CK/EK,ME,ME-RO,RO,ME-RO-222-016,ROULEMENT [Type: BILLES/ROULEAUX] [Série/Réf] Ø[Intérieur]XØ[Extérieur]X[Épaisseur] [Flasque/Jeu]
772112500,Palier SKF FYT 30 / Bearing & housing SKF FYT 30,ME,ME-RO,RO,ME-RO-300-004,ROULEMENT [Type: BILLES/ROULEAUX] [Série/Réf] Ø[Intérieur]XØ[Extérieur]X[Épaisseur] [Flasque/Jeu]
772801212,ROULEMENT LRJ 2 1/2,ME,ME-RO,RO,ME-RO-001-004,ROULEMENT [Type: BILLES/ROULEAUX] [Série/Réf] Ø[Intérieur]XØ[Extérieur]X[Épaisseur] [Flasque/Jeu]
773005097,COURROIE TYPE A 38,ME,ME-CO,CO,ME-CO-A38-001,COURROIE [Type: Profil(TRAP/DENT/plate)] [dimension: L=[Longueurx epaisseur  en mm]
773005101,COURROIE TYPE A 40,ME,ME-CO,CO,ME-CO-A40-001,COURROIE [Type: Profil(TRAP/DENT/plate)] [dimension: L=[Longueurx epaisseur  en mm]
773005104,COURROIE TYPE A 43,ME,ME-CO,CO,ME-CO-A43-001,COURROIE [Type: Profil(TRAP/DENT/plate)] [dimension: L=[Longueurx epaisseur  en mm]
773005106,COURROIE TYPE A 44,ME,ME-CO,CO,ME-CO-A44-001,COURROIE [Type: Profil(TRAP/DENT/plate)] [dimension: L=[Longueurx epaisseur  en mm]
773005107,COURROIE TYPE A 45,ME,ME-CO,CO,ME-CO-A45-001,COURROIE [Type: Profil(TRAP/DENT/plate)] [dimension: L=[Longueurx epaisseur  en mm]
773005109,COURROIE TYPE A 46,ME,ME-CO,CO,ME-CO-A46-001,COURROIE [Type: Profil(TRAP/DENT/plate)] [dimension: L=[Longueurx epaisseur  en mm]
773005129,COURROIE TYPE A 61,ME,ME-CO,CO,ME-CO-A61-001,COURROIE [Type: Profil(TRAP/DENT/plate)] [dimension: L=[Longueurx epaisseur  en mm]
773005137,COURROIE TYPE A 68,ME,ME-CO,CO,ME-CO-A68-001,COURROIE [Type: Profil(TRAP/DENT/plate)] [dimension: L=[Longueurx epaisseur  en mm]
773005140,COURROIE TYPE A 70,ME,ME-CO,CO,ME-CO-A70-001,COURROIE [Type: Profil(TRAP/DENT/plate)] [dimension: L=[Longueurx epaisseur  en mm]
773005145,COURROIE TYPE A 74,ME,ME-CO,CO,ME-CO-A74-001,COURROIE [Type: Profil(TRAP/DENT/plate)] [dimension: L=[Longueurx epaisseur  en mm]
773005149,COURROIE TYPE A 77,ME,ME-CO,CO,ME-CO-A77-001,COURROIE [Type: Profil(TRAP/DENT/plate)] [dimension: L=[Longueurx epaisseur  en mm]
773005150,COURROIE TYPE A 83,ME,ME-CO,CO,ME-CO-A83-001,COURROIE [Type: Profil(TRAP/DENT/plate)] [dimension: L=[Longueurx epaisseur  en mm]
773005151,COURROIE TYPE A 82 V BELT TYPE A 82,ME,ME-CO,CO,ME-CO-A82-001,COURROIE [Type: Profil(TRAP/DENT/plate)] [dimension: L=[Longueurx epaisseur  en mm]
773005157,COURROIE TYPE A 84,ME,ME-CO,CO,ME-CO-A84-001,COURROIE [Type: Profil(TRAP/DENT/plate)] [dimension: L=[Longueurx epaisseur  en mm]
773005161,COURROIE TYPE A 89,ME,ME-CO,CO,ME-CO-A89-001,COURROIE [Type: Profil(TRAP/DENT/plate)] [dimension: L=[Longueurx epaisseur  en mm]
773005169,COURROIE TYPE A 90,ME,ME-CO,CO,ME-CO-A90-001,COURROIE [Type: Profil(TRAP/DENT/plate)] [dimension: L=[Longueurx epaisseur  en mm]
773005176,C 95 V BELT / COURROIE TRAPEZOIDALE FOR DRYER 1 MILINDIA,ME,ME-CO,CO,ME-CO-C95-001,COURROIE [Type: Profil(TRAP/DENT/plate)] [dimension: L=[Longueurx epaisseur  en mm]
773005177,C 93 V BELT/COURROIE TRAPEZOIDALE FOR MILINDIA DRYER 1 SIMPLEX REFINING,ME,ME-CO,CO,ME-CO-C93-002,COURROIE [Type: Profil(TRAP/DENT/plate)] [dimension: L=[Longueurx epaisseur  en mm]
773005178,C 103 V BELT / COURROIE TRAPEZOIDALE FOR DRYER 1 MILINDIA,ME,ME-CO,CO,ME-CO-C10-002,COURROIE [Type: Profil(TRAP/DENT/plate)] [dimension: L=[Longueurx epaisseur  en mm]
773005179,C 98 V Belt 22x2500 for Jagmohan M/C Extruder Motor V Belt C 98,ME,ME-CO,CO,ME-CO-C98-001,COURROIE [Type: Profil(TRAP/DENT/plate)] [dimension: L=[Longueurx epaisseur  en mm]
773005189,COURROIE TYPE A 110,ME,ME-CO,CO,ME-CO-A11-001,COURROIE [Type: Profil(TRAP/DENT/plate)] [dimension: L=[Longueurx epaisseur  en mm]
773005193,COURROIE TYPE A79 V BELT SIZE A79,ME,ME-CO,CO,ME-CO-A79-001,COURROIE [Type: Profil(TRAP/DENT/plate)] [dimension: L=[Longueurx epaisseur  en mm]
773006113,COURROIE TYPE B 49,ME,ME-CO,CO,ME-CO-B49-001,COURROIE [Type: Profil(TRAP/DENT/plate)] [dimension: L=[Longueurx epaisseur  en mm]
773006120,COURROIE TYPE B 54,ME,ME-CO,CO,ME-CO-B54-001,COURROIE [Type: Profil(TRAP/DENT/plate)] [dimension: L=[Longueurx epaisseur  en mm]
773006123,COURROIE TYPE B 56,ME,ME-CO,CO,ME-CO-B56-001,COURROIE [Type: Profil(TRAP/DENT/plate)] [dimension: L=[Longueurx epaisseur  en mm]
773006129,COURROIE TYPE B 61,ME,ME-CO,CO,ME-CO-B61-001,COURROIE [Type: Profil(TRAP/DENT/plate)] [dimension: L=[Longueurx epaisseur  en mm]
773006135,COURROIE TYPE B 65,ME,ME-CO,CO,ME-CO-B65-001,COURROIE [Type: Profil(TRAP/DENT/plate)] [dimension: L=[Longueurx epaisseur  en mm]
773006138,COURROIE TYPE B 68,ME,ME-CO,CO,ME-CO-B68-001,COURROIE [Type: Profil(TRAP/DENT/plate)] [dimension: L=[Longueurx epaisseur  en mm]
773006145,COURROIE TYPE B 74,ME,ME-CO,CO,ME-CO-B74-001,COURROIE [Type: Profil(TRAP/DENT/plate)] [dimension: L=[Longueurx epaisseur  en mm]
773006150,COURROIE TYPE B 78,ME,ME-CO,CO,ME-CO-B78-001,COURROIE [Type: Profil(TRAP/DENT/plate)] [dimension: L=[Longueurx epaisseur  en mm]
773006153,COURROIE TYPE B 80,ME,ME-CO,CO,ME-CO-B80-001,COURROIE [Type: Profil(TRAP/DENT/plate)] [dimension: L=[Longueurx epaisseur  en mm]
773006154,COURROIE TYPE B 81,ME,ME-CO,CO,ME-CO-B81-001,COURROIE [Type: Profil(TRAP/DENT/plate)] [dimension: L=[Longueurx epaisseur  en mm]
773006157,COURROIE TYPE B 84,ME,ME-CO,CO,ME-CO-B84-001,COURROIE [Type: Profil(TRAP/DENT/plate)] [dimension: L=[Longueurx epaisseur  en mm]
773006161,COURROIE TYPE B 85,ME,ME-CO,CO,ME-CO-B85-001,COURROIE [Type: Profil(TRAP/DENT/plate)] [dimension: L=[Longueurx epaisseur  en mm]
773006169,COURROIE TYPE B 94,ME,ME-CO,CO,ME-CO-B94-001,COURROIE [Type: Profil(TRAP/DENT/plate)] [dimension: L=[Longueurx epaisseur  en mm]
773006171,COURROIE TYPE B 96,ME,ME-CO,CO,ME-CO-B96-001,COURROIE [Type: Profil(TRAP/DENT/plate)] [dimension: L=[Longueurx epaisseur  en mm]
773006184,COURROIE B 99,ME,ME-CO,CO,ME-CO-B99-001,COURROIE [Type: Profil(TRAP/DENT/plate)] [dimension: L=[Longueurx epaisseur  en mm]
773006185,COURROIE B 105,ME,ME-CO,CO,ME-CO-B10-001,COURROIE [Type: Profil(TRAP/DENT/plate)] [dimension: L=[Longueurx epaisseur  en mm]
773006189,COURROIE TYPE B 110,ME,ME-CO,CO,ME-CO-B11-001,COURROIE [Type: Profil(TRAP/DENT/plate)] [dimension: L=[Longueurx epaisseur  en mm]
773006190,COURROIE TYPE B 114,ME,ME-CO,CO,ME-CO-B11-002,COURROIE [Type: Profil(TRAP/DENT/plate)] [dimension: L=[Longueurx epaisseur  en mm]
773006199,COURROIE B119,ME,ME-CO,CO,ME-CO-B11-003,COURROIE [Type: Profil(TRAP/DENT/plate)] [dimension: L=[Longueurx epaisseur  en mm]
773006200,COURROIE TYPE B 120,ME,ME-CO,CO,ME-CO-B12-001,COURROIE [Type: Profil(TRAP/DENT/plate)] [dimension: L=[Longueurx epaisseur  en mm]
773006208,COURROIE TYPE B 128,ME,ME-CO,CO,ME-CO-B12-002,COURROIE [Type: Profil(TRAP/DENT/plate)] [dimension: L=[Longueurx epaisseur  en mm]
773006209,COURROIE TYPE B 136 / V-BELT B 136,ME,ME-CO,CO,ME-CO-B13-001,COURROIE [Type: Profil(TRAP/DENT/plate)] [dimension: L=[Longueurx epaisseur  en mm]
773007090,COURROIE TYPE C 115,ME,ME-CO,CO,ME-CO-C11-003,COURROIE [Type: Profil(TRAP/DENT/plate)] [dimension: L=[Longueurx epaisseur  en mm]
773008016,COURROIE SPZ 2160,ME,ME-CO,CO,ME-CO-SPZ-002,COURROIE [Type: Profil(TRAP/DENT/plate)] [dimension: L=[Longueurx epaisseur  en mm]
773008017,COURROIE SPB X 1700,ME,ME-CO,CO,ME-CO-COU-007,COURROIE [Type: Profil(TRAP/DENT/plate)] [dimension: L=[Longueurx epaisseur  en mm]
773008127,COURROIE TYPE 3V500SPZ1270CL,ME,ME-CO,CO,ME-CO-COU-008,COURROIE [Type: Profil(TRAP/DENT/plate)] [dimension: L=[Longueurx epaisseur  en mm]
773008128,COURROIE SPZ 1275,ME,ME-CO,CO,ME-CO-SPZ-003,COURROIE [Type: Profil(TRAP/DENT/plate)] [dimension: L=[Longueurx epaisseur  en mm]
773008165,COURROIE TYPE C 90,ME,ME-CO,CO,ME-CO-C90-002,COURROIE [Type: Profil(TRAP/DENT/plate)] [dimension: L=[Longueurx epaisseur  en mm]
773008208,COURROIE TYPE C 128,ME,ME-CO,CO,ME-CO-C12-001,COURROIE [Type: Profil(TRAP/DENT/plate)] [dimension: L=[Longueurx epaisseur  en mm]
773008215,COURROIE SPZ 2150,ME,ME-CO,CO,ME-CO-SPZ-004,COURROIE [Type: Profil(TRAP/DENT/plate)] [dimension: L=[Longueurx epaisseur  en mm]
773008236,COURROIE SPA 3150,ME,ME-CO,CO,ME-CO-SPA-001,COURROIE [Type: Profil(TRAP/DENT/plate)] [dimension: L=[Longueurx epaisseur  en mm]
773008239,COURROIE SPB 4750,ME,ME-CO,CO,ME-CO-SPB-001,COURROIE [Type: Profil(TRAP/DENT/plate)] [dimension: L=[Longueurx epaisseur  en mm]
773008240,COURROIE SPZ 2120,ME,ME-CO,CO,ME-CO-SPZ-005,COURROIE [Type: Profil(TRAP/DENT/plate)] [dimension: L=[Longueurx epaisseur  en mm]
773008241,COURROIE SPZ 2410,ME,ME-CO,CO,ME-CO-SPZ-006,COURROIE [Type: Profil(TRAP/DENT/plate)] [dimension: L=[Longueurx epaisseur  en mm]
773008335,COURROIE SPZ 3550,ME,ME-CO,CO,ME-CO-SPZ-007,COURROIE [Type: Profil(TRAP/DENT/plate)] [dimension: L=[Longueurx epaisseur  en mm]
773008342,COURROIE MICRO-V 795L (2020MM),ME,ME-CO,CO,ME-CO-020-001,COURROIE [Type: Profil(TRAP/DENT/plate)] [dimension: L=[Longueurx epaisseur  en mm]
773008344,COURROIE SPZ 3330,ME,ME-CO,CO,ME-CO-SPZ-008,COURROIE [Type: Profil(TRAP/DENT/plate)] [dimension: L=[Longueurx epaisseur  en mm]
773008345,COURROIE SPZ 2400,ME,ME-CO,CO,ME-CO-SPZ-009,COURROIE [Type: Profil(TRAP/DENT/plate)] [dimension: L=[Longueurx epaisseur  en mm]
773034205,COURROIE SPZ 3350LP-3363,ME,ME-CO,CO,ME-CO-SPZ-010,COURROIE [Type: Profil(TRAP/DENT/plate)] [dimension: L=[Longueurx epaisseur  en mm]
773201150,COURROIE PLATE DE 150X3,ME,ME-CO,CO,ME-CO-150-001,COURROIE [Type: Profil(TRAP/DENT/plate)] [dimension: L=[Longueurx epaisseur  en mm]
773201200,COURROIE PLATE 200 MM,ME,ME-CO,CO,ME-CO-200-001,COURROIE [Type: Profil(TRAP/DENT/plate)] [dimension: L=[Longueurx epaisseur  en mm]
773201520,COURROIE PLATE DE 520X3,ME,ME-CO,CO,ME-CO-520-001,COURROIE [Type: Profil(TRAP/DENT/plate)] [dimension: L=[Longueurx epaisseur  en mm]
773311003,CHAINE SIMPLEX RENOLD110046,ME,ME-CH,CH,ME-CH-CHA-008,CHAINE ROULEAUX [Pas] [Type: SIMPLEX/DUPLEX] L=[Nbr Maillons/Longueur en mm]
773401016,CHAINE 110066 3/4''SIMPLE'',ME,ME-CH,CH,ME-CH-003-005,CHAINE ROULEAUX [Pas] [Type: SIMPLEX/DUPLEX] L=[Nbr Maillons/Longueur en mm]
791450012,GEARBOX 1.1KW IBCM128/90S-4/76,ME,ME-EN,EN,ME-EN-128-001,ENGRENAGE [Type: DROIT/HELIC] [Module]  [Ø exterieur/Matière][Ø Alésage/Matière]
792102500,VOLTMETRE DIGITAL,EE,EE-CA,CA,EE-CA-VOL-001,CARTE ELECTRONIQUE [Fonction/Usage] [Réf Modèle] [Constructeur]
792137900,AMPER METER DIGITALOF2000A,EE,EE-CA,CA,EE-CA-AMP-005,CARTE ELECTRONIQUE [Fonction/Usage] [Réf Modèle] [Constructeur]
792138015,AMPEREMETRE DIGITAL 15A- 999 A,EE,EE-CA,CA,EE-CA-AMP-006,CARTE ELECTRONIQUE [Fonction/Usage] [Réf Modèle] [Constructeur]
793197013,"FLOW METER FLOWIRL 8700K 8"" FORBES MARSHAL SIZE 8""",IN,IN-DE,DE,IN-DE-FLO-006,DEBITMETRE [Type] [Plage Débit] [DN/Raccordement] [Sortie]
793197014,"FLOW METER FLOWIRL 8700K 6"" FORBES MARSHAL SIZE 6""",IN,IN-DE,DE,IN-DE-FLO-007,DEBITMETRE [Type] [Plage Débit] [DN/Raccordement] [Sortie]
793197017,FLOWMETER BGN-S121CT000-0-V56-,IN,IN-DE,DE,IN-DE-FLO-008,DEBITMETRE [Type] [Plage Débit] [DN/Raccordement] [Sortie]
793197021,"FLOW METER FOR DIESEL 40MM / ACC- 0.5%, FLOW - 250LPM MAX / MAX PRES -20BAR, 1.5'' BSP",IN,IN-DE,DE,IN-DE-040-001,DEBITMETRE [Type] [Plage Débit] [DN/Raccordement] [Sortie]
793197022,"FUEL FILTER 5MICRON 1.5'' ASSY / 160LPM MAX, 1.5'' BSP / WITH COMPLETE HOUSING & ACCESS",HY,HY-FI,FI,HY-FI-FUE-003,FILTRE HYDRAULIQUE [Type: RETOUR/ASP] [Seuil/µm] [Raccordement/Débit]
793197050,DIGITAL FLOWMETER 50mm,IN,IN-DE,DE,IN-DE-050-002,DEBITMETRE [Type] [Plage Débit] [DN/Raccordement] [Sortie]
793197051,DIGITAL YEWFLOW VORTEXFLOW CON,EE,EE-CA,CA,EE-CA-DIG-003,CARTE ELECTRONIQUE [Fonction/Usage] [Réf Modèle] [Constructeur]
793198250,FLOW METER H250/RR/M9DN80 KROH,IN,IN-DE,DE,IN-DE-080-001,DEBITMETRE [Type] [Plage Débit] [DN/Raccordement] [Sortie]
793198259,WATER FLOWMETER DN5025M3/HR MO,IN,IN-DE,DE,IN-DE-502-001,DEBITMETRE [Type] [Plage Débit] [DN/Raccordement] [Sortie]
793198263,MASS FLOWMETER CPO MOD.1300 S5,IN,IN-DE,DE,IN-DE-MAS-001,DEBITMETRE [Type] [Plage Débit] [DN/Raccordement] [Sortie]
794001604,"COMPTEUR D'EAU D3""  FOR FLOWMETER",IN,IN-DE,DE,IN-DE-COM-001,DEBITMETRE [Type] [Plage Débit] [DN/Raccordement] [Sortie]
794001654,ANALOG FLOWMETER DN50PN40 FLANGE MOUNTED 2'' DIA HIGH PRESSURE WATER LINE,IN,IN-DE,DE,IN-DE-050-003,DEBITMETRE [Type] [Plage Débit] [DN/Raccordement] [Sortie]
794001655,"BOITIER PLASTIC FILTRE EAU 20"" WATER FILTER HOUSING 20""",HY,HY-FI,FI,HY-FI-BOI-001,FILTRE HYDRAULIQUE [Type: RETOUR/ASP] [Seuil/µm] [Raccordement/Débit]
795026016,MANOMETRE A TUBE RESSORT,HY,HY-FL,FL,HY-FL-MAN-001,FLEXIBLE HYDRAULIQUE [type: DN[Diamètre Ø int ] L=[Longueur] [Embouts]
795703009,REGULATOR STEAM TEMP,PN,PN-RE,RE,PN-RE-REG-003,REGULATEUR PRESSION [Filetage] [Plage/Bars] [Options: MANOMETRE/FILTRE]
810109139,VIS ALLEN M6*40,ME,ME-VI,VI,ME-VI-M06-008,VIS [Type: CHC/TH/FHC] M [Diamètre]X[Longueur]en mm [Matiere:Acier/Inox]
810282050,TUBE RECTANGULAIRE 40X20,HY,HY-FL,FL,HY-FL-040-001,FLEXIBLE HYDRAULIQUE [type: DN[Diamètre Ø int ] L=[Longueur] [Embouts]
810702002,FIL DE RECUIT,EL,EL-CA,CA,EL-CA-FIL-003,CABLE [Type] [Nbr Conducteurs]X[Section/mm²] [Matière/Blindage]
810703145,FIL GALVANISE DIA 8MM,EL,EL-CA,CA,EL-CA-008-001,CABLE [Type] [Nbr Conducteurs]X[Section/mm²] [Matière/Blindage]
820109154,VIS A BOIS 2 CM VIS,ME,ME-VI,VI,ME-VI-VIS-009,VIS [Type: CHC/TH/FHC] M [Diamètre]X[Longueur]en mm [Matiere:Acier/Inox]
820109159,SELF DRILLING SCREW,ME,ME-VI,VI,ME-VI-SEL-002,VIS [Type: CHC/TH/FHC] M [Diamètre]X[Longueur]en mm [Matiere:Acier/Inox]
820109167,VIS ALLEN M 8x50,ME,ME-VI,VI,ME-VI-M08-007,VIS [Type: CHC/TH/FHC] M [Diamètre]X[Longueur]en mm [Matiere:Acier/Inox]
820109190,VIS ALLEN M16x50,ME,ME-VI,VI,ME-VI-M16-004,VIS [Type: CHC/TH/FHC] M [Diamètre]X[Longueur]en mm [Matiere:Acier/Inox]
820109191,VIS PARKER 2CM,ME,ME-VI,VI,ME-VI-VIS-010,VIS [Type: CHC/TH/FHC] M [Diamètre]X[Longueur]en mm [Matiere:Acier/Inox]
820109192,VIS PARKER O 4 mm ACIER,ME,ME-VI,VI,ME-VI-004-002,VIS [Type: CHC/TH/FHC] M [Diamètre]X[Longueur]en mm [Matiere:Acier/Inox]
820109197,VIS M20X120,ME,ME-VI,VI,ME-VI-M20-005,VIS [Type: CHC/TH/FHC] M [Diamètre]X[Longueur]en mm [Matiere:Acier/Inox]
820109198,VIS ALLEN M16X70,ME,ME-VI,VI,ME-VI-M16-005,VIS [Type: CHC/TH/FHC] M [Diamètre]X[Longueur]en mm [Matiere:Acier/Inox]
820109205,ALLEN BOLT M24* 90MM,ME,ME-VI,VI,ME-VI-M24-001,VIS [Type: CHC/TH/FHC] M [Diamètre]X[Longueur]en mm [Matiere:Acier/Inox]
820109214,VIS ALLEN INOX M14*50TETE CYLI,ME,ME-VI,VI,ME-VI-M14-001,VIS [Type: CHC/TH/FHC] M [Diamètre]X[Longueur]en mm [Matiere:Acier/Inox]
820209010,VIS TF ALLEN INOX M10,ME,ME-VI,VI,ME-VI-M10-002,VIS [Type: CHC/TH/FHC] M [Diamètre]X[Longueur]en mm [Matiere:Acier/Inox]
820901006,VIS HC M12X12 ACIER,ME,ME-VI,VI,ME-VI-M12-005,VIS [Type: CHC/TH/FHC] M [Diamètre]X[Longueur]en mm [Matiere:Acier/Inox]
820901010,VIS HC M3X4 ACIER,ME,ME-VI,VI,ME-VI-M03-002,VIS [Type: CHC/TH/FHC] M [Diamètre]X[Longueur]en mm [Matiere:Acier/Inox]
820901021,VIS  HC M14X70 ACIER,ME,ME-VI,VI,ME-VI-M14-002,VIS [Type: CHC/TH/FHC] M [Diamètre]X[Longueur]en mm [Matiere:Acier/Inox]
820901022,VIS HC M16X20 ACIER,ME,ME-VI,VI,ME-VI-M16-006,VIS [Type: CHC/TH/FHC] M [Diamètre]X[Longueur]en mm [Matiere:Acier/Inox]
820901023,VIS HC 6X8 INOX,ME,ME-VI,VI,ME-VI-006-002,VIS [Type: CHC/TH/FHC] M [Diamètre]X[Longueur]en mm [Matiere:Acier/Inox]
820901024,VIS HC 10X12 INOX,ME,ME-VI,VI,ME-VI-010-001,VIS [Type: CHC/TH/FHC] M [Diamètre]X[Longueur]en mm [Matiere:Acier/Inox]
820901025,VIS HC 10X25 INOX,ME,ME-VI,VI,ME-VI-010-002,VIS [Type: CHC/TH/FHC] M [Diamètre]X[Longueur]en mm [Matiere:Acier/Inox]
820901035,VIS TH M4X10 ACIER,ME,ME-VI,VI,ME-VI-M04-005,VIS [Type: CHC/TH/FHC] M [Diamètre]X[Longueur]en mm [Matiere:Acier/Inox]
820901037,VIS TH M4X15 ACIER 0.75,ME,ME-VI,VI,ME-VI-M04-006,VIS [Type: CHC/TH/FHC] M [Diamètre]X[Longueur]en mm [Matiere:Acier/Inox]
820901038,VIS TH M4X16 ACIER 8 .8DIN 933,ME,ME-VI,VI,ME-VI-M04-007,VIS [Type: CHC/TH/FHC] M [Diamètre]X[Longueur]en mm [Matiere:Acier/Inox]
820901039,VIS TH M4X16 ACIER 0.75,ME,ME-VI,VI,ME-VI-M04-008,VIS [Type: CHC/TH/FHC] M [Diamètre]X[Longueur]en mm [Matiere:Acier/Inox]
820901040,VIS TH M4X25 ACIER 808DIN 933,ME,ME-VI,VI,ME-VI-M04-009,VIS [Type: CHC/TH/FHC] M [Diamètre]X[Longueur]en mm [Matiere:Acier/Inox]
820901041,VIS TH M4X30 ACIER,ME,ME-VI,VI,ME-VI-M04-010,VIS [Type: CHC/TH/FHC] M [Diamètre]X[Longueur]en mm [Matiere:Acier/Inox]
820901042,VIS TH M4X30 ACIER 0.75,ME,ME-VI,VI,ME-VI-M04-011,VIS [Type: CHC/TH/FHC] M [Diamètre]X[Longueur]en mm [Matiere:Acier/Inox]
820901043,VIS TH M4X35 ACIER,ME,ME-VI,VI,ME-VI-M04-012,VIS [Type: CHC/TH/FHC] M [Diamètre]X[Longueur]en mm [Matiere:Acier/Inox]
820901046,VIS TH M5X12 ACIER,ME,ME-VI,VI,ME-VI-M05-010,VIS [Type: CHC/TH/FHC] M [Diamètre]X[Longueur]en mm [Matiere:Acier/Inox]
820901048,VIS TH M5X20 ACIER,ME,ME-VI,VI,ME-VI-M05-011,VIS [Type: CHC/TH/FHC] M [Diamètre]X[Longueur]en mm [Matiere:Acier/Inox]
820901049,VIS TH M5X25 ACIER,ME,ME-VI,VI,ME-VI-M05-012,VIS [Type: CHC/TH/FHC] M [Diamètre]X[Longueur]en mm [Matiere:Acier/Inox]
820901112,"""VIS TH WW 5/16X1"""""""" ACIER",ME,ME-VI,VI,ME-VI-005-003,VIS [Type: CHC/TH/FHC] M [Diamètre]X[Longueur]en mm [Matiere:Acier/Inox]
820901114,"""VIS TH WW 1/4X1""""""""/2 ACIER",ME,ME-VI,VI,ME-VI-001-002,VIS [Type: CHC/TH/FHC] M [Diamètre]X[Longueur]en mm [Matiere:Acier/Inox]
820901127,VIS TH M5X25 ACIER 0.90,ME,ME-VI,VI,ME-VI-M05-013,VIS [Type: CHC/TH/FHC] M [Diamètre]X[Longueur]en mm [Matiere:Acier/Inox]
820901128,"""VIS TH WW 7/16X1""""""""/4ACIER",ME,ME-VI,VI,ME-VI-007-001,VIS [Type: CHC/TH/FHC] M [Diamètre]X[Longueur]en mm [Matiere:Acier/Inox]
820901131,VIS AUTOFORANT 0 5 MM VIS AVEC RONDELLE BITUME,ME,ME-VI,VI,ME-VI-005-004,VIS [Type: CHC/TH/FHC] M [Diamètre]X[Longueur]en mm [Matiere:Acier/Inox]
820901132,VISEUSE POUR VIS AUTOFORANT VIS AUTOFORANT 0 5 MM,ME,ME-VI,VI,ME-VI-005-005,VIS [Type: CHC/TH/FHC] M [Diamètre]X[Longueur]en mm [Matiere:Acier/Inox]
822401001,ECROU M8,ME,ME-VI,VI,ME-VI-ECR-002,VIS [Type: CHC/TH/FHC] M [Diamètre]X[Longueur]en mm [Matiere:Acier/Inox]
822401008,ECROU M16 CLASSE 10.9 NUT M16 CLASS 10.9,ME,ME-VI,VI,ME-VI-M16-007,VIS [Type: CHC/TH/FHC] M [Diamètre]X[Longueur]en mm [Matiere:Acier/Inox]
822401011,RONDELLE M10,ME,ME-VI,VI,ME-VI-RON-004,VIS [Type: CHC/TH/FHC] M [Diamètre]X[Longueur]en mm [Matiere:Acier/Inox]
822401013,RONDELLE M8,ME,ME-VI,VI,ME-VI-RON-005,VIS [Type: CHC/TH/FHC] M [Diamètre]X[Longueur]en mm [Matiere:Acier/Inox]
822401016,RONDELLE M16,ME,ME-VI,VI,ME-VI-RON-006,VIS [Type: CHC/TH/FHC] M [Diamètre]X[Longueur]en mm [Matiere:Acier/Inox]
822401098,BOULONS M4x35,ME,ME-VI,VI,ME-VI-M04-013,VIS [Type: CHC/TH/FHC] M [Diamètre]X[Longueur]en mm [Matiere:Acier/Inox]
822401122,BOULONS M5x40,ME,ME-VI,VI,ME-VI-M05-014,VIS [Type: CHC/TH/FHC] M [Diamètre]X[Longueur]en mm [Matiere:Acier/Inox]
822401132,BOULONS M6X80,ME,ME-VI,VI,ME-VI-M06-009,VIS [Type: CHC/TH/FHC] M [Diamètre]X[Longueur]en mm [Matiere:Acier/Inox]
822401144,BOULONS M6x35,ME,ME-VI,VI,ME-VI-M06-010,VIS [Type: CHC/TH/FHC] M [Diamètre]X[Longueur]en mm [Matiere:Acier/Inox]
822401150,BOULONS M4x50,ME,ME-VI,VI,ME-VI-M04-014,VIS [Type: CHC/TH/FHC] M [Diamètre]X[Longueur]en mm [Matiere:Acier/Inox]
822401151,BOULON M24X150 CLASS 8.8 / MS nut bolt M24X150 CLASS 8.8,ME,ME-VI,VI,ME-VI-M24-002,VIS [Type: CHC/TH/FHC] M [Diamètre]X[Longueur]en mm [Matiere:Acier/Inox]
822401152,BOULONS M4 x 60,ME,ME-VI,VI,ME-VI-M04-015,VIS [Type: CHC/TH/FHC] M [Diamètre]X[Longueur]en mm [Matiere:Acier/Inox]
822401161,BOULONS M8 x 20,ME,ME-VI,VI,ME-VI-M08-008,VIS [Type: CHC/TH/FHC] M [Diamètre]X[Longueur]en mm [Matiere:Acier/Inox]
822401163,BOULONS M8x30,ME,ME-VI,VI,ME-VI-M08-009,VIS [Type: CHC/TH/FHC] M [Diamètre]X[Longueur]en mm [Matiere:Acier/Inox]
822401167,BOULONS M8x50,ME,ME-VI,VI,ME-VI-M08-010,VIS [Type: CHC/TH/FHC] M [Diamètre]X[Longueur]en mm [Matiere:Acier/Inox]
822401169,BOULONS M8x60,ME,ME-VI,VI,ME-VI-M08-011,VIS [Type: CHC/TH/FHC] M [Diamètre]X[Longueur]en mm [Matiere:Acier/Inox]
822401171,BOULONS M8x70,ME,ME-VI,VI,ME-VI-M08-012,VIS [Type: CHC/TH/FHC] M [Diamètre]X[Longueur]en mm [Matiere:Acier/Inox]
822401172,Boulon M12x90 class 8.8 / MS nut bolt M12x90 class 8.8,ME,ME-VI,VI,ME-VI-M12-006,VIS [Type: CHC/TH/FHC] M [Diamètre]X[Longueur]en mm [Matiere:Acier/Inox]
822401187,BOULONS M10x50,ME,ME-VI,VI,ME-VI-M10-003,VIS [Type: CHC/TH/FHC] M [Diamètre]X[Longueur]en mm [Matiere:Acier/Inox]
822401188,BOULON M10X60,ME,ME-VI,VI,ME-VI-M10-004,VIS [Type: CHC/TH/FHC] M [Diamètre]X[Longueur]en mm [Matiere:Acier/Inox]
822401189,NUT & BOLT 19MM,ME,ME-VI,VI,ME-VI-019-002,VIS [Type: CHC/TH/FHC] M [Diamètre]X[Longueur]en mm [Matiere:Acier/Inox]
822401191,BOULONS M 10X70,ME,ME-VI,VI,ME-VI-M10-005,VIS [Type: CHC/TH/FHC] M [Diamètre]X[Longueur]en mm [Matiere:Acier/Inox]
822401193,HT BOLT 10 X 100,ME,ME-VI,VI,ME-VI-010-003,VIS [Type: CHC/TH/FHC] M [Diamètre]X[Longueur]en mm [Matiere:Acier/Inox]
822401194,BOULON M10X120,ME,ME-VI,VI,ME-VI-M10-006,VIS [Type: CHC/TH/FHC] M [Diamètre]X[Longueur]en mm [Matiere:Acier/Inox]
822401195,BOULON M16X85 MS BOLT WITH NUT M16X85,ME,ME-VI,VI,ME-VI-M16-008,VIS [Type: CHC/TH/FHC] M [Diamètre]X[Longueur]en mm [Matiere:Acier/Inox]
822401202,BOULONS INOX M6*80 +RONDELLE,ME,ME-VI,VI,ME-VI-M06-011,VIS [Type: CHC/TH/FHC] M [Diamètre]X[Longueur]en mm [Matiere:Acier/Inox]
822401204,BOULON INOX 304 M14*60 SS 304 BOLT AND NUT M14*60,ME,ME-VI,VI,ME-VI-M14-003,VIS [Type: CHC/TH/FHC] M [Diamètre]X[Longueur]en mm [Matiere:Acier/Inox]
822401205,BOULON INOX M12*50,ME,ME-VI,VI,ME-VI-M12-007,VIS [Type: CHC/TH/FHC] M [Diamètre]X[Longueur]en mm [Matiere:Acier/Inox]
822401206,Boulon M20x120 / MS nut bolt M20x120 full threa,ME,ME-VI,VI,ME-VI-M20-006,VIS [Type: CHC/TH/FHC] M [Diamètre]X[Longueur]en mm [Matiere:Acier/Inox]
822401210,Boulon galvanisé M6x30 / Galvanized bolt & nut M6x30,ME,ME-VI,VI,ME-VI-M06-012,VIS [Type: CHC/TH/FHC] M [Diamètre]X[Longueur]en mm [Matiere:Acier/Inox]
822401212,BOULONS M16x80 CLASS 10.9 MS BOLT M16x80 CLASS 10.9,ME,ME-VI,VI,ME-VI-M16-009,VIS [Type: CHC/TH/FHC] M [Diamètre]X[Longueur]en mm [Matiere:Acier/Inox]
822401214,BOULONS M12x30,ME,ME-VI,VI,ME-VI-M12-008,VIS [Type: CHC/TH/FHC] M [Diamètre]X[Longueur]en mm [Matiere:Acier/Inox]
822401215,BOULONS M12x40,ME,ME-VI,VI,ME-VI-M12-009,VIS [Type: CHC/TH/FHC] M [Diamètre]X[Longueur]en mm [Matiere:Acier/Inox]
822401216,BOULONS M12x50,ME,ME-VI,VI,ME-VI-M12-010,VIS [Type: CHC/TH/FHC] M [Diamètre]X[Longueur]en mm [Matiere:Acier/Inox]
822401217,BOULONS M12x35,ME,ME-VI,VI,ME-VI-M12-011,VIS [Type: CHC/TH/FHC] M [Diamètre]X[Longueur]en mm [Matiere:Acier/Inox]
822401219,BOULONS M12x60,ME,ME-VI,VI,ME-VI-M12-012,VIS [Type: CHC/TH/FHC] M [Diamètre]X[Longueur]en mm [Matiere:Acier/Inox]
822401221,BOULONS M12x70,ME,ME-VI,VI,ME-VI-M12-013,VIS [Type: CHC/TH/FHC] M [Diamètre]X[Longueur]en mm [Matiere:Acier/Inox]
822401224,BOULON M12 x 80,ME,ME-VI,VI,ME-VI-M12-014,VIS [Type: CHC/TH/FHC] M [Diamètre]X[Longueur]en mm [Matiere:Acier/Inox]
822401227,BOULONS M12x100,ME,ME-VI,VI,ME-VI-M12-015,VIS [Type: CHC/TH/FHC] M [Diamètre]X[Longueur]en mm [Matiere:Acier/Inox]
822401234,BOULONS M14x30,ME,ME-VI,VI,ME-VI-M14-004,VIS [Type: CHC/TH/FHC] M [Diamètre]X[Longueur]en mm [Matiere:Acier/Inox]
822401236,BOULONS M14x50,ME,ME-VI,VI,ME-VI-M14-005,VIS [Type: CHC/TH/FHC] M [Diamètre]X[Longueur]en mm [Matiere:Acier/Inox]
822401237,BOULONS M14x45,ME,ME-VI,VI,ME-VI-M14-006,VIS [Type: CHC/TH/FHC] M [Diamètre]X[Longueur]en mm [Matiere:Acier/Inox]
822401238,BOULONS M14x60,ME,ME-VI,VI,ME-VI-M14-007,VIS [Type: CHC/TH/FHC] M [Diamètre]X[Longueur]en mm [Matiere:Acier/Inox]
822401239,BOULONS M14x70,ME,ME-VI,VI,ME-VI-M14-008,VIS [Type: CHC/TH/FHC] M [Diamètre]X[Longueur]en mm [Matiere:Acier/Inox]
822401242,BOULON M14X100,ME,ME-VI,VI,ME-VI-M14-009,VIS [Type: CHC/TH/FHC] M [Diamètre]X[Longueur]en mm [Matiere:Acier/Inox]
822401274,BOULONS M16x30,ME,ME-VI,VI,ME-VI-M16-010,VIS [Type: CHC/TH/FHC] M [Diamètre]X[Longueur]en mm [Matiere:Acier/Inox]
822401275,BOULONS M16x35,ME,ME-VI,VI,ME-VI-M16-011,VIS [Type: CHC/TH/FHC] M [Diamètre]X[Longueur]en mm [Matiere:Acier/Inox]
822401278,BOULON M16X90 NUT BOLT M16X90,ME,ME-VI,VI,ME-VI-M16-012,VIS [Type: CHC/TH/FHC] M [Diamètre]X[Longueur]en mm [Matiere:Acier/Inox]
822401282,BOULONS M16x75,ME,ME-VI,VI,ME-VI-M16-013,VIS [Type: CHC/TH/FHC] M [Diamètre]X[Longueur]en mm [Matiere:Acier/Inox]
822401283,BOULONS M16x80,ME,ME-VI,VI,ME-VI-M16-014,VIS [Type: CHC/TH/FHC] M [Diamètre]X[Longueur]en mm [Matiere:Acier/Inox]
822401284,BOULON  M16x100,ME,ME-VI,VI,ME-VI-M16-015,VIS [Type: CHC/TH/FHC] M [Diamètre]X[Longueur]en mm [Matiere:Acier/Inox]
822401285,BOULONS M16x160,ME,ME-VI,VI,ME-VI-M16-016,VIS [Type: CHC/TH/FHC] M [Diamètre]X[Longueur]en mm [Matiere:Acier/Inox]
822401288,BOULON  M16x150,ME,ME-VI,VI,ME-VI-M16-017,VIS [Type: CHC/TH/FHC] M [Diamètre]X[Longueur]en mm [Matiere:Acier/Inox]
822401289,BOULON M16X100 CLASSE 10.9 MS BOLT AND NUT CLASS 10.9,ME,ME-VI,VI,ME-VI-M16-018,VIS [Type: CHC/TH/FHC] M [Diamètre]X[Longueur]en mm [Matiere:Acier/Inox]
822401291,BOULONS M18x30,ME,ME-VI,VI,ME-VI-M18-001,VIS [Type: CHC/TH/FHC] M [Diamètre]X[Longueur]en mm [Matiere:Acier/Inox]
822401292,BOULON M20X160 NUT BOLT M20X160,ME,ME-VI,VI,ME-VI-M20-007,VIS [Type: CHC/TH/FHC] M [Diamètre]X[Longueur]en mm [Matiere:Acier/Inox]
822401293,BOULONS M18x50,ME,ME-VI,VI,ME-VI-M18-002,VIS [Type: CHC/TH/FHC] M [Diamètre]X[Longueur]en mm [Matiere:Acier/Inox]
822401294,BOULONS M18x60,ME,ME-VI,VI,ME-VI-M18-003,VIS [Type: CHC/TH/FHC] M [Diamètre]X[Longueur]en mm [Matiere:Acier/Inox]
822401297,BOULONS M18x75,ME,ME-VI,VI,ME-VI-M18-004,VIS [Type: CHC/TH/FHC] M [Diamètre]X[Longueur]en mm [Matiere:Acier/Inox]
822401298,BOULONS M18x100,ME,ME-VI,VI,ME-VI-M18-005,VIS [Type: CHC/TH/FHC] M [Diamètre]X[Longueur]en mm [Matiere:Acier/Inox]
822401299,BOULONS M18x150,ME,ME-VI,VI,ME-VI-M18-006,VIS [Type: CHC/TH/FHC] M [Diamètre]X[Longueur]en mm [Matiere:Acier/Inox]
822401303,BOULON M28X150 CLASSE 8.8 MS NUT BOLT M28X150 CLASS 8.8,ME,ME-VI,VI,ME-VI-M28-001,VIS [Type: CHC/TH/FHC] M [Diamètre]X[Longueur]en mm [Matiere:Acier/Inox]
822401341,BOULON M20x80,ME,ME-VI,VI,ME-VI-M20-008,VIS [Type: CHC/TH/FHC] M [Diamètre]X[Longueur]en mm [Matiere:Acier/Inox]
822401342,BOULON M24 x 90,ME,ME-VI,VI,ME-VI-M24-003,VIS [Type: CHC/TH/FHC] M [Diamètre]X[Longueur]en mm [Matiere:Acier/Inox]
822401348,BOULONS M20x50,ME,ME-VI,VI,ME-VI-M20-009,VIS [Type: CHC/TH/FHC] M [Diamètre]X[Longueur]en mm [Matiere:Acier/Inox]
822401349,BOULONS M22x50,ME,ME-VI,VI,ME-VI-M22-001,VIS [Type: CHC/TH/FHC] M [Diamètre]X[Longueur]en mm [Matiere:Acier/Inox]
822401350,BOULONS M22x75,ME,ME-VI,VI,ME-VI-M22-002,VIS [Type: CHC/TH/FHC] M [Diamètre]X[Longueur]en mm [Matiere:Acier/Inox]
822401354,BOULONS M20x150,ME,ME-VI,VI,ME-VI-M20-010,VIS [Type: CHC/TH/FHC] M [Diamètre]X[Longueur]en mm [Matiere:Acier/Inox]
822401358,BOULON M20 x 200,ME,ME-VI,VI,ME-VI-M20-011,VIS [Type: CHC/TH/FHC] M [Diamètre]X[Longueur]en mm [Matiere:Acier/Inox]
822402006,BUTTERFLY NUT M6ECROU PAPILLON,ME,ME-VI,VI,ME-VI-BUT-001,VIS [Type: CHC/TH/FHC] M [Diamètre]X[Longueur]en mm [Matiere:Acier/Inox]
822403276,BOULON GALVANISE M16*25MM,ME,ME-VI,VI,ME-VI-M16-019,VIS [Type: CHC/TH/FHC] M [Diamètre]X[Longueur]en mm [Matiere:Acier/Inox]
825801574,TIGER FILETEES M6 AVECJOINT R,ME,ME-JO,JO,ME-JO-TIG-001,JOINT [Type: SPI/O-RING/LEVRE] [Dimensions: IntXExtXEp] [Matière: NBR/FKM]
825801584,TIGE FILETE M18/LENGTH =1METER THREDED ROD M18/LENGTH =1MTR GENERAL USAGE,ME,ME-VI,VI,ME-VI-TIG-001,VIS [Type: CHC/TH/FHC] M [Diamètre]X[Longueur]en mm [Matiere:Acier/Inox]
825801585,TIGE FILETE M20/LENGTH =1METER THREDED ROD M20/LENGTH =1MTR GENERAL USAGE,ME,ME-VI,VI,ME-VI-TIG-002,VIS [Type: CHC/TH/FHC] M [Diamètre]X[Longueur]en mm [Matiere:Acier/Inox]
825801586,TIGE FILETÉ M16 CLASSE 10.9 THREADED ROD M16 CLASS 10.9,ME,ME-VI,VI,ME-VI-TIG-003,VIS [Type: CHC/TH/FHC] M [Diamètre]X[Longueur]en mm [Matiere:Acier/Inox]
826601011,CLOU DE 8 POUR CLOUEUSE NAIL 8CM FOR PNEUMATIC NAILER,PN,PN-RA,RA,PN-RA-CLO-001,RACCORD PNEUMATIQUE [Type: INSTANT/NIPPLE] Ø[Tube] [Filetage]
826601012,Nailer Cylinder Sealing Ring,ME,ME-JO,JO,ME-JO-CYL-039,JOINT [Type: SPI/O-RING/LEVRE] [Dimensions: IntXExtXEp] [Matière: NBR/FKM]
827305001,INT.CIRCLIPS-0335214500 ATLAS COPCO 132,PN,PN-CO,CO,PN-CO-INT-001,COMPRESSEUR AIR [Puissance/kW] [Débit] [Capacité Cuve/L] [Pression]
827305037,OIL SEAL SEEGER 35 E,ME,ME-JO,JO,ME-JO-OIL-009,JOINT [Type: SPI/O-RING/LEVRE] [Dimensions: IntXExtXEp] [Matière: NBR/FKM]
827305050,OIL SEAL SEEGER 45 E,ME,ME-JO,JO,ME-JO-OIL-010,JOINT [Type: SPI/O-RING/LEVRE] [Dimensions: IntXExtXEp] [Matière: NBR/FKM]
827407120,WASHER DIN 125-A 10.5,ME,ME-VI,VI,ME-VI-WAS-014,VIS [Type: CHC/TH/FHC] M [Diamètre]X[Longueur]en mm [Matiere:Acier/Inox]
828836008,BAGUETTES EN ARGENT,CS,CS-SC,SC,CS-SC-BGT-001,
828836009,BAGUETTE EN CUIVRE,CS,CS-SC,SC,CS-SC-BGT-002,
828904190,ELECTRODE FONTE 3.25MM 40E USINABLE,CS,CS-SC,SC,CS-SC-003-002,
829042101,ELECTRODE ALLUMINIUM3.25,CS,CS-SC,SC,CS-SC-ELE-001,
829042103,ELECTRODE ALUMINIUM DE4.0 MM,CS,CS-SC,SC,CS-SC-004-002,
829082096,"""ELECTRODE ORD DE 2,5",CS,CS-SC,SC,CS-SC-ELE-002,
829217065,ELECTRODE TUNGSTENE 4%,CS,CS-SC,SC,CS-SC-ELE-003,
829260167,ELECTRODES INOX 2.5,CS,CS-SC,SC,CS-SC-ELE-004,
829260168,ELECTRODES INOX DE 3.25,CS,CS-SC,SC,CS-SC-ELE-005,
829260169,Electrode Basique 7018 Dia 3.2 / Low hydrogen electrode 3.2mm,ME,ME-RO,RO,ME-RO-003-001,ROULEMENT [Type: BILLES/ROULEAUX] [Série/Réf] Ø[Intérieur]XØ[Extérieur]X[Épaisseur] [Flasque/Jeu]
829260170,ELECTRODES ORD  3.25 MM,CS,CS-SC,SC,CS-SC-003-003,
829260171,ELECTRODES INOX Ø3.5 MM LASTEK,CS,CS-SC,SC,CS-SC-003-004,
829260173,SS ELECTRODE 2.4 MM DIA TIG WE,CS,CS-SC,SC,CS-SC-002-001,
829260174,SS ELECTRODE 1.6 MM DIA TIG WE,CS,CS-SC,SC,CS-SC-001-001,
829260175,SS ELECTRODE 3.2 MM DIA TIG WE,CS,CS-SC,SC,CS-SC-003-005,
829260178,"ELECTRODE LASTEK 25 DIA.3,25MM",CS,CS-SC,SC,CS-SC-003-006,
829260180,Electrode basique 7018 dia 2.2 / Low hydrogen electrode 2.2mm,ME,ME-RO,RO,ME-RO-002-001,ROULEMENT [Type: BILLES/ROULEAUX] [Série/Réf] Ø[Intérieur]XØ[Extérieur]X[Épaisseur] [Flasque/Jeu]
830347018,JOINT KLINGER ARMEE 1mm1MTR *,ME,ME-JO,JO,ME-JO-JOI-012,JOINT [Type: SPI/O-RING/LEVRE] [Dimensions: IntXExtXEp] [Matière: NBR/FKM]
830347025,JOINT KLINGER ARMEE 2mm1MTR *,ME,ME-JO,JO,ME-JO-JOI-013,JOINT [Type: SPI/O-RING/LEVRE] [Dimensions: IntXExtXEp] [Matière: NBR/FKM]
830347026,JOINT KLINGER NON ARME DE 1MM,ME,ME-JO,JO,ME-JO-001-005,JOINT [Type: SPI/O-RING/LEVRE] [Dimensions: IntXExtXEp] [Matière: NBR/FKM]
830347027,JOINT KLINGER NON ARME DE 2MM,ME,ME-JO,JO,ME-JO-002-002,JOINT [Type: SPI/O-RING/LEVRE] [Dimensions: IntXExtXEp] [Matière: NBR/FKM]
830347028,JOINT KLINGER NON ARME DE 3MM,ME,ME-JO,JO,ME-JO-003-007,JOINT [Type: SPI/O-RING/LEVRE] [Dimensions: IntXExtXEp] [Matière: NBR/FKM]
830347036,JOINT KLINGER ARME1.5MM THICKN CIRCULATION PUMP SHAFT GASKET FLANGE GASKET SULZER BOILER-1,ME,ME-JO,JO,ME-JO-001-006,JOINT [Type: SPI/O-RING/LEVRE] [Dimensions: IntXExtXEp] [Matière: NBR/FKM]
830347037,JOINT KLINGER ARMEE 3MM(2000 x,ME,ME-JO,JO,ME-JO-003-008,JOINT [Type: SPI/O-RING/LEVRE] [Dimensions: IntXExtXEp] [Matière: NBR/FKM]
830349015,JOINT KLINGER 3 MM DN 80,ME,ME-JO,JO,ME-JO-080-004,JOINT [Type: SPI/O-RING/LEVRE] [Dimensions: IntXExtXEp] [Matière: NBR/FKM]
830546039,"""RUBBER GASKET 3""""""""",ME,ME-JO,JO,ME-JO-RUB-001,JOINT [Type: SPI/O-RING/LEVRE] [Dimensions: IntXExtXEp] [Matière: NBR/FKM]
830546040,"""RUBBER GASKET 6""""""""",ME,ME-JO,JO,ME-JO-RUB-002,JOINT [Type: SPI/O-RING/LEVRE] [Dimensions: IntXExtXEp] [Matière: NBR/FKM]
833401026,O'RING DE 63X55X4,ME,ME-JO,JO,ME-JO-063-002,JOINT [Type: SPI/O-RING/LEVRE] [Dimensions: IntXExtXEp] [Matière: NBR/FKM]
833401033,O'RING DE 40X30X5,ME,ME-JO,JO,ME-JO-040-008,JOINT [Type: SPI/O-RING/LEVRE] [Dimensions: IntXExtXEp] [Matière: NBR/FKM]
833401035,O'RING DE 22X3X15,ME,ME-JO,JO,ME-JO-022-002,JOINT [Type: SPI/O-RING/LEVRE] [Dimensions: IntXExtXEp] [Matière: NBR/FKM]
833401036,"""O'RING DE 85X76X4,5",ME,ME-JO,JO,ME-JO-085-001,JOINT [Type: SPI/O-RING/LEVRE] [Dimensions: IntXExtXEp] [Matière: NBR/FKM]
833401037,"""O'RING DE 25X19X3,5",ME,ME-JO,JO,ME-JO-025-006,JOINT [Type: SPI/O-RING/LEVRE] [Dimensions: IntXExtXEp] [Matière: NBR/FKM]
833401042,O RING POUR RACCORDUNION  DE 2,ME,ME-JO,JO,ME-JO-RIN-064,JOINT [Type: SPI/O-RING/LEVRE] [Dimensions: IntXExtXEp] [Matière: NBR/FKM]
833401054,"""O'RING DE 29X22X3,5",ME,ME-JO,JO,ME-JO-029-001,JOINT [Type: SPI/O-RING/LEVRE] [Dimensions: IntXExtXEp] [Matière: NBR/FKM]
833401058,O RING 19.85 x 2 mm,ME,ME-JO,JO,ME-JO-019-001,JOINT [Type: SPI/O-RING/LEVRE] [Dimensions: IntXExtXEp] [Matière: NBR/FKM]
833401376,O'RING DE 20X3.5X19,ME,ME-JO,JO,ME-JO-020-003,JOINT [Type: SPI/O-RING/LEVRE] [Dimensions: IntXExtXEp] [Matière: NBR/FKM]
833401842,O'RING FP,ME,ME-JO,JO,ME-JO-RIN-065,JOINT [Type: SPI/O-RING/LEVRE] [Dimensions: IntXExtXEp] [Matière: NBR/FKM]
833402012,O'RING  DE 12x8x2,ME,ME-JO,JO,ME-JO-012-003,JOINT [Type: SPI/O-RING/LEVRE] [Dimensions: IntXExtXEp] [Matière: NBR/FKM]
833402019,O'RING  DE 19x13x3,ME,ME-JO,JO,ME-JO-019-002,JOINT [Type: SPI/O-RING/LEVRE] [Dimensions: IntXExtXEp] [Matière: NBR/FKM]
833402029,O'RING  DE 29x23x3,ME,ME-JO,JO,ME-JO-029-002,JOINT [Type: SPI/O-RING/LEVRE] [Dimensions: IntXExtXEp] [Matière: NBR/FKM]
833402030,O'RING  DE 30x25x2.5,ME,ME-JO,JO,ME-JO-030-004,JOINT [Type: SPI/O-RING/LEVRE] [Dimensions: IntXExtXEp] [Matière: NBR/FKM]
833612446,BOURRAGE BLANC DIA.16MM CRANE CERPILLE/FINDER PUMP OIL GLAND UTILITY BOILER HOUSE,HY,HY-PO,PO,HY-PO-BOU-001,POMPE HYDRAULIQUE [Type:volumetrique/Turbo pompe] [Cylindrée] [Pression Max][type de liquide]
837223071,RETIENT D'HUILE 50X68X8 OIL SEAL 50X68X8,ME,ME-JO,JO,ME-JO-050-006,JOINT [Type: SPI/O-RING/LEVRE] [Dimensions: IntXExtXEp] [Matière: NBR/FKM]
837223072,RETIENT D'HUILE 70X90X10 OIL SEAL 70X90X10,ME,ME-JO,JO,ME-JO-070-004,JOINT [Type: SPI/O-RING/LEVRE] [Dimensions: IntXExtXEp] [Matière: NBR/FKM]
837231002,OIL SEAL UHS 32x24x5.7,ME,ME-JO,JO,ME-JO-032-003,JOINT [Type: SPI/O-RING/LEVRE] [Dimensions: IntXExtXEp] [Matière: NBR/FKM]
837231003,OIL SEAL 170x 200x 12 REFINE PLO,ME,ME-JO,JO,ME-JO-170-001,JOINT [Type: SPI/O-RING/LEVRE] [Dimensions: IntXExtXEp] [Matière: NBR/FKM]
837231006,OIL SEAL 85x140X12 / OUIEL SEAL 85X140X12,ME,ME-JO,JO,ME-JO-085-002,JOINT [Type: SPI/O-RING/LEVRE] [Dimensions: IntXExtXEp] [Matière: NBR/FKM]
837231007,OIL SEAL 60/75/8,ME,ME-JO,JO,ME-JO-060-007,JOINT [Type: SPI/O-RING/LEVRE] [Dimensions: IntXExtXEp] [Matière: NBR/FKM]
837231010,OIL SEAL 90/110/10,ME,ME-JO,JO,ME-JO-090-002,JOINT [Type: SPI/O-RING/LEVRE] [Dimensions: IntXExtXEp] [Matière: NBR/FKM]
837231012,OIL SEAL 210x240x15,ME,ME-JO,JO,ME-JO-210-001,JOINT [Type: SPI/O-RING/LEVRE] [Dimensions: IntXExtXEp] [Matière: NBR/FKM]
837231013,OIL SEAL 80/100/10,ME,ME-JO,JO,ME-JO-080-005,JOINT [Type: SPI/O-RING/LEVRE] [Dimensions: IntXExtXEp] [Matière: NBR/FKM]
837231014,OIL SEAL 100/140/12,ME,ME-JO,JO,ME-JO-100-003,JOINT [Type: SPI/O-RING/LEVRE] [Dimensions: IntXExtXEp] [Matière: NBR/FKM]
837231015,OIL SEAL 60/85/10,ME,ME-JO,JO,ME-JO-060-008,JOINT [Type: SPI/O-RING/LEVRE] [Dimensions: IntXExtXEp] [Matière: NBR/FKM]
837231016,OIL SEAL 65/90/10,ME,ME-JO,JO,ME-JO-065-004,JOINT [Type: SPI/O-RING/LEVRE] [Dimensions: IntXExtXEp] [Matière: NBR/FKM]
837231017,OIL SEAL 55/65/6,ME,ME-JO,JO,ME-JO-055-011,JOINT [Type: SPI/O-RING/LEVRE] [Dimensions: IntXExtXEp] [Matière: NBR/FKM]
837231018,oil seal 125x160x15,ME,ME-JO,JO,ME-JO-125-004,JOINT [Type: SPI/O-RING/LEVRE] [Dimensions: IntXExtXEp] [Matière: NBR/FKM]
837231020,OIL SEAL 65/85/10,ME,ME-JO,JO,ME-JO-065-005,JOINT [Type: SPI/O-RING/LEVRE] [Dimensions: IntXExtXEp] [Matière: NBR/FKM]
837231021,OIL SEAL 50 . 70 . 10 OIL SEAL 50 . 70 .10 DEDICATED,ME,ME-JO,JO,ME-JO-OIL-011,JOINT [Type: SPI/O-RING/LEVRE] [Dimensions: IntXExtXEp] [Matière: NBR/FKM]
837231023,OIL SEAL 20 . 42 . 7 OIL SEAL 20.42.7 DEDICATED,ME,ME-JO,JO,ME-JO-OIL-012,JOINT [Type: SPI/O-RING/LEVRE] [Dimensions: IntXExtXEp] [Matière: NBR/FKM]
837231024,OIL SEAL 30 . 47 . 7 OIL SEAL 30.47.7 DEDICATED,ME,ME-JO,JO,ME-JO-OIL-013,JOINT [Type: SPI/O-RING/LEVRE] [Dimensions: IntXExtXEp] [Matière: NBR/FKM]
837231026,OIL SEAL 40/50/6,ME,ME-JO,JO,ME-JO-040-009,JOINT [Type: SPI/O-RING/LEVRE] [Dimensions: IntXExtXEp] [Matière: NBR/FKM]
837231027,OIL SEAL 175/202/16,ME,ME-JO,JO,ME-JO-175-001,JOINT [Type: SPI/O-RING/LEVRE] [Dimensions: IntXExtXEp] [Matière: NBR/FKM]
837231029,OIL SEAL 35/55/10,ME,ME-JO,JO,ME-JO-035-006,JOINT [Type: SPI/O-RING/LEVRE] [Dimensions: IntXExtXEp] [Matière: NBR/FKM]
837231030,OIL SEAL 90X60X8,ME,ME-JO,JO,ME-JO-090-003,JOINT [Type: SPI/O-RING/LEVRE] [Dimensions: IntXExtXEp] [Matière: NBR/FKM]
837231031,OIL SEAL 175/207/16,ME,ME-JO,JO,ME-JO-175-002,JOINT [Type: SPI/O-RING/LEVRE] [Dimensions: IntXExtXEp] [Matière: NBR/FKM]
837231033,OIL SEAL 50/80/10,ME,ME-JO,JO,ME-JO-050-007,JOINT [Type: SPI/O-RING/LEVRE] [Dimensions: IntXExtXEp] [Matière: NBR/FKM]
837231034,OIL SEAL 50/72/10,ME,ME-JO,JO,ME-JO-050-008,JOINT [Type: SPI/O-RING/LEVRE] [Dimensions: IntXExtXEp] [Matière: NBR/FKM]
837231039,OIL SEAL 43 X 73 X 10 MM GENER,ME,ME-JO,JO,ME-JO-043-001,JOINT [Type: SPI/O-RING/LEVRE] [Dimensions: IntXExtXEp] [Matière: NBR/FKM]
837231040,OIL SEAL 40/55/7.5,ME,ME-JO,JO,ME-JO-040-010,JOINT [Type: SPI/O-RING/LEVRE] [Dimensions: IntXExtXEp] [Matière: NBR/FKM]
837231042,OIL SEAL 95/120/12,ME,ME-JO,JO,ME-JO-095-002,JOINT [Type: SPI/O-RING/LEVRE] [Dimensions: IntXExtXEp] [Matière: NBR/FKM]
837231047,OIL SEAL 65/90/12,ME,ME-JO,JO,ME-JO-065-006,JOINT [Type: SPI/O-RING/LEVRE] [Dimensions: IntXExtXEp] [Matière: NBR/FKM]
837231048,OIL SEAL 160/185/10,ME,ME-JO,JO,ME-JO-160-001,JOINT [Type: SPI/O-RING/LEVRE] [Dimensions: IntXExtXEp] [Matière: NBR/FKM]
837231051,OIL SEAL UHS 25x33x5,ME,ME-JO,JO,ME-JO-025-007,JOINT [Type: SPI/O-RING/LEVRE] [Dimensions: IntXExtXEp] [Matière: NBR/FKM]
837231053,OIL SEAL UHS 30x40x6,ME,ME-JO,JO,ME-JO-030-005,JOINT [Type: SPI/O-RING/LEVRE] [Dimensions: IntXExtXEp] [Matière: NBR/FKM]
837231055,OIL SEAL 45x65x10,ME,ME-JO,JO,ME-JO-045-002,JOINT [Type: SPI/O-RING/LEVRE] [Dimensions: IntXExtXEp] [Matière: NBR/FKM]
837231056,OIL SEAL 100/115/10,ME,ME-JO,JO,ME-JO-100-004,JOINT [Type: SPI/O-RING/LEVRE] [Dimensions: IntXExtXEp] [Matière: NBR/FKM]
837231058,"""OIL SEAL 100/130/12,7",ME,ME-JO,JO,ME-JO-100-005,JOINT [Type: SPI/O-RING/LEVRE] [Dimensions: IntXExtXEp] [Matière: NBR/FKM]
837231059,OIL SEAL 110/140/13,ME,ME-JO,JO,ME-JO-110-003,JOINT [Type: SPI/O-RING/LEVRE] [Dimensions: IntXExtXEp] [Matière: NBR/FKM]
837231060,OIL SEAL 35/75/10,ME,ME-JO,JO,ME-JO-035-007,JOINT [Type: SPI/O-RING/LEVRE] [Dimensions: IntXExtXEp] [Matière: NBR/FKM]
837231061,OIL SEAL 37/15/7.5,ME,ME-JO,JO,ME-JO-037-001,JOINT [Type: SPI/O-RING/LEVRE] [Dimensions: IntXExtXEp] [Matière: NBR/FKM]
837231063,OIL SEAL 115/140/12,ME,ME-JO,JO,ME-JO-115-001,JOINT [Type: SPI/O-RING/LEVRE] [Dimensions: IntXExtXEp] [Matière: NBR/FKM]
837231066,OIL SEAL 125X100X12,ME,ME-JO,JO,ME-JO-125-005,JOINT [Type: SPI/O-RING/LEVRE] [Dimensions: IntXExtXEp] [Matière: NBR/FKM]
837231068,OIL SEAL 68/80/6,ME,ME-JO,JO,ME-JO-068-001,JOINT [Type: SPI/O-RING/LEVRE] [Dimensions: IntXExtXEp] [Matière: NBR/FKM]
837231071,OIL SEAL UHS 18x26x5,ME,ME-JO,JO,ME-JO-018-002,JOINT [Type: SPI/O-RING/LEVRE] [Dimensions: IntXExtXEp] [Matière: NBR/FKM]
837231072,OIL SEAL UHS 40x50x6,ME,ME-JO,JO,ME-JO-040-011,JOINT [Type: SPI/O-RING/LEVRE] [Dimensions: IntXExtXEp] [Matière: NBR/FKM]
837231073,OIL SEAL 105x160x12,ME,ME-JO,JO,ME-JO-105-001,JOINT [Type: SPI/O-RING/LEVRE] [Dimensions: IntXExtXEp] [Matière: NBR/FKM]
837231075,MECANICAL OIL SEAL 42X25X6B,ME,ME-JO,JO,ME-JO-042-001,JOINT [Type: SPI/O-RING/LEVRE] [Dimensions: IntXExtXEp] [Matière: NBR/FKM]
837231076,MECANICAL OIL SEAL 35X20X7B,ME,ME-JO,JO,ME-JO-035-008,JOINT [Type: SPI/O-RING/LEVRE] [Dimensions: IntXExtXEp] [Matière: NBR/FKM]
837231077,OIL SEAL 146x168x16,ME,ME-JO,JO,ME-JO-146-001,JOINT [Type: SPI/O-RING/LEVRE] [Dimensions: IntXExtXEp] [Matière: NBR/FKM]
837231079,OIL SEAL 90/120/13,ME,ME-JO,JO,ME-JO-090-004,JOINT [Type: SPI/O-RING/LEVRE] [Dimensions: IntXExtXEp] [Matière: NBR/FKM]
837231080,OIL SEAL 40/62/8,ME,ME-JO,JO,ME-JO-040-012,JOINT [Type: SPI/O-RING/LEVRE] [Dimensions: IntXExtXEp] [Matière: NBR/FKM]
837231082,OIL SEAL 120x160x14 ARA BLOWIN,ME,ME-JO,JO,ME-JO-120-002,JOINT [Type: SPI/O-RING/LEVRE] [Dimensions: IntXExtXEp] [Matière: NBR/FKM]
837231083,SS OIL SEAL 55*72*8  ROULEMENT WITH RUBBER LINING FOR AIR COMPRESSOR,ME,ME-RO,RO,ME-RO-550-001,ROULEMENT [Type: BILLES/ROULEAUX] [Série/Réf] Ø[Intérieur]XØ[Extérieur]X[Épaisseur] [Flasque/Jeu]
837231085,SKF BEARING 2210 EC ROULEMENT FOR AIR COMPRESSOR,ME,ME-RO,RO,ME-RO-050-009,ROULEMENT [Type: BILLES/ROULEAUX] [Série/Réf] Ø[Intérieur]XØ[Extérieur]X[Épaisseur] [Flasque/Jeu]
837231086,OIL SEAL 75x100x10 MECCH.MOD,ME,ME-JO,JO,ME-JO-075-004,JOINT [Type: SPI/O-RING/LEVRE] [Dimensions: IntXExtXEp] [Matière: NBR/FKM]
837231088,BAGUE DETANCHEITE 90*110*12 CCMSULZER 0.137.312.933 CIRC PUMP DRW REF :035,HY,HY-PO,PO,HY-PO-090-002,POMPE HYDRAULIQUE [Type:volumetrique/Turbo pompe] [Cylindrée] [Pression Max][type de liquide]
837231089,RETIENT D'HUILE 50X70X9 OIL SEAL 50X70X9,ME,ME-JO,JO,ME-JO-050-009,JOINT [Type: SPI/O-RING/LEVRE] [Dimensions: IntXExtXEp] [Matière: NBR/FKM]
837231093,SEAL 85 X 120 X 12,ME,ME-JO,JO,ME-JO-085-003,JOINT [Type: SPI/O-RING/LEVRE] [Dimensions: IntXExtXEp] [Matière: NBR/FKM]
837231094,SEAL 60 X 80 X 12,ME,ME-JO,JO,ME-JO-060-009,JOINT [Type: SPI/O-RING/LEVRE] [Dimensions: IntXExtXEp] [Matière: NBR/FKM]
837231095,SEAL 45 X 65 X 12 ARA 2J2L/B,ME,ME-JO,JO,ME-JO-045-003,JOINT [Type: SPI/O-RING/LEVRE] [Dimensions: IntXExtXEp] [Matière: NBR/FKM]
837231096,SEAL 150x190x15,ME,ME-JO,JO,ME-JO-150-002,JOINT [Type: SPI/O-RING/LEVRE] [Dimensions: IntXExtXEp] [Matière: NBR/FKM]
837231097,SEAL 35 X 60 X 10 ARA 2J2L/B,ME,ME-JO,JO,ME-JO-035-009,JOINT [Type: SPI/O-RING/LEVRE] [Dimensions: IntXExtXEp] [Matière: NBR/FKM]
837231099,OIL SEAL 100 X 120 X 12,ME,ME-JO,JO,ME-JO-100-006,JOINT [Type: SPI/O-RING/LEVRE] [Dimensions: IntXExtXEp] [Matière: NBR/FKM]
837231101,OIL SEAL 112 X 140 X 13,ME,ME-JO,JO,ME-JO-112-001,JOINT [Type: SPI/O-RING/LEVRE] [Dimensions: IntXExtXEp] [Matière: NBR/FKM]
837231102,OIL SEAL U TYPE 16X28X7 OIL SEAL U TYPE 16X28X7,ME,ME-JO,JO,ME-JO-016-004,JOINT [Type: SPI/O-RING/LEVRE] [Dimensions: IntXExtXEp] [Matière: NBR/FKM]
837231103,Oil seal 74x95x10 RETIENT D'HUILE 74X95X10,ME,ME-JO,JO,ME-JO-074-001,JOINT [Type: SPI/O-RING/LEVRE] [Dimensions: IntXExtXEp] [Matière: NBR/FKM]
837231104,OIL SEAL 180X210X15,ME,ME-JO,JO,ME-JO-180-003,JOINT [Type: SPI/O-RING/LEVRE] [Dimensions: IntXExtXEp] [Matière: NBR/FKM]
837231143,OIL SEAL 130/160/12,ME,ME-JO,JO,ME-JO-130-002,JOINT [Type: SPI/O-RING/LEVRE] [Dimensions: IntXExtXEp] [Matière: NBR/FKM]
837231250,OIL SEAL 250/212/19,ME,ME-JO,JO,ME-JO-250-001,JOINT [Type: SPI/O-RING/LEVRE] [Dimensions: IntXExtXEp] [Matière: NBR/FKM]
837231252,OIL SEALS 120/140/13,ME,ME-JO,JO,ME-JO-120-003,JOINT [Type: SPI/O-RING/LEVRE] [Dimensions: IntXExtXEp] [Matière: NBR/FKM]
837231253,OIL SEALS 105/140/12,ME,ME-JO,JO,ME-JO-105-002,JOINT [Type: SPI/O-RING/LEVRE] [Dimensions: IntXExtXEp] [Matière: NBR/FKM]
837231254,OIL SEALS  210-120-15,ME,ME-JO,JO,ME-JO-OIL-014,JOINT [Type: SPI/O-RING/LEVRE] [Dimensions: IntXExtXEp] [Matière: NBR/FKM]
837231255,OIL SEALS  135-170-12,ME,ME-JO,JO,ME-JO-OIL-015,JOINT [Type: SPI/O-RING/LEVRE] [Dimensions: IntXExtXEp] [Matière: NBR/FKM]
837231256,OIL SEAL-140x112x13,ME,ME-JO,JO,ME-JO-140-003,JOINT [Type: SPI/O-RING/LEVRE] [Dimensions: IntXExtXEp] [Matière: NBR/FKM]
837231257,OIL SEAL-170x140x12,ME,ME-JO,JO,ME-JO-170-002,JOINT [Type: SPI/O-RING/LEVRE] [Dimensions: IntXExtXEp] [Matière: NBR/FKM]
837231258,OIL SEAL-150x180x12,ME,ME-JO,JO,ME-JO-150-003,JOINT [Type: SPI/O-RING/LEVRE] [Dimensions: IntXExtXEp] [Matière: NBR/FKM]
837231259,OIL SEAL 50 X 90 X 10,ME,ME-JO,JO,ME-JO-050-010,JOINT [Type: SPI/O-RING/LEVRE] [Dimensions: IntXExtXEp] [Matière: NBR/FKM]
837231260,OIL SEAL 85 X 110 X 13,ME,ME-JO,JO,ME-JO-085-004,JOINT [Type: SPI/O-RING/LEVRE] [Dimensions: IntXExtXEp] [Matière: NBR/FKM]
837231261,OIL SEAL 135 X 160 X 12,ME,ME-JO,JO,ME-JO-135-001,JOINT [Type: SPI/O-RING/LEVRE] [Dimensions: IntXExtXEp] [Matière: NBR/FKM]
838904189,ELECTRODES 4 MM - LASTEK41E,CS,CS-SC,SC,CS-SC-004-003,
839805134,foil bubble insulationmaterial,CS,CS-GC,GC,CS-GC-FOI-001,
839805161,"ARMAFLEX DE 1  1/2"" RUBBER FOAM TUBE DN 40",HY,HY-FL,FL,HY-FL-001-035,FLEXIBLE HYDRAULIQUE [type: DN[Diamètre Ø int ] L=[Longueur] [Embouts]
839805180,"ARMAFLEX DE 3"" RUBBER FOAM TUBE DN80",HY,HY-FL,FL,HY-FL-080-002,FLEXIBLE HYDRAULIQUE [type: DN[Diamètre Ø int ] L=[Longueur] [Embouts]
846149014,FIELD ASSY 240V (STATOR 2200W) MOTOR STATOR MAKITA 2200W,EL,EL-MO,MO,EL-MO-022-001,MOTEUR ASYNCHRONE [Puissance/kW] [Vitesse/tr/min] [Fixation] [Tension]
846149015,MOTOR HOUSING 2200W MAKITA,EL,EL-MO,MO,EL-MO-022-002,MOTEUR ASYNCHRONE [Puissance/kW] [Vitesse/tr/min] [Fixation] [Tension]
846149016,COMMUTATEUR MAKITA 2200W SWITCH MAKITA 2200W,EE,EE-CP,CP,EE-CP-COM-001,CAPTEUR [Type: PROXIMITE/PHOTO] [Signal: PNP/NPN/TOR] [Raccordement]
846149017,PALIER DE MEULEUSE MAKITA GEAR HOUSING MAKITA 2200W,ME,ME-EN,EN,ME-EN-PAL-001,ENGRENAGE [Type: DROIT/HELIC] [Module]  [Ø exterieur/Matière][Ø Alésage/Matière]
846149020,ROULEMENT 627DDW MAKITA HR2230 BALL BEARING 627DDW 210023-2,ME,ME-RO,RO,ME-RO-627-001,ROULEMENT [Type: BILLES/ROULEAUX] [Série/Réf] Ø[Intérieur]XØ[Extérieur]X[Épaisseur] [Flasque/Jeu]
850215183,VA ET VIEN POUR FERMETURE PORT E AVEC TIGE DE REGLAGE,CS,CS-SC,SC,CS-SC-VIE-001,
850215190,CHARNIERE INVISIBLE HINGE INVISIBLE FOR CLOSET,ME,ME-VI,VI,ME-VI-CHA-001,VIS [Type: CHC/TH/FHC] M [Diamètre]X[Longueur]en mm [Matiere:Acier/Inox]
850215192,PAUMELLE A SOUDER 90 X 16 MM WELD ON HINGE 90 X 16 MM,CS,CS-SC,SC,CS-SC-090-001,
850215193,"RACCORD RTPR 1/2"" POS.C018 AIR VACUUM ID 2012364 STUR-8N",HY,HY-RA,RA,HY-RA-001-019,RACCORD HYDRAULIQUE [Type: IMPLANT/UNION] [Filetage/Ø Tube] [Matière]
851201020,SECURITY LOCKS - PLOMB,CS,CS-MS,MS,CS-MS-SEC-001,
851201065,EXTINCTEUR EN POUDRE 1KG ABC,CS,CS-MS,MS,CS-MS-EXT-001,
851201066,EXTINCTEUR EN POUDRE 2KG ABC,CS,CS-MS,MS,CS-MS-EXT-002,
851701051,CYLINDRE DE SECURITE POUR PORT,HY,HY-VE,VE,HY-VE-CYL-043,VERIN HYDRAULIQUE [Type] Ø[Piston]/Ø[Tige]X[Course] [Pression Max]
851701052,CYLINDRE POUR PORT ALUMINIUM,HY,HY-VE,VE,HY-VE-CYL-044,VERIN HYDRAULIQUE [Type] Ø[Piston]/Ø[Tige]X[Course] [Pression Max]
851701054,SERRURE PORTE COULISSANTE LOCK FOR SLIDING DOR,ME,ME-VI,VI,ME-VI-SER-001,VIS [Type: CHC/TH/FHC] M [Diamètre]X[Longueur]en mm [Matiere:Acier/Inox]
851701055,PAUMELLE PORTE ALUMINIUM HINGE FOR ALUMINIUM DOOR,ME,ME-VI,VI,ME-VI-PAU-001,VIS [Type: CHC/TH/FHC] M [Diamètre]X[Longueur]en mm [Matiere:Acier/Inox]
853402112,JEUX DE LIT COMPLET  EQUERRE AVEC BOULON,ME,ME-VI,VI,ME-VI-JEU-001,VIS [Type: CHC/TH/FHC] M [Diamètre]X[Longueur]en mm [Matiere:Acier/Inox]
854067018,FLEXIBLE TUBE FOR GREASE PUMP,HY,HY-FL,FL,HY-FL-FLE-015,FLEXIBLE HYDRAULIQUE [type: DN[Diamètre Ø int ] L=[Longueur] [Embouts]
854404161,THREADING TOOL SET 12-24MM TAP & DIE SET FOR THREADING FOR BOILER MAINTENANCE,CS,CS-GC,GC,CS-GC-012-001,
854701001,SILICONE BLEU,CS,CS-AM,AM,CS-AM-SIL-001,
854701003,COLLE PATTEX,CS,CS-AM,AM,CS-AM-COL-002,
854701006,COLLE FROIDE,CS,CS-AM,AM,CS-AM-COL-003,
854701007,COLLE LOCTITE 406-20CC,CS,CS-AM,AM,CS-AM-COL-004,
854701010,HERMETIC SEALS GLUE,ME,ME-JO,JO,ME-JO-HER-001,JOINT [Type: SPI/O-RING/LEVRE] [Dimensions: IntXExtXEp] [Matière: NBR/FKM]
854701014,COLLE TANGIT COLLE POUR PVC,CS,CS-AM,AM,CS-AM-COL-005,
854701015,MASTIC EN FER,CS,CS-AM,AM,CS-AM-MAS-001,
854701016,MASTIC POUR VITRE,CS,CS-AM,AM,CS-AM-MAS-002,
854701017,MASTIC MURALE POUR PEINTURE MURALE,CS,CS-AM,AM,CS-AM-MAS-003,
854701031,M-SEAL 70g,ME,ME-JO,JO,ME-JO-SEA-055,JOINT [Type: SPI/O-RING/LEVRE] [Dimensions: IntXExtXEp] [Matière: NBR/FKM]
854701049,BOUTEILLES HUILES PENETRANTE,CS,CS-GC,GC,CS-GC-BOU-001,
854701069,LOCTITE 243 250ml/2699,CS,CS-AM,AM,CS-AM-LOC-001,
855222125,MASQUE A SOUDER,CS,CS-EP,EP,CS-EP-MAS-001,
856520112,POMPE A SILICONE,HY,HY-PO,PO,HY-PO-POM-008,POMPE HYDRAULIQUE [Type:volumetrique/Turbo pompe] [Cylindrée] [Pression Max][type de liquide]
857025060,LAMPE A'GAZ CATRIDGE TYPE 200 FOR BUTANA,SE,SE-EC,EC,SE-EC-LAM-015,ECLAIRAGE [Type: LED/Halogènes] [Puissance/W] [Tension/V]
857025069,FLUKE MULTIMETER/87V DIGITAL FOR ELECTRICITY UTILITY ALL PLANTS,EE,EE-CA,CA,EE-CA-FLU-001,CARTE ELECTRONIQUE [Fonction/Usage] [Réf Modèle] [Constructeur]
857025115,JEUX DE TOURNEVIS,ME,ME-VI,VI,ME-VI-JEU-002,VIS [Type: CHC/TH/FHC] M [Diamètre]X[Longueur]en mm [Matiere:Acier/Inox]
857034002,EARPLUGS,CS,CS-EP,EP,CS-EP-EAR-001,
857034003,ORDINARY RESPIRATORYMASK,CS,CS-EP,EP,CS-EP-ORD-001,
857034016,RESPIRATOR HALF MASK,CS,CS-EP,EP,CS-EP-RES-001,
857034021,LUNETTE DE PROTECTION,SE,SE-PM,PM,SE-PM-LUN-001,PROTECTION MACHINE [Type: CARTER/GRILLAGE/Switch] [Dimensions][Capteurs sécurité/Fin de course/dispositif d'arret d'urgence] [Matière][Tension]
857039608,ON/OFF SWITCH FOR ADOR WELDING S21.02.004.0256,EE,EE-CP,CP,EE-CP-OFF-001,CAPTEUR [Type: PROXIMITE/PHOTO] [Signal: PNP/NPN/TOR] [Raccordement]
857039609,MAIN RECTIFIER THYRISTOR ADOR  S22.28.082.0012,EL,EL-DI,DI,EL-DI-MAI-001,"DISJONCTEUR [Type: [VIDE,BAIN D'HUILE,GAZ,MOTEUR,MANETTE]  [Calibre/A] [Tension/Volt][Nbr Pôles] [Fabricant]"
857039611,CONTROL BOX ASSMBLY ADOR WELDI S17.01.002.0548,CS,CS-SC,SC,CS-SC-CON-001,
857039613,3 FUSE PCB ASSEMBLY ADOR WELDI S21.01.007.0876,EL,EL-FU,FU,EL-FU-FUS-016,FUSIBLE [Type: AM/GG/UR] [Taille] [Calibre/A] [Tension]
857039617,POTENTIOMETER FOR ADOR WELDIN S21.06.002.0116,CS,CS-SC,SC,CS-SC-POT-001,
857039621,POSTE A SOUNDER TIG MMA 300A TIG WELDING MACHINE 300A,CS,CS-SC,SC,CS-SC-POS-001,
857039632,PRI+SEC COIL ASSY S17010030332,CS,CS-GC,GC,CS-GC-PRI-001,
857039633,PRI+SEC COIL ASSY S17010030331,CS,CS-GC,GC,CS-GC-PRI-002,
857039640,CAM LOCK S11.09.016.0015 CONNECTEUR POUR CHAMP 200 welding cable to machine,EL,EL-CA,CA,EL-CA-CAM-001,CABLE [Type] [Nbr Conducteurs]X[Section/mm²] [Matière/Blindage]
857039641,Poste a Souder TIG de 400 Amp / 400 AMP TIG WELDING INVERTOR,CS,CS-SC,SC,CS-SC-POS-002,
857039643,FRONT COVER (PK10)S12060010011 LENTILLE DE PROTECTION AVANT,SE,SE-PM,PM,SE-PM-FRO-001,PROTECTION MACHINE [Type: CARTER/GRILLAGE/Switch] [Dimensions][Capteurs sécurité/Fin de course/dispositif d'arret d'urgence] [Matière][Tension]
857039644,INNER COVER (PK10)S12060010011 LENTILLE DE PROTECTION INT.,SE,SE-PM,PM,SE-PM-INN-001,PROTECTION MACHINE [Type: CARTER/GRILLAGE/Switch] [Dimensions][Capteurs sécurité/Fin de course/dispositif d'arret d'urgence] [Matière][Tension]
857039646,WELDING CABLE ASSY CHAMP 200 CABLE A SOUDER POUR CHAMP 200,EL,EL-CA,CA,EL-CA-WEL-001,CABLE [Type] [Nbr Conducteurs]X[Section/mm²] [Matière/Blindage]
857039647,EARTHING CABLE ASSY CHAMP 200 CABLE DE MASSE POUR CHAMP 200,EL,EL-CA,CA,EL-CA-EAR-001,CABLE [Type] [Nbr Conducteurs]X[Section/mm²] [Matière/Blindage]
857039649,Poste à souder de 250 Amps MMA / MMA welding machine 250 Amps,CS,CS-SC,SC,CS-SC-POS-003,
857040235,PINCES ELECTRODE 500A,CS,CS-SC,SC,CS-SC-PIN-001,
857041004,Electrode plasma cutter LGK120,CS,CS-SC,SC,CS-SC-CUT-002,
857050016,"METALIC CLAMP 6"" DIAMETER",SE,SE-EC,EC,SE-EC-MET-001,ECLAIRAGE [Type: LED/Halogènes] [Puissance/W] [Tension/V]
857050018,COLLIER DE SERRAGE 200MM INOX / HOSE CLAMP WITH BOLT 200MM DIA /FOR BOILER ISOLATOR COVER,ME,ME-VI,VI,ME-VI-200-001,VIS [Type: CHC/TH/FHC] M [Diamètre]X[Longueur]en mm [Matiere:Acier/Inox]
857050019,Boulon d'encrage M16 / Anchor bolt M16,ME,ME-VI,VI,ME-VI-M16-020,VIS [Type: CHC/TH/FHC] M [Diamètre]X[Longueur]en mm [Matiere:Acier/Inox]
857051001,CHEVILLES EN PLASTIQUE 8MM+VIS CHEVILLES EN PLASTIQUE 8MM+VIS,ME,ME-VI,VI,ME-VI-008-003,VIS [Type: CHC/TH/FHC] M [Diamètre]X[Longueur]en mm [Matiere:Acier/Inox]
857051002,CHEVILLES EN PLASTIQUE 10MM+VI CHEVILLES EN PLASTIQUE 10MM+VIS,ME,ME-VI,VI,ME-VI-010-004,VIS [Type: CHC/TH/FHC] M [Diamètre]X[Longueur]en mm [Matiere:Acier/Inox]
857051003,CHEVILLES EN PLASTIQUE 12MM+VI CHEVILLES EN PLASTIQUE 12MM+VIS,ME,ME-VI,VI,ME-VI-012-003,VIS [Type: CHC/TH/FHC] M [Diamètre]X[Longueur]en mm [Matiere:Acier/Inox]
857051004,COLIER CABLE TIE 300MM / PLASTIC CABLE TIES / FOR ELE WORKS,EL,EL-CA,CA,EL-CA-300-002,CABLE [Type] [Nbr Conducteurs]X[Section/mm²] [Matière/Blindage]
857051035,CHEVILLE EN PLASTIQUE 14MM+VIS,ME,ME-VI,VI,ME-VI-014-001,VIS [Type: CHC/TH/FHC] M [Diamètre]X[Longueur]en mm [Matiere:Acier/Inox]
857231025,JOINTS MECANIQUES 72 X 50 X 8,ME,ME-JO,JO,ME-JO-072-001,JOINT [Type: SPI/O-RING/LEVRE] [Dimensions: IntXExtXEp] [Matière: NBR/FKM]
857231026,JOINTS MECANIQUES 65 X 45 X 8,ME,ME-JO,JO,ME-JO-065-007,JOINT [Type: SPI/O-RING/LEVRE] [Dimensions: IntXExtXEp] [Matière: NBR/FKM]
857231027,JOINTS MECANIQUES 85X105 X 12,ME,ME-JO,JO,ME-JO-085-005,JOINT [Type: SPI/O-RING/LEVRE] [Dimensions: IntXExtXEp] [Matière: NBR/FKM]
857231029,JOINTS MECANIQUES 60 X 75 X 10,ME,ME-JO,JO,ME-JO-060-010,JOINT [Type: SPI/O-RING/LEVRE] [Dimensions: IntXExtXEp] [Matière: NBR/FKM]
857307011,TOURNE VIS MOYEN,ME,ME-VI,VI,ME-VI-TOU-001,VIS [Type: CHC/TH/FHC] M [Diamètre]X[Longueur]en mm [Matiere:Acier/Inox]
857612000,JEU DE CLES A DOUILLEDE 6-32,SE,SE-EC,EC,SE-EC-JEU-001,ECLAIRAGE [Type: LED/Halogènes] [Puissance/W] [Tension/V]
857612040,"ÉTAU PIVOTANT 3 VOIES DE 4"" 3 WAY SWIVEL BENCH VISE 4""",CS,CS-CA,CA,CS-CA-PVT-001,
857612045,ALLUME CHALUMEAU À PIÈRRE SILEX SPARK LIGHTER FOR TORCH,SE,SE-EC,EC,SE-EC-ALL-001,ECLAIRAGE [Type: LED/Halogènes] [Puissance/W] [Tension/V]
857612047,PIERRE SILEX D'ALLUME CHALUMAU FLINT STONE FOR LIGHTING TORCH,SE,SE-EC,EC,SE-EC-PIE-001,ECLAIRAGE [Type: LED/Halogènes] [Puissance/W] [Tension/V]
857612056,Pince de reparation tuyau 6’’ Metal Pipe Repair Clamp DN150,SE,SE-EC,EC,SE-EC-150-001,ECLAIRAGE [Type: LED/Halogènes] [Puissance/W] [Tension/V]
857612057,Pince de reparation tuyau 4’’ Metal Pipe Repair Clamp DN100,SE,SE-EC,EC,SE-EC-100-001,ECLAIRAGE [Type: LED/Halogènes] [Puissance/W] [Tension/V]
857612058,Pince de reparation tuyau 3’’ Metal Pipe Repair Clamp DN80,SE,SE-EC,EC,SE-EC-080-002,ECLAIRAGE [Type: LED/Halogènes] [Puissance/W] [Tension/V]
857612059,Pince de reparation tuyau DN65 Metal Pipe Repair Clamp DN65,SE,SE-EC,EC,SE-EC-065-001,ECLAIRAGE [Type: LED/Halogènes] [Puissance/W] [Tension/V]
857612060,Pince de reparation tuyau 2’’ Metal Pipe Repair Clamp DN50,SE,SE-EC,EC,SE-EC-050-002,ECLAIRAGE [Type: LED/Halogènes] [Puissance/W] [Tension/V]
857612061,Pince de reparation tuyau DN40 Metal Pipe Repair Clamp DN40,SE,SE-EC,EC,SE-EC-040-001,ECLAIRAGE [Type: LED/Halogènes] [Puissance/W] [Tension/V]
857612062,"Pince de reparation tuyau 3/4"" Metal Pipe Repair Clamp DN40",SE,SE-EC,EC,SE-EC-003-001,ECLAIRAGE [Type: LED/Halogènes] [Puissance/W] [Tension/V]
857612063,Pince de reparation tuyau 1’’ Metal Pipe Repair Clamp DN25,SE,SE-EC,EC,SE-EC-025-003,ECLAIRAGE [Type: LED/Halogènes] [Puissance/W] [Tension/V]
857612064,"Pince de reparation tuyau 1/2"" Metal Pipe Repair Clamp DN15",SE,SE-EC,EC,SE-EC-001-002,ECLAIRAGE [Type: LED/Halogènes] [Puissance/W] [Tension/V]
857805002,"TESTEUR 19 CM SCREWDRIVER TESTER 19CM, #ENGTLS",ME,ME-VI,VI,ME-VI-TES-001,VIS [Type: CHC/TH/FHC] M [Diamètre]X[Longueur]en mm [Matiere:Acier/Inox]
857805004,JEU DE TOURNE VIS DE PRECISION PRECISION SCREWDRIVER SET 6-PC #ENGTLS,ME,ME-VI,VI,ME-VI-JEU-003,VIS [Type: CHC/TH/FHC] M [Diamètre]X[Longueur]en mm [Matiere:Acier/Inox]
857805005,JEU DE 8 TOURNEVIS 8-PC SCREWDRIVER SET #ENGTLS,ME,ME-VI,VI,ME-VI-JEU-004,VIS [Type: CHC/TH/FHC] M [Diamètre]X[Longueur]en mm [Matiere:Acier/Inox]
857805011,RIVETEUSE HAND RIVET GUN #ENGTLS,CS,CS-CA,CA,CS-CA-RIV-001,
857805012,PIPE WRENCH 300mmCLE A GAZ DE,HY,HY-FL,FL,HY-FL-PIP-002,FLEXIBLE HYDRAULIQUE [type: DN[Diamètre Ø int ] L=[Longueur] [Embouts]
857805020,PIPE WRENCH 450mmCLE A GAZ,HY,HY-FL,FL,HY-FL-PIP-003,FLEXIBLE HYDRAULIQUE [type: DN[Diamètre Ø int ] L=[Longueur] [Embouts]
857805051,JEU DE CLE ETOILE T10-T50 LONG Description-02,CS,CS-GC,GC,CS-GC-002-001,
857805052,JEU DE CLE ETOILE T10-T50COURT STAR KEY SET T10-T50 SHORT,CS,CS-GC,GC,CS-GC-JEU-001,
858461000,SERRE CABLE DE10MM,EL,EL-CA,CA,EL-CA-010-004,CABLE [Type] [Nbr Conducteurs]X[Section/mm²] [Matière/Blindage]
858461003,SERRE CABLE DE 6mm,EL,EL-CA,CA,EL-CA-006-004,CABLE [Type] [Nbr Conducteurs]X[Section/mm²] [Matière/Blindage]
858461007,SERRE CABLES DE 16mm,EL,EL-CA,CA,EL-CA-016-003,CABLE [Type] [Nbr Conducteurs]X[Section/mm²] [Matière/Blindage]
858461013,SERRE CABLE DIA 20MM,EL,EL-CA,CA,EL-CA-020-001,CABLE [Type] [Nbr Conducteurs]X[Section/mm²] [Matière/Blindage]
858462015,FIL A COUDRE LES SACS GM(THREA,EL,EL-CA,CA,EL-CA-FIL-004,CABLE [Type] [Nbr Conducteurs]X[Section/mm²] [Matière/Blindage]
858462044,CHECK VALVE - 2254532400 ATLAS COPCO139,PN,PN-CO,CO,PN-CO-CHE-001,COMPRESSEUR AIR [Puissance/kW] [Débit] [Capacité Cuve/L] [Pression]
858462063,PEINTURE A HUILE EMAIL,CS,CS-GC,GC,CS-GC-PEI-001,
858462069,PAINTURE EMAIL ROUGE PAINTURE A HUILE,CS,CS-GC,GC,CS-GC-PAI-001,
858462070,COUTEAUX MASTIC POUR POSE MASTIC,CS,CS-AM,AM,CS-AM-COU-001,
858462075,EPOXY PRIMER COAT  Primer paint coat of epoxy  flooring,ME,ME-JO,JO,ME-JO-EPO-001,JOINT [Type: SPI/O-RING/LEVRE] [Dimensions: IntXExtXEp] [Matière: NBR/FKM]
858463029,CABLE EN ACIER DIA 12MM,EL,EL-CA,CA,EL-CA-012-001,CABLE [Type] [Nbr Conducteurs]X[Section/mm²] [Matière/Blindage]
882901234,HUILE D.T.,CS,CS-GC,GC,CS-GC-HUI-001,
882902175,KLUBER HAUTE TEMPERATURE,IN,IN-TE,TE,IN-TE-KLU-001,SONDE TEMPERATURE [Type: PT100/TC-K] L=[Longueur] Ø[Tige]
882902178,OIL PV100/TOTAL/ TORP DENSI.40DEC=118KG/M3/VISCO INDEX POUR POINT =-9/FLASH PON,CS,CS-GC,GC,CS-GC-OIL-010,
882902384,HUILE OMALA 220 (SHELL),CS,CS-GC,GC,CS-GC-220-001,
882902385,HUILE OMELA 320(CALTEX MEROPA,CS,CS-GC,GC,CS-GC-320-001,
882902386,COMPRESSOR OIL FOR TONGDA RENOLIN UNISYN OL - FUCHS COMPRESSOR OIL SCREW AIR COMP,ME,ME-VI,VI,ME-VI-COM-001,VIS [Type: CHC/TH/FHC] M [Diamètre]X[Longueur]en mm [Matiere:Acier/Inox]
882902440,CALTEX MULTIFAR GREASE,CS,CS-GC,GC,CS-GC-CAL-001,
882902443,GRAISSE ALIMENTAIRE,CS,CS-GC,GC,CS-GC-GRA-002,
882902927,LUBRICATION OIL RENOLIN 220 GRADE,CS,CS-GC,GC,CS-GC-220-002,
882902933,AZOLLA ZS 22HYDRAULIC OIL,CS,CS-GC,GC,CS-GC-AZO-001,
882902935,SHELL THERMIA D OIL,CS,CS-GC,GC,CS-GC-SHE-001,
882902961,LUNARIA NH 68 OIL FOR AMMONIA  LUNARIA NH 68 R717 COMPRESSOR TOTAL OIL LUNARIA NH 68 R717,PN,PN-CO,CO,PN-CO-068-001,COMPRESSEUR AIR [Puissance/kW] [Débit] [Capacité Cuve/L] [Pression]
882903161,CALTEX TEXAMATICHYDRAULIQUE FL,HY,HY-RA,RA,HY-RA-CAL-001,RACCORD HYDRAULIQUE [Type: IMPLANT/UNION] [Filetage/Ø Tube] [Matière]
882903164,TRANSFORMER OIL TRANSOL IS:335:2018 TYPE II,CS,CS-GC,GC,CS-GC-TRA-001,
882903441,GREASE FOOD GRADEKLUBER UH1 64,CS,CS-GC,GC,CS-GC-GRE-001,
882903443,MOBIL SHC PF 462 GREASE,CS,CS-GC,GC,CS-GC-MOB-001,
886705002,HUILE SOLUBRE,CS,CS-GC,GC,CS-GC-HUI-002,
886705008,HUILE OZ 140 POE,CS,CS-GC,GC,CS-GC-140-001,
889201009,DEBITMETRE POUR ARGON,IN,IN-DE,DE,IN-DE-DEB-001,DEBITMETRE [Type] [Plage Débit] [DN/Raccordement] [Sortie]
901101011,FILTRE A GAZ,HY,HY-FI,FI,HY-FI-FIL-055,FILTRE HYDRAULIQUE [Type: RETOUR/ASP] [Seuil/µm] [Raccordement/Débit]
901101012,HALF MASK FILTER,HY,HY-FI,FI,HY-FI-HAL-001,FILTRE HYDRAULIQUE [Type: RETOUR/ASP] [Seuil/µm] [Raccordement/Débit]
930503009,GANT CHIMIQUE,CS,CS-EP,EP,CS-EP-GAN-001,
930503010,GANT Cuir,CS,CS-EP,EP,CS-EP-GAN-002,
930503011,GANT MEDICALE,CS,CS-EP,EP,CS-EP-GAN-003,
930503014,GANT EN TISSUS,CS,CS-EP,EP,CS-EP-GAN-004,
930503015,GANT PVC,CS,CS-EP,EP,CS-EP-GAN-005,
930503060,TIGE DE RIDEAU LUX 5 M O 35 MM PIPE FOR CURTAIN LENGTH 5 M,CS,CS-SC,SC,CS-SC-035-001,
930503061,"TUYAU 1/2"" POUR RIDEAU DOUCHE 1/2' PIPE BATH ROOM CURTAIN",HY,HY-FL,FL,HY-FL-001-036,FLEXIBLE HYDRAULIQUE [type: DN[Diamètre Ø int ] L=[Longueur] [Embouts]
950110052,"INTERNAL CIRCLIP 33X1.2 ,PART NO 2176.110.3312 WINDSOR SHUT OFF CYLINDER",HY,HY-VE,VE,HY-VE-033-001,VERIN HYDRAULIQUE [Type] Ø[Piston]/Ø[Tige]X[Course] [Pression Max]
950110053,"TWIN SET PACKING 20X33X14,PART NO 2143.110.2001 WINDSOR SHUT OFF CYLINDER",HY,HY-VE,VE,HY-VE-020-003,VERIN HYDRAULIQUE [Type] Ø[Piston]/Ø[Tige]X[Course] [Pression Max]
950110056,"PISTON RING 30X27.6X2.5 ,PART NO 2123.000.0001 WINDSOR SHUT OFF CYLINDER",HY,HY-VE,VE,HY-VE-030-001,VERIN HYDRAULIQUE [Type] Ø[Piston]/Ø[Tige]X[Course] [Pression Max]
950110057,"PLAIN WASHER M 12 ,PART NO  2174.311.1340.00 WINDSOR SHUT OFF CYLINDER",ME,ME-VI,VI,ME-VI-CYL-002,VIS [Type: CHC/TH/FHC] M [Diamètre]X[Longueur]en mm [Matiere:Acier/Inox]
950110058,CYLINDER PART NO 3206.131.0140 WINDSOR SHUT OFF CYLINDER,HY,HY-VE,VE,HY-VE-CYL-045,VERIN HYDRAULIQUE [Type] Ø[Piston]/Ø[Tige]X[Course] [Pression Max]
950110059,PISTON PART NO 4206.131.0310 WINDSOR SHUT OFF CYLINDER,HY,HY-VE,VE,HY-VE-CYL-046,VERIN HYDRAULIQUE [Type] Ø[Piston]/Ø[Tige]X[Course] [Pression Max]
960300002,CACHE NEZ (DUST MASK),CS,CS-EP,EP,CS-EP-CAC-001,
960300004,CASQUE A SOUDE AUTOBSCURCISANT AUTO DARKENING WELDING HELMET for welding in safe condition,CS,CS-SC,SC,CS-SC-CAS-001,
960300008,CASQUES A SOUDER,CS,CS-EP,EP,CS-EP-CAS-001,
960300009,CACHE NEZ (DUST MASK) OMOPLANT,CS,CS-EP,EP,CS-EP-CAC-002,
960300010,CASQUES CHANT,CS,CS-EP,EP,CS-EP-CAS-002,
960300018,FULL FACE MASK V-777,CS,CS-EP,EP,CS-EP-FUL-001,
960503036,chemical protection suit / vêtement protection chimique,SE,SE-PM,PM,SE-PM-CHE-001,PROTECTION MACHINE [Type: CARTER/GRILLAGE/Switch] [Dimensions][Capteurs sécurité/Fin de course/dispositif d'arret d'urgence] [Matière][Tension]
990102063,KEYBOARD USB,EE,EE-CA,CA,EE-CA-KEY-001,CARTE ELECTRONIQUE [Fonction/Usage] [Réf Modèle] [Constructeur]
990102077,MARKER POUR TABLEAUEFFACABLE B,EL,EL-CA,CA,EL-CA-MAR-001,CABLE [Type] [Nbr Conducteurs]X[Section/mm²] [Matière/Blindage]
990102127,CAT 6 NETWORK CABLE,EL,EL-CA,CA,EL-CA-CAT-001,CABLE [Type] [Nbr Conducteurs]X[Section/mm²] [Matière/Blindage]
990102129,RJ45 CABLE TESTER,EL,EL-CA,CA,EL-CA-RJ4-001,CABLE [Type] [Nbr Conducteurs]X[Section/mm²] [Matière/Blindage]
990102137,8 PORT GIGABIT SWITCH,EE,EE-CP,CP,EE-CP-POR-001,CAPTEUR [Type: PROXIMITE/PHOTO] [Signal: PNP/NPN/TOR] [Raccordement]
990102152,WIRELESS KEYBOARD+MOUSE COMBO,EL,EL-CA,CA,EL-CA-WIR-004,CABLE [Type] [Nbr Conducteurs]X[Section/mm²] [Matière/Blindage]
990102304,POE SWITCH 24 PORT FOR CAMERA,EE,EE-CP,CP,EE-CP-POE-001,CAPTEUR [Type: PROXIMITE/PHOTO] [Signal: PNP/NPN/TOR] [Raccordement]
990102506,REGULATED POWER SUPPLY12VDC 10,EE,EE-CA,CA,EE-CA-REG-001,CARTE ELECTRONIQUE [Fonction/Usage] [Réf Modèle] [Constructeur]
990102522,"""TELEVISION LED - 50""""",SE,SE-EC,EC,SE-EC-TEL-001,ECLAIRAGE [Type: LED/Halogènes] [Puissance/W] [Tension/V]
990102534,UPS 1550VA IN220VAC O/P220VAC 220VAC OUT & 15MIN BACKUP FOR REGULAR PC PURPOSE,EL,EL-DI,DI,EL-DI-UPS-001,"DISJONCTEUR [Type: [VIDE,BAIN D'HUILE,GAZ,MOTEUR,MANETTE]  [Calibre/A] [Tension/Volt][Nbr Pôles] [Fabricant]"
990102535,10KVA UPS BATRY BANK SCHNEIDER / 7AH MODULAR BATT STRING / 10KVA UPS 3:3 400VAC,EL,EL-DI,DI,EL-DI-10K-001,"DISJONCTEUR [Type: [VIDE,BAIN D'HUILE,GAZ,MOTEUR,MANETTE]  [Calibre/A] [Tension/Volt][Nbr Pôles] [Fabricant]"
990102568,"20KVA UPS BATT CHRGR PCB CARD OEM REF : CH-BRD0006G01, IT2P SOCOMEC 20KVA UPS ITYP320M92",EE,EE-CA,CA,EE-CA-20K-001,CARTE ELECTRONIQUE [Fonction/Usage] [Réf Modèle] [Constructeur]
990102578,"""10KVA UPS 3-PH IN,3-PH OUT IN BULT BATTERY, 20MION BKUP 10KVA, 8.5KW UPS",EL,EL-DI,DI,EL-DI-10K-002,"DISJONCTEUR [Type: [VIDE,BAIN D'HUILE,GAZ,MOTEUR,MANETTE]  [Calibre/A] [Tension/Volt][Nbr Pôles] [Fabricant]"
990102635,SUIVI OPERA SWING LE COQ SAVON,CS,CS-GC,GC,CS-GC-SUI-001,
990102684,RAPP. COMPRESSEUR FRICK 6X6,PN,PN-CO,CO,PN-CO-006-001,COMPRESSEUR AIR [Puissance/kW] [Débit] [Capacité Cuve/L] [Pression]
990103000,UPS BATTERY FIAMM 12V 100Ah BATTERY FIAMM 12V 100Ah ABB BATTERY FIAMM 12SP 100,EL,EL-DI,DI,EL-DI-UPS-002,"DISJONCTEUR [Type: [VIDE,BAIN D'HUILE,GAZ,MOTEUR,MANETTE]  [Calibre/A] [Tension/Volt][Nbr Pôles] [Fabricant]"
990106105,COLLE LIQUIDE,CS,CS-AM,AM,CS-AM-COL-006,
999000033,TORCH ASSY CHAMPTIG 300P TORCH DE SOUDAGE CHAMPTIG 300P,CS,CS-SC,SC,CS-SC-TOR-001,
999000034,LONG CAP& ORING S12060011107,ME,ME-JO,JO,ME-JO-LON-003,JOINT [Type: SPI/O-RING/LEVRE] [Dimensions: IntXExtXEp] [Matière: NBR/FKM]
999000035,O'RING S15010020548,ME,ME-JO,JO,ME-JO-RIN-066,JOINT [Type: SPI/O-RING/LEVRE] [Dimensions: IntXExtXEp] [Matière: NBR/FKM]
999000036,SHORT CAP& O'RING S12060011108,ME,ME-JO,JO,ME-JO-SHO-001,JOINT [Type: SPI/O-RING/LEVRE] [Dimensions: IntXExtXEp] [Matière: NBR/FKM]
999000039,COLLET (1.6) S12060011102 welding Model Champ TIG 300P,CS,CS-AM,AM,CS-AM-COL-007,
999000042,COLLET (2.4) S12060011103,CS,CS-AM,AM,CS-AM-COL-008,
999000043,COLLET BODY (1.6) S12060011098 CORPS DE PINCE S12060011098,CS,CS-AM,AM,CS-AM-COL-009,
999000045,COLLET BODY (2.4) S12060011099 CORPS DE PINCE S12060011099,CS,CS-AM,AM,CS-AM-COL-010,
MATPPE00555,HSD STORAGE TANK 1KL / MS TANK WITH VIEW GLASS / IN & OUT CONTROL VALVES,PN,PN-EV,EV,PN-EV-HSD-001,"ELECTROVANNE PNEU [Fonction: 5/2, 3/2] [Filetage] [Tension Commande]"
MATPPE00569,THERMOS TANK HYGIENIC PUMP SET,HY,HY-PO,PO,HY-PO-THE-001,POMPE HYDRAULIQUE [Type:volumetrique/Turbo pompe] [Cylindrée] [Pression Max][type de liquide]
MATPPE00571,"20KV 630A VCB DISJONCTEUR / Ir-63A,Isc-25kA,Tk-3SECVm-90Kv / FOR BOILER SECTION",EL,EL-DI,DI,EL-DI-20K-001,"DISJONCTEUR [Type: [VIDE,BAIN D'HUILE,GAZ,MOTEUR,MANETTE]  [Calibre/A] [Tension/Volt][Nbr Pôles] [Fabricant]"
100828325,MAIN DRIVE CLUTCH &BRAKE UNIT,IN,IN-VA,VA,IN-VA-MAI-002,"VARIATEUR VITESSE [Type: MONO, TRIPHASE] [Puissance/kW]  [Mode: Réseau/Simple][Fabricant]"
270828055,THERMOCOUPLE SENSORPOS33  (NIC,IN,IN-TH,TH,IN-TH-THE-019,THERMOCOUPLE [Type: K/J/T] [Longueur Gaine] [Raccordement]
270828109,RUBBRIZED TIMING BELT(NICHROME,ME,ME-CO,CO,ME-CO-RUB-001,COURROIE [Type: Profil(TRAP/DENT/plate)] [dimension: L=[Longueurx epaisseur  en mm]
270828204,CAMOZZI DOUBLE ACT.CYLINDER 24,HY,HY-VE,VE,HY-VE-CYL-047,VERIN HYDRAULIQUE [Type] Ø[Piston]/Ø[Tige]X[Course] [Pression Max]
270828262,PHOTO CELLNICHROME,EE,EE-CP,CP,EE-CP-PHO-009,CAPTEUR [Type: PROXIMITE/PHOTO] [Signal: PNP/NPN/TOR] [Raccordement]
270828291,PLC FX3U -MT MITSUBISHI EX3U-48MT/ESS 110VAC -200VAC,EE,EE-AU,AU,EE-AU-FX3-001,AUTOMATE PLC [Série/Modèle] [Configuration E/S] [Alimentation]
277317010,JAW PROBE / THERMOCOUPLEJ PROB,IN,IN-TH,TH,IN-TH-JAW-001,THERMOCOUPLE [Type: K/J/T] [Longueur Gaine] [Raccordement]
277317023,DRIVE MOTOR TIMINGPULLEY TB20L,EL,EL-MO,MO,EL-MO-DRI-001,MOTEUR ASYNCHRONE [Puissance/kW] [Vitesse/tr/min] [Fixation] [Tension]
277317071,TIMING BELT 330NICHROME,ME,ME-CO,CO,ME-CO-TIM-008,COURROIE [Type: Profil(TRAP/DENT/plate)] [dimension: L=[Longueurx epaisseur  en mm]
300102472,CYLINDER 30566472,HY,HY-VE,VE,HY-VE-CYL-048,VERIN HYDRAULIQUE [Type] Ø[Piston]/Ø[Tige]X[Course] [Pression Max]
357767001,FILTERS FOR WAP VACUUM,HY,HY-FI,FI,HY-FI-FIL-056,FILTRE HYDRAULIQUE [Type: RETOUR/ASP] [Seuil/µm] [Raccordement/Débit]
700000030,TRANSPARENT SELF ADHESIVE TAPE 45 MM WIDTH BIG ROLL,CS,CS-AM,AM,CS-AM-045-001,
