item_code,sequence,propriete,valeur,unite,is_major,famille,sous_famille
312005081,1,TYPE,,,1,CS,CS-GC
312005081,2,GRA,,,0,CS,CS-GC
312005081,3,CND,,,0,CS,CS-GC
312005081,4,APP,,,0,CS,CS-GC
312005081,5,FAB,,,0,CS,CS-GC
100800011,1,TYPE,,,0,EL,EL-DI
100800011,2,CAL,,AMP,1,EL,EL-DI
100800011,3,TEN,,,0,EL,EL-DI
100800011,4,NBP,,Nos,0,EL,EL-DI
100800011,5,FAB,,,0,EL,EL-DI
100800012,1,TYPE,,,0,EL,EL-CO
100800012,2,ICM,,AMP,1,EL,EL-CO
100800012,3,TNB,,,0,EL,EL-CO
100800012,4,NBC,,Nos,0,EL,EL-CO
100800012,5,FAB,,,0,EL,EL-CO
100800013,1,TFM,,,1,EE,EE-CA
100800013,2,REF,,,0,EE,EE-CA
100800013,3,CONS,,,0,EE,EE-CA
100800013,4,ALIM,,,0,EE,EE-CA
100800013,5,VER,,,0,EE,EE-CA
100800014,1,SER,,,0,EE,EE-AU
100800014,2,NES,,Nos,1,EE,EE-AU
100800014,3,ALIM,,,0,EE,EE-AU
100800014,4,CONS,,,0,EE,EE-AU
100800014,5,TMO,,,0,EE,EE-AU
100800015,1,SER,,,0,EE,EE-AU
100800015,2,NES,,Nos,1,EE,EE-AU
100800015,3,ALIM,,,0,EE,EE-AU
100800015,4,CONS,,,0,EE,EE-AU
100800015,5,TMO,,,0,EE,EE-AU
100800016,1,FON,,,0,PN,PN-EV
100800016,2,DDR,,,1,PN,PN-EV
100800016,3,FIL,,,0,PN,PN-EV
100800016,4,TNC,,,0,PN,PN-EV
100800016,5,TYPE,,,0,PN,PN-EV
100800017,1,TYPE,,,0,HY,HY-FL
100800017,2,DN,,,1,HY,HY-FL
100800017,3,LON,,Millimeter,0,HY,HY-FL
100800017,4,EMB,,,0,HY,HY-FL
100800017,5,PRE,,Bar,0,HY,HY-FL
100800018,1,FON,,,0,PN,PN-EV
100800018,2,DDR,,,1,PN,PN-EV
100800018,3,FIL,,,0,PN,PN-EV
100800018,4,TNC,,,0,PN,PN-EV
100800018,5,TYPE,,,0,PN,PN-EV
100800019,1,TYPE,,,0,ME,ME-JO
100800019,2,DIA,,Millimeter,1,ME,ME-JO
100800019,3,DIM,,Millimeter,0,ME,ME-JO
100800019,4,MAT,,,0,ME,ME-JO
100800019,5,USG,,,0,ME,ME-JO
100800020,1,TYPE,,,0,ME,ME-JO
100800020,2,DIA,,Millimeter,1,ME,ME-JO
100800020,3,DIM,,Millimeter,0,ME,ME-JO
100800020,4,MAT,,,0,ME,ME-JO
100800020,5,USG,,,0,ME,ME-JO
100800021,1,TYPE,,,0,ME,ME-JO
100800021,2,DIA,,Millimeter,1,ME,ME-JO
100800021,3,DIM,,Millimeter,0,ME,ME-JO
100800021,4,MAT,,,0,ME,ME-JO
100800021,5,USG,,,0,ME,ME-JO
100800024,1,TCP,,,0,EE,EE-CP
100800024,2,SIG,,,1,EE,EE-CP
100800024,3,RAC,,,0,EE,EE-CP
100800024,4,ALIM,,,0,EE,EE-CP
100800024,5,PLG,,,0,EE,EE-CP
100800026,1,TCP,,,0,EE,EE-CP
100800026,2,SIG,,,1,EE,EE-CP
100800026,3,RAC,,,0,EE,EE-CP
100800026,4,ALIM,,,0,EE,EE-CP
100800026,5,PLG,,,0,EE,EE-CP
100800027,1,TCP,,,0,EE,EE-CP
100800027,2,SIG,,,1,EE,EE-CP
100800027,3,RAC,,,0,EE,EE-CP
100800027,4,ALIM,,,0,EE,EE-CP
100800027,5,PLG,,,0,EE,EE-CP
100800029,1,FON,,,0,PN,PN-EV
100800029,2,DDR,,,1,PN,PN-EV
100800029,3,FIL,,,0,PN,PN-EV
100800029,4,TNC,,,0,PN,PN-EV
100800029,5,TYPE,,,0,PN,PN-EV
100800031,1,TYPE,,,0,ME,ME-JO
100800031,2,DIA,,Millimeter,1,ME,ME-JO
100800031,3,DIM,,Millimeter,0,ME,ME-JO
100800031,4,MAT,,,0,ME,ME-JO
100800031,5,USG,,,0,ME,ME-JO
100800032,1,TYPE,,,0,HY,HY-VE
100800032,2,DAP,,Millimeter,1,HY,HY-VE
100800032,3,DGT,,Millimeter,0,HY,HY-VE
100800032,4,COU,,Millimeter,0,HY,HY-VE
100800032,5,PRE,,Bar,0,HY,HY-VE
100800033,1,TYPE,,,0,HY,HY-VE
100800033,2,DAP,,Millimeter,1,HY,HY-VE
100800033,3,DGT,,Millimeter,0,HY,HY-VE
100800033,4,COU,,Millimeter,0,HY,HY-VE
100800033,5,PRE,,Bar,0,HY,HY-VE
100800041,1,TYPE,,,0,EL,EL-RE
100800041,2,TDCB,,,1,EL,EL-RE
100800041,3,CRT,,AMP,0,EL,EL-RE
100800041,4,NBC,,Nos,0,EL,EL-RE
100800041,5,FAB,,,0,EL,EL-RE
100800043,1,TYPE,,,0,PN,PN-CO
100800043,2,PMD,,,1,PN,PN-CO
100800043,3,CCU,,L,0,PN,PN-CO
100800043,4,PRE,,Bar,0,PN,PN-CO
100800043,5,FAB,,,0,PN,PN-CO
100800054,1,TYPE,,,1,CS,CS-GC
100800054,2,GRA,,,0,CS,CS-GC
100800054,3,CND,,,0,CS,CS-GC
100800054,4,APP,,,0,CS,CS-GC
100800054,5,FAB,,,0,CS,CS-GC
100800069,1,TYPE,,,0,HY,HY-FI
100800069,2,SEU,,Micrometer,1,HY,HY-FI
100800069,3,RAC,,,0,HY,HY-FI
100800069,4,DEB,,,0,HY,HY-FI
100800069,5,FAB,,,0,HY,HY-FI
100800071,1,TYPE,,,1,CS,CS-GC
100800071,2,GRA,,,0,CS,CS-GC
100800071,3,CND,,,0,CS,CS-GC
100800071,4,APP,,,0,CS,CS-GC
100800071,5,FAB,,,0,CS,CS-GC
100800076,1,TYPE,,,0,HY,HY-PO
100800076,2,DEB,,,1,HY,HY-PO
100800076,3,CYL,,,0,HY,HY-PO
100800076,4,PRE,,Bar,0,HY,HY-PO
100800076,5,LIQ,,,0,HY,HY-PO
100800078,1,TYPE,,,0,ME,ME-JO
100800078,2,DIA,,Millimeter,1,ME,ME-JO
100800078,3,DIM,,Millimeter,0,ME,ME-JO
100800078,4,MAT,,,0,ME,ME-JO
100800078,5,USG,,,0,ME,ME-JO
100800083,1,TYPE,,,0,EL,EL-RE
100800083,2,TDCB,,,1,EL,EL-RE
100800083,3,CRT,,AMP,0,EL,EL-RE
100800083,4,NBC,,Nos,0,EL,EL-RE
100800083,5,FAB,,,0,EL,EL-RE
100800093,1,TYPE,,,0,HY,HY-FI
100800093,2,SEU,,Micrometer,1,HY,HY-FI
100800093,3,RAC,,,0,HY,HY-FI
100800093,4,DEB,,,0,HY,HY-FI
100800093,5,FAB,,,0,HY,HY-FI
100800096,1,TYPE,,,0,SE,SE-EC
100800096,2,PEN,,Watt,1,SE,SE-EC
100800096,3,TEN,,,0,SE,SE-EC
100800096,4,FOR,,,0,SE,SE-EC
100800096,5,FAB,,,0,SE,SE-EC
100800097,1,TAL,,,0,IN,IN-VA
100800097,2,PMM,,Kilowatt,1,IN,IN-VA
100800097,3,MOD,,,0,IN,IN-VA
100800097,4,TEN,,,0,IN,IN-VA
100800097,5,FAB,,,0,IN,IN-VA
100800101,1,TYPE,,,0,HY,HY-VE
100800101,2,DAP,,Millimeter,1,HY,HY-VE
100800101,3,DGT,,Millimeter,0,HY,HY-VE
100800101,4,COU,,Millimeter,0,HY,HY-VE
100800101,5,PRE,,Bar,0,HY,HY-VE
100800102,1,TYPE,,,0,HY,HY-VE
100800102,2,DAP,,Millimeter,1,HY,HY-VE
100800102,3,DGT,,Millimeter,0,HY,HY-VE
100800102,4,COU,,Millimeter,0,HY,HY-VE
100800102,5,PRE,,Bar,0,HY,HY-VE
100800104,1,TYPE,,,0,HY,HY-VE
100800104,2,DAP,,Millimeter,1,HY,HY-VE
100800104,3,DGT,,Millimeter,0,HY,HY-VE
100800104,4,COU,,Millimeter,0,HY,HY-VE
100800104,5,PRE,,Bar,0,HY,HY-VE
100800105,1,TYPE,,,0,HY,HY-VE
100800105,2,DAP,,Millimeter,1,HY,HY-VE
100800105,3,DGT,,Millimeter,0,HY,HY-VE
100800105,4,COU,,Millimeter,0,HY,HY-VE
100800105,5,PRE,,Bar,0,HY,HY-VE
100800106,1,TYPE,,,0,HY,HY-VE
100800106,2,DAP,,Millimeter,1,HY,HY-VE
100800106,3,DGT,,Millimeter,0,HY,HY-VE
100800106,4,COU,,Millimeter,0,HY,HY-VE
100800106,5,PRE,,Bar,0,HY,HY-VE
100800117,1,TCO,,,1,IN,IN-TH
100800117,2,LGA,,Millimeter,0,IN,IN-TH
100800117,3,DGA,,Millimeter,0,IN,IN-TH
100800117,4,RAC,,,0,IN,IN-TH
100800117,5,FAB,,,0,IN,IN-TH
100800118,1,TCO,,,1,IN,IN-TH
100800118,2,LGA,,Millimeter,0,IN,IN-TH
100800118,3,DGA,,Millimeter,0,IN,IN-TH
100800118,4,RAC,,,0,IN,IN-TH
100800118,5,FAB,,,0,IN,IN-TH
100800119,1,FON,,,0,PN,PN-EV
100800119,2,DDR,,,1,PN,PN-EV
100800119,3,FIL,,,0,PN,PN-EV
100800119,4,TNC,,,0,PN,PN-EV
100800119,5,TYPE,,,0,PN,PN-EV
100800120,1,FON,,,0,PN,PN-EV
100800120,2,DDR,,,1,PN,PN-EV
100800120,3,FIL,,,0,PN,PN-EV
100800120,4,TNC,,,0,PN,PN-EV
100800120,5,TYPE,,,0,PN,PN-EV
100800122,1,FON,,,0,PN,PN-EV
100800122,2,DDR,,,1,PN,PN-EV
100800122,3,FIL,,,0,PN,PN-EV
100800122,4,TNC,,,0,PN,PN-EV
100800122,5,TYPE,,,0,PN,PN-EV
100800123,1,FON,,,0,PN,PN-EV
100800123,2,DDR,,,1,PN,PN-EV
100800123,3,FIL,,,0,PN,PN-EV
100800123,4,TNC,,,0,PN,PN-EV
100800123,5,TYPE,,,0,PN,PN-EV
100800124,1,FON,,,0,PN,PN-EV
100800124,2,DDR,,,1,PN,PN-EV
100800124,3,FIL,,,0,PN,PN-EV
100800124,4,TNC,,,0,PN,PN-EV
100800124,5,TYPE,,,0,PN,PN-EV
100800125,1,TYPE,,,0,HY,HY-VE
100800125,2,DAP,,Millimeter,1,HY,HY-VE
100800125,3,DGT,,Millimeter,0,HY,HY-VE
100800125,4,COU,,Millimeter,0,HY,HY-VE
100800125,5,PRE,,Bar,0,HY,HY-VE
100800126,1,TYPE,,,0,HY,HY-VE
100800126,2,DAP,,Millimeter,1,HY,HY-VE
100800126,3,DGT,,Millimeter,0,HY,HY-VE
100800126,4,COU,,Millimeter,0,HY,HY-VE
100800126,5,PRE,,Bar,0,HY,HY-VE
100800127,1,TYPE,,,0,HY,HY-VE
100800127,2,DAP,,Millimeter,1,HY,HY-VE
100800127,3,DGT,,Millimeter,0,HY,HY-VE
100800127,4,COU,,Millimeter,0,HY,HY-VE
100800127,5,PRE,,Bar,0,HY,HY-VE
100800128,1,TYPE,,,0,HY,HY-VE
100800128,2,DAP,,Millimeter,1,HY,HY-VE
100800128,3,DGT,,Millimeter,0,HY,HY-VE
100800128,4,COU,,Millimeter,0,HY,HY-VE
100800128,5,PRE,,Bar,0,HY,HY-VE
100800130,1,TCP,,,0,EE,EE-CP
100800130,2,SIG,,,1,EE,EE-CP
100800130,3,RAC,,,0,EE,EE-CP
100800130,4,ALIM,,,0,EE,EE-CP
100800130,5,PLG,,,0,EE,EE-CP
100800131,1,TCP,,,0,EE,EE-CP
100800131,2,SIG,,,1,EE,EE-CP
100800131,3,RAC,,,0,EE,EE-CP
100800131,4,ALIM,,,0,EE,EE-CP
100800131,5,PLG,,,0,EE,EE-CP
100800132,1,TCP,,,0,EE,EE-CP
100800132,2,SIG,,,1,EE,EE-CP
100800132,3,RAC,,,0,EE,EE-CP
100800132,4,ALIM,,,0,EE,EE-CP
100800132,5,PLG,,,0,EE,EE-CP
100800133,1,TCP,,,0,EE,EE-CP
100800133,2,SIG,,,1,EE,EE-CP
100800133,3,RAC,,,0,EE,EE-CP
100800133,4,ALIM,,,0,EE,EE-CP
100800133,5,PLG,,,0,EE,EE-CP
100800134,1,TCP,,,0,EE,EE-CP
100800134,2,SIG,,,1,EE,EE-CP
100800134,3,RAC,,,0,EE,EE-CP
100800134,4,ALIM,,,0,EE,EE-CP
100800134,5,PLG,,,0,EE,EE-CP
100800135,1,TCP,,,0,EE,EE-CP
100800135,2,SIG,,,1,EE,EE-CP
100800135,3,RAC,,,0,EE,EE-CP
100800135,4,ALIM,,,0,EE,EE-CP
100800135,5,PLG,,,0,EE,EE-CP
100800136,1,TCP,,,0,EE,EE-CP
100800136,2,SIG,,,1,EE,EE-CP
100800136,3,RAC,,,0,EE,EE-CP
100800136,4,ALIM,,,0,EE,EE-CP
100800136,5,PLG,,,0,EE,EE-CP
100800137,1,TCP,,,0,EE,EE-CP
100800137,2,SIG,,,1,EE,EE-CP
100800137,3,RAC,,,0,EE,EE-CP
100800137,4,ALIM,,,0,EE,EE-CP
100800137,5,PLG,,,0,EE,EE-CP
100800138,1,TYPE,,,1,CS,CS-MS
100800138,2,CAP,,,0,CS,CS-MS
100800138,3,CLS,,,0,CS,CS-MS
100800138,4,DIM,,Millimeter,0,CS,CS-MS
100800138,5,NOR,,,0,CS,CS-MS
100800140,1,TCP,,,0,EE,EE-CP
100800140,2,SIG,,,1,EE,EE-CP
100800140,3,RAC,,,0,EE,EE-CP
100800140,4,ALIM,,,0,EE,EE-CP
100800140,5,PLG,,,0,EE,EE-CP
100800141,1,TCP,,,0,EE,EE-CP
100800141,2,SIG,,,1,EE,EE-CP
100800141,3,RAC,,,0,EE,EE-CP
100800141,4,ALIM,,,0,EE,EE-CP
100800141,5,PLG,,,0,EE,EE-CP
100800143,1,TYPE,,,0,HY,HY-FI
100800143,2,SEU,,Micrometer,1,HY,HY-FI
100800143,3,RAC,,,0,HY,HY-FI
100800143,4,DEB,,,0,HY,HY-FI
100800143,5,FAB,,,0,HY,HY-FI
100800146,1,TYPE,,,0,HY,HY-FI
100800146,2,SEU,,Micrometer,1,HY,HY-FI
100800146,3,RAC,,,0,HY,HY-FI
100800146,4,DEB,,,0,HY,HY-FI
100800146,5,FAB,,,0,HY,HY-FI
100800147,1,TYPE,,,0,HY,HY-FI
100800147,2,SEU,,Micrometer,1,HY,HY-FI
100800147,3,RAC,,,0,HY,HY-FI
100800147,4,DEB,,,0,HY,HY-FI
100800147,5,FAB,,,0,HY,HY-FI
100800148,1,TYPE,,,0,HY,HY-FI
100800148,2,SEU,,Micrometer,1,HY,HY-FI
100800148,3,RAC,,,0,HY,HY-FI
100800148,4,DEB,,,0,HY,HY-FI
100800148,5,FAB,,,0,HY,HY-FI
100800149,1,TCO,,,1,IN,IN-TH
100800149,2,LGA,,Millimeter,0,IN,IN-TH
100800149,3,DGA,,Millimeter,0,IN,IN-TH
100800149,4,RAC,,,0,IN,IN-TH
100800149,5,FAB,,,0,IN,IN-TH
100800150,1,TYPE,,,1,CS,CS-GC
100800150,2,GRA,,,0,CS,CS-GC
100800150,3,CND,,,0,CS,CS-GC
100800150,4,APP,,,0,CS,CS-GC
100800150,5,FAB,,,0,CS,CS-GC
100800152,1,TYPE,,,0,HY,HY-FI
100800152,2,SEU,,Micrometer,1,HY,HY-FI
100800152,3,RAC,,,0,HY,HY-FI
100800152,4,DEB,,,0,HY,HY-FI
100800152,5,FAB,,,0,HY,HY-FI
100800158,1,TCO,,,1,IN,IN-TH
100800158,2,LGA,,Millimeter,0,IN,IN-TH
100800158,3,DGA,,Millimeter,0,IN,IN-TH
100800158,4,RAC,,,0,IN,IN-TH
100800158,5,FAB,,,0,IN,IN-TH
100800160,1,TCO,,,1,IN,IN-TH
100800160,2,LGA,,Millimeter,0,IN,IN-TH
100800160,3,DGA,,Millimeter,0,IN,IN-TH
100800160,4,RAC,,,0,IN,IN-TH
100800160,5,FAB,,,0,IN,IN-TH
100800161,1,TCO,,,1,IN,IN-TH
100800161,2,LGA,,Millimeter,0,IN,IN-TH
100800161,3,DGA,,Millimeter,0,IN,IN-TH
100800161,4,RAC,,,0,IN,IN-TH
100800161,5,FAB,,,0,IN,IN-TH
100800162,1,TCO,,,1,IN,IN-TH
100800162,2,LGA,,Millimeter,0,IN,IN-TH
100800162,3,DGA,,Millimeter,0,IN,IN-TH
100800162,4,RAC,,,0,IN,IN-TH
100800162,5,FAB,,,0,IN,IN-TH
100800165,1,TYPE,,,0,EL,EL-CO
100800165,2,ICM,,AMP,1,EL,EL-CO
100800165,3,TNB,,,0,EL,EL-CO
100800165,4,NBC,,Nos,0,EL,EL-CO
100800165,5,FAB,,,0,EL,EL-CO
100800166,1,TCP,,,0,EE,EE-CP
100800166,2,SIG,,,1,EE,EE-CP
100800166,3,RAC,,,0,EE,EE-CP
100800166,4,ALIM,,,0,EE,EE-CP
100800166,5,PLG,,,0,EE,EE-CP
100800167,1,TCP,,,0,EE,EE-CP
100800167,2,SIG,,,1,EE,EE-CP
100800167,3,RAC,,,0,EE,EE-CP
100800167,4,ALIM,,,0,EE,EE-CP
100800167,5,PLG,,,0,EE,EE-CP
100800168,1,TCP,,,0,EE,EE-CP
100800168,2,SIG,,,1,EE,EE-CP
100800168,3,RAC,,,0,EE,EE-CP
100800168,4,ALIM,,,0,EE,EE-CP
100800168,5,PLG,,,0,EE,EE-CP
100800169,1,TCP,,,0,EE,EE-CP
100800169,2,SIG,,,1,EE,EE-CP
100800169,3,RAC,,,0,EE,EE-CP
100800169,4,ALIM,,,0,EE,EE-CP
100800169,5,PLG,,,0,EE,EE-CP
100800171,1,TYPE,,,0,SE,SE-EC
100800171,2,PEN,,Watt,1,SE,SE-EC
100800171,3,TEN,,,0,SE,SE-EC
100800171,4,FOR,,,0,SE,SE-EC
100800171,5,FAB,,,0,SE,SE-EC
100800172,1,TYPE,,,0,SE,SE-EC
100800172,2,PEN,,Watt,1,SE,SE-EC
100800172,3,TEN,,,0,SE,SE-EC
100800172,4,FOR,,,0,SE,SE-EC
100800172,5,FAB,,,0,SE,SE-EC
100800179,1,TYPE,,,0,EL,EL-FU
100800179,2,CDP,,AMP,1,EL,EL-FU
100800179,3,TAI,,,0,EL,EL-FU
100800179,4,TEN,,,0,EL,EL-FU
100800179,5,FAB,,,0,EL,EL-FU
100800182,1,TYPE,,,0,EL,EL-FU
100800182,2,CDP,,AMP,1,EL,EL-FU
100800182,3,TAI,,,0,EL,EL-FU
100800182,4,TEN,,,0,EL,EL-FU
100800182,5,FAB,,,0,EL,EL-FU
100800186,1,TFM,,,1,EE,EE-CA
100800186,2,REF,,,0,EE,EE-CA
100800186,3,CONS,,,0,EE,EE-CA
100800186,4,ALIM,,,0,EE,EE-CA
100800186,5,VER,,,0,EE,EE-CA
100800187,1,TFM,,,1,EE,EE-CA
100800187,2,REF,,,0,EE,EE-CA
100800187,3,CONS,,,0,EE,EE-CA
100800187,4,ALIM,,,0,EE,EE-CA
100800187,5,VER,,,0,EE,EE-CA
100800188,1,TFM,,,1,EE,EE-CA
100800188,2,REF,,,0,EE,EE-CA
100800188,3,CONS,,,0,EE,EE-CA
100800188,4,ALIM,,,0,EE,EE-CA
100800188,5,VER,,,0,EE,EE-CA
100800189,1,TFM,,,1,EE,EE-CA
100800189,2,REF,,,0,EE,EE-CA
100800189,3,CONS,,,0,EE,EE-CA
100800189,4,ALIM,,,0,EE,EE-CA
100800189,5,VER,,,0,EE,EE-CA
100800190,1,TFM,,,1,EE,EE-CA
100800190,2,REF,,,0,EE,EE-CA
100800190,3,CONS,,,0,EE,EE-CA
100800190,4,ALIM,,,0,EE,EE-CA
100800190,5,VER,,,0,EE,EE-CA
100800194,1,TYPE,,,0,HY,HY-FL
100800194,2,DN,,,1,HY,HY-FL
100800194,3,LON,,Millimeter,0,HY,HY-FL
100800194,4,EMB,,,0,HY,HY-FL
100800194,5,PRE,,Bar,0,HY,HY-FL
100800195,1,TYPE,,,0,HY,HY-FI
100800195,2,SEU,,Micrometer,1,HY,HY-FI
100800195,3,RAC,,,0,HY,HY-FI
100800195,4,DEB,,,0,HY,HY-FI
100800195,5,FAB,,,0,HY,HY-FI
100800196,1,TYPE,,,0,HY,HY-FI
100800196,2,SEU,,Micrometer,1,HY,HY-FI
100800196,3,RAC,,,0,HY,HY-FI
100800196,4,DEB,,,0,HY,HY-FI
100800196,5,FAB,,,0,HY,HY-FI
100800197,1,TYPE,,,0,IN,IN-CP
100800197,2,PME,,Bar,1,IN,IN-CP
100800197,3,SIG,,,0,IN,IN-CP
100800197,4,RAC,,,0,IN,IN-CP
100800197,5,FAB,,,0,IN,IN-CP
100800199,1,TYPE,,,1,CS,CS-GC
100800199,2,GRA,,,0,CS,CS-GC
100800199,3,CND,,,0,CS,CS-GC
100800199,4,APP,,,0,CS,CS-GC
100800199,5,FAB,,,0,CS,CS-GC
100800200,1,TYPE,,,0,EL,EL-RE
100800200,2,TDCB,,,1,EL,EL-RE
100800200,3,CRT,,AMP,0,EL,EL-RE
100800200,4,NBC,,Nos,0,EL,EL-RE
100800200,5,FAB,,,0,EL,EL-RE
100800203,1,TFM,,,1,EE,EE-CA
100800203,2,REF,,,0,EE,EE-CA
100800203,3,CONS,,,0,EE,EE-CA
100800203,4,ALIM,,,0,EE,EE-CA
100800203,5,VER,,,0,EE,EE-CA
100800204,1,TAL,,,0,IN,IN-VA
100800204,2,PMM,,Kilowatt,1,IN,IN-VA
100800204,3,MOD,,,0,IN,IN-VA
100800204,4,TEN,,,0,IN,IN-VA
100800204,5,FAB,,,0,IN,IN-VA
100800219,1,TYPE,,,0,ME,ME-RO
100800219,2,DIAI,,Millimeter,1,ME,ME-RO
100800219,3,SR,,,0,ME,ME-RO
100800219,4,DIAE,,Millimeter,0,ME,ME-RO
100800219,5,EPJ,,,0,ME,ME-RO
100800220,1,TYPE,,,0,ME,ME-RO
100800220,2,DIAI,,Millimeter,1,ME,ME-RO
100800220,3,SR,,,0,ME,ME-RO
100800220,4,DIAE,,Millimeter,0,ME,ME-RO
100800220,5,EPJ,,,0,ME,ME-RO
100800224,1,TYPE,,,0,EL,EL-FU
100800224,2,CDP,,AMP,1,EL,EL-FU
100800224,3,TAI,,,0,EL,EL-FU
100800224,4,TEN,,,0,EL,EL-FU
100800224,5,FAB,,,0,EL,EL-FU
100800225,1,TYPE,,,0,ME,ME-JO
100800225,2,DIA,,Millimeter,1,ME,ME-JO
100800225,3,DIM,,Millimeter,0,ME,ME-JO
100800225,4,MAT,,,0,ME,ME-JO
100800225,5,USG,,,0,ME,ME-JO
100800229,1,TYPE,,,0,HY,HY-FI
100800229,2,SEU,,Micrometer,1,HY,HY-FI
100800229,3,RAC,,,0,HY,HY-FI
100800229,4,DEB,,,0,HY,HY-FI
100800229,5,FAB,,,0,HY,HY-FI
100800233,1,TYPE,,,0,HY,HY-PO
100800233,2,DEB,,,1,HY,HY-PO
100800233,3,CYL,,,0,HY,HY-PO
100800233,4,PRE,,Bar,0,HY,HY-PO
100800233,5,LIQ,,,0,HY,HY-PO
100800235,1,TYPE,,,0,HY,HY-VE
100800235,2,DAP,,Millimeter,1,HY,HY-VE
100800235,3,DGT,,Millimeter,0,HY,HY-VE
100800235,4,COU,,Millimeter,0,HY,HY-VE
100800235,5,PRE,,Bar,0,HY,HY-VE
100800236,1,TYPE,,,0,ME,ME-RO
100800236,2,DIAI,,Millimeter,1,ME,ME-RO
100800236,3,SR,,,0,ME,ME-RO
100800236,4,DIAE,,Millimeter,0,ME,ME-RO
100800236,5,EPJ,,,0,ME,ME-RO
100800237,1,TYPE,,,0,HY,HY-VE
100800237,2,DAP,,Millimeter,1,HY,HY-VE
100800237,3,DGT,,Millimeter,0,HY,HY-VE
100800237,4,COU,,Millimeter,0,HY,HY-VE
100800237,5,PRE,,Bar,0,HY,HY-VE
100800238,1,TYPE,,,0,ME,ME-JO
100800238,2,DIA,,Millimeter,1,ME,ME-JO
100800238,3,DIM,,Millimeter,0,ME,ME-JO
100800238,4,MAT,,,0,ME,ME-JO
100800238,5,USG,,,0,ME,ME-JO
100800239,1,TYPE,,,0,ME,ME-JO
100800239,2,DIA,,Millimeter,1,ME,ME-JO
100800239,3,DIM,,Millimeter,0,ME,ME-JO
100800239,4,MAT,,,0,ME,ME-JO
100800239,5,USG,,,0,ME,ME-JO
100800240,1,TYPE,,,0,HY,HY-VE
100800240,2,DAP,,Millimeter,1,HY,HY-VE
100800240,3,DGT,,Millimeter,0,HY,HY-VE
100800240,4,COU,,Millimeter,0,HY,HY-VE
100800240,5,PRE,,Bar,0,HY,HY-VE
100800241,1,TYPE,,,0,HY,HY-VE
100800241,2,DAP,,Millimeter,1,HY,HY-VE
100800241,3,DGT,,Millimeter,0,HY,HY-VE
100800241,4,COU,,Millimeter,0,HY,HY-VE
100800241,5,PRE,,Bar,0,HY,HY-VE
100800243,1,TYPE,,,0,ME,ME-JO
100800243,2,DIA,,Millimeter,1,ME,ME-JO
100800243,3,DIM,,Millimeter,0,ME,ME-JO
100800243,4,MAT,,,0,ME,ME-JO
100800243,5,USG,,,0,ME,ME-JO
100800244,1,TYPE,,,0,HY,HY-VE
100800244,2,DAP,,Millimeter,1,HY,HY-VE
100800244,3,DGT,,Millimeter,0,HY,HY-VE
100800244,4,COU,,Millimeter,0,HY,HY-VE
100800244,5,PRE,,Bar,0,HY,HY-VE
100800250,1,TYPE,,,0,HY,HY-PO
100800250,2,DEB,,,1,HY,HY-PO
100800250,3,CYL,,,0,HY,HY-PO
100800250,4,PRE,,Bar,0,HY,HY-PO
100800250,5,LIQ,,,0,HY,HY-PO
100800253,1,TYPE,,,0,ME,ME-EN
100800253,2,NDR,,,1,ME,ME-EN
100800253,3,MODU,,,0,ME,ME-EN
100800253,4,DIM,,Millimeter,0,ME,ME-EN
100800253,5,MAT,,,0,ME,ME-EN
100800256,1,TYPE,,,0,HY,HY-FL
100800256,2,DN,,,1,HY,HY-FL
100800256,3,LON,,Millimeter,0,HY,HY-FL
100800256,4,EMB,,,0,HY,HY-FL
100800256,5,PRE,,Bar,0,HY,HY-FL
100800257,1,TS,,,0,IN,IN-TE
100800257,2,PMEAS,,Celsius,1,IN,IN-TE
100800257,3,LON,,Millimeter,0,IN,IN-TE
100800257,4,DGT,,Millimeter,0,IN,IN-TE
100800257,5,RAC,,,0,IN,IN-TE
100800258,1,TCP,,,0,EE,EE-CP
100800258,2,SIG,,,1,EE,EE-CP
100800258,3,RAC,,,0,EE,EE-CP
100800258,4,ALIM,,,0,EE,EE-CP
100800258,5,PLG,,,0,EE,EE-CP
100800261,1,TYPE,,,0,HY,HY-FL
100800261,2,DN,,,1,HY,HY-FL
100800261,3,LON,,Millimeter,0,HY,HY-FL
100800261,4,EMB,,,0,HY,HY-FL
100800261,5,PRE,,Bar,0,HY,HY-FL
100800262,1,TYPE,,,0,HY,HY-FL
100800262,2,DN,,,1,HY,HY-FL
100800262,3,LON,,Millimeter,0,HY,HY-FL
100800262,4,EMB,,,0,HY,HY-FL
100800262,5,PRE,,Bar,0,HY,HY-FL
100800263,1,TYPE,,,0,EL,EL-RE
100800263,2,TDCB,,,1,EL,EL-RE
100800263,3,CRT,,AMP,0,EL,EL-RE
100800263,4,NBC,,Nos,0,EL,EL-RE
100800263,5,FAB,,,0,EL,EL-RE
100800264,1,TCP,,,0,EE,EE-CP
100800264,2,SIG,,,1,EE,EE-CP
100800264,3,RAC,,,0,EE,EE-CP
100800264,4,ALIM,,,0,EE,EE-CP
100800264,5,PLG,,,0,EE,EE-CP
100800265,1,TYPE,,,0,EL,EL-RE
100800265,2,TDCB,,,1,EL,EL-RE
100800265,3,CRT,,AMP,0,EL,EL-RE
100800265,4,NBC,,Nos,0,EL,EL-RE
100800265,5,FAB,,,0,EL,EL-RE
100800266,1,TEC,,Inch,1,EE,EE-HM
100800266,2,RET,,,0,EE,EE-HM
100800266,3,ALIM,,,0,EE,EE-HM
100800266,4,CONS,,,0,EE,EE-HM
100800266,5,COM,,,0,EE,EE-HM
100800270,1,TYPE,,,0,ME,ME-JO
100800270,2,DIA,,Millimeter,1,ME,ME-JO
100800270,3,DIM,,Millimeter,0,ME,ME-JO
100800270,4,MAT,,,0,ME,ME-JO
100800270,5,USG,,,0,ME,ME-JO
100800271,1,TCP,,,0,EE,EE-CP
100800271,2,SIG,,,1,EE,EE-CP
100800271,3,RAC,,,0,EE,EE-CP
100800271,4,ALIM,,,0,EE,EE-CP
100800271,5,PLG,,,0,EE,EE-CP
100800273,1,TYPE,,,0,EL,EL-DI
100800273,2,CAL,,AMP,1,EL,EL-DI
100800273,3,TEN,,,0,EL,EL-DI
100800273,4,NBP,,Nos,0,EL,EL-DI
100800273,5,FAB,,,0,EL,EL-DI
100800274,1,SER,,,0,EE,EE-AU
100800274,2,NES,,Nos,1,EE,EE-AU
100800274,3,ALIM,,,0,EE,EE-AU
100800274,4,CONS,,,0,EE,EE-AU
100800274,5,TMO,,,0,EE,EE-AU
100800275,1,TYPE,,,0,EL,EL-RE
100800275,2,TDCB,,,1,EL,EL-RE
100800275,3,CRT,,AMP,0,EL,EL-RE
100800275,4,NBC,,Nos,0,EL,EL-RE
100800275,5,FAB,,,0,EL,EL-RE
100800276,1,TYPE,,,1,CS,CS-GC
100800276,2,GRA,,,0,CS,CS-GC
100800276,3,CND,,,0,CS,CS-GC
100800276,4,APP,,,0,CS,CS-GC
100800276,5,FAB,,,0,CS,CS-GC
100800277,1,TFM,,,1,EE,EE-CA
100800277,2,REF,,,0,EE,EE-CA
100800277,3,CONS,,,0,EE,EE-CA
100800277,4,ALIM,,,0,EE,EE-CA
100800277,5,VER,,,0,EE,EE-CA
100800285,1,TAL,,,0,IN,IN-VA
100800285,2,PMM,,Kilowatt,1,IN,IN-VA
100800285,3,MOD,,,0,IN,IN-VA
100800285,4,TEN,,,0,IN,IN-VA
100800285,5,FAB,,,0,IN,IN-VA
100800303,1,TYPE,,,0,PN,PN-CO
100800303,2,PMD,,,1,PN,PN-CO
100800303,3,CCU,,L,0,PN,PN-CO
100800303,4,PRE,,Bar,0,PN,PN-CO
100800303,5,FAB,,,0,PN,PN-CO
100800304,1,TYPE,,,0,PN,PN-CO
100800304,2,PMD,,,1,PN,PN-CO
100800304,3,CCU,,L,0,PN,PN-CO
100800304,4,PRE,,Bar,0,PN,PN-CO
100800304,5,FAB,,,0,PN,PN-CO
100800313,1,TYPE,,,0,PN,PN-CO
100800313,2,PMD,,,1,PN,PN-CO
100800313,3,CCU,,L,0,PN,PN-CO
100800313,4,PRE,,Bar,0,PN,PN-CO
100800313,5,FAB,,,0,PN,PN-CO
100800323,1,TYPE,,,0,HY,HY-FI
100800323,2,SEU,,Micrometer,1,HY,HY-FI
100800323,3,RAC,,,0,HY,HY-FI
100800323,4,DEB,,,0,HY,HY-FI
100800323,5,FAB,,,0,HY,HY-FI
100800324,1,FIL,,,0,PN,PN-RE
100800324,2,PPM,,Bar,1,PN,PN-RE
100800324,3,OPT,,,0,PN,PN-RE
100800324,4,TYPE,,,0,PN,PN-RE
100800324,5,DEB,,,0,PN,PN-RE
100800334,1,TYPE,,,0,PN,PN-VE
100800334,2,DAP,,Millimeter,1,PN,PN-VE
100800334,3,COU,,Millimeter,0,PN,PN-VE
100800334,4,AMO,,,0,PN,PN-VE
100800334,5,RAC,,,0,PN,PN-VE
100800335,1,TYPE,,,0,PN,PN-VE
100800335,2,DAP,,Millimeter,1,PN,PN-VE
100800335,3,COU,,Millimeter,0,PN,PN-VE
100800335,4,AMO,,,0,PN,PN-VE
100800335,5,RAC,,,0,PN,PN-VE
100800337,1,TCP,,,0,EE,EE-CP
100800337,2,SIG,,,1,EE,EE-CP
100800337,3,RAC,,,0,EE,EE-CP
100800337,4,ALIM,,,0,EE,EE-CP
100800337,5,PLG,,,0,EE,EE-CP
100800338,1,TCP,,,0,EE,EE-CP
100800338,2,SIG,,,1,EE,EE-CP
100800338,3,RAC,,,0,EE,EE-CP
100800338,4,ALIM,,,0,EE,EE-CP
100800338,5,PLG,,,0,EE,EE-CP
100800339,1,TCP,,,0,EE,EE-CP
100800339,2,SIG,,,1,EE,EE-CP
100800339,3,RAC,,,0,EE,EE-CP
100800339,4,ALIM,,,0,EE,EE-CP
100800339,5,PLG,,,0,EE,EE-CP
100800340,1,TCP,,,0,EE,EE-CP
100800340,2,SIG,,,1,EE,EE-CP
100800340,3,RAC,,,0,EE,EE-CP
100800340,4,ALIM,,,0,EE,EE-CP
100800340,5,PLG,,,0,EE,EE-CP
100800342,1,TCP,,,0,EE,EE-CP
100800342,2,SIG,,,1,EE,EE-CP
100800342,3,RAC,,,0,EE,EE-CP
100800342,4,ALIM,,,0,EE,EE-CP
100800342,5,PLG,,,0,EE,EE-CP
100800350,1,FON,,,0,PN,PN-EV
100800350,2,DDR,,,1,PN,PN-EV
100800350,3,FIL,,,0,PN,PN-EV
100800350,4,TNC,,,0,PN,PN-EV
100800350,5,TYPE,,,0,PN,PN-EV
100800351,1,TFM,,,1,EE,EE-CA
100800351,2,REF,,,0,EE,EE-CA
100800351,3,CONS,,,0,EE,EE-CA
100800351,4,ALIM,,,0,EE,EE-CA
100800351,5,VER,,,0,EE,EE-CA
100800352,1,FON,,,0,PN,PN-EV
100800352,2,DDR,,,1,PN,PN-EV
100800352,3,FIL,,,0,PN,PN-EV
100800352,4,TNC,,,0,PN,PN-EV
100800352,5,TYPE,,,0,PN,PN-EV
100800353,1,TYPE,,,0,ME,ME-EN
100800353,2,NDR,,,1,ME,ME-EN
100800353,3,MODU,,,0,ME,ME-EN
100800353,4,DIM,,Millimeter,0,ME,ME-EN
100800353,5,MAT,,,0,ME,ME-EN
100800354,1,SER,,,0,EE,EE-AU
100800354,2,NES,,Nos,1,EE,EE-AU
100800354,3,ALIM,,,0,EE,EE-AU
100800354,4,CONS,,,0,EE,EE-AU
100800354,5,TMO,,,0,EE,EE-AU
100800355,1,TAL,,,0,IN,IN-VA
100800355,2,PMM,,Kilowatt,1,IN,IN-VA
100800355,3,MOD,,,0,IN,IN-VA
100800355,4,TEN,,,0,IN,IN-VA
100800355,5,FAB,,,0,IN,IN-VA
100800356,1,TEC,,Inch,1,EE,EE-HM
100800356,2,RET,,,0,EE,EE-HM
100800356,3,ALIM,,,0,EE,EE-HM
100800356,4,CONS,,,0,EE,EE-HM
100800356,5,COM,,,0,EE,EE-HM
100800363,1,SER,,,0,EE,EE-AU
100800363,2,NES,,Nos,1,EE,EE-AU
100800363,3,ALIM,,,0,EE,EE-AU
100800363,4,CONS,,,0,EE,EE-AU
100800363,5,TMO,,,0,EE,EE-AU
100800370,1,TYPE,,,1,CS,CS-GC
100800370,2,GRA,,,0,CS,CS-GC
100800370,3,CND,,,0,CS,CS-GC
100800370,4,APP,,,0,CS,CS-GC
100800370,5,FAB,,,0,CS,CS-GC
100800372,1,TYPE,,,0,HY,HY-FL
100800372,2,DN,,,1,HY,HY-FL
100800372,3,LON,,Millimeter,0,HY,HY-FL
100800372,4,EMB,,,0,HY,HY-FL
100800372,5,PRE,,Bar,0,HY,HY-FL
100800376,1,TS,,,0,IN,IN-TE
100800376,2,PMEAS,,Celsius,1,IN,IN-TE
100800376,3,LON,,Millimeter,0,IN,IN-TE
100800376,4,DGT,,Millimeter,0,IN,IN-TE
100800376,5,RAC,,,0,IN,IN-TE
100800378,1,TYPE,,,0,PN,PN-VE
100800378,2,DAP,,Millimeter,1,PN,PN-VE
100800378,3,COU,,Millimeter,0,PN,PN-VE
100800378,4,AMO,,,0,PN,PN-VE
100800378,5,RAC,,,0,PN,PN-VE
100800383,1,TYPE,,,0,ME,ME-RO
100800383,2,DIAI,,Millimeter,1,ME,ME-RO
100800383,3,SR,,,0,ME,ME-RO
100800383,4,DIAE,,Millimeter,0,ME,ME-RO
100800383,5,EPJ,,,0,ME,ME-RO
100800384,1,TYPE,,,0,ME,ME-RO
100800384,2,DIAI,,Millimeter,1,ME,ME-RO
100800384,3,SR,,,0,ME,ME-RO
100800384,4,DIAE,,Millimeter,0,ME,ME-RO
100800384,5,EPJ,,,0,ME,ME-RO
100800387,1,TFM,,,1,EE,EE-CA
100800387,2,REF,,,0,EE,EE-CA
100800387,3,CONS,,,0,EE,EE-CA
100800387,4,ALIM,,,0,EE,EE-CA
100800387,5,VER,,,0,EE,EE-CA
100800400,1,TDC,,,0,EL,EL-MO
100800400,2,PUI,,Kilowatt,1,EL,EL-MO
100800400,3,VIT,,,0,EL,EL-MO
100800400,4,FIX,,,0,EL,EL-MO
100800400,5,TEN,,,0,EL,EL-MO
100800401,1,TAL,,,0,IN,IN-VA
100800401,2,PMM,,Kilowatt,1,IN,IN-VA
100800401,3,MOD,,,0,IN,IN-VA
100800401,4,TEN,,,0,IN,IN-VA
100800401,5,FAB,,,0,IN,IN-VA
100800403,1,TYPE,,,0,HY,HY-FI
100800403,2,SEU,,Micrometer,1,HY,HY-FI
100800403,3,RAC,,,0,HY,HY-FI
100800403,4,DEB,,,0,HY,HY-FI
100800403,5,FAB,,,0,HY,HY-FI
100800405,1,TYPE,,,0,ME,ME-JO
100800405,2,DIA,,Millimeter,1,ME,ME-JO
100800405,3,DIM,,Millimeter,0,ME,ME-JO
100800405,4,MAT,,,0,ME,ME-JO
100800405,5,USG,,,0,ME,ME-JO
100800406,1,TYPE,,,0,ME,ME-JO
100800406,2,DIA,,Millimeter,1,ME,ME-JO
100800406,3,DIM,,Millimeter,0,ME,ME-JO
100800406,4,MAT,,,0,ME,ME-JO
100800406,5,USG,,,0,ME,ME-JO
100800407,1,TYPE,,,0,ME,ME-JO
100800407,2,DIA,,Millimeter,1,ME,ME-JO
100800407,3,DIM,,Millimeter,0,ME,ME-JO
100800407,4,MAT,,,0,ME,ME-JO
100800407,5,USG,,,0,ME,ME-JO
100800414,1,TYPE,,,0,EL,EL-RE
100800414,2,TDCB,,,1,EL,EL-RE
100800414,3,CRT,,AMP,0,EL,EL-RE
100800414,4,NBC,,Nos,0,EL,EL-RE
100800414,5,FAB,,,0,EL,EL-RE
100801001,1,TYPE,,,0,PN,PN-DI
100801001,2,DTC,,,1,PN,PN-DI
100801001,3,NBV,,Nos,0,PN,PN-DI
100801001,4,TIR,,,0,PN,PN-DI
100801001,5,TNB,,,0,PN,PN-DI
100801006,1,TYPE,,,0,PN,PN-DI
100801006,2,DTC,,,1,PN,PN-DI
100801006,3,NBV,,Nos,0,PN,PN-DI
100801006,4,TIR,,,0,PN,PN-DI
100801006,5,TNB,,,0,PN,PN-DI
100801007,1,TYPE,,,0,PN,PN-DI
100801007,2,DTC,,,1,PN,PN-DI
100801007,3,NBV,,Nos,0,PN,PN-DI
100801007,4,TIR,,,0,PN,PN-DI
100801007,5,TNB,,,0,PN,PN-DI
100801008,1,TYPE,,,0,PN,PN-DI
100801008,2,DTC,,,1,PN,PN-DI
100801008,3,NBV,,Nos,0,PN,PN-DI
100801008,4,TIR,,,0,PN,PN-DI
100801008,5,TNB,,,0,PN,PN-DI
100801009,1,TYPE,,,0,EL,EL-CA
100801009,2,SEC,,,1,EL,EL-CA
100801009,3,NBCD,,Nos,0,EL,EL-CA
100801009,4,MAT,,,0,EL,EL-CA
100801009,5,BLI,,,0,EL,EL-CA
100801010,1,TYPE,,,0,PN,PN-DI
100801010,2,DTC,,,1,PN,PN-DI
100801010,3,NBV,,Nos,0,PN,PN-DI
100801010,4,TIR,,,0,PN,PN-DI
100801010,5,TNB,,,0,PN,PN-DI
100801020,1,TYPE,,,0,HY,HY-FL
100801020,2,DN,,,1,HY,HY-FL
100801020,3,LON,,Millimeter,0,HY,HY-FL
100801020,4,EMB,,,0,HY,HY-FL
100801020,5,PRE,,Bar,0,HY,HY-FL
100801022,1,TYPE,,,0,ME,ME-JO
100801022,2,DIA,,Millimeter,1,ME,ME-JO
100801022,3,DIM,,Millimeter,0,ME,ME-JO
100801022,4,MAT,,,0,ME,ME-JO
100801022,5,USG,,,0,ME,ME-JO
100801032,1,TYPE,,,0,HY,HY-FI
100801032,2,SEU,,Micrometer,1,HY,HY-FI
100801032,3,RAC,,,0,HY,HY-FI
100801032,4,DEB,,,0,HY,HY-FI
100801032,5,FAB,,,0,HY,HY-FI
100801033,1,TYPE,,,0,ME,ME-JO
100801033,2,DIA,,Millimeter,1,ME,ME-JO
100801033,3,DIM,,Millimeter,0,ME,ME-JO
100801033,4,MAT,,,0,ME,ME-JO
100801033,5,USG,,,0,ME,ME-JO
100801034,1,TYPE,,,0,PN,PN-RA
100801034,2,DET,,Millimeter,1,PN,PN-RA
100801034,3,FIL,,,0,PN,PN-RA
100801034,4,MAT,,,0,PN,PN-RA
100801034,5,FRM,,,0,PN,PN-RA
100801035,1,TYPE,,,0,HY,HY-VE
100801035,2,DAP,,Millimeter,1,HY,HY-VE
100801035,3,DGT,,Millimeter,0,HY,HY-VE
100801035,4,COU,,Millimeter,0,HY,HY-VE
100801035,5,PRE,,Bar,0,HY,HY-VE
100801036,1,TYPE,,,0,HY,HY-FI
100801036,2,SEU,,Micrometer,1,HY,HY-FI
100801036,3,RAC,,,0,HY,HY-FI
100801036,4,DEB,,,0,HY,HY-FI
100801036,5,FAB,,,0,HY,HY-FI
100801037,1,TYPE,,,0,HY,HY-VE
100801037,2,DAP,,Millimeter,1,HY,HY-VE
100801037,3,DGT,,Millimeter,0,HY,HY-VE
100801037,4,COU,,Millimeter,0,HY,HY-VE
100801037,5,PRE,,Bar,0,HY,HY-VE
100801038,1,TYPE,,,0,PN,PN-VE
100801038,2,DAP,,Millimeter,1,PN,PN-VE
100801038,3,COU,,Millimeter,0,PN,PN-VE
100801038,4,AMO,,,0,PN,PN-VE
100801038,5,RAC,,,0,PN,PN-VE
100801039,1,TYPE,,,0,HY,HY-PO
100801039,2,DEB,,,1,HY,HY-PO
100801039,3,CYL,,,0,HY,HY-PO
100801039,4,PRE,,Bar,0,HY,HY-PO
100801039,5,LIQ,,,0,HY,HY-PO
100801041,1,TYPE,,,0,ME,ME-JO
100801041,2,DIA,,Millimeter,1,ME,ME-JO
100801041,3,DIM,,Millimeter,0,ME,ME-JO
100801041,4,MAT,,,0,ME,ME-JO
100801041,5,USG,,,0,ME,ME-JO
100801042,1,TYPE,,,0,ME,ME-JO
100801042,2,DIA,,Millimeter,1,ME,ME-JO
100801042,3,DIM,,Millimeter,0,ME,ME-JO
100801042,4,MAT,,,0,ME,ME-JO
100801042,5,USG,,,0,ME,ME-JO
100801043,1,TYPE,,,0,ME,ME-JO
100801043,2,DIA,,Millimeter,1,ME,ME-JO
100801043,3,DIM,,Millimeter,0,ME,ME-JO
100801043,4,MAT,,,0,ME,ME-JO
100801043,5,USG,,,0,ME,ME-JO
100801044,1,TYPE,,,0,ME,ME-JO
100801044,2,DIA,,Millimeter,1,ME,ME-JO
100801044,3,DIM,,Millimeter,0,ME,ME-JO
100801044,4,MAT,,,0,ME,ME-JO
100801044,5,USG,,,0,ME,ME-JO
100801045,1,TDC,,,0,EL,EL-MO
100801045,2,PUI,,Kilowatt,1,EL,EL-MO
100801045,3,VIT,,,0,EL,EL-MO
100801045,4,FIX,,,0,EL,EL-MO
100801045,5,TEN,,,0,EL,EL-MO
100801047,1,TCP,,,0,EE,EE-CP
100801047,2,SIG,,,1,EE,EE-CP
100801047,3,RAC,,,0,EE,EE-CP
100801047,4,ALIM,,,0,EE,EE-CP
100801047,5,PLG,,,0,EE,EE-CP
100801048,1,TYPE,,,0,ME,ME-JO
100801048,2,DIA,,Millimeter,1,ME,ME-JO
100801048,3,DIM,,Millimeter,0,ME,ME-JO
100801048,4,MAT,,,0,ME,ME-JO
100801048,5,USG,,,0,ME,ME-JO
100801049,1,TYPE,,,0,ME,ME-JO
100801049,2,DIA,,Millimeter,1,ME,ME-JO
100801049,3,DIM,,Millimeter,0,ME,ME-JO
100801049,4,MAT,,,0,ME,ME-JO
100801049,5,USG,,,0,ME,ME-JO
100801050,1,TYPE,,,0,SE,SE-EC
100801050,2,PEN,,Watt,1,SE,SE-EC
100801050,3,TEN,,,0,SE,SE-EC
100801050,4,FOR,,,0,SE,SE-EC
100801050,5,FAB,,,0,SE,SE-EC
100801051,1,TYPE,,,0,EL,EL-CO
100801051,2,ICM,,AMP,1,EL,EL-CO
100801051,3,TNB,,,0,EL,EL-CO
100801051,4,NBC,,Nos,0,EL,EL-CO
100801051,5,FAB,,,0,EL,EL-CO
100801053,1,TYPE,,,0,ME,ME-JO
100801053,2,DIA,,Millimeter,1,ME,ME-JO
100801053,3,DIM,,Millimeter,0,ME,ME-JO
100801053,4,MAT,,,0,ME,ME-JO
100801053,5,USG,,,0,ME,ME-JO
100801054,1,TYPE,,,0,EL,EL-FU
100801054,2,CDP,,AMP,1,EL,EL-FU
100801054,3,TAI,,,0,EL,EL-FU
100801054,4,TEN,,,0,EL,EL-FU
100801054,5,FAB,,,0,EL,EL-FU
100801057,1,TYPE,,,0,EL,EL-FU
100801057,2,CDP,,AMP,1,EL,EL-FU
100801057,3,TAI,,,0,EL,EL-FU
100801057,4,TEN,,,0,EL,EL-FU
100801057,5,FAB,,,0,EL,EL-FU
100801058,1,TAL,,,0,IN,IN-VA
100801058,2,PMM,,Kilowatt,1,IN,IN-VA
100801058,3,MOD,,,0,IN,IN-VA
100801058,4,TEN,,,0,IN,IN-VA
100801058,5,FAB,,,0,IN,IN-VA
100801061,1,SER,,,0,EE,EE-AU
100801061,2,NES,,Nos,1,EE,EE-AU
100801061,3,ALIM,,,0,EE,EE-AU
100801061,4,CONS,,,0,EE,EE-AU
100801061,5,TMO,,,0,EE,EE-AU
100821002,1,TYPE,,,1,CS,CS-GC
100821002,2,GRA,,,0,CS,CS-GC
100821002,3,CND,,,0,CS,CS-GC
100821002,4,APP,,,0,CS,CS-GC
100821002,5,FAB,,,0,CS,CS-GC
100827013,1,TYPE,,,0,HY,HY-FI
100827013,2,SEU,,Micrometer,1,HY,HY-FI
100827013,3,RAC,,,0,HY,HY-FI
100827013,4,DEB,,,0,HY,HY-FI
100827013,5,FAB,,,0,HY,HY-FI
100827019,1,TYPE,,,0,ME,ME-JO
100827019,2,DIA,,Millimeter,1,ME,ME-JO
100827019,3,DIM,,Millimeter,0,ME,ME-JO
100827019,4,MAT,,,0,ME,ME-JO
100827019,5,USG,,,0,ME,ME-JO
100827020,1,TYPE,,,0,PN,PN-VE
100827020,2,DAP,,Millimeter,1,PN,PN-VE
100827020,3,COU,,Millimeter,0,PN,PN-VE
100827020,4,AMO,,,0,PN,PN-VE
100827020,5,RAC,,,0,PN,PN-VE
100827021,1,TYPE,,,0,ME,ME-JO
100827021,2,DIA,,Millimeter,1,ME,ME-JO
100827021,3,DIM,,Millimeter,0,ME,ME-JO
100827021,4,MAT,,,0,ME,ME-JO
100827021,5,USG,,,0,ME,ME-JO
100827022,1,TYPE,,,0,ME,ME-JO
100827022,2,DIA,,Millimeter,1,ME,ME-JO
100827022,3,DIM,,Millimeter,0,ME,ME-JO
100827022,4,MAT,,,0,ME,ME-JO
100827022,5,USG,,,0,ME,ME-JO
100827039,1,TYPE,,,0,ME,ME-JO
100827039,2,DIA,,Millimeter,1,ME,ME-JO
100827039,3,DIM,,Millimeter,0,ME,ME-JO
100827039,4,MAT,,,0,ME,ME-JO
100827039,5,USG,,,0,ME,ME-JO
100827040,1,TYPE,,,0,ME,ME-RO
100827040,2,DIAI,,Millimeter,1,ME,ME-RO
100827040,3,SR,,,0,ME,ME-RO
100827040,4,DIAE,,Millimeter,0,ME,ME-RO
100827040,5,EPJ,,,0,ME,ME-RO
100828005,1,TYPE,,,0,ME,ME-JO
100828005,2,DIA,,Millimeter,1,ME,ME-JO
100828005,3,DIM,,Millimeter,0,ME,ME-JO
100828005,4,MAT,,,0,ME,ME-JO
100828005,5,USG,,,0,ME,ME-JO
100828013,1,TS,,,0,IN,IN-TE
100828013,2,PMEAS,,Celsius,1,IN,IN-TE
100828013,3,LON,,Millimeter,0,IN,IN-TE
100828013,4,DGT,,Millimeter,0,IN,IN-TE
100828013,5,RAC,,,0,IN,IN-TE
100828016,1,TFM,,,1,EE,EE-CA
100828016,2,REF,,,0,EE,EE-CA
100828016,3,CONS,,,0,EE,EE-CA
100828016,4,ALIM,,,0,EE,EE-CA
100828016,5,VER,,,0,EE,EE-CA
100828017,1,FTT,,,1,ME,ME-VI
100828017,2,DIA,,Millimeter,0,ME,ME-VI
100828017,3,LON,,Millimeter,0,ME,ME-VI
100828017,4,MAT,,,0,ME,ME-VI
100828017,5,FIL,,,0,ME,ME-VI
100828018,1,TYPE,,,0,IN,IN-CP
100828018,2,PME,,Bar,1,IN,IN-CP
100828018,3,SIG,,,0,IN,IN-CP
100828018,4,RAC,,,0,IN,IN-CP
100828018,5,FAB,,,0,IN,IN-CP
100828020,1,TYPE,,,0,ME,ME-JO
100828020,2,DIA,,Millimeter,1,ME,ME-JO
100828020,3,DIM,,Millimeter,0,ME,ME-JO
100828020,4,MAT,,,0,ME,ME-JO
100828020,5,USG,,,0,ME,ME-JO
100828021,1,TYPE,,,0,ME,ME-JO
100828021,2,DIA,,Millimeter,1,ME,ME-JO
100828021,3,DIM,,Millimeter,0,ME,ME-JO
100828021,4,MAT,,,0,ME,ME-JO
100828021,5,USG,,,0,ME,ME-JO
100828022,1,TYPE,,,0,ME,ME-JO
100828022,2,DIA,,Millimeter,1,ME,ME-JO
100828022,3,DIM,,Millimeter,0,ME,ME-JO
100828022,4,MAT,,,0,ME,ME-JO
100828022,5,USG,,,0,ME,ME-JO
100828027,1,TYPE,,,0,ME,ME-RO
100828027,2,DIAI,,Millimeter,1,ME,ME-RO
100828027,3,SR,,,0,ME,ME-RO
100828027,4,DIAE,,Millimeter,0,ME,ME-RO
100828027,5,EPJ,,,0,ME,ME-RO
100828028,1,TYPE,,,0,ME,ME-RO
100828028,2,DIAI,,Millimeter,1,ME,ME-RO
100828028,3,SR,,,0,ME,ME-RO
100828028,4,DIAE,,Millimeter,0,ME,ME-RO
100828028,5,EPJ,,,0,ME,ME-RO
100828029,1,TYPE,,,0,ME,ME-RO
100828029,2,DIAI,,Millimeter,1,ME,ME-RO
100828029,3,SR,,,0,ME,ME-RO
100828029,4,DIAE,,Millimeter,0,ME,ME-RO
100828029,5,EPJ,,,0,ME,ME-RO
100828030,1,TYPE,,,0,PN,PN-RA
100828030,2,DET,,Millimeter,1,PN,PN-RA
100828030,3,FIL,,,0,PN,PN-RA
100828030,4,MAT,,,0,PN,PN-RA
100828030,5,FRM,,,0,PN,PN-RA
100828032,1,TYPE,,,0,PN,PN-RA
100828032,2,DET,,Millimeter,1,PN,PN-RA
100828032,3,FIL,,,0,PN,PN-RA
100828032,4,MAT,,,0,PN,PN-RA
100828032,5,FRM,,,0,PN,PN-RA
100828035,1,TYPE,,,0,PN,PN-RA
100828035,2,DET,,Millimeter,1,PN,PN-RA
100828035,3,FIL,,,0,PN,PN-RA
100828035,4,MAT,,,0,PN,PN-RA
100828035,5,FRM,,,0,PN,PN-RA
100828036,1,TYPE,,,0,PN,PN-RA
100828036,2,DET,,Millimeter,1,PN,PN-RA
100828036,3,FIL,,,0,PN,PN-RA
100828036,4,MAT,,,0,PN,PN-RA
100828036,5,FRM,,,0,PN,PN-RA
100828039,1,TYPE,,,0,PN,PN-RA
100828039,2,DET,,Millimeter,1,PN,PN-RA
100828039,3,FIL,,,0,PN,PN-RA
100828039,4,MAT,,,0,PN,PN-RA
100828039,5,FRM,,,0,PN,PN-RA
100828045,1,TYPE,,,0,EL,EL-RE
100828045,2,TDCB,,,1,EL,EL-RE
100828045,3,CRT,,AMP,0,EL,EL-RE
100828045,4,NBC,,Nos,0,EL,EL-RE
100828045,5,FAB,,,0,EL,EL-RE
100828049,1,TYPE,,,0,PN,PN-RA
100828049,2,DET,,Millimeter,1,PN,PN-RA
100828049,3,FIL,,,0,PN,PN-RA
100828049,4,MAT,,,0,PN,PN-RA
100828049,5,FRM,,,0,PN,PN-RA
100828052,1,TYPE,,,0,ME,ME-RO
100828052,2,DIAI,,Millimeter,1,ME,ME-RO
100828052,3,SR,,,0,ME,ME-RO
100828052,4,DIAE,,Millimeter,0,ME,ME-RO
100828052,5,EPJ,,,0,ME,ME-RO
100828054,1,TYPE,,,0,ME,ME-CH
100828054,2,PAS,,Millimeter,1,ME,ME-CH
100828054,3,NBM,,Nos,0,ME,ME-CH
100828054,4,LON,,Millimeter,0,ME,ME-CH
100828054,5,STD,,,0,ME,ME-CH
100828056,1,TYPE,,,0,ME,ME-JO
100828056,2,DIA,,Millimeter,1,ME,ME-JO
100828056,3,DIM,,Millimeter,0,ME,ME-JO
100828056,4,MAT,,,0,ME,ME-JO
100828056,5,USG,,,0,ME,ME-JO
100828057,1,TYPE,,,0,ME,ME-JO
100828057,2,DIA,,Millimeter,1,ME,ME-JO
100828057,3,DIM,,Millimeter,0,ME,ME-JO
100828057,4,MAT,,,0,ME,ME-JO
100828057,5,USG,,,0,ME,ME-JO
100828060,1,TS,,,0,IN,IN-TE
100828060,2,PMEAS,,Celsius,1,IN,IN-TE
100828060,3,LON,,Millimeter,0,IN,IN-TE
100828060,4,DGT,,Millimeter,0,IN,IN-TE
100828060,5,RAC,,,0,IN,IN-TE
100828064,1,TS,,,0,IN,IN-TE
100828064,2,PMEAS,,Celsius,1,IN,IN-TE
100828064,3,LON,,Millimeter,0,IN,IN-TE
100828064,4,DGT,,Millimeter,0,IN,IN-TE
100828064,5,RAC,,,0,IN,IN-TE
100828067,1,FTT,,,1,ME,ME-VI
100828067,2,DIA,,Millimeter,0,ME,ME-VI
100828067,3,LON,,Millimeter,0,ME,ME-VI
100828067,4,MAT,,,0,ME,ME-VI
100828067,5,FIL,,,0,ME,ME-VI
100828068,1,TYPE,,,0,HY,HY-PO
100828068,2,DEB,,,1,HY,HY-PO
100828068,3,CYL,,,0,HY,HY-PO
100828068,4,PRE,,Bar,0,HY,HY-PO
100828068,5,LIQ,,,0,HY,HY-PO
100828076,1,TYPE,,,0,EL,EL-RE
100828076,2,TDCB,,,1,EL,EL-RE
100828076,3,CRT,,AMP,0,EL,EL-RE
100828076,4,NBC,,Nos,0,EL,EL-RE
100828076,5,FAB,,,0,EL,EL-RE
100828077,1,TEC,,Inch,1,EE,EE-HM
100828077,2,RET,,,0,EE,EE-HM
100828077,3,ALIM,,,0,EE,EE-HM
100828077,4,CONS,,,0,EE,EE-HM
100828077,5,COM,,,0,EE,EE-HM
100828082,1,TYPE,,,0,ME,ME-JO
100828082,2,DIA,,Millimeter,1,ME,ME-JO
100828082,3,DIM,,Millimeter,0,ME,ME-JO
100828082,4,MAT,,,0,ME,ME-JO
100828082,5,USG,,,0,ME,ME-JO
100828083,1,TYPE,,,0,ME,ME-JO
100828083,2,DIA,,Millimeter,1,ME,ME-JO
100828083,3,DIM,,Millimeter,0,ME,ME-JO
100828083,4,MAT,,,0,ME,ME-JO
100828083,5,USG,,,0,ME,ME-JO
100828084,1,TYPE,,,0,ME,ME-JO
100828084,2,DIA,,Millimeter,1,ME,ME-JO
100828084,3,DIM,,Millimeter,0,ME,ME-JO
100828084,4,MAT,,,0,ME,ME-JO
100828084,5,USG,,,0,ME,ME-JO
100828085,1,TYPE,,,0,PN,PN-RA
100828085,2,DET,,Millimeter,1,PN,PN-RA
100828085,3,FIL,,,0,PN,PN-RA
100828085,4,MAT,,,0,PN,PN-RA
100828085,5,FRM,,,0,PN,PN-RA
100828086,1,TYPE,,,0,PN,PN-RA
100828086,2,DET,,Millimeter,1,PN,PN-RA
100828086,3,FIL,,,0,PN,PN-RA
100828086,4,MAT,,,0,PN,PN-RA
100828086,5,FRM,,,0,PN,PN-RA
100828087,1,TYPE,,,0,PN,PN-RA
100828087,2,DET,,Millimeter,1,PN,PN-RA
100828087,3,FIL,,,0,PN,PN-RA
100828087,4,MAT,,,0,PN,PN-RA
100828087,5,FRM,,,0,PN,PN-RA
100828088,1,TYPE,,,0,PN,PN-RA
100828088,2,DET,,Millimeter,1,PN,PN-RA
100828088,3,FIL,,,0,PN,PN-RA
100828088,4,MAT,,,0,PN,PN-RA
100828088,5,FRM,,,0,PN,PN-RA
100828091,1,TYPE,,,0,ME,ME-JO
100828091,2,DIA,,Millimeter,1,ME,ME-JO
100828091,3,DIM,,Millimeter,0,ME,ME-JO
100828091,4,MAT,,,0,ME,ME-JO
100828091,5,USG,,,0,ME,ME-JO
100828092,1,TYPE,,,0,ME,ME-JO
100828092,2,DIA,,Millimeter,1,ME,ME-JO
100828092,3,DIM,,Millimeter,0,ME,ME-JO
100828092,4,MAT,,,0,ME,ME-JO
100828092,5,USG,,,0,ME,ME-JO
100828094,1,TYPE,,,0,ME,ME-JO
100828094,2,DIA,,Millimeter,1,ME,ME-JO
100828094,3,DIM,,Millimeter,0,ME,ME-JO
100828094,4,MAT,,,0,ME,ME-JO
100828094,5,USG,,,0,ME,ME-JO
1008281000,1,TYPE,,,0,PN,PN-RA
1008281000,2,DET,,Millimeter,1,PN,PN-RA
1008281000,3,FIL,,,0,PN,PN-RA
1008281000,4,MAT,,,0,PN,PN-RA
1008281000,5,FRM,,,0,PN,PN-RA
1008281001,1,TYPE,,,0,PN,PN-RA
1008281001,2,DET,,Millimeter,1,PN,PN-RA
1008281001,3,FIL,,,0,PN,PN-RA
1008281001,4,MAT,,,0,PN,PN-RA
1008281001,5,FRM,,,0,PN,PN-RA
100828107,1,FTT,,,1,ME,ME-VI
100828107,2,DIA,,Millimeter,0,ME,ME-VI
100828107,3,LON,,Millimeter,0,ME,ME-VI
100828107,4,MAT,,,0,ME,ME-VI
100828107,5,FIL,,,0,ME,ME-VI
100828125,1,TYPE,,,0,HY,HY-VE
100828125,2,DAP,,Millimeter,1,HY,HY-VE
100828125,3,DGT,,Millimeter,0,HY,HY-VE
100828125,4,COU,,Millimeter,0,HY,HY-VE
100828125,5,PRE,,Bar,0,HY,HY-VE
100828129,1,FTT,,,1,ME,ME-VI
100828129,2,DIA,,Millimeter,0,ME,ME-VI
100828129,3,LON,,Millimeter,0,ME,ME-VI
100828129,4,MAT,,,0,ME,ME-VI
100828129,5,FIL,,,0,ME,ME-VI
100828130,1,TYPE,,,0,ME,ME-JO
100828130,2,DIA,,Millimeter,1,ME,ME-JO
100828130,3,DIM,,Millimeter,0,ME,ME-JO
100828130,4,MAT,,,0,ME,ME-JO
100828130,5,USG,,,0,ME,ME-JO
100828134,1,FTT,,,1,ME,ME-VI
100828134,2,DIA,,Millimeter,0,ME,ME-VI
100828134,3,LON,,Millimeter,0,ME,ME-VI
100828134,4,MAT,,,0,ME,ME-VI
100828134,5,FIL,,,0,ME,ME-VI
100828138,1,TYPE,,,0,HY,HY-VE
100828138,2,DAP,,Millimeter,1,HY,HY-VE
100828138,3,DGT,,Millimeter,0,HY,HY-VE
100828138,4,COU,,Millimeter,0,HY,HY-VE
100828138,5,PRE,,Bar,0,HY,HY-VE
100828148,1,TYPE,,,0,ME,ME-RO
100828148,2,DIAI,,Millimeter,1,ME,ME-RO
100828148,3,SR,,,0,ME,ME-RO
100828148,4,DIAE,,Millimeter,0,ME,ME-RO
100828148,5,EPJ,,,0,ME,ME-RO
100828150,1,TYPE,,,0,ME,ME-RO
100828150,2,DIAI,,Millimeter,1,ME,ME-RO
100828150,3,SR,,,0,ME,ME-RO
100828150,4,DIAE,,Millimeter,0,ME,ME-RO
100828150,5,EPJ,,,0,ME,ME-RO
100828151,1,TYPE,,,0,ME,ME-RO
100828151,2,DIAI,,Millimeter,1,ME,ME-RO
100828151,3,SR,,,0,ME,ME-RO
100828151,4,DIAE,,Millimeter,0,ME,ME-RO
100828151,5,EPJ,,,0,ME,ME-RO
100828154,1,TDC,,,0,EL,EL-MO
100828154,2,PUI,,Kilowatt,1,EL,EL-MO
100828154,3,VIT,,,0,EL,EL-MO
100828154,4,FIX,,,0,EL,EL-MO
100828154,5,TEN,,,0,EL,EL-MO
100828157,1,TYPE,,,0,HY,HY-PO
100828157,2,DEB,,,1,HY,HY-PO
100828157,3,CYL,,,0,HY,HY-PO
100828157,4,PRE,,Bar,0,HY,HY-PO
100828157,5,LIQ,,,0,HY,HY-PO
100828158,1,TYPE,,,0,HY,HY-PO
100828158,2,DEB,,,1,HY,HY-PO
100828158,3,CYL,,,0,HY,HY-PO
100828158,4,PRE,,Bar,0,HY,HY-PO
100828158,5,LIQ,,,0,HY,HY-PO
100828159,1,TYPE,,,0,HY,HY-FL
100828159,2,DN,,,1,HY,HY-FL
100828159,3,LON,,Millimeter,0,HY,HY-FL
100828159,4,EMB,,,0,HY,HY-FL
100828159,5,PRE,,Bar,0,HY,HY-FL
100828160,1,TYPE,,,0,HY,HY-FL
100828160,2,DN,,,1,HY,HY-FL
100828160,3,LON,,Millimeter,0,HY,HY-FL
100828160,4,EMB,,,0,HY,HY-FL
100828160,5,PRE,,Bar,0,HY,HY-FL
100828161,1,TYPE,,,0,HY,HY-VE
100828161,2,DAP,,Millimeter,1,HY,HY-VE
100828161,3,DGT,,Millimeter,0,HY,HY-VE
100828161,4,COU,,Millimeter,0,HY,HY-VE
100828161,5,PRE,,Bar,0,HY,HY-VE
100828168,1,TYPE,,,0,SE,SE-EC
100828168,2,PEN,,Watt,1,SE,SE-EC
100828168,3,TEN,,,0,SE,SE-EC
100828168,4,FOR,,,0,SE,SE-EC
100828168,5,FAB,,,0,SE,SE-EC
100828169,1,FON,,,0,PN,PN-EV
100828169,2,DDR,,,1,PN,PN-EV
100828169,3,FIL,,,0,PN,PN-EV
100828169,4,TNC,,,0,PN,PN-EV
100828169,5,TYPE,,,0,PN,PN-EV
100828175,1,TYPE,,,0,ME,ME-JO
100828175,2,DIA,,Millimeter,1,ME,ME-JO
100828175,3,DIM,,Millimeter,0,ME,ME-JO
100828175,4,MAT,,,0,ME,ME-JO
100828175,5,USG,,,0,ME,ME-JO
100828176,1,TYPE,,,0,ME,ME-JO
100828176,2,DIA,,Millimeter,1,ME,ME-JO
100828176,3,DIM,,Millimeter,0,ME,ME-JO
100828176,4,MAT,,,0,ME,ME-JO
100828176,5,USG,,,0,ME,ME-JO
100828178,1,TYPE,,,0,ME,ME-JO
100828178,2,DIA,,Millimeter,1,ME,ME-JO
100828178,3,DIM,,Millimeter,0,ME,ME-JO
100828178,4,MAT,,,0,ME,ME-JO
100828178,5,USG,,,0,ME,ME-JO
100828179,1,TYPE,,,0,PN,PN-RA
100828179,2,DET,,Millimeter,1,PN,PN-RA
100828179,3,FIL,,,0,PN,PN-RA
100828179,4,MAT,,,0,PN,PN-RA
100828179,5,FRM,,,0,PN,PN-RA
100828180,1,FTT,,,1,ME,ME-VI
100828180,2,DIA,,Millimeter,0,ME,ME-VI
100828180,3,LON,,Millimeter,0,ME,ME-VI
100828180,4,MAT,,,0,ME,ME-VI
100828180,5,FIL,,,0,ME,ME-VI
100828184,1,TYPE,,,0,ME,ME-RO
100828184,2,DIAI,,Millimeter,1,ME,ME-RO
100828184,3,SR,,,0,ME,ME-RO
100828184,4,DIAE,,Millimeter,0,ME,ME-RO
100828184,5,EPJ,,,0,ME,ME-RO
100828185,1,TFM,,,1,EE,EE-CA
100828185,2,REF,,,0,EE,EE-CA
100828185,3,CONS,,,0,EE,EE-CA
100828185,4,ALIM,,,0,EE,EE-CA
100828185,5,VER,,,0,EE,EE-CA
100828186,1,TFM,,,1,EE,EE-CA
100828186,2,REF,,,0,EE,EE-CA
100828186,3,CONS,,,0,EE,EE-CA
100828186,4,ALIM,,,0,EE,EE-CA
100828186,5,VER,,,0,EE,EE-CA
100828187,1,TFM,,,1,EE,EE-CA
100828187,2,REF,,,0,EE,EE-CA
100828187,3,CONS,,,0,EE,EE-CA
100828187,4,ALIM,,,0,EE,EE-CA
100828187,5,VER,,,0,EE,EE-CA
100828188,1,TFM,,,1,EE,EE-CA
100828188,2,REF,,,0,EE,EE-CA
100828188,3,CONS,,,0,EE,EE-CA
100828188,4,ALIM,,,0,EE,EE-CA
100828188,5,VER,,,0,EE,EE-CA
100828192,1,TYPE,,,0,ME,ME-JO
100828192,2,DIA,,Millimeter,1,ME,ME-JO
100828192,3,DIM,,Millimeter,0,ME,ME-JO
100828192,4,MAT,,,0,ME,ME-JO
100828192,5,USG,,,0,ME,ME-JO
100828209,1,TCP,,,0,EE,EE-CP
100828209,2,SIG,,,1,EE,EE-CP
100828209,3,RAC,,,0,EE,EE-CP
100828209,4,ALIM,,,0,EE,EE-CP
100828209,5,PLG,,,0,EE,EE-CP
100828210,1,TCP,,,0,EE,EE-CP
100828210,2,SIG,,,1,EE,EE-CP
100828210,3,RAC,,,0,EE,EE-CP
100828210,4,ALIM,,,0,EE,EE-CP
100828210,5,PLG,,,0,EE,EE-CP
100828211,1,TYPE,,,0,EL,EL-RE
100828211,2,TDCB,,,1,EL,EL-RE
100828211,3,CRT,,AMP,0,EL,EL-RE
100828211,4,NBC,,Nos,0,EL,EL-RE
100828211,5,FAB,,,0,EL,EL-RE
100828212,1,TYPE,,,0,EL,EL-RE
100828212,2,TDCB,,,1,EL,EL-RE
100828212,3,CRT,,AMP,0,EL,EL-RE
100828212,4,NBC,,Nos,0,EL,EL-RE
100828212,5,FAB,,,0,EL,EL-RE
100828215,1,TCO,,,1,IN,IN-TH
100828215,2,LGA,,Millimeter,0,IN,IN-TH
100828215,3,DGA,,Millimeter,0,IN,IN-TH
100828215,4,RAC,,,0,IN,IN-TH
100828215,5,FAB,,,0,IN,IN-TH
100828228,1,TFM,,,1,EE,EE-CA
100828228,2,REF,,,0,EE,EE-CA
100828228,3,CONS,,,0,EE,EE-CA
100828228,4,ALIM,,,0,EE,EE-CA
100828228,5,VER,,,0,EE,EE-CA
100828231,1,TCP,,,0,EE,EE-CP
100828231,2,SIG,,,1,EE,EE-CP
100828231,3,RAC,,,0,EE,EE-CP
100828231,4,ALIM,,,0,EE,EE-CP
100828231,5,PLG,,,0,EE,EE-CP
100828244,1,FON,,,0,PN,PN-EV
100828244,2,DDR,,,1,PN,PN-EV
100828244,3,FIL,,,0,PN,PN-EV
100828244,4,TNC,,,0,PN,PN-EV
100828244,5,TYPE,,,0,PN,PN-EV
100828246,1,FON,,,0,PN,PN-EV
100828246,2,DDR,,,1,PN,PN-EV
100828246,3,FIL,,,0,PN,PN-EV
100828246,4,TNC,,,0,PN,PN-EV
100828246,5,TYPE,,,0,PN,PN-EV
100828248,1,FON,,,0,PN,PN-EV
100828248,2,DDR,,,1,PN,PN-EV
100828248,3,FIL,,,0,PN,PN-EV
100828248,4,TNC,,,0,PN,PN-EV
100828248,5,TYPE,,,0,PN,PN-EV
100828251,1,FON,,,0,PN,PN-EV
100828251,2,DDR,,,1,PN,PN-EV
100828251,3,FIL,,,0,PN,PN-EV
100828251,4,TNC,,,0,PN,PN-EV
100828251,5,TYPE,,,0,PN,PN-EV
100828252,1,FON,,,0,PN,PN-EV
100828252,2,DDR,,,1,PN,PN-EV
100828252,3,FIL,,,0,PN,PN-EV
100828252,4,TNC,,,0,PN,PN-EV
100828252,5,TYPE,,,0,PN,PN-EV
100828258,1,TYPE,,,0,ME,ME-JO
100828258,2,DIA,,Millimeter,1,ME,ME-JO
100828258,3,DIM,,Millimeter,0,ME,ME-JO
100828258,4,MAT,,,0,ME,ME-JO
100828258,5,USG,,,0,ME,ME-JO
100828260,1,TYPE,,,0,ME,ME-JO
100828260,2,DIA,,Millimeter,1,ME,ME-JO
100828260,3,DIM,,Millimeter,0,ME,ME-JO
100828260,4,MAT,,,0,ME,ME-JO
100828260,5,USG,,,0,ME,ME-JO
100828265,1,FTT,,,1,ME,ME-VI
100828265,2,DIA,,Millimeter,0,ME,ME-VI
100828265,3,LON,,Millimeter,0,ME,ME-VI
100828265,4,MAT,,,0,ME,ME-VI
100828265,5,FIL,,,0,ME,ME-VI
100828271,1,MAT,,,0,PN,PN-TU
100828271,2,DXI,,Millimeter,1,PN,PN-TU
100828271,3,CLR,,,0,PN,PN-TU
100828271,4,PRE,,Bar,0,PN,PN-TU
100828271,5,LON,,Millimeter,0,PN,PN-TU
100828272,1,MAT,,,0,PN,PN-TU
100828272,2,DXI,,Millimeter,1,PN,PN-TU
100828272,3,CLR,,,0,PN,PN-TU
100828272,4,PRE,,Bar,0,PN,PN-TU
100828272,5,LON,,Millimeter,0,PN,PN-TU
100828274,1,TCP,,,0,EE,EE-CP
100828274,2,SIG,,,1,EE,EE-CP
100828274,3,RAC,,,0,EE,EE-CP
100828274,4,ALIM,,,0,EE,EE-CP
100828274,5,PLG,,,0,EE,EE-CP
100828277,1,TYPE,,,0,ME,ME-JO
100828277,2,DIA,,Millimeter,1,ME,ME-JO
100828277,3,DIM,,Millimeter,0,ME,ME-JO
100828277,4,MAT,,,0,ME,ME-JO
100828277,5,USG,,,0,ME,ME-JO
100828278,1,TYPE,,,0,HY,HY-PO
100828278,2,DEB,,,1,HY,HY-PO
100828278,3,CYL,,,0,HY,HY-PO
100828278,4,PRE,,Bar,0,HY,HY-PO
100828278,5,LIQ,,,0,HY,HY-PO
100828283,1,TYPE,,,1,CS,CS-GC
100828283,2,GRA,,,0,CS,CS-GC
100828283,3,CND,,,0,CS,CS-GC
100828283,4,APP,,,0,CS,CS-GC
100828283,5,FAB,,,0,CS,CS-GC
100828294,1,TYPE,,,0,HY,HY-PO
100828294,2,DEB,,,1,HY,HY-PO
100828294,3,CYL,,,0,HY,HY-PO
100828294,4,PRE,,Bar,0,HY,HY-PO
100828294,5,LIQ,,,0,HY,HY-PO
100828296,1,TYPE,,,0,HY,HY-FI
100828296,2,SEU,,Micrometer,1,HY,HY-FI
100828296,3,RAC,,,0,HY,HY-FI
100828296,4,DEB,,,0,HY,HY-FI
100828296,5,FAB,,,0,HY,HY-FI
100828297,1,TYPE,,,0,HY,HY-FI
100828297,2,SEU,,Micrometer,1,HY,HY-FI
100828297,3,RAC,,,0,HY,HY-FI
100828297,4,DEB,,,0,HY,HY-FI
100828297,5,FAB,,,0,HY,HY-FI
100828299,1,TYPE,,,0,HY,HY-FI
100828299,2,SEU,,Micrometer,1,HY,HY-FI
100828299,3,RAC,,,0,HY,HY-FI
100828299,4,DEB,,,0,HY,HY-FI
100828299,5,FAB,,,0,HY,HY-FI
100828301,1,TYPE,,,0,ME,ME-CH
100828301,2,PAS,,Millimeter,1,ME,ME-CH
100828301,3,NBM,,Nos,0,ME,ME-CH
100828301,4,LON,,Millimeter,0,ME,ME-CH
100828301,5,STD,,,0,ME,ME-CH
100828304,1,TYPE,,,0,ME,ME-CH
100828304,2,PAS,,Millimeter,1,ME,ME-CH
100828304,3,NBM,,Nos,0,ME,ME-CH
100828304,4,LON,,Millimeter,0,ME,ME-CH
100828304,5,STD,,,0,ME,ME-CH
100828308,1,TCP,,,0,EE,EE-CP
100828308,2,SIG,,,1,EE,EE-CP
100828308,3,RAC,,,0,EE,EE-CP
100828308,4,ALIM,,,0,EE,EE-CP
100828308,5,PLG,,,0,EE,EE-CP
100828311,1,TFM,,,1,EE,EE-CA
100828311,2,REF,,,0,EE,EE-CA
100828311,3,CONS,,,0,EE,EE-CA
100828311,4,ALIM,,,0,EE,EE-CA
100828311,5,VER,,,0,EE,EE-CA
100828316,1,TFM,,,1,EE,EE-CA
100828316,2,REF,,,0,EE,EE-CA
100828316,3,CONS,,,0,EE,EE-CA
100828316,4,ALIM,,,0,EE,EE-CA
100828316,5,VER,,,0,EE,EE-CA
100828317,1,TFM,,,1,EE,EE-CA
100828317,2,REF,,,0,EE,EE-CA
100828317,3,CONS,,,0,EE,EE-CA
100828317,4,ALIM,,,0,EE,EE-CA
100828317,5,VER,,,0,EE,EE-CA
100828318,1,TAL,,,0,IN,IN-VA
100828318,2,PMM,,Kilowatt,1,IN,IN-VA
100828318,3,MOD,,,0,IN,IN-VA
100828318,4,TEN,,,0,IN,IN-VA
100828318,5,FAB,,,0,IN,IN-VA
100828320,1,TAL,,,0,IN,IN-VA
100828320,2,PMM,,Kilowatt,1,IN,IN-VA
100828320,3,MOD,,,0,IN,IN-VA
100828320,4,TEN,,,0,IN,IN-VA
100828320,5,FAB,,,0,IN,IN-VA
100828322,1,TYPE,,,0,ME,ME-CH
100828322,2,PAS,,Millimeter,1,ME,ME-CH
100828322,3,NBM,,Nos,0,ME,ME-CH
100828322,4,LON,,Millimeter,0,ME,ME-CH
100828322,5,STD,,,0,ME,ME-CH
100828328,1,FTT,,,1,ME,ME-VI
100828328,2,DIA,,Millimeter,0,ME,ME-VI
100828328,3,LON,,Millimeter,0,ME,ME-VI
100828328,4,MAT,,,0,ME,ME-VI
100828328,5,FIL,,,0,ME,ME-VI
100828329,1,FTT,,,1,ME,ME-VI
100828329,2,DIA,,Millimeter,0,ME,ME-VI
100828329,3,LON,,Millimeter,0,ME,ME-VI
100828329,4,MAT,,,0,ME,ME-VI
100828329,5,FIL,,,0,ME,ME-VI
100828330,1,TYPE,,,0,SE,SE-EC
100828330,2,PEN,,Watt,1,SE,SE-EC
100828330,3,TEN,,,0,SE,SE-EC
100828330,4,FOR,,,0,SE,SE-EC
100828330,5,FAB,,,0,SE,SE-EC
100828332,1,TYPE,,,0,SE,SE-EC
100828332,2,PEN,,Watt,1,SE,SE-EC
100828332,3,TEN,,,0,SE,SE-EC
100828332,4,FOR,,,0,SE,SE-EC
100828332,5,FAB,,,0,SE,SE-EC
100828336,1,TYPE,,,0,HY,HY-VE
100828336,2,DAP,,Millimeter,1,HY,HY-VE
100828336,3,DGT,,Millimeter,0,HY,HY-VE
100828336,4,COU,,Millimeter,0,HY,HY-VE
100828336,5,PRE,,Bar,0,HY,HY-VE
100828341,1,TYPE,,,0,ME,ME-RO
100828341,2,DIAI,,Millimeter,1,ME,ME-RO
100828341,3,SR,,,0,ME,ME-RO
100828341,4,DIAE,,Millimeter,0,ME,ME-RO
100828341,5,EPJ,,,0,ME,ME-RO
100828343,1,TYPE,,,0,ME,ME-RO
100828343,2,DIAI,,Millimeter,1,ME,ME-RO
100828343,3,SR,,,0,ME,ME-RO
100828343,4,DIAE,,Millimeter,0,ME,ME-RO
100828343,5,EPJ,,,0,ME,ME-RO
100828344,1,TYPE,,,0,ME,ME-RO
100828344,2,DIAI,,Millimeter,1,ME,ME-RO
100828344,3,SR,,,0,ME,ME-RO
100828344,4,DIAE,,Millimeter,0,ME,ME-RO
100828344,5,EPJ,,,0,ME,ME-RO
100828349,1,TYPE,,,0,ME,ME-JO
100828349,2,DIA,,Millimeter,1,ME,ME-JO
100828349,3,DIM,,Millimeter,0,ME,ME-JO
100828349,4,MAT,,,0,ME,ME-JO
100828349,5,USG,,,0,ME,ME-JO
100828350,1,TYPE,,,0,ME,ME-JO
100828350,2,DIA,,Millimeter,1,ME,ME-JO
100828350,3,DIM,,Millimeter,0,ME,ME-JO
100828350,4,MAT,,,0,ME,ME-JO
100828350,5,USG,,,0,ME,ME-JO
100828353,1,TCP,,,0,EE,EE-CP
100828353,2,SIG,,,1,EE,EE-CP
100828353,3,RAC,,,0,EE,EE-CP
100828353,4,ALIM,,,0,EE,EE-CP
100828353,5,PLG,,,0,EE,EE-CP
100828354,1,TDC,,,0,EL,EL-MO
100828354,2,PUI,,Kilowatt,1,EL,EL-MO
100828354,3,VIT,,,0,EL,EL-MO
100828354,4,FIX,,,0,EL,EL-MO
100828354,5,TEN,,,0,EL,EL-MO
100828356,1,FTT,,,1,ME,ME-VI
100828356,2,DIA,,Millimeter,0,ME,ME-VI
100828356,3,LON,,Millimeter,0,ME,ME-VI
100828356,4,MAT,,,0,ME,ME-VI
100828356,5,FIL,,,0,ME,ME-VI
100828357,1,FTT,,,1,ME,ME-VI
100828357,2,DIA,,Millimeter,0,ME,ME-VI
100828357,3,LON,,Millimeter,0,ME,ME-VI
100828357,4,MAT,,,0,ME,ME-VI
100828357,5,FIL,,,0,ME,ME-VI
100828362,1,FIL,,,0,PN,PN-RE
100828362,2,PPM,,Bar,1,PN,PN-RE
100828362,3,OPT,,,0,PN,PN-RE
100828362,4,TYPE,,,0,PN,PN-RE
100828362,5,DEB,,,0,PN,PN-RE
100828369,1,TYPE,,,0,HY,HY-FL
100828369,2,DN,,,1,HY,HY-FL
100828369,3,LON,,Millimeter,0,HY,HY-FL
100828369,4,EMB,,,0,HY,HY-FL
100828369,5,PRE,,Bar,0,HY,HY-FL
100828370,1,TYPE,,,0,ME,ME-JO
100828370,2,DIA,,Millimeter,1,ME,ME-JO
100828370,3,DIM,,Millimeter,0,ME,ME-JO
100828370,4,MAT,,,0,ME,ME-JO
100828370,5,USG,,,0,ME,ME-JO
100828371,1,TYPE,,,0,ME,ME-JO
100828371,2,DIA,,Millimeter,1,ME,ME-JO
100828371,3,DIM,,Millimeter,0,ME,ME-JO
100828371,4,MAT,,,0,ME,ME-JO
100828371,5,USG,,,0,ME,ME-JO
100828372,1,TYPE,,,0,ME,ME-JO
100828372,2,DIA,,Millimeter,1,ME,ME-JO
100828372,3,DIM,,Millimeter,0,ME,ME-JO
100828372,4,MAT,,,0,ME,ME-JO
100828372,5,USG,,,0,ME,ME-JO
100828373,1,TYPE,,,0,ME,ME-JO
100828373,2,DIA,,Millimeter,1,ME,ME-JO
100828373,3,DIM,,Millimeter,0,ME,ME-JO
100828373,4,MAT,,,0,ME,ME-JO
100828373,5,USG,,,0,ME,ME-JO
100828374,1,TYPE,,,0,ME,ME-JO
100828374,2,DIA,,Millimeter,1,ME,ME-JO
100828374,3,DIM,,Millimeter,0,ME,ME-JO
100828374,4,MAT,,,0,ME,ME-JO
100828374,5,USG,,,0,ME,ME-JO
100828375,1,TYPE,,,0,ME,ME-JO
100828375,2,DIA,,Millimeter,1,ME,ME-JO
100828375,3,DIM,,Millimeter,0,ME,ME-JO
100828375,4,MAT,,,0,ME,ME-JO
100828375,5,USG,,,0,ME,ME-JO
100828393,1,TYPE,,,0,ME,ME-JO
100828393,2,DIA,,Millimeter,1,ME,ME-JO
100828393,3,DIM,,Millimeter,0,ME,ME-JO
100828393,4,MAT,,,0,ME,ME-JO
100828393,5,USG,,,0,ME,ME-JO
100828402,1,FIL,,,0,PN,PN-RE
100828402,2,PPM,,Bar,1,PN,PN-RE
100828402,3,OPT,,,0,PN,PN-RE
100828402,4,TYPE,,,0,PN,PN-RE
100828402,5,DEB,,,0,PN,PN-RE
100828420,1,TYPE,,,0,SE,SE-PM
100828420,2,MAF,,,1,SE,SE-PM
100828420,3,DIM,,Millimeter,0,SE,SE-PM
100828420,4,CPS,,,0,SE,SE-PM
100828420,5,TEN,,,0,SE,SE-PM
100828425,1,TYPE,,,0,HY,HY-FL
100828425,2,DN,,,1,HY,HY-FL
100828425,3,LON,,Millimeter,0,HY,HY-FL
100828425,4,EMB,,,0,HY,HY-FL
100828425,5,PRE,,Bar,0,HY,HY-FL
100828432,1,TYPE,,,0,PN,PN-RA
100828432,2,DET,,Millimeter,1,PN,PN-RA
100828432,3,FIL,,,0,PN,PN-RA
100828432,4,MAT,,,0,PN,PN-RA
100828432,5,FRM,,,0,PN,PN-RA
100828436,1,MAT,,,0,PN,PN-TU
100828436,2,DXI,,Millimeter,1,PN,PN-TU
100828436,3,CLR,,,0,PN,PN-TU
100828436,4,PRE,,Bar,0,PN,PN-TU
100828436,5,LON,,Millimeter,0,PN,PN-TU
100828437,1,MAT,,,0,PN,PN-TU
100828437,2,DXI,,Millimeter,1,PN,PN-TU
100828437,3,CLR,,,0,PN,PN-TU
100828437,4,PRE,,Bar,0,PN,PN-TU
100828437,5,LON,,Millimeter,0,PN,PN-TU
100828438,1,MAT,,,0,PN,PN-TU
100828438,2,DXI,,Millimeter,1,PN,PN-TU
100828438,3,CLR,,,0,PN,PN-TU
100828438,4,PRE,,Bar,0,PN,PN-TU
100828438,5,LON,,Millimeter,0,PN,PN-TU
100828439,1,MAT,,,0,PN,PN-TU
100828439,2,DXI,,Millimeter,1,PN,PN-TU
100828439,3,CLR,,,0,PN,PN-TU
100828439,4,PRE,,Bar,0,PN,PN-TU
100828439,5,LON,,Millimeter,0,PN,PN-TU
100828442,1,TYPE,,,0,HY,HY-FL
100828442,2,DN,,,1,HY,HY-FL
100828442,3,LON,,Millimeter,0,HY,HY-FL
100828442,4,EMB,,,0,HY,HY-FL
100828442,5,PRE,,Bar,0,HY,HY-FL
100828461,1,TDC,,,0,EL,EL-MO
100828461,2,PUI,,Kilowatt,1,EL,EL-MO
100828461,3,VIT,,,0,EL,EL-MO
100828461,4,FIX,,,0,EL,EL-MO
100828461,5,TEN,,,0,EL,EL-MO
100828468,1,TYPE,,,0,ME,ME-EN
100828468,2,NDR,,,1,ME,ME-EN
100828468,3,MODU,,,0,ME,ME-EN
100828468,4,DIM,,Millimeter,0,ME,ME-EN
100828468,5,MAT,,,0,ME,ME-EN
100828472,1,TYPE,,,0,HY,HY-FI
100828472,2,SEU,,Micrometer,1,HY,HY-FI
100828472,3,RAC,,,0,HY,HY-FI
100828472,4,DEB,,,0,HY,HY-FI
100828472,5,FAB,,,0,HY,HY-FI
100828484,1,TFM,,,1,EE,EE-CA
100828484,2,REF,,,0,EE,EE-CA
100828484,3,CONS,,,0,EE,EE-CA
100828484,4,ALIM,,,0,EE,EE-CA
100828484,5,VER,,,0,EE,EE-CA
100828488,1,TCP,,,0,EE,EE-CP
100828488,2,SIG,,,1,EE,EE-CP
100828488,3,RAC,,,0,EE,EE-CP
100828488,4,ALIM,,,0,EE,EE-CP
100828488,5,PLG,,,0,EE,EE-CP
100828491,1,TYPE,,,0,HY,HY-VE
100828491,2,DAP,,Millimeter,1,HY,HY-VE
100828491,3,DGT,,Millimeter,0,HY,HY-VE
100828491,4,COU,,Millimeter,0,HY,HY-VE
100828491,5,PRE,,Bar,0,HY,HY-VE
100828493,1,TDC,,,0,EL,EL-MO
100828493,2,PUI,,Kilowatt,1,EL,EL-MO
100828493,3,VIT,,,0,EL,EL-MO
100828493,4,FIX,,,0,EL,EL-MO
100828493,5,TEN,,,0,EL,EL-MO
100828494,1,TDC,,,0,EL,EL-MO
100828494,2,PUI,,Kilowatt,1,EL,EL-MO
100828494,3,VIT,,,0,EL,EL-MO
100828494,4,FIX,,,0,EL,EL-MO
100828494,5,TEN,,,0,EL,EL-MO
100828495,1,TYPE,,,0,HY,HY-PO
100828495,2,DEB,,,1,HY,HY-PO
100828495,3,CYL,,,0,HY,HY-PO
100828495,4,PRE,,Bar,0,HY,HY-PO
100828495,5,LIQ,,,0,HY,HY-PO
100828504,1,TYPE,,,0,ME,ME-RO
100828504,2,DIAI,,Millimeter,1,ME,ME-RO
100828504,3,SR,,,0,ME,ME-RO
100828504,4,DIAE,,Millimeter,0,ME,ME-RO
100828504,5,EPJ,,,0,ME,ME-RO
100828514,1,TYPE,,,0,PN,PN-RA
100828514,2,DET,,Millimeter,1,PN,PN-RA
100828514,3,FIL,,,0,PN,PN-RA
100828514,4,MAT,,,0,PN,PN-RA
100828514,5,FRM,,,0,PN,PN-RA
100828523,1,TYPE,,,0,PN,PN-RA
100828523,2,DET,,Millimeter,1,PN,PN-RA
100828523,3,FIL,,,0,PN,PN-RA
100828523,4,MAT,,,0,PN,PN-RA
100828523,5,FRM,,,0,PN,PN-RA
100828524,1,TYPE,,,0,PN,PN-RA
100828524,2,DET,,Millimeter,1,PN,PN-RA
100828524,3,FIL,,,0,PN,PN-RA
100828524,4,MAT,,,0,PN,PN-RA
100828524,5,FRM,,,0,PN,PN-RA
100828525,1,TYPE,,,0,PN,PN-RA
100828525,2,DET,,Millimeter,1,PN,PN-RA
100828525,3,FIL,,,0,PN,PN-RA
100828525,4,MAT,,,0,PN,PN-RA
100828525,5,FRM,,,0,PN,PN-RA
100828526,1,TYPE,,,0,PN,PN-RA
100828526,2,DET,,Millimeter,1,PN,PN-RA
100828526,3,FIL,,,0,PN,PN-RA
100828526,4,MAT,,,0,PN,PN-RA
100828526,5,FRM,,,0,PN,PN-RA
100828530,1,TYPE,,,0,PN,PN-RA
100828530,2,DET,,Millimeter,1,PN,PN-RA
100828530,3,FIL,,,0,PN,PN-RA
100828530,4,MAT,,,0,PN,PN-RA
100828530,5,FRM,,,0,PN,PN-RA
100828531,1,TYPE,,,0,PN,PN-RA
100828531,2,DET,,Millimeter,1,PN,PN-RA
100828531,3,FIL,,,0,PN,PN-RA
100828531,4,MAT,,,0,PN,PN-RA
100828531,5,FRM,,,0,PN,PN-RA
100828534,1,TYPE,,,0,PN,PN-RA
100828534,2,DET,,Millimeter,1,PN,PN-RA
100828534,3,FIL,,,0,PN,PN-RA
100828534,4,MAT,,,0,PN,PN-RA
100828534,5,FRM,,,0,PN,PN-RA
100828535,1,TYPE,,,0,PN,PN-RA
100828535,2,DET,,Millimeter,1,PN,PN-RA
100828535,3,FIL,,,0,PN,PN-RA
100828535,4,MAT,,,0,PN,PN-RA
100828535,5,FRM,,,0,PN,PN-RA
100828536,1,TYPE,,,0,PN,PN-RA
100828536,2,DET,,Millimeter,1,PN,PN-RA
100828536,3,FIL,,,0,PN,PN-RA
100828536,4,MAT,,,0,PN,PN-RA
100828536,5,FRM,,,0,PN,PN-RA
100828552,1,TYPE,,,0,EL,EL-RE
100828552,2,TDCB,,,1,EL,EL-RE
100828552,3,CRT,,AMP,0,EL,EL-RE
100828552,4,NBC,,Nos,0,EL,EL-RE
100828552,5,FAB,,,0,EL,EL-RE
100828553,1,TYPE,,,0,EL,EL-CO
100828553,2,ICM,,AMP,1,EL,EL-CO
100828553,3,TNB,,,0,EL,EL-CO
100828553,4,NBC,,Nos,0,EL,EL-CO
100828553,5,FAB,,,0,EL,EL-CO
100828554,1,TYPE,,,0,EL,EL-CO
100828554,2,ICM,,AMP,1,EL,EL-CO
100828554,3,TNB,,,0,EL,EL-CO
100828554,4,NBC,,Nos,0,EL,EL-CO
100828554,5,FAB,,,0,EL,EL-CO
100828556,1,SER,,,0,EE,EE-AU
100828556,2,NES,,Nos,1,EE,EE-AU
100828556,3,ALIM,,,0,EE,EE-AU
100828556,4,CONS,,,0,EE,EE-AU
100828556,5,TMO,,,0,EE,EE-AU
100828557,1,TYPE,,,0,EL,EL-RE
100828557,2,TDCB,,,1,EL,EL-RE
100828557,3,CRT,,AMP,0,EL,EL-RE
100828557,4,NBC,,Nos,0,EL,EL-RE
100828557,5,FAB,,,0,EL,EL-RE
100828559,1,TYPE,,,0,PN,PN-CO
100828559,2,PMD,,,1,PN,PN-CO
100828559,3,CCU,,L,0,PN,PN-CO
100828559,4,PRE,,Bar,0,PN,PN-CO
100828559,5,FAB,,,0,PN,PN-CO
100828565,1,TYPE,,,0,PN,PN-RA
100828565,2,DET,,Millimeter,1,PN,PN-RA
100828565,3,FIL,,,0,PN,PN-RA
100828565,4,MAT,,,0,PN,PN-RA
100828565,5,FRM,,,0,PN,PN-RA
100828566,1,TFM,,,1,EE,EE-CA
100828566,2,REF,,,0,EE,EE-CA
100828566,3,CONS,,,0,EE,EE-CA
100828566,4,ALIM,,,0,EE,EE-CA
100828566,5,VER,,,0,EE,EE-CA
100828567,1,TAL,,,0,IN,IN-VA
100828567,2,PMM,,Kilowatt,1,IN,IN-VA
100828567,3,MOD,,,0,IN,IN-VA
100828567,4,TEN,,,0,IN,IN-VA
100828567,5,FAB,,,0,IN,IN-VA
100828568,1,TFM,,,1,EE,EE-CA
100828568,2,REF,,,0,EE,EE-CA
100828568,3,CONS,,,0,EE,EE-CA
100828568,4,ALIM,,,0,EE,EE-CA
100828568,5,VER,,,0,EE,EE-CA
100828569,1,TCP,,,0,EE,EE-CP
100828569,2,SIG,,,1,EE,EE-CP
100828569,3,RAC,,,0,EE,EE-CP
100828569,4,ALIM,,,0,EE,EE-CP
100828569,5,PLG,,,0,EE,EE-CP
100828570,1,TYPE,,,0,PN,PN-RA
100828570,2,DET,,Millimeter,1,PN,PN-RA
100828570,3,FIL,,,0,PN,PN-RA
100828570,4,MAT,,,0,PN,PN-RA
100828570,5,FRM,,,0,PN,PN-RA
100828575,1,TYPE,,,0,PN,PN-RA
100828575,2,DET,,Millimeter,1,PN,PN-RA
100828575,3,FIL,,,0,PN,PN-RA
100828575,4,MAT,,,0,PN,PN-RA
100828575,5,FRM,,,0,PN,PN-RA
100828576,1,TYPE,,,0,PN,PN-RA
100828576,2,DET,,Millimeter,1,PN,PN-RA
100828576,3,FIL,,,0,PN,PN-RA
100828576,4,MAT,,,0,PN,PN-RA
100828576,5,FRM,,,0,PN,PN-RA
100828577,1,TYPE,,,0,PN,PN-RA
100828577,2,DET,,Millimeter,1,PN,PN-RA
100828577,3,FIL,,,0,PN,PN-RA
100828577,4,MAT,,,0,PN,PN-RA
100828577,5,FRM,,,0,PN,PN-RA
100828578,1,TYPE,,,0,PN,PN-RA
100828578,2,DET,,Millimeter,1,PN,PN-RA
100828578,3,FIL,,,0,PN,PN-RA
100828578,4,MAT,,,0,PN,PN-RA
100828578,5,FRM,,,0,PN,PN-RA
100828579,1,TYPE,,,0,PN,PN-RA
100828579,2,DET,,Millimeter,1,PN,PN-RA
100828579,3,FIL,,,0,PN,PN-RA
100828579,4,MAT,,,0,PN,PN-RA
100828579,5,FRM,,,0,PN,PN-RA
100828580,1,TYPE,,,0,PN,PN-RA
100828580,2,DET,,Millimeter,1,PN,PN-RA
100828580,3,FIL,,,0,PN,PN-RA
100828580,4,MAT,,,0,PN,PN-RA
100828580,5,FRM,,,0,PN,PN-RA
100828584,1,FIL,,,0,PN,PN-RE
100828584,2,PPM,,Bar,1,PN,PN-RE
100828584,3,OPT,,,0,PN,PN-RE
100828584,4,TYPE,,,0,PN,PN-RE
100828584,5,DEB,,,0,PN,PN-RE
100828586,1,TYPE,,,0,PN,PN-RA
100828586,2,DET,,Millimeter,1,PN,PN-RA
100828586,3,FIL,,,0,PN,PN-RA
100828586,4,MAT,,,0,PN,PN-RA
100828586,5,FRM,,,0,PN,PN-RA
100828587,1,TYPE,,,0,PN,PN-RA
100828587,2,DET,,Millimeter,1,PN,PN-RA
100828587,3,FIL,,,0,PN,PN-RA
100828587,4,MAT,,,0,PN,PN-RA
100828587,5,FRM,,,0,PN,PN-RA
100828601,1,TYPE,,,0,ME,ME-JO
100828601,2,DIA,,Millimeter,1,ME,ME-JO
100828601,3,DIM,,Millimeter,0,ME,ME-JO
100828601,4,MAT,,,0,ME,ME-JO
100828601,5,USG,,,0,ME,ME-JO
100828602,1,TYPE,,,0,ME,ME-JO
100828602,2,DIA,,Millimeter,1,ME,ME-JO
100828602,3,DIM,,Millimeter,0,ME,ME-JO
100828602,4,MAT,,,0,ME,ME-JO
100828602,5,USG,,,0,ME,ME-JO
100828603,1,TYPE,,,0,ME,ME-JO
100828603,2,DIA,,Millimeter,1,ME,ME-JO
100828603,3,DIM,,Millimeter,0,ME,ME-JO
100828603,4,MAT,,,0,ME,ME-JO
100828603,5,USG,,,0,ME,ME-JO
100828604,1,TYPE,,,0,ME,ME-JO
100828604,2,DIA,,Millimeter,1,ME,ME-JO
100828604,3,DIM,,Millimeter,0,ME,ME-JO
100828604,4,MAT,,,0,ME,ME-JO
100828604,5,USG,,,0,ME,ME-JO
100828605,1,TYPE,,,0,ME,ME-JO
100828605,2,DIA,,Millimeter,1,ME,ME-JO
100828605,3,DIM,,Millimeter,0,ME,ME-JO
100828605,4,MAT,,,0,ME,ME-JO
100828605,5,USG,,,0,ME,ME-JO
100828606,1,TYPE,,,0,ME,ME-JO
100828606,2,DIA,,Millimeter,1,ME,ME-JO
100828606,3,DIM,,Millimeter,0,ME,ME-JO
100828606,4,MAT,,,0,ME,ME-JO
100828606,5,USG,,,0,ME,ME-JO
100828607,1,TYPE,,,0,ME,ME-JO
100828607,2,DIA,,Millimeter,1,ME,ME-JO
100828607,3,DIM,,Millimeter,0,ME,ME-JO
100828607,4,MAT,,,0,ME,ME-JO
100828607,5,USG,,,0,ME,ME-JO
100828608,1,TYPE,,,0,ME,ME-JO
100828608,2,DIA,,Millimeter,1,ME,ME-JO
100828608,3,DIM,,Millimeter,0,ME,ME-JO
100828608,4,MAT,,,0,ME,ME-JO
100828608,5,USG,,,0,ME,ME-JO
100828609,1,TYPE,,,0,ME,ME-JO
100828609,2,DIA,,Millimeter,1,ME,ME-JO
100828609,3,DIM,,Millimeter,0,ME,ME-JO
100828609,4,MAT,,,0,ME,ME-JO
100828609,5,USG,,,0,ME,ME-JO
100828610,1,TYPE,,,0,ME,ME-JO
100828610,2,DIA,,Millimeter,1,ME,ME-JO
100828610,3,DIM,,Millimeter,0,ME,ME-JO
100828610,4,MAT,,,0,ME,ME-JO
100828610,5,USG,,,0,ME,ME-JO
100828611,1,TYPE,,,0,ME,ME-JO
100828611,2,DIA,,Millimeter,1,ME,ME-JO
100828611,3,DIM,,Millimeter,0,ME,ME-JO
100828611,4,MAT,,,0,ME,ME-JO
100828611,5,USG,,,0,ME,ME-JO
100828612,1,TYPE,,,0,ME,ME-JO
100828612,2,DIA,,Millimeter,1,ME,ME-JO
100828612,3,DIM,,Millimeter,0,ME,ME-JO
100828612,4,MAT,,,0,ME,ME-JO
100828612,5,USG,,,0,ME,ME-JO
100828613,1,TYPE,,,0,ME,ME-JO
100828613,2,DIA,,Millimeter,1,ME,ME-JO
100828613,3,DIM,,Millimeter,0,ME,ME-JO
100828613,4,MAT,,,0,ME,ME-JO
100828613,5,USG,,,0,ME,ME-JO
100828614,1,TYPE,,,0,ME,ME-JO
100828614,2,DIA,,Millimeter,1,ME,ME-JO
100828614,3,DIM,,Millimeter,0,ME,ME-JO
100828614,4,MAT,,,0,ME,ME-JO
100828614,5,USG,,,0,ME,ME-JO
100828615,1,TYPE,,,0,ME,ME-JO
100828615,2,DIA,,Millimeter,1,ME,ME-JO
100828615,3,DIM,,Millimeter,0,ME,ME-JO
100828615,4,MAT,,,0,ME,ME-JO
100828615,5,USG,,,0,ME,ME-JO
100828616,1,TYPE,,,0,ME,ME-JO
100828616,2,DIA,,Millimeter,1,ME,ME-JO
100828616,3,DIM,,Millimeter,0,ME,ME-JO
100828616,4,MAT,,,0,ME,ME-JO
100828616,5,USG,,,0,ME,ME-JO
100828618,1,TYPE,,,0,ME,ME-JO
100828618,2,DIA,,Millimeter,1,ME,ME-JO
100828618,3,DIM,,Millimeter,0,ME,ME-JO
100828618,4,MAT,,,0,ME,ME-JO
100828618,5,USG,,,0,ME,ME-JO
100828619,1,TFM,,,1,EE,EE-CA
100828619,2,REF,,,0,EE,EE-CA
100828619,3,CONS,,,0,EE,EE-CA
100828619,4,ALIM,,,0,EE,EE-CA
100828619,5,VER,,,0,EE,EE-CA
100828620,1,TFM,,,1,EE,EE-CA
100828620,2,REF,,,0,EE,EE-CA
100828620,3,CONS,,,0,EE,EE-CA
100828620,4,ALIM,,,0,EE,EE-CA
100828620,5,VER,,,0,EE,EE-CA
100828622,1,SER,,,0,EE,EE-AU
100828622,2,NES,,Nos,1,EE,EE-AU
100828622,3,ALIM,,,0,EE,EE-AU
100828622,4,CONS,,,0,EE,EE-AU
100828622,5,TMO,,,0,EE,EE-AU
100828623,1,SER,,,0,EE,EE-AU
100828623,2,NES,,Nos,1,EE,EE-AU
100828623,3,ALIM,,,0,EE,EE-AU
100828623,4,CONS,,,0,EE,EE-AU
100828623,5,TMO,,,0,EE,EE-AU
100828624,1,SER,,,0,EE,EE-AU
100828624,2,NES,,Nos,1,EE,EE-AU
100828624,3,ALIM,,,0,EE,EE-AU
100828624,4,CONS,,,0,EE,EE-AU
100828624,5,TMO,,,0,EE,EE-AU
100828625,1,SER,,,0,EE,EE-AU
100828625,2,NES,,Nos,1,EE,EE-AU
100828625,3,ALIM,,,0,EE,EE-AU
100828625,4,CONS,,,0,EE,EE-AU
100828625,5,TMO,,,0,EE,EE-AU
100828626,1,TYPE,,,0,ME,ME-JO
100828626,2,DIA,,Millimeter,1,ME,ME-JO
100828626,3,DIM,,Millimeter,0,ME,ME-JO
100828626,4,MAT,,,0,ME,ME-JO
100828626,5,USG,,,0,ME,ME-JO
100828627,1,TYPE,,,0,ME,ME-JO
100828627,2,DIA,,Millimeter,1,ME,ME-JO
100828627,3,DIM,,Millimeter,0,ME,ME-JO
100828627,4,MAT,,,0,ME,ME-JO
100828627,5,USG,,,0,ME,ME-JO
100828628,1,TYPE,,,0,ME,ME-JO
100828628,2,DIA,,Millimeter,1,ME,ME-JO
100828628,3,DIM,,Millimeter,0,ME,ME-JO
100828628,4,MAT,,,0,ME,ME-JO
100828628,5,USG,,,0,ME,ME-JO
100828629,1,TYPE,,,0,ME,ME-JO
100828629,2,DIA,,Millimeter,1,ME,ME-JO
100828629,3,DIM,,Millimeter,0,ME,ME-JO
100828629,4,MAT,,,0,ME,ME-JO
100828629,5,USG,,,0,ME,ME-JO
100828630,1,TYPE,,,0,ME,ME-JO
100828630,2,DIA,,Millimeter,1,ME,ME-JO
100828630,3,DIM,,Millimeter,0,ME,ME-JO
100828630,4,MAT,,,0,ME,ME-JO
100828630,5,USG,,,0,ME,ME-JO
100828631,1,TYPE,,,0,ME,ME-JO
100828631,2,DIA,,Millimeter,1,ME,ME-JO
100828631,3,DIM,,Millimeter,0,ME,ME-JO
100828631,4,MAT,,,0,ME,ME-JO
100828631,5,USG,,,0,ME,ME-JO
100828633,1,TYPE,,,0,HY,HY-FL
100828633,2,DN,,,1,HY,HY-FL
100828633,3,LON,,Millimeter,0,HY,HY-FL
100828633,4,EMB,,,0,HY,HY-FL
100828633,5,PRE,,Bar,0,HY,HY-FL
100828636,1,FTT,,,1,ME,ME-VI
100828636,2,DIA,,Millimeter,0,ME,ME-VI
100828636,3,LON,,Millimeter,0,ME,ME-VI
100828636,4,MAT,,,0,ME,ME-VI
100828636,5,FIL,,,0,ME,ME-VI
100828637,1,FTT,,,1,ME,ME-VI
100828637,2,DIA,,Millimeter,0,ME,ME-VI
100828637,3,LON,,Millimeter,0,ME,ME-VI
100828637,4,MAT,,,0,ME,ME-VI
100828637,5,FIL,,,0,ME,ME-VI
100828639,1,TYPE,,,0,ME,ME-JO
100828639,2,DIA,,Millimeter,1,ME,ME-JO
100828639,3,DIM,,Millimeter,0,ME,ME-JO
100828639,4,MAT,,,0,ME,ME-JO
100828639,5,USG,,,0,ME,ME-JO
100828644,1,TYPE,,,0,ME,ME-JO
100828644,2,DIA,,Millimeter,1,ME,ME-JO
100828644,3,DIM,,Millimeter,0,ME,ME-JO
100828644,4,MAT,,,0,ME,ME-JO
100828644,5,USG,,,0,ME,ME-JO
100828645,1,TYPE,,,0,ME,ME-JO
100828645,2,DIA,,Millimeter,1,ME,ME-JO
100828645,3,DIM,,Millimeter,0,ME,ME-JO
100828645,4,MAT,,,0,ME,ME-JO
100828645,5,USG,,,0,ME,ME-JO
100828646,1,TYPE,,,0,ME,ME-JO
100828646,2,DIA,,Millimeter,1,ME,ME-JO
100828646,3,DIM,,Millimeter,0,ME,ME-JO
100828646,4,MAT,,,0,ME,ME-JO
100828646,5,USG,,,0,ME,ME-JO
100828647,1,TYPE,,,0,ME,ME-JO
100828647,2,DIA,,Millimeter,1,ME,ME-JO
100828647,3,DIM,,Millimeter,0,ME,ME-JO
100828647,4,MAT,,,0,ME,ME-JO
100828647,5,USG,,,0,ME,ME-JO
100828648,1,TYPE,,,0,ME,ME-JO
100828648,2,DIA,,Millimeter,1,ME,ME-JO
100828648,3,DIM,,Millimeter,0,ME,ME-JO
100828648,4,MAT,,,0,ME,ME-JO
100828648,5,USG,,,0,ME,ME-JO
100828651,1,TYPE,,,0,ME,ME-JO
100828651,2,DIA,,Millimeter,1,ME,ME-JO
100828651,3,DIM,,Millimeter,0,ME,ME-JO
100828651,4,MAT,,,0,ME,ME-JO
100828651,5,USG,,,0,ME,ME-JO
100828654,1,TYPE,,,0,EL,EL-RE
100828654,2,TDCB,,,1,EL,EL-RE
100828654,3,CRT,,AMP,0,EL,EL-RE
100828654,4,NBC,,Nos,0,EL,EL-RE
100828654,5,FAB,,,0,EL,EL-RE
100828656,1,TYPE,,,0,HY,HY-FL
100828656,2,DN,,,1,HY,HY-FL
100828656,3,LON,,Millimeter,0,HY,HY-FL
100828656,4,EMB,,,0,HY,HY-FL
100828656,5,PRE,,Bar,0,HY,HY-FL
100828658,1,TYPE,,,0,HY,HY-FL
100828658,2,DN,,,1,HY,HY-FL
100828658,3,LON,,Millimeter,0,HY,HY-FL
100828658,4,EMB,,,0,HY,HY-FL
100828658,5,PRE,,Bar,0,HY,HY-FL
100828659,1,TYPE,,,0,HY,HY-FL
100828659,2,DN,,,1,HY,HY-FL
100828659,3,LON,,Millimeter,0,HY,HY-FL
100828659,4,EMB,,,0,HY,HY-FL
100828659,5,PRE,,Bar,0,HY,HY-FL
100828660,1,TYPE,,,0,HY,HY-FL
100828660,2,DN,,,1,HY,HY-FL
100828660,3,LON,,Millimeter,0,HY,HY-FL
100828660,4,EMB,,,0,HY,HY-FL
100828660,5,PRE,,Bar,0,HY,HY-FL
100828661,1,TYPE,,,0,ME,ME-JO
100828661,2,DIA,,Millimeter,1,ME,ME-JO
100828661,3,DIM,,Millimeter,0,ME,ME-JO
100828661,4,MAT,,,0,ME,ME-JO
100828661,5,USG,,,0,ME,ME-JO
100828662,1,TYPE,,,0,HY,HY-VE
100828662,2,DAP,,Millimeter,1,HY,HY-VE
100828662,3,DGT,,Millimeter,0,HY,HY-VE
100828662,4,COU,,Millimeter,0,HY,HY-VE
100828662,5,PRE,,Bar,0,HY,HY-VE
100828664,1,TYPE,,,0,ME,ME-JO
100828664,2,DIA,,Millimeter,1,ME,ME-JO
100828664,3,DIM,,Millimeter,0,ME,ME-JO
100828664,4,MAT,,,0,ME,ME-JO
100828664,5,USG,,,0,ME,ME-JO
100828665,1,TPR,,,0,ME,ME-CO
100828665,2,LPR,,Millimeter,1,ME,ME-CO
100828665,3,LEP,,Millimeter,0,ME,ME-CO
100828665,4,PDE,,,0,ME,ME-CO
100828665,5,MAT,,,0,ME,ME-CO
100828669,1,TYPE,,,0,HY,HY-FI
100828669,2,SEU,,Micrometer,1,HY,HY-FI
100828669,3,RAC,,,0,HY,HY-FI
100828669,4,DEB,,,0,HY,HY-FI
100828669,5,FAB,,,0,HY,HY-FI
100828670,1,TFM,,,1,EE,EE-CA
100828670,2,REF,,,0,EE,EE-CA
100828670,3,CONS,,,0,EE,EE-CA
100828670,4,ALIM,,,0,EE,EE-CA
100828670,5,VER,,,0,EE,EE-CA
100828671,1,TFM,,,1,EE,EE-CA
100828671,2,REF,,,0,EE,EE-CA
100828671,3,CONS,,,0,EE,EE-CA
100828671,4,ALIM,,,0,EE,EE-CA
100828671,5,VER,,,0,EE,EE-CA
100828672,1,TFM,,,1,EE,EE-CA
100828672,2,REF,,,0,EE,EE-CA
100828672,3,CONS,,,0,EE,EE-CA
100828672,4,ALIM,,,0,EE,EE-CA
100828672,5,VER,,,0,EE,EE-CA
100828702,1,TFM,,,1,EE,EE-CA
100828702,2,REF,,,0,EE,EE-CA
100828702,3,CONS,,,0,EE,EE-CA
100828702,4,ALIM,,,0,EE,EE-CA
100828702,5,VER,,,0,EE,EE-CA
100828709,1,FIL,,,0,PN,PN-RE
100828709,2,PPM,,Bar,1,PN,PN-RE
100828709,3,OPT,,,0,PN,PN-RE
100828709,4,TYPE,,,0,PN,PN-RE
100828709,5,DEB,,,0,PN,PN-RE
100828710,1,TYPE,,,0,EL,EL-CA
100828710,2,SEC,,,1,EL,EL-CA
100828710,3,NBCD,,Nos,0,EL,EL-CA
100828710,4,MAT,,,0,EL,EL-CA
100828710,5,BLI,,,0,EL,EL-CA
100828712,1,TYPE,,,0,PN,PN-VE
100828712,2,DAP,,Millimeter,1,PN,PN-VE
100828712,3,COU,,Millimeter,0,PN,PN-VE
100828712,4,AMO,,,0,PN,PN-VE
100828712,5,RAC,,,0,PN,PN-VE
100828713,1,TYPE,,,0,PN,PN-VE
100828713,2,DAP,,Millimeter,1,PN,PN-VE
100828713,3,COU,,Millimeter,0,PN,PN-VE
100828713,4,AMO,,,0,PN,PN-VE
100828713,5,RAC,,,0,PN,PN-VE
100828714,1,FIL,,,0,PN,PN-RE
100828714,2,PPM,,Bar,1,PN,PN-RE
100828714,3,OPT,,,0,PN,PN-RE
100828714,4,TYPE,,,0,PN,PN-RE
100828714,5,DEB,,,0,PN,PN-RE
100828717,1,TYPE,,,0,PN,PN-VE
100828717,2,DAP,,Millimeter,1,PN,PN-VE
100828717,3,COU,,Millimeter,0,PN,PN-VE
100828717,4,AMO,,,0,PN,PN-VE
100828717,5,RAC,,,0,PN,PN-VE
100828718,1,FIL,,,0,PN,PN-RE
100828718,2,PPM,,Bar,1,PN,PN-RE
100828718,3,OPT,,,0,PN,PN-RE
100828718,4,TYPE,,,0,PN,PN-RE
100828718,5,DEB,,,0,PN,PN-RE
100828725,1,TYPE,,,0,PN,PN-RA
100828725,2,DET,,Millimeter,1,PN,PN-RA
100828725,3,FIL,,,0,PN,PN-RA
100828725,4,MAT,,,0,PN,PN-RA
100828725,5,FRM,,,0,PN,PN-RA
100828726,1,TYPE,,,0,PN,PN-RA
100828726,2,DET,,Millimeter,1,PN,PN-RA
100828726,3,FIL,,,0,PN,PN-RA
100828726,4,MAT,,,0,PN,PN-RA
100828726,5,FRM,,,0,PN,PN-RA
100828727,1,TYPE,,,0,PN,PN-RA
100828727,2,DET,,Millimeter,1,PN,PN-RA
100828727,3,FIL,,,0,PN,PN-RA
100828727,4,MAT,,,0,PN,PN-RA
100828727,5,FRM,,,0,PN,PN-RA
100828728,1,TYPE,,,0,PN,PN-RA
100828728,2,DET,,Millimeter,1,PN,PN-RA
100828728,3,FIL,,,0,PN,PN-RA
100828728,4,MAT,,,0,PN,PN-RA
100828728,5,FRM,,,0,PN,PN-RA
100828729,1,TYPE,,,0,PN,PN-RA
100828729,2,DET,,Millimeter,1,PN,PN-RA
100828729,3,FIL,,,0,PN,PN-RA
100828729,4,MAT,,,0,PN,PN-RA
100828729,5,FRM,,,0,PN,PN-RA
100828734,1,TYPE,,,0,ME,ME-JO
100828734,2,DIA,,Millimeter,1,ME,ME-JO
100828734,3,DIM,,Millimeter,0,ME,ME-JO
100828734,4,MAT,,,0,ME,ME-JO
100828734,5,USG,,,0,ME,ME-JO
100828735,1,TYPE,,,0,ME,ME-JO
100828735,2,DIA,,Millimeter,1,ME,ME-JO
100828735,3,DIM,,Millimeter,0,ME,ME-JO
100828735,4,MAT,,,0,ME,ME-JO
100828735,5,USG,,,0,ME,ME-JO
100828902,1,TAL,,,0,IN,IN-VA
100828902,2,PMM,,Kilowatt,1,IN,IN-VA
100828902,3,MOD,,,0,IN,IN-VA
100828902,4,TEN,,,0,IN,IN-VA
100828902,5,FAB,,,0,IN,IN-VA
100828903,1,TYPE,,,0,EL,EL-RE
100828903,2,TDCB,,,1,EL,EL-RE
100828903,3,CRT,,AMP,0,EL,EL-RE
100828903,4,NBC,,Nos,0,EL,EL-RE
100828903,5,FAB,,,0,EL,EL-RE
100828905,1,TYPE,,,0,EL,EL-DI
100828905,2,CAL,,AMP,1,EL,EL-DI
100828905,3,TEN,,,0,EL,EL-DI
100828905,4,NBP,,Nos,0,EL,EL-DI
100828905,5,FAB,,,0,EL,EL-DI
100828906,1,TYPE,,,0,EL,EL-DI
100828906,2,CAL,,AMP,1,EL,EL-DI
100828906,3,TEN,,,0,EL,EL-DI
100828906,4,NBP,,Nos,0,EL,EL-DI
100828906,5,FAB,,,0,EL,EL-DI
100828908,1,TYPE,,,0,EL,EL-DI
100828908,2,CAL,,AMP,1,EL,EL-DI
100828908,3,TEN,,,0,EL,EL-DI
100828908,4,NBP,,Nos,0,EL,EL-DI
100828908,5,FAB,,,0,EL,EL-DI
100828909,1,TYPE,,,0,EL,EL-DI
100828909,2,CAL,,AMP,1,EL,EL-DI
100828909,3,TEN,,,0,EL,EL-DI
100828909,4,NBP,,Nos,0,EL,EL-DI
100828909,5,FAB,,,0,EL,EL-DI
100828915,1,TYPE,,,0,EL,EL-DI
100828915,2,CAL,,AMP,1,EL,EL-DI
100828915,3,TEN,,,0,EL,EL-DI
100828915,4,NBP,,Nos,0,EL,EL-DI
100828915,5,FAB,,,0,EL,EL-DI
100828917,1,TFM,,,1,EE,EE-CA
100828917,2,REF,,,0,EE,EE-CA
100828917,3,CONS,,,0,EE,EE-CA
100828917,4,ALIM,,,0,EE,EE-CA
100828917,5,VER,,,0,EE,EE-CA
100828919,1,TYPE,,,0,HY,HY-PO
100828919,2,DEB,,,1,HY,HY-PO
100828919,3,CYL,,,0,HY,HY-PO
100828919,4,PRE,,Bar,0,HY,HY-PO
100828919,5,LIQ,,,0,HY,HY-PO
100828921,1,TYPE,,,0,HY,HY-PO
100828921,2,DEB,,,1,HY,HY-PO
100828921,3,CYL,,,0,HY,HY-PO
100828921,4,PRE,,Bar,0,HY,HY-PO
100828921,5,LIQ,,,0,HY,HY-PO
100828923,1,TYPE,,,0,HY,HY-PO
100828923,2,DEB,,,1,HY,HY-PO
100828923,3,CYL,,,0,HY,HY-PO
100828923,4,PRE,,Bar,0,HY,HY-PO
100828923,5,LIQ,,,0,HY,HY-PO
100828930,1,TAL,,,0,IN,IN-VA
100828930,2,PMM,,Kilowatt,1,IN,IN-VA
100828930,3,MOD,,,0,IN,IN-VA
100828930,4,TEN,,,0,IN,IN-VA
100828930,5,FAB,,,0,IN,IN-VA
100828932,1,TAL,,,0,IN,IN-VA
100828932,2,PMM,,Kilowatt,1,IN,IN-VA
100828932,3,MOD,,,0,IN,IN-VA
100828932,4,TEN,,,0,IN,IN-VA
100828932,5,FAB,,,0,IN,IN-VA
100828991,1,FTT,,,1,ME,ME-VI
100828991,2,DIA,,Millimeter,0,ME,ME-VI
100828991,3,LON,,Millimeter,0,ME,ME-VI
100828991,4,MAT,,,0,ME,ME-VI
100828991,5,FIL,,,0,ME,ME-VI
100828999,1,TCP,,,0,EE,EE-CP
100828999,2,SIG,,,1,EE,EE-CP
100828999,3,RAC,,,0,EE,EE-CP
100828999,4,ALIM,,,0,EE,EE-CP
100828999,5,PLG,,,0,EE,EE-CP
100829000,1,TYPE,,,0,HY,HY-FL
100829000,2,DN,,,1,HY,HY-FL
100829000,3,LON,,Millimeter,0,HY,HY-FL
100829000,4,EMB,,,0,HY,HY-FL
100829000,5,PRE,,Bar,0,HY,HY-FL
100829001,1,TYPE,,,0,HY,HY-FL
100829001,2,DN,,,1,HY,HY-FL
100829001,3,LON,,Millimeter,0,HY,HY-FL
100829001,4,EMB,,,0,HY,HY-FL
100829001,5,PRE,,Bar,0,HY,HY-FL
100829003,1,TYPE,,,0,ME,ME-JO
100829003,2,DIA,,Millimeter,1,ME,ME-JO
100829003,3,DIM,,Millimeter,0,ME,ME-JO
100829003,4,MAT,,,0,ME,ME-JO
100829003,5,USG,,,0,ME,ME-JO
100829004,1,TCO,,,1,IN,IN-TH
100829004,2,LGA,,Millimeter,0,IN,IN-TH
100829004,3,DGA,,Millimeter,0,IN,IN-TH
100829004,4,RAC,,,0,IN,IN-TH
100829004,5,FAB,,,0,IN,IN-TH
100829005,1,TYPE,,,0,ME,ME-JO
100829005,2,DIA,,Millimeter,1,ME,ME-JO
100829005,3,DIM,,Millimeter,0,ME,ME-JO
100829005,4,MAT,,,0,ME,ME-JO
100829005,5,USG,,,0,ME,ME-JO
100829006,1,TYPE,,,0,ME,ME-JO
100829006,2,DIA,,Millimeter,1,ME,ME-JO
100829006,3,DIM,,Millimeter,0,ME,ME-JO
100829006,4,MAT,,,0,ME,ME-JO
100829006,5,USG,,,0,ME,ME-JO
100829007,1,TCO,,,1,IN,IN-TH
100829007,2,LGA,,Millimeter,0,IN,IN-TH
100829007,3,DGA,,Millimeter,0,IN,IN-TH
100829007,4,RAC,,,0,IN,IN-TH
100829007,5,FAB,,,0,IN,IN-TH
100829008,1,TCO,,,1,IN,IN-TH
100829008,2,LGA,,Millimeter,0,IN,IN-TH
100829008,3,DGA,,Millimeter,0,IN,IN-TH
100829008,4,RAC,,,0,IN,IN-TH
100829008,5,FAB,,,0,IN,IN-TH
100829013,1,TYPE,,,0,ME,ME-JO
100829013,2,DIA,,Millimeter,1,ME,ME-JO
100829013,3,DIM,,Millimeter,0,ME,ME-JO
100829013,4,MAT,,,0,ME,ME-JO
100829013,5,USG,,,0,ME,ME-JO
100829015,1,TCO,,,1,IN,IN-TH
100829015,2,LGA,,Millimeter,0,IN,IN-TH
100829015,3,DGA,,Millimeter,0,IN,IN-TH
100829015,4,RAC,,,0,IN,IN-TH
100829015,5,FAB,,,0,IN,IN-TH
100829017,1,TYPE,,,0,EL,EL-RE
100829017,2,TDCB,,,1,EL,EL-RE
100829017,3,CRT,,AMP,0,EL,EL-RE
100829017,4,NBC,,Nos,0,EL,EL-RE
100829017,5,FAB,,,0,EL,EL-RE
100829018,1,TS,,,0,IN,IN-TE
100829018,2,PMEAS,,Celsius,1,IN,IN-TE
100829018,3,LON,,Millimeter,0,IN,IN-TE
100829018,4,DGT,,Millimeter,0,IN,IN-TE
100829018,5,RAC,,,0,IN,IN-TE
100829023,1,FON,,,0,PN,PN-EV
100829023,2,DDR,,,1,PN,PN-EV
100829023,3,FIL,,,0,PN,PN-EV
100829023,4,TNC,,,0,PN,PN-EV
100829023,5,TYPE,,,0,PN,PN-EV
100829026,1,TYPE,,,0,EL,EL-FU
100829026,2,CDP,,AMP,1,EL,EL-FU
100829026,3,TAI,,,0,EL,EL-FU
100829026,4,TEN,,,0,EL,EL-FU
100829026,5,FAB,,,0,EL,EL-FU
100829033,1,TYPE,,,0,HY,HY-FI
100829033,2,SEU,,Micrometer,1,HY,HY-FI
100829033,3,RAC,,,0,HY,HY-FI
100829033,4,DEB,,,0,HY,HY-FI
100829033,5,FAB,,,0,HY,HY-FI
100829035,1,TYPE,,,0,PN,PN-RA
100829035,2,DET,,Millimeter,1,PN,PN-RA
100829035,3,FIL,,,0,PN,PN-RA
100829035,4,MAT,,,0,PN,PN-RA
100829035,5,FRM,,,0,PN,PN-RA
100829036,1,TYPE,,,0,PN,PN-DI
100829036,2,DTC,,,1,PN,PN-DI
100829036,3,NBV,,Nos,0,PN,PN-DI
100829036,4,TIR,,,0,PN,PN-DI
100829036,5,TNB,,,0,PN,PN-DI
100829037,1,TYPE,,,0,HY,HY-PO
100829037,2,DEB,,,1,HY,HY-PO
100829037,3,CYL,,,0,HY,HY-PO
100829037,4,PRE,,Bar,0,HY,HY-PO
100829037,5,LIQ,,,0,HY,HY-PO
100829038,1,TYPE,,,1,CS,CS-GC
100829038,2,GRA,,,0,CS,CS-GC
100829038,3,CND,,,0,CS,CS-GC
100829038,4,APP,,,0,CS,CS-GC
100829038,5,FAB,,,0,CS,CS-GC
1008828523,1,TYPE,,,0,ME,ME-JO
1008828523,2,DIA,,Millimeter,1,ME,ME-JO
1008828523,3,DIM,,Millimeter,0,ME,ME-JO
1008828523,4,MAT,,,0,ME,ME-JO
1008828523,5,USG,,,0,ME,ME-JO
100900029,1,FON,,,0,PN,PN-EV
100900029,2,DDR,,,1,PN,PN-EV
100900029,3,FIL,,,0,PN,PN-EV
100900029,4,TNC,,,0,PN,PN-EV
100900029,5,TYPE,,,0,PN,PN-EV
100900031,1,SER,,,0,EE,EE-AU
100900031,2,NES,,Nos,1,EE,EE-AU
100900031,3,ALIM,,,0,EE,EE-AU
100900031,4,CONS,,,0,EE,EE-AU
100900031,5,TMO,,,0,EE,EE-AU
100900040,1,TAL,,,0,IN,IN-VA
100900040,2,PMM,,Kilowatt,1,IN,IN-VA
100900040,3,MOD,,,0,IN,IN-VA
100900040,4,TEN,,,0,IN,IN-VA
100900040,5,FAB,,,0,IN,IN-VA
100900041,1,TYPE,,,0,PN,PN-CO
100900041,2,PMD,,,1,PN,PN-CO
100900041,3,CCU,,L,0,PN,PN-CO
100900041,4,PRE,,Bar,0,PN,PN-CO
100900041,5,FAB,,,0,PN,PN-CO
100900042,1,TYPE,,,0,ME,ME-JO
100900042,2,DIA,,Millimeter,1,ME,ME-JO
100900042,3,DIM,,Millimeter,0,ME,ME-JO
100900042,4,MAT,,,0,ME,ME-JO
100900042,5,USG,,,0,ME,ME-JO
100900043,1,TPR,,,0,ME,ME-CO
100900043,2,LPR,,Millimeter,1,ME,ME-CO
100900043,3,LEP,,Millimeter,0,ME,ME-CO
100900043,4,PDE,,,0,ME,ME-CO
100900043,5,MAT,,,0,ME,ME-CO
100900044,1,TYPE,,,0,HY,HY-PO
100900044,2,DEB,,,1,HY,HY-PO
100900044,3,CYL,,,0,HY,HY-PO
100900044,4,PRE,,Bar,0,HY,HY-PO
100900044,5,LIQ,,,0,HY,HY-PO
100900045,1,TCP,,,0,EE,EE-CP
100900045,2,SIG,,,1,EE,EE-CP
100900045,3,RAC,,,0,EE,EE-CP
100900045,4,ALIM,,,0,EE,EE-CP
100900045,5,PLG,,,0,EE,EE-CP
100900046,1,TPR,,,0,ME,ME-CO
100900046,2,LPR,,Millimeter,1,ME,ME-CO
100900046,3,LEP,,Millimeter,0,ME,ME-CO
100900046,4,PDE,,,0,ME,ME-CO
100900046,5,MAT,,,0,ME,ME-CO
100900047,1,FIL,,,0,PN,PN-RE
100900047,2,PPM,,Bar,1,PN,PN-RE
100900047,3,OPT,,,0,PN,PN-RE
100900047,4,TYPE,,,0,PN,PN-RE
100900047,5,DEB,,,0,PN,PN-RE
100900049,1,TYPE,,,0,PN,PN-VE
100900049,2,DAP,,Millimeter,1,PN,PN-VE
100900049,3,COU,,Millimeter,0,PN,PN-VE
100900049,4,AMO,,,0,PN,PN-VE
100900049,5,RAC,,,0,PN,PN-VE
100900050,1,TYPE,,,0,PN,PN-CO
100900050,2,PMD,,,1,PN,PN-CO
100900050,3,CCU,,L,0,PN,PN-CO
100900050,4,PRE,,Bar,0,PN,PN-CO
100900050,5,FAB,,,0,PN,PN-CO
100900051,1,TPR,,,0,ME,ME-CO
100900051,2,LPR,,Millimeter,1,ME,ME-CO
100900051,3,LEP,,Millimeter,0,ME,ME-CO
100900051,4,PDE,,,0,ME,ME-CO
100900051,5,MAT,,,0,ME,ME-CO
100900053,1,TYPE,,,0,PN,PN-VE
100900053,2,DAP,,Millimeter,1,PN,PN-VE
100900053,3,COU,,Millimeter,0,PN,PN-VE
100900053,4,AMO,,,0,PN,PN-VE
100900053,5,RAC,,,0,PN,PN-VE
100900056,1,TYPE,,,0,HY,HY-PO
100900056,2,DEB,,,1,HY,HY-PO
100900056,3,CYL,,,0,HY,HY-PO
100900056,4,PRE,,Bar,0,HY,HY-PO
100900056,5,LIQ,,,0,HY,HY-PO
100900059,1,FIL,,,0,PN,PN-RE
100900059,2,PPM,,Bar,1,PN,PN-RE
100900059,3,OPT,,,0,PN,PN-RE
100900059,4,TYPE,,,0,PN,PN-RE
100900059,5,DEB,,,0,PN,PN-RE
100900060,1,TYPE,,,0,PN,PN-CO
100900060,2,PMD,,,1,PN,PN-CO
100900060,3,CCU,,L,0,PN,PN-CO
100900060,4,PRE,,Bar,0,PN,PN-CO
100900060,5,FAB,,,0,PN,PN-CO
100900061,1,TCP,,,0,EE,EE-CP
100900061,2,SIG,,,1,EE,EE-CP
100900061,3,RAC,,,0,EE,EE-CP
100900061,4,ALIM,,,0,EE,EE-CP
100900061,5,PLG,,,0,EE,EE-CP
100900068,1,TYPE,,,0,PN,PN-DI
100900068,2,DTC,,,1,PN,PN-DI
100900068,3,NBV,,Nos,0,PN,PN-DI
100900068,4,TIR,,,0,PN,PN-DI
100900068,5,TNB,,,0,PN,PN-DI
100900078,1,TYPE,,,0,PN,PN-CO
100900078,2,PMD,,,1,PN,PN-CO
100900078,3,CCU,,L,0,PN,PN-CO
100900078,4,PRE,,Bar,0,PN,PN-CO
100900078,5,FAB,,,0,PN,PN-CO
100900079,1,TYPE,,,0,HY,HY-FI
100900079,2,SEU,,Micrometer,1,HY,HY-FI
100900079,3,RAC,,,0,HY,HY-FI
100900079,4,DEB,,,0,HY,HY-FI
100900079,5,FAB,,,0,HY,HY-FI
100900084,1,FTT,,,1,ME,ME-VI
100900084,2,DIA,,Millimeter,0,ME,ME-VI
100900084,3,LON,,Millimeter,0,ME,ME-VI
100900084,4,MAT,,,0,ME,ME-VI
100900084,5,FIL,,,0,ME,ME-VI
100900086,1,TYPE,,,0,EL,EL-CA
100900086,2,SEC,,,1,EL,EL-CA
100900086,3,NBCD,,Nos,0,EL,EL-CA
100900086,4,MAT,,,0,EL,EL-CA
100900086,5,BLI,,,0,EL,EL-CA
100900087,1,TYPE,,,0,EL,EL-CA
100900087,2,SEC,,,1,EL,EL-CA
100900087,3,NBCD,,Nos,0,EL,EL-CA
100900087,4,MAT,,,0,EL,EL-CA
100900087,5,BLI,,,0,EL,EL-CA
100900090,1,TYPE,,,0,SE,SE-PM
100900090,2,MAF,,,1,SE,SE-PM
100900090,3,DIM,,Millimeter,0,SE,SE-PM
100900090,4,CPS,,,0,SE,SE-PM
100900090,5,TEN,,,0,SE,SE-PM
100900091,1,TYPE,,,0,SE,SE-PM
100900091,2,MAF,,,1,SE,SE-PM
100900091,3,DIM,,Millimeter,0,SE,SE-PM
100900091,4,CPS,,,0,SE,SE-PM
100900091,5,TEN,,,0,SE,SE-PM
100900092,1,TYPE,,,0,SE,SE-PM
100900092,2,MAF,,,1,SE,SE-PM
100900092,3,DIM,,Millimeter,0,SE,SE-PM
100900092,4,CPS,,,0,SE,SE-PM
100900092,5,TEN,,,0,SE,SE-PM
100900093,1,TYPE,,,0,SE,SE-PM
100900093,2,MAF,,,1,SE,SE-PM
100900093,3,DIM,,Millimeter,0,SE,SE-PM
100900093,4,CPS,,,0,SE,SE-PM
100900093,5,TEN,,,0,SE,SE-PM
100900094,1,TYPE,,,0,SE,SE-PM
100900094,2,MAF,,,1,SE,SE-PM
100900094,3,DIM,,Millimeter,0,SE,SE-PM
100900094,4,CPS,,,0,SE,SE-PM
100900094,5,TEN,,,0,SE,SE-PM
100900095,1,TYPE,,,0,SE,SE-PM
100900095,2,MAF,,,1,SE,SE-PM
100900095,3,DIM,,Millimeter,0,SE,SE-PM
100900095,4,CPS,,,0,SE,SE-PM
100900095,5,TEN,,,0,SE,SE-PM
100900096,1,TYPE,,,0,PN,PN-DI
100900096,2,DTC,,,1,PN,PN-DI
100900096,3,NBV,,Nos,0,PN,PN-DI
100900096,4,TIR,,,0,PN,PN-DI
100900096,5,TNB,,,0,PN,PN-DI
100900097,1,TYPE,,,0,PN,PN-DI
100900097,2,DTC,,,1,PN,PN-DI
100900097,3,NBV,,Nos,0,PN,PN-DI
100900097,4,TIR,,,0,PN,PN-DI
100900097,5,TNB,,,0,PN,PN-DI
100900098,1,TYPE,,,0,PN,PN-DI
100900098,2,DTC,,,1,PN,PN-DI
100900098,3,NBV,,Nos,0,PN,PN-DI
100900098,4,TIR,,,0,PN,PN-DI
100900098,5,TNB,,,0,PN,PN-DI
100900099,1,TYPE,,,0,PN,PN-DI
100900099,2,DTC,,,1,PN,PN-DI
100900099,3,NBV,,Nos,0,PN,PN-DI
100900099,4,TIR,,,0,PN,PN-DI
100900099,5,TNB,,,0,PN,PN-DI
100900100,1,TYPE,,,0,PN,PN-DI
100900100,2,DTC,,,1,PN,PN-DI
100900100,3,NBV,,Nos,0,PN,PN-DI
100900100,4,TIR,,,0,PN,PN-DI
100900100,5,TNB,,,0,PN,PN-DI
100900101,1,TYPE,,,0,PN,PN-DI
100900101,2,DTC,,,1,PN,PN-DI
100900101,3,NBV,,Nos,0,PN,PN-DI
100900101,4,TIR,,,0,PN,PN-DI
100900101,5,TNB,,,0,PN,PN-DI
100900102,1,TYPE,,,0,ME,ME-JO
100900102,2,DIA,,Millimeter,1,ME,ME-JO
100900102,3,DIM,,Millimeter,0,ME,ME-JO
100900102,4,MAT,,,0,ME,ME-JO
100900102,5,USG,,,0,ME,ME-JO
100900103,1,TYPE,,,0,PN,PN-DI
100900103,2,DTC,,,1,PN,PN-DI
100900103,3,NBV,,Nos,0,PN,PN-DI
100900103,4,TIR,,,0,PN,PN-DI
100900103,5,TNB,,,0,PN,PN-DI
100900104,1,TCO,,,1,IN,IN-TH
100900104,2,LGA,,Millimeter,0,IN,IN-TH
100900104,3,DGA,,Millimeter,0,IN,IN-TH
100900104,4,RAC,,,0,IN,IN-TH
100900104,5,FAB,,,0,IN,IN-TH
100900105,1,TCO,,,1,IN,IN-TH
100900105,2,LGA,,Millimeter,0,IN,IN-TH
100900105,3,DGA,,Millimeter,0,IN,IN-TH
100900105,4,RAC,,,0,IN,IN-TH
100900105,5,FAB,,,0,IN,IN-TH
100900108,1,TYPE,,,0,ME,ME-JO
100900108,2,DIA,,Millimeter,1,ME,ME-JO
100900108,3,DIM,,Millimeter,0,ME,ME-JO
100900108,4,MAT,,,0,ME,ME-JO
100900108,5,USG,,,0,ME,ME-JO
100900109,1,TYPE,,,0,ME,ME-JO
100900109,2,DIA,,Millimeter,1,ME,ME-JO
100900109,3,DIM,,Millimeter,0,ME,ME-JO
100900109,4,MAT,,,0,ME,ME-JO
100900109,5,USG,,,0,ME,ME-JO
100900111,1,TPR,,,0,ME,ME-CO
100900111,2,LPR,,Millimeter,1,ME,ME-CO
100900111,3,LEP,,Millimeter,0,ME,ME-CO
100900111,4,PDE,,,0,ME,ME-CO
100900111,5,MAT,,,0,ME,ME-CO
100900114,1,TYPE,,,0,EL,EL-CA
100900114,2,SEC,,,1,EL,EL-CA
100900114,3,NBCD,,Nos,0,EL,EL-CA
100900114,4,MAT,,,0,EL,EL-CA
100900114,5,BLI,,,0,EL,EL-CA
100900115,1,TYPE,,,0,EL,EL-CA
100900115,2,SEC,,,1,EL,EL-CA
100900115,3,NBCD,,Nos,0,EL,EL-CA
100900115,4,MAT,,,0,EL,EL-CA
100900115,5,BLI,,,0,EL,EL-CA
100900116,1,TYPE,,,0,ME,ME-JO
100900116,2,DIA,,Millimeter,1,ME,ME-JO
100900116,3,DIM,,Millimeter,0,ME,ME-JO
100900116,4,MAT,,,0,ME,ME-JO
100900116,5,USG,,,0,ME,ME-JO
100900117,1,TCP,,,0,EE,EE-CP
100900117,2,SIG,,,1,EE,EE-CP
100900117,3,RAC,,,0,EE,EE-CP
100900117,4,ALIM,,,0,EE,EE-CP
100900117,5,PLG,,,0,EE,EE-CP
100900120,1,TYPE,,,0,ME,ME-JO
100900120,2,DIA,,Millimeter,1,ME,ME-JO
100900120,3,DIM,,Millimeter,0,ME,ME-JO
100900120,4,MAT,,,0,ME,ME-JO
100900120,5,USG,,,0,ME,ME-JO
100900121,1,TYPE,,,0,ME,ME-JO
100900121,2,DIA,,Millimeter,1,ME,ME-JO
100900121,3,DIM,,Millimeter,0,ME,ME-JO
100900121,4,MAT,,,0,ME,ME-JO
100900121,5,USG,,,0,ME,ME-JO
100900122,1,TYPE,,,0,ME,ME-JO
100900122,2,DIA,,Millimeter,1,ME,ME-JO
100900122,3,DIM,,Millimeter,0,ME,ME-JO
100900122,4,MAT,,,0,ME,ME-JO
100900122,5,USG,,,0,ME,ME-JO
100900131,1,TYPE,,,0,ME,ME-JO
100900131,2,DIA,,Millimeter,1,ME,ME-JO
100900131,3,DIM,,Millimeter,0,ME,ME-JO
100900131,4,MAT,,,0,ME,ME-JO
100900131,5,USG,,,0,ME,ME-JO
100900133,1,TYPE,,,0,EL,EL-CA
100900133,2,SEC,,,1,EL,EL-CA
100900133,3,NBCD,,Nos,0,EL,EL-CA
100900133,4,MAT,,,0,EL,EL-CA
100900133,5,BLI,,,0,EL,EL-CA
100900134,1,TYPE,,,0,ME,ME-CH
100900134,2,PAS,,Millimeter,1,ME,ME-CH
100900134,3,NBM,,Nos,0,ME,ME-CH
100900134,4,LON,,Millimeter,0,ME,ME-CH
100900134,5,STD,,,0,ME,ME-CH
100900136,1,TPR,,,0,ME,ME-CO
100900136,2,LPR,,Millimeter,1,ME,ME-CO
100900136,3,LEP,,Millimeter,0,ME,ME-CO
100900136,4,PDE,,,0,ME,ME-CO
100900136,5,MAT,,,0,ME,ME-CO
100900137,1,TYPE,,,0,PN,PN-VE
100900137,2,DAP,,Millimeter,1,PN,PN-VE
100900137,3,COU,,Millimeter,0,PN,PN-VE
100900137,4,AMO,,,0,PN,PN-VE
100900137,5,RAC,,,0,PN,PN-VE
100900139,1,TPR,,,0,ME,ME-CO
100900139,2,LPR,,Millimeter,1,ME,ME-CO
100900139,3,LEP,,Millimeter,0,ME,ME-CO
100900139,4,PDE,,,0,ME,ME-CO
100900139,5,MAT,,,0,ME,ME-CO
100900140,1,TYPE,,,1,CS,CS-GC
100900140,2,GRA,,,0,CS,CS-GC
100900140,3,CND,,,0,CS,CS-GC
100900140,4,APP,,,0,CS,CS-GC
100900140,5,FAB,,,0,CS,CS-GC
100900143,1,TYPE,,,0,PN,PN-RA
100900143,2,DET,,Millimeter,1,PN,PN-RA
100900143,3,FIL,,,0,PN,PN-RA
100900143,4,MAT,,,0,PN,PN-RA
100900143,5,FRM,,,0,PN,PN-RA
100900149,1,TYPE,,,0,PN,PN-CO
100900149,2,PMD,,,1,PN,PN-CO
100900149,3,CCU,,L,0,PN,PN-CO
100900149,4,PRE,,Bar,0,PN,PN-CO
100900149,5,FAB,,,0,PN,PN-CO
100900150,1,TYPE,,,0,ME,ME-JO
100900150,2,DIA,,Millimeter,1,ME,ME-JO
100900150,3,DIM,,Millimeter,0,ME,ME-JO
100900150,4,MAT,,,0,ME,ME-JO
100900150,5,USG,,,0,ME,ME-JO
100900151,1,TYPE,,,0,ME,ME-JO
100900151,2,DIA,,Millimeter,1,ME,ME-JO
100900151,3,DIM,,Millimeter,0,ME,ME-JO
100900151,4,MAT,,,0,ME,ME-JO
100900151,5,USG,,,0,ME,ME-JO
100900152,1,TYPE,,,0,ME,ME-JO
100900152,2,DIA,,Millimeter,1,ME,ME-JO
100900152,3,DIM,,Millimeter,0,ME,ME-JO
100900152,4,MAT,,,0,ME,ME-JO
100900152,5,USG,,,0,ME,ME-JO
100900153,1,TYPE,,,0,EL,EL-RE
100900153,2,TDCB,,,1,EL,EL-RE
100900153,3,CRT,,AMP,0,EL,EL-RE
100900153,4,NBC,,Nos,0,EL,EL-RE
100900153,5,FAB,,,0,EL,EL-RE
100900155,1,TYPE,,,0,ME,ME-JO
100900155,2,DIA,,Millimeter,1,ME,ME-JO
100900155,3,DIM,,Millimeter,0,ME,ME-JO
100900155,4,MAT,,,0,ME,ME-JO
100900155,5,USG,,,0,ME,ME-JO
100900157,1,TYPE,,,0,HY,HY-VE
100900157,2,DAP,,Millimeter,1,HY,HY-VE
100900157,3,DGT,,Millimeter,0,HY,HY-VE
100900157,4,COU,,Millimeter,0,HY,HY-VE
100900157,5,PRE,,Bar,0,HY,HY-VE
100900158,1,TFM,,,1,EE,EE-CA
100900158,2,REF,,,0,EE,EE-CA
100900158,3,CONS,,,0,EE,EE-CA
100900158,4,ALIM,,,0,EE,EE-CA
100900158,5,VER,,,0,EE,EE-CA
100900159,1,TYPE,,,0,PN,PN-VE
100900159,2,DAP,,Millimeter,1,PN,PN-VE
100900159,3,COU,,Millimeter,0,PN,PN-VE
100900159,4,AMO,,,0,PN,PN-VE
100900159,5,RAC,,,0,PN,PN-VE
100900163,1,TYPE,,,0,PN,PN-RA
100900163,2,DET,,Millimeter,1,PN,PN-RA
100900163,3,FIL,,,0,PN,PN-RA
100900163,4,MAT,,,0,PN,PN-RA
100900163,5,FRM,,,0,PN,PN-RA
100900164,1,TCP,,,0,EE,EE-CP
100900164,2,SIG,,,1,EE,EE-CP
100900164,3,RAC,,,0,EE,EE-CP
100900164,4,ALIM,,,0,EE,EE-CP
100900164,5,PLG,,,0,EE,EE-CP
100900165,1,TYPE,,,0,IN,IN-CP
100900165,2,PME,,Bar,1,IN,IN-CP
100900165,3,SIG,,,0,IN,IN-CP
100900165,4,RAC,,,0,IN,IN-CP
100900165,5,FAB,,,0,IN,IN-CP
100900166,1,FTT,,,1,ME,ME-VI
100900166,2,DIA,,Millimeter,0,ME,ME-VI
100900166,3,LON,,Millimeter,0,ME,ME-VI
100900166,4,MAT,,,0,ME,ME-VI
100900166,5,FIL,,,0,ME,ME-VI
100900167,1,TYPE,,,0,ME,ME-JO
100900167,2,DIA,,Millimeter,1,ME,ME-JO
100900167,3,DIM,,Millimeter,0,ME,ME-JO
100900167,4,MAT,,,0,ME,ME-JO
100900167,5,USG,,,0,ME,ME-JO
100900168,1,FON,,,0,PN,PN-EV
100900168,2,DDR,,,1,PN,PN-EV
100900168,3,FIL,,,0,PN,PN-EV
100900168,4,TNC,,,0,PN,PN-EV
100900168,5,TYPE,,,0,PN,PN-EV
100900173,1,TYPE,,,0,IN,IN-CP
100900173,2,PME,,Bar,1,IN,IN-CP
100900173,3,SIG,,,0,IN,IN-CP
100900173,4,RAC,,,0,IN,IN-CP
100900173,5,FAB,,,0,IN,IN-CP
100900175,1,TYPE,,,0,ME,ME-RO
100900175,2,DIAI,,Millimeter,1,ME,ME-RO
100900175,3,SR,,,0,ME,ME-RO
100900175,4,DIAE,,Millimeter,0,ME,ME-RO
100900175,5,EPJ,,,0,ME,ME-RO
100900178,1,TYPE,,,0,PN,PN-VE
100900178,2,DAP,,Millimeter,1,PN,PN-VE
100900178,3,COU,,Millimeter,0,PN,PN-VE
100900178,4,AMO,,,0,PN,PN-VE
100900178,5,RAC,,,0,PN,PN-VE
100900180,1,TYPE,,,0,EL,EL-CA
100900180,2,SEC,,,1,EL,EL-CA
100900180,3,NBCD,,Nos,0,EL,EL-CA
100900180,4,MAT,,,0,EL,EL-CA
100900180,5,BLI,,,0,EL,EL-CA
100900181,1,TS,,,0,IN,IN-TE
100900181,2,PMEAS,,Celsius,1,IN,IN-TE
100900181,3,LON,,Millimeter,0,IN,IN-TE
100900181,4,DGT,,Millimeter,0,IN,IN-TE
100900181,5,RAC,,,0,IN,IN-TE
100900182,1,FIL,,,0,PN,PN-RE
100900182,2,PPM,,Bar,1,PN,PN-RE
100900182,3,OPT,,,0,PN,PN-RE
100900182,4,TYPE,,,0,PN,PN-RE
100900182,5,DEB,,,0,PN,PN-RE
100900189,1,TYPE,,,0,ME,ME-EN
100900189,2,NDR,,,1,ME,ME-EN
100900189,3,MODU,,,0,ME,ME-EN
100900189,4,DIM,,Millimeter,0,ME,ME-EN
100900189,5,MAT,,,0,ME,ME-EN
100900191,1,TPR,,,0,ME,ME-CO
100900191,2,LPR,,Millimeter,1,ME,ME-CO
100900191,3,LEP,,Millimeter,0,ME,ME-CO
100900191,4,PDE,,,0,ME,ME-CO
100900191,5,MAT,,,0,ME,ME-CO
100900193,1,TYPE,,,0,HY,HY-VE
100900193,2,DAP,,Millimeter,1,HY,HY-VE
100900193,3,DGT,,Millimeter,0,HY,HY-VE
100900193,4,COU,,Millimeter,0,HY,HY-VE
100900193,5,PRE,,Bar,0,HY,HY-VE
100900194,1,TYPE,,,0,HY,HY-PO
100900194,2,DEB,,,1,HY,HY-PO
100900194,3,CYL,,,0,HY,HY-PO
100900194,4,PRE,,Bar,0,HY,HY-PO
100900194,5,LIQ,,,0,HY,HY-PO
100900195,1,TYPE,,,0,ME,ME-JO
100900195,2,DIA,,Millimeter,1,ME,ME-JO
100900195,3,DIM,,Millimeter,0,ME,ME-JO
100900195,4,MAT,,,0,ME,ME-JO
100900195,5,USG,,,0,ME,ME-JO
100900206,1,TYPE,,,0,PN,PN-CO
100900206,2,PMD,,,1,PN,PN-CO
100900206,3,CCU,,L,0,PN,PN-CO
100900206,4,PRE,,Bar,0,PN,PN-CO
100900206,5,FAB,,,0,PN,PN-CO
124805008,1,TDC,,,0,EL,EL-MO
124805008,2,PUI,,Kilowatt,1,EL,EL-MO
124805008,3,VIT,,,0,EL,EL-MO
124805008,4,FIX,,,0,EL,EL-MO
124805008,5,TEN,,,0,EL,EL-MO
124805009,1,TFM,,,1,EE,EE-CA
124805009,2,REF,,,0,EE,EE-CA
124805009,3,CONS,,,0,EE,EE-CA
124805009,4,ALIM,,,0,EE,EE-CA
124805009,5,VER,,,0,EE,EE-CA
124805013,1,TYPE,,,0,EL,EL-DI
124805013,2,CAL,,AMP,1,EL,EL-DI
124805013,3,TEN,,,0,EL,EL-DI
124805013,4,NBP,,Nos,0,EL,EL-DI
124805013,5,FAB,,,0,EL,EL-DI
124805014,1,SER,,,0,EE,EE-AU
124805014,2,NES,,Nos,1,EE,EE-AU
124805014,3,ALIM,,,0,EE,EE-AU
124805014,4,CONS,,,0,EE,EE-AU
124805014,5,TMO,,,0,EE,EE-AU
124805015,1,TFM,,,1,EE,EE-CA
124805015,2,REF,,,0,EE,EE-CA
124805015,3,CONS,,,0,EE,EE-CA
124805015,4,ALIM,,,0,EE,EE-CA
124805015,5,VER,,,0,EE,EE-CA
124805017,1,TCP,,,0,EE,EE-CP
124805017,2,SIG,,,1,EE,EE-CP
124805017,3,RAC,,,0,EE,EE-CP
124805017,4,ALIM,,,0,EE,EE-CP
124805017,5,PLG,,,0,EE,EE-CP
124805018,1,TCP,,,0,EE,EE-CP
124805018,2,SIG,,,1,EE,EE-CP
124805018,3,RAC,,,0,EE,EE-CP
124805018,4,ALIM,,,0,EE,EE-CP
124805018,5,PLG,,,0,EE,EE-CP
124805020,1,TS,,,0,IN,IN-TE
124805020,2,PMEAS,,Celsius,1,IN,IN-TE
124805020,3,LON,,Millimeter,0,IN,IN-TE
124805020,4,DGT,,Millimeter,0,IN,IN-TE
124805020,5,RAC,,,0,IN,IN-TE
124805048,1,TYPE,,,0,ME,ME-RO
124805048,2,DIAI,,Millimeter,1,ME,ME-RO
124805048,3,SR,,,0,ME,ME-RO
124805048,4,DIAE,,Millimeter,0,ME,ME-RO
124805048,5,EPJ,,,0,ME,ME-RO
124805049,1,TYPE,,,0,ME,ME-RO
124805049,2,DIAI,,Millimeter,1,ME,ME-RO
124805049,3,SR,,,0,ME,ME-RO
124805049,4,DIAE,,Millimeter,0,ME,ME-RO
124805049,5,EPJ,,,0,ME,ME-RO
124805050,1,TFM,,,1,EE,EE-CA
124805050,2,REF,,,0,EE,EE-CA
124805050,3,CONS,,,0,EE,EE-CA
124805050,4,ALIM,,,0,EE,EE-CA
124805050,5,VER,,,0,EE,EE-CA
124805052,1,TAL,,,0,IN,IN-VA
124805052,2,PMM,,Kilowatt,1,IN,IN-VA
124805052,3,MOD,,,0,IN,IN-VA
124805052,4,TEN,,,0,IN,IN-VA
124805052,5,FAB,,,0,IN,IN-VA
124805057,1,TDC,,,0,EL,EL-MO
124805057,2,PUI,,Kilowatt,1,EL,EL-MO
124805057,3,VIT,,,0,EL,EL-MO
124805057,4,FIX,,,0,EL,EL-MO
124805057,5,TEN,,,0,EL,EL-MO
124805060,1,TDC,,,0,EL,EL-MO
124805060,2,PUI,,Kilowatt,1,EL,EL-MO
124805060,3,VIT,,,0,EL,EL-MO
124805060,4,FIX,,,0,EL,EL-MO
124805060,5,TEN,,,0,EL,EL-MO
124805064,1,TYPE,,,0,ME,ME-JO
124805064,2,DIA,,Millimeter,1,ME,ME-JO
124805064,3,DIM,,Millimeter,0,ME,ME-JO
124805064,4,MAT,,,0,ME,ME-JO
124805064,5,USG,,,0,ME,ME-JO
124805065,1,TYPE,,,0,ME,ME-JO
124805065,2,DIA,,Millimeter,1,ME,ME-JO
124805065,3,DIM,,Millimeter,0,ME,ME-JO
124805065,4,MAT,,,0,ME,ME-JO
124805065,5,USG,,,0,ME,ME-JO
124805070,1,TYPE,,,0,ME,ME-JO
124805070,2,DIA,,Millimeter,1,ME,ME-JO
124805070,3,DIM,,Millimeter,0,ME,ME-JO
124805070,4,MAT,,,0,ME,ME-JO
124805070,5,USG,,,0,ME,ME-JO
124805079,1,TFM,,,1,EE,EE-CA
124805079,2,REF,,,0,EE,EE-CA
124805079,3,CONS,,,0,EE,EE-CA
124805079,4,ALIM,,,0,EE,EE-CA
124805079,5,VER,,,0,EE,EE-CA
124805081,1,TFM,,,1,EE,EE-CA
124805081,2,REF,,,0,EE,EE-CA
124805081,3,CONS,,,0,EE,EE-CA
124805081,4,ALIM,,,0,EE,EE-CA
124805081,5,VER,,,0,EE,EE-CA
124805088,1,TFM,,,1,EE,EE-CA
124805088,2,REF,,,0,EE,EE-CA
124805088,3,CONS,,,0,EE,EE-CA
124805088,4,ALIM,,,0,EE,EE-CA
124805088,5,VER,,,0,EE,EE-CA
124805089,1,TFM,,,1,EE,EE-CA
124805089,2,REF,,,0,EE,EE-CA
124805089,3,CONS,,,0,EE,EE-CA
124805089,4,ALIM,,,0,EE,EE-CA
124805089,5,VER,,,0,EE,EE-CA
124805090,1,TCP,,,0,EE,EE-CP
124805090,2,SIG,,,1,EE,EE-CP
124805090,3,RAC,,,0,EE,EE-CP
124805090,4,ALIM,,,0,EE,EE-CP
124805090,5,PLG,,,0,EE,EE-CP
124805091,1,TYPE,,,0,ME,ME-RO
124805091,2,DIAI,,Millimeter,1,ME,ME-RO
124805091,3,SR,,,0,ME,ME-RO
124805091,4,DIAE,,Millimeter,0,ME,ME-RO
124805091,5,EPJ,,,0,ME,ME-RO
124805093,1,TDC,,,0,EL,EL-MO
124805093,2,PUI,,Kilowatt,1,EL,EL-MO
124805093,3,VIT,,,0,EL,EL-MO
124805093,4,FIX,,,0,EL,EL-MO
124805093,5,TEN,,,0,EL,EL-MO
124805097,1,TYPE,,,0,HY,HY-PO
124805097,2,DEB,,,1,HY,HY-PO
124805097,3,CYL,,,0,HY,HY-PO
124805097,4,PRE,,Bar,0,HY,HY-PO
124805097,5,LIQ,,,0,HY,HY-PO
124805101,1,TYPE,,,0,ME,ME-CH
124805101,2,PAS,,Millimeter,1,ME,ME-CH
124805101,3,NBM,,Nos,0,ME,ME-CH
124805101,4,LON,,Millimeter,0,ME,ME-CH
124805101,5,STD,,,0,ME,ME-CH
124805113,1,TAL,,,0,IN,IN-VA
124805113,2,PMM,,Kilowatt,1,IN,IN-VA
124805113,3,MOD,,,0,IN,IN-VA
124805113,4,TEN,,,0,IN,IN-VA
124805113,5,FAB,,,0,IN,IN-VA
124805115,1,TYPE,,,0,ME,ME-RO
124805115,2,DIAI,,Millimeter,1,ME,ME-RO
124805115,3,SR,,,0,ME,ME-RO
124805115,4,DIAE,,Millimeter,0,ME,ME-RO
124805115,5,EPJ,,,0,ME,ME-RO
124805194,1,TDC,,,0,EL,EL-MO
124805194,2,PUI,,Kilowatt,1,EL,EL-MO
124805194,3,VIT,,,0,EL,EL-MO
124805194,4,FIX,,,0,EL,EL-MO
124805194,5,TEN,,,0,EL,EL-MO
124805202,1,TYPE,,,0,ME,ME-JO
124805202,2,DIA,,Millimeter,1,ME,ME-JO
124805202,3,DIM,,Millimeter,0,ME,ME-JO
124805202,4,MAT,,,0,ME,ME-JO
124805202,5,USG,,,0,ME,ME-JO
124805203,1,TYPE,,,0,ME,ME-JO
124805203,2,DIA,,Millimeter,1,ME,ME-JO
124805203,3,DIM,,Millimeter,0,ME,ME-JO
124805203,4,MAT,,,0,ME,ME-JO
124805203,5,USG,,,0,ME,ME-JO
124805204,1,TYPE,,,0,ME,ME-JO
124805204,2,DIA,,Millimeter,1,ME,ME-JO
124805204,3,DIM,,Millimeter,0,ME,ME-JO
124805204,4,MAT,,,0,ME,ME-JO
124805204,5,USG,,,0,ME,ME-JO
124805256,1,PRC,,,1,CS,CS-SC
124805256,2,DIA,,Millimeter,0,CS,CS-SC
124805256,3,NUA,,,0,CS,CS-SC
124805256,4,TYPE,,,0,CS,CS-SC
124805256,5,CND,,,0,CS,CS-SC
124805259,1,TYPE,,,1,CS,CS-GC
124805259,2,GRA,,,0,CS,CS-GC
124805259,3,CND,,,0,CS,CS-GC
124805259,4,APP,,,0,CS,CS-GC
124805259,5,FAB,,,0,CS,CS-GC
124805264,1,TYPE,,,0,ME,ME-RO
124805264,2,DIAI,,Millimeter,1,ME,ME-RO
124805264,3,SR,,,0,ME,ME-RO
124805264,4,DIAE,,Millimeter,0,ME,ME-RO
124805264,5,EPJ,,,0,ME,ME-RO
124805265,1,TYPE,,,0,ME,ME-EN
124805265,2,NDR,,,1,ME,ME-EN
124805265,3,MODU,,,0,ME,ME-EN
124805265,4,DIM,,Millimeter,0,ME,ME-EN
124805265,5,MAT,,,0,ME,ME-EN
124805266,1,TYPE,,,0,ME,ME-EN
124805266,2,NDR,,,1,ME,ME-EN
124805266,3,MODU,,,0,ME,ME-EN
124805266,4,DIM,,Millimeter,0,ME,ME-EN
124805266,5,MAT,,,0,ME,ME-EN
124805268,1,TYPE,,,0,ME,ME-JO
124805268,2,DIA,,Millimeter,1,ME,ME-JO
124805268,3,DIM,,Millimeter,0,ME,ME-JO
124805268,4,MAT,,,0,ME,ME-JO
124805268,5,USG,,,0,ME,ME-JO
124805277,1,TCP,,,0,EE,EE-CP
124805277,2,SIG,,,1,EE,EE-CP
124805277,3,RAC,,,0,EE,EE-CP
124805277,4,ALIM,,,0,EE,EE-CP
124805277,5,PLG,,,0,EE,EE-CP
124805278,1,TAL,,,0,IN,IN-VA
124805278,2,PMM,,Kilowatt,1,IN,IN-VA
124805278,3,MOD,,,0,IN,IN-VA
124805278,4,TEN,,,0,IN,IN-VA
124805278,5,FAB,,,0,IN,IN-VA
124805280,1,TYPE,,,0,ME,ME-JO
124805280,2,DIA,,Millimeter,1,ME,ME-JO
124805280,3,DIM,,Millimeter,0,ME,ME-JO
124805280,4,MAT,,,0,ME,ME-JO
124805280,5,USG,,,0,ME,ME-JO
124805288,1,TCP,,,0,EE,EE-CP
124805288,2,SIG,,,1,EE,EE-CP
124805288,3,RAC,,,0,EE,EE-CP
124805288,4,ALIM,,,0,EE,EE-CP
124805288,5,PLG,,,0,EE,EE-CP
124805289,1,TCP,,,0,EE,EE-CP
124805289,2,SIG,,,1,EE,EE-CP
124805289,3,RAC,,,0,EE,EE-CP
124805289,4,ALIM,,,0,EE,EE-CP
124805289,5,PLG,,,0,EE,EE-CP
124805290,1,TCP,,,0,EE,EE-CP
124805290,2,SIG,,,1,EE,EE-CP
124805290,3,RAC,,,0,EE,EE-CP
124805290,4,ALIM,,,0,EE,EE-CP
124805290,5,PLG,,,0,EE,EE-CP
124805293,1,TAL,,,0,IN,IN-VA
124805293,2,PMM,,Kilowatt,1,IN,IN-VA
124805293,3,MOD,,,0,IN,IN-VA
124805293,4,TEN,,,0,IN,IN-VA
124805293,5,FAB,,,0,IN,IN-VA
124805294,1,TPR,,,0,ME,ME-CO
124805294,2,LPR,,Millimeter,1,ME,ME-CO
124805294,3,LEP,,Millimeter,0,ME,ME-CO
124805294,4,PDE,,,0,ME,ME-CO
124805294,5,MAT,,,0,ME,ME-CO
124805295,1,TYPE,,,0,ME,ME-EN
124805295,2,NDR,,,1,ME,ME-EN
124805295,3,MODU,,,0,ME,ME-EN
124805295,4,DIM,,Millimeter,0,ME,ME-EN
124805295,5,MAT,,,0,ME,ME-EN
124805299,1,TYPE,,,0,HY,HY-VE
124805299,2,DAP,,Millimeter,1,HY,HY-VE
124805299,3,DGT,,Millimeter,0,HY,HY-VE
124805299,4,COU,,Millimeter,0,HY,HY-VE
124805299,5,PRE,,Bar,0,HY,HY-VE
124805307,1,TYPE,,,0,HY,HY-VE
124805307,2,DAP,,Millimeter,1,HY,HY-VE
124805307,3,DGT,,Millimeter,0,HY,HY-VE
124805307,4,COU,,Millimeter,0,HY,HY-VE
124805307,5,PRE,,Bar,0,HY,HY-VE
124805308,1,TPR,,,0,ME,ME-CO
124805308,2,LPR,,Millimeter,1,ME,ME-CO
124805308,3,LEP,,Millimeter,0,ME,ME-CO
124805308,4,PDE,,,0,ME,ME-CO
124805308,5,MAT,,,0,ME,ME-CO
124805309,1,TPR,,,0,ME,ME-CO
124805309,2,LPR,,Millimeter,1,ME,ME-CO
124805309,3,LEP,,Millimeter,0,ME,ME-CO
124805309,4,PDE,,,0,ME,ME-CO
124805309,5,MAT,,,0,ME,ME-CO
124805310,1,TPR,,,0,ME,ME-CO
124805310,2,LPR,,Millimeter,1,ME,ME-CO
124805310,3,LEP,,Millimeter,0,ME,ME-CO
124805310,4,PDE,,,0,ME,ME-CO
124805310,5,MAT,,,0,ME,ME-CO
124805311,1,TCP,,,0,EE,EE-CP
124805311,2,SIG,,,1,EE,EE-CP
124805311,3,RAC,,,0,EE,EE-CP
124805311,4,ALIM,,,0,EE,EE-CP
124805311,5,PLG,,,0,EE,EE-CP
124805314,1,TAL,,,0,IN,IN-VA
124805314,2,PMM,,Kilowatt,1,IN,IN-VA
124805314,3,MOD,,,0,IN,IN-VA
124805314,4,TEN,,,0,IN,IN-VA
124805314,5,FAB,,,0,IN,IN-VA
124805315,1,TAL,,,0,IN,IN-VA
124805315,2,PMM,,Kilowatt,1,IN,IN-VA
124805315,3,MOD,,,0,IN,IN-VA
124805315,4,TEN,,,0,IN,IN-VA
124805315,5,FAB,,,0,IN,IN-VA
124805317,1,TDC,,,0,EL,EL-MO
124805317,2,PUI,,Kilowatt,1,EL,EL-MO
124805317,3,VIT,,,0,EL,EL-MO
124805317,4,FIX,,,0,EL,EL-MO
124805317,5,TEN,,,0,EL,EL-MO
124805318,1,TAL,,,0,IN,IN-VA
124805318,2,PMM,,Kilowatt,1,IN,IN-VA
124805318,3,MOD,,,0,IN,IN-VA
124805318,4,TEN,,,0,IN,IN-VA
124805318,5,FAB,,,0,IN,IN-VA
124805319,1,TYPE,,,0,ME,ME-RO
124805319,2,DIAI,,Millimeter,1,ME,ME-RO
124805319,3,SR,,,0,ME,ME-RO
124805319,4,DIAE,,Millimeter,0,ME,ME-RO
124805319,5,EPJ,,,0,ME,ME-RO
124805322,1,TAL,,,0,IN,IN-VA
124805322,2,PMM,,Kilowatt,1,IN,IN-VA
124805322,3,MOD,,,0,IN,IN-VA
124805322,4,TEN,,,0,IN,IN-VA
124805322,5,FAB,,,0,IN,IN-VA
124805323,1,TCP,,,0,EE,EE-CP
124805323,2,SIG,,,1,EE,EE-CP
124805323,3,RAC,,,0,EE,EE-CP
124805323,4,ALIM,,,0,EE,EE-CP
124805323,5,PLG,,,0,EE,EE-CP
124805324,1,TYPE,,,0,HY,HY-VE
124805324,2,DAP,,Millimeter,1,HY,HY-VE
124805324,3,DGT,,Millimeter,0,HY,HY-VE
124805324,4,COU,,Millimeter,0,HY,HY-VE
124805324,5,PRE,,Bar,0,HY,HY-VE
124805325,1,TYPE,,,0,HY,HY-VE
124805325,2,DAP,,Millimeter,1,HY,HY-VE
124805325,3,DGT,,Millimeter,0,HY,HY-VE
124805325,4,COU,,Millimeter,0,HY,HY-VE
124805325,5,PRE,,Bar,0,HY,HY-VE
124805326,1,TYPE,,,0,PN,PN-RA
124805326,2,DET,,Millimeter,1,PN,PN-RA
124805326,3,FIL,,,0,PN,PN-RA
124805326,4,MAT,,,0,PN,PN-RA
124805326,5,FRM,,,0,PN,PN-RA
124805327,1,TYPE,,,0,SE,SE-EC
124805327,2,PEN,,Watt,1,SE,SE-EC
124805327,3,TEN,,,0,SE,SE-EC
124805327,4,FOR,,,0,SE,SE-EC
124805327,5,FAB,,,0,SE,SE-EC
124805328,1,TYPE,,,0,HY,HY-FL
124805328,2,DN,,,1,HY,HY-FL
124805328,3,LON,,Millimeter,0,HY,HY-FL
124805328,4,EMB,,,0,HY,HY-FL
124805328,5,PRE,,Bar,0,HY,HY-FL
124805331,1,TCP,,,0,EE,EE-CP
124805331,2,SIG,,,1,EE,EE-CP
124805331,3,RAC,,,0,EE,EE-CP
124805331,4,ALIM,,,0,EE,EE-CP
124805331,5,PLG,,,0,EE,EE-CP
124805332,1,TCP,,,0,EE,EE-CP
124805332,2,SIG,,,1,EE,EE-CP
124805332,3,RAC,,,0,EE,EE-CP
124805332,4,ALIM,,,0,EE,EE-CP
124805332,5,PLG,,,0,EE,EE-CP
124805334,1,TCP,,,0,EE,EE-CP
124805334,2,SIG,,,1,EE,EE-CP
124805334,3,RAC,,,0,EE,EE-CP
124805334,4,ALIM,,,0,EE,EE-CP
124805334,5,PLG,,,0,EE,EE-CP
124805335,1,TDC,,,0,EL,EL-MO
124805335,2,PUI,,Kilowatt,1,EL,EL-MO
124805335,3,VIT,,,0,EL,EL-MO
124805335,4,FIX,,,0,EL,EL-MO
124805335,5,TEN,,,0,EL,EL-MO
124805336,1,TDC,,,0,EL,EL-MO
124805336,2,PUI,,Kilowatt,1,EL,EL-MO
124805336,3,VIT,,,0,EL,EL-MO
124805336,4,FIX,,,0,EL,EL-MO
124805336,5,TEN,,,0,EL,EL-MO
124805337,1,TYPE,,,0,ME,ME-EN
124805337,2,NDR,,,1,ME,ME-EN
124805337,3,MODU,,,0,ME,ME-EN
124805337,4,DIM,,Millimeter,0,ME,ME-EN
124805337,5,MAT,,,0,ME,ME-EN
124805343,1,TEC,,Inch,1,EE,EE-HM
124805343,2,RET,,,0,EE,EE-HM
124805343,3,ALIM,,,0,EE,EE-HM
124805343,4,CONS,,,0,EE,EE-HM
124805343,5,COM,,,0,EE,EE-HM
124805344,1,TYPE,,,0,ME,ME-JO
124805344,2,DIA,,Millimeter,1,ME,ME-JO
124805344,3,DIM,,Millimeter,0,ME,ME-JO
124805344,4,MAT,,,0,ME,ME-JO
124805344,5,USG,,,0,ME,ME-JO
124805347,1,TYPE,,,0,HY,HY-FI
124805347,2,SEU,,Micrometer,1,HY,HY-FI
124805347,3,RAC,,,0,HY,HY-FI
124805347,4,DEB,,,0,HY,HY-FI
124805347,5,FAB,,,0,HY,HY-FI
124805348,1,TYPE,,,0,EL,EL-RE
124805348,2,TDCB,,,1,EL,EL-RE
124805348,3,CRT,,AMP,0,EL,EL-RE
124805348,4,NBC,,Nos,0,EL,EL-RE
124805348,5,FAB,,,0,EL,EL-RE
124805349,1,TFM,,,1,EE,EE-CA
124805349,2,REF,,,0,EE,EE-CA
124805349,3,CONS,,,0,EE,EE-CA
124805349,4,ALIM,,,0,EE,EE-CA
124805349,5,VER,,,0,EE,EE-CA
124805350,1,TAL,,,0,IN,IN-VA
124805350,2,PMM,,Kilowatt,1,IN,IN-VA
124805350,3,MOD,,,0,IN,IN-VA
124805350,4,TEN,,,0,IN,IN-VA
124805350,5,FAB,,,0,IN,IN-VA
124805351,1,TFM,,,1,EE,EE-CA
124805351,2,REF,,,0,EE,EE-CA
124805351,3,CONS,,,0,EE,EE-CA
124805351,4,ALIM,,,0,EE,EE-CA
124805351,5,VER,,,0,EE,EE-CA
124805352,1,TYPE,,,0,EL,EL-DI
124805352,2,CAL,,AMP,1,EL,EL-DI
124805352,3,TEN,,,0,EL,EL-DI
124805352,4,NBP,,Nos,0,EL,EL-DI
124805352,5,FAB,,,0,EL,EL-DI
124805353,1,TYPE,,,0,EL,EL-DI
124805353,2,CAL,,AMP,1,EL,EL-DI
124805353,3,TEN,,,0,EL,EL-DI
124805353,4,NBP,,Nos,0,EL,EL-DI
124805353,5,FAB,,,0,EL,EL-DI
124805355,1,TFM,,,1,EE,EE-CA
124805355,2,REF,,,0,EE,EE-CA
124805355,3,CONS,,,0,EE,EE-CA
124805355,4,ALIM,,,0,EE,EE-CA
124805355,5,VER,,,0,EE,EE-CA
124805356,1,TFM,,,1,EE,EE-CA
124805356,2,REF,,,0,EE,EE-CA
124805356,3,CONS,,,0,EE,EE-CA
124805356,4,ALIM,,,0,EE,EE-CA
124805356,5,VER,,,0,EE,EE-CA
124822394,1,TYPE,,,0,ME,ME-EN
124822394,2,NDR,,,1,ME,ME-EN
124822394,3,MODU,,,0,ME,ME-EN
124822394,4,DIM,,Millimeter,0,ME,ME-EN
124822394,5,MAT,,,0,ME,ME-EN
124822395,1,TDC,,,0,EL,EL-MO
124822395,2,PUI,,Kilowatt,1,EL,EL-MO
124822395,3,VIT,,,0,EL,EL-MO
124822395,4,FIX,,,0,EL,EL-MO
124822395,5,TEN,,,0,EL,EL-MO
124822396,1,TDC,,,0,EL,EL-MO
124822396,2,PUI,,Kilowatt,1,EL,EL-MO
124822396,3,VIT,,,0,EL,EL-MO
124822396,4,FIX,,,0,EL,EL-MO
124822396,5,TEN,,,0,EL,EL-MO
124822397,1,TDC,,,0,EL,EL-MO
124822397,2,PUI,,Kilowatt,1,EL,EL-MO
124822397,3,VIT,,,0,EL,EL-MO
124822397,4,FIX,,,0,EL,EL-MO
124822397,5,TEN,,,0,EL,EL-MO
124900003,1,TDC,,,0,EL,EL-MO
124900003,2,PUI,,Kilowatt,1,EL,EL-MO
124900003,3,VIT,,,0,EL,EL-MO
124900003,4,FIX,,,0,EL,EL-MO
124900003,5,TEN,,,0,EL,EL-MO
124900004,1,TDC,,,0,EL,EL-MO
124900004,2,PUI,,Kilowatt,1,EL,EL-MO
124900004,3,VIT,,,0,EL,EL-MO
124900004,4,FIX,,,0,EL,EL-MO
124900004,5,TEN,,,0,EL,EL-MO
124900006,1,TDC,,,0,EL,EL-MO
124900006,2,PUI,,Kilowatt,1,EL,EL-MO
124900006,3,VIT,,,0,EL,EL-MO
124900006,4,FIX,,,0,EL,EL-MO
124900006,5,TEN,,,0,EL,EL-MO
124900026,1,TYPE,,,0,EL,EL-CO
124900026,2,ICM,,AMP,1,EL,EL-CO
124900026,3,TNB,,,0,EL,EL-CO
124900026,4,NBC,,Nos,0,EL,EL-CO
124900026,5,FAB,,,0,EL,EL-CO
124900028,1,TYPE,,,0,EL,EL-CO
124900028,2,ICM,,AMP,1,EL,EL-CO
124900028,3,TNB,,,0,EL,EL-CO
124900028,4,NBC,,Nos,0,EL,EL-CO
124900028,5,FAB,,,0,EL,EL-CO
124900032,1,TYPE,,,0,EL,EL-DI
124900032,2,CAL,,AMP,1,EL,EL-DI
124900032,3,TEN,,,0,EL,EL-DI
124900032,4,NBP,,Nos,0,EL,EL-DI
124900032,5,FAB,,,0,EL,EL-DI
124900039,1,TYPE,,,0,EL,EL-RE
124900039,2,TDCB,,,1,EL,EL-RE
124900039,3,CRT,,AMP,0,EL,EL-RE
124900039,4,NBC,,Nos,0,EL,EL-RE
124900039,5,FAB,,,0,EL,EL-RE
124900040,1,TYPE,,,0,EL,EL-RE
124900040,2,TDCB,,,1,EL,EL-RE
124900040,3,CRT,,AMP,0,EL,EL-RE
124900040,4,NBC,,Nos,0,EL,EL-RE
124900040,5,FAB,,,0,EL,EL-RE
124900041,1,TS,,,0,IN,IN-TE
124900041,2,PMEAS,,Celsius,1,IN,IN-TE
124900041,3,LON,,Millimeter,0,IN,IN-TE
124900041,4,DGT,,Millimeter,0,IN,IN-TE
124900041,5,RAC,,,0,IN,IN-TE
124900048,1,TFM,,,1,EE,EE-CA
124900048,2,REF,,,0,EE,EE-CA
124900048,3,CONS,,,0,EE,EE-CA
124900048,4,ALIM,,,0,EE,EE-CA
124900048,5,VER,,,0,EE,EE-CA
124900063,1,TYPE,,,0,EL,EL-RE
124900063,2,TDCB,,,1,EL,EL-RE
124900063,3,CRT,,AMP,0,EL,EL-RE
124900063,4,NBC,,Nos,0,EL,EL-RE
124900063,5,FAB,,,0,EL,EL-RE
124900066,1,TYPE,,,0,HY,HY-FI
124900066,2,SEU,,Micrometer,1,HY,HY-FI
124900066,3,RAC,,,0,HY,HY-FI
124900066,4,DEB,,,0,HY,HY-FI
124900066,5,FAB,,,0,HY,HY-FI
124900069,1,TYPE,,,1,CS,CS-GC
124900069,2,GRA,,,0,CS,CS-GC
124900069,3,CND,,,0,CS,CS-GC
124900069,4,APP,,,0,CS,CS-GC
124900069,5,FAB,,,0,CS,CS-GC
124900072,1,FON,,,0,PN,PN-EV
124900072,2,DDR,,,1,PN,PN-EV
124900072,3,FIL,,,0,PN,PN-EV
124900072,4,TNC,,,0,PN,PN-EV
124900072,5,TYPE,,,0,PN,PN-EV
124900073,1,SER,,,0,EE,EE-AU
124900073,2,NES,,Nos,1,EE,EE-AU
124900073,3,ALIM,,,0,EE,EE-AU
124900073,4,CONS,,,0,EE,EE-AU
124900073,5,TMO,,,0,EE,EE-AU
124900074,1,TYPE,,,0,HY,HY-VE
124900074,2,DAP,,Millimeter,1,HY,HY-VE
124900074,3,DGT,,Millimeter,0,HY,HY-VE
124900074,4,COU,,Millimeter,0,HY,HY-VE
124900074,5,PRE,,Bar,0,HY,HY-VE
124900076,1,TYPE,,,0,ME,ME-JO
124900076,2,DIA,,Millimeter,1,ME,ME-JO
124900076,3,DIM,,Millimeter,0,ME,ME-JO
124900076,4,MAT,,,0,ME,ME-JO
124900076,5,USG,,,0,ME,ME-JO
124900077,1,TYPE,,,0,HY,HY-VE
124900077,2,DAP,,Millimeter,1,HY,HY-VE
124900077,3,DGT,,Millimeter,0,HY,HY-VE
124900077,4,COU,,Millimeter,0,HY,HY-VE
124900077,5,PRE,,Bar,0,HY,HY-VE
124900078,1,TYPE,,,0,EL,EL-RE
124900078,2,TDCB,,,1,EL,EL-RE
124900078,3,CRT,,AMP,0,EL,EL-RE
124900078,4,NBC,,Nos,0,EL,EL-RE
124900078,5,FAB,,,0,EL,EL-RE
124900079,1,TYPE,,,0,EL,EL-CA
124900079,2,SEC,,,1,EL,EL-CA
124900079,3,NBCD,,Nos,0,EL,EL-CA
124900079,4,MAT,,,0,EL,EL-CA
124900079,5,BLI,,,0,EL,EL-CA
124900080,1,TYPE,,,0,EL,EL-CA
124900080,2,SEC,,,1,EL,EL-CA
124900080,3,NBCD,,Nos,0,EL,EL-CA
124900080,4,MAT,,,0,EL,EL-CA
124900080,5,BLI,,,0,EL,EL-CA
124900082,1,TDC,,,0,EL,EL-MO
124900082,2,PUI,,Kilowatt,1,EL,EL-MO
124900082,3,VIT,,,0,EL,EL-MO
124900082,4,FIX,,,0,EL,EL-MO
124900082,5,TEN,,,0,EL,EL-MO
124900083,1,TEC,,Inch,1,EE,EE-HM
124900083,2,RET,,,0,EE,EE-HM
124900083,3,ALIM,,,0,EE,EE-HM
124900083,4,CONS,,,0,EE,EE-HM
124900083,5,COM,,,0,EE,EE-HM
124900084,1,TYPE,,,0,ME,ME-EN
124900084,2,NDR,,,1,ME,ME-EN
124900084,3,MODU,,,0,ME,ME-EN
124900084,4,DIM,,Millimeter,0,ME,ME-EN
124900084,5,MAT,,,0,ME,ME-EN
124900087,1,TPR,,,0,ME,ME-CO
124900087,2,LPR,,Millimeter,1,ME,ME-CO
124900087,3,LEP,,Millimeter,0,ME,ME-CO
124900087,4,PDE,,,0,ME,ME-CO
124900087,5,MAT,,,0,ME,ME-CO
124900088,1,TYPE,,,0,ME,ME-JO
124900088,2,DIA,,Millimeter,1,ME,ME-JO
124900088,3,DIM,,Millimeter,0,ME,ME-JO
124900088,4,MAT,,,0,ME,ME-JO
124900088,5,USG,,,0,ME,ME-JO
124900090,1,TYPE,,,0,HY,HY-FL
124900090,2,DN,,,1,HY,HY-FL
124900090,3,LON,,Millimeter,0,HY,HY-FL
124900090,4,EMB,,,0,HY,HY-FL
124900090,5,PRE,,Bar,0,HY,HY-FL
124900091,1,TYPE,,,0,PN,PN-CO
124900091,2,PMD,,,1,PN,PN-CO
124900091,3,CCU,,L,0,PN,PN-CO
124900091,4,PRE,,Bar,0,PN,PN-CO
124900091,5,FAB,,,0,PN,PN-CO
124900092,1,TYPE,,,0,PN,PN-CO
124900092,2,PMD,,,1,PN,PN-CO
124900092,3,CCU,,L,0,PN,PN-CO
124900092,4,PRE,,Bar,0,PN,PN-CO
124900092,5,FAB,,,0,PN,PN-CO
124900094,1,TYPE,,,0,PN,PN-CO
124900094,2,PMD,,,1,PN,PN-CO
124900094,3,CCU,,L,0,PN,PN-CO
124900094,4,PRE,,Bar,0,PN,PN-CO
124900094,5,FAB,,,0,PN,PN-CO
124900095,1,TYPE,,,0,PN,PN-CO
124900095,2,PMD,,,1,PN,PN-CO
124900095,3,CCU,,L,0,PN,PN-CO
124900095,4,PRE,,Bar,0,PN,PN-CO
124900095,5,FAB,,,0,PN,PN-CO
124900096,1,FTT,,,1,ME,ME-VI
124900096,2,DIA,,Millimeter,0,ME,ME-VI
124900096,3,LON,,Millimeter,0,ME,ME-VI
124900096,4,MAT,,,0,ME,ME-VI
124900096,5,FIL,,,0,ME,ME-VI
124900098,1,TYPE,,,0,PN,PN-CO
124900098,2,PMD,,,1,PN,PN-CO
124900098,3,CCU,,L,0,PN,PN-CO
124900098,4,PRE,,Bar,0,PN,PN-CO
124900098,5,FAB,,,0,PN,PN-CO
124900099,1,TYPE,,,0,HY,HY-FI
124900099,2,SEU,,Micrometer,1,HY,HY-FI
124900099,3,RAC,,,0,HY,HY-FI
124900099,4,DEB,,,0,HY,HY-FI
124900099,5,FAB,,,0,HY,HY-FI
124900100,1,TAL,,,0,IN,IN-VA
124900100,2,PMM,,Kilowatt,1,IN,IN-VA
124900100,3,MOD,,,0,IN,IN-VA
124900100,4,TEN,,,0,IN,IN-VA
124900100,5,FAB,,,0,IN,IN-VA
124900101,1,TYPE,,,0,ME,ME-JO
124900101,2,DIA,,Millimeter,1,ME,ME-JO
124900101,3,DIM,,Millimeter,0,ME,ME-JO
124900101,4,MAT,,,0,ME,ME-JO
124900101,5,USG,,,0,ME,ME-JO
124900102,1,FIL,,,0,PN,PN-RE
124900102,2,PPM,,Bar,1,PN,PN-RE
124900102,3,OPT,,,0,PN,PN-RE
124900102,4,TYPE,,,0,PN,PN-RE
124900102,5,DEB,,,0,PN,PN-RE
124900103,1,TYPE,,,0,PN,PN-CO
124900103,2,PMD,,,1,PN,PN-CO
124900103,3,CCU,,L,0,PN,PN-CO
124900103,4,PRE,,Bar,0,PN,PN-CO
124900103,5,FAB,,,0,PN,PN-CO
124900104,1,TYPE,,,0,PN,PN-CO
124900104,2,PMD,,,1,PN,PN-CO
124900104,3,CCU,,L,0,PN,PN-CO
124900104,4,PRE,,Bar,0,PN,PN-CO
124900104,5,FAB,,,0,PN,PN-CO
124900105,1,TYPE,,,0,PN,PN-CO
124900105,2,PMD,,,1,PN,PN-CO
124900105,3,CCU,,L,0,PN,PN-CO
124900105,4,PRE,,Bar,0,PN,PN-CO
124900105,5,FAB,,,0,PN,PN-CO
124900106,1,TYPE,,,0,PN,PN-CO
124900106,2,PMD,,,1,PN,PN-CO
124900106,3,CCU,,L,0,PN,PN-CO
124900106,4,PRE,,Bar,0,PN,PN-CO
124900106,5,FAB,,,0,PN,PN-CO
124900107,1,TYPE,,,0,PN,PN-CO
124900107,2,PMD,,,1,PN,PN-CO
124900107,3,CCU,,L,0,PN,PN-CO
124900107,4,PRE,,Bar,0,PN,PN-CO
124900107,5,FAB,,,0,PN,PN-CO
124900108,1,TYPE,,,1,CS,CS-GC
124900108,2,GRA,,,0,CS,CS-GC
124900108,3,CND,,,0,CS,CS-GC
124900108,4,APP,,,0,CS,CS-GC
124900108,5,FAB,,,0,CS,CS-GC
142441027,1,TYPE,,,1,CS,CS-AM
142441027,2,RES,,,0,CS,CS-AM
142441027,3,CND,,,0,CS,CS-AM
142441027,4,APP,,,0,CS,CS-AM
142441027,5,FAB,,,0,CS,CS-AM
142442013,1,TCP,,,0,EE,EE-CP
142442013,2,SIG,,,1,EE,EE-CP
142442013,3,RAC,,,0,EE,EE-CP
142442013,4,ALIM,,,0,EE,EE-CP
142442013,5,PLG,,,0,EE,EE-CP
142442027,1,TCP,,,0,EE,EE-CP
142442027,2,SIG,,,1,EE,EE-CP
142442027,3,RAC,,,0,EE,EE-CP
142442027,4,ALIM,,,0,EE,EE-CP
142442027,5,PLG,,,0,EE,EE-CP
142442034,1,FIL,,,0,PN,PN-RE
142442034,2,PPM,,Bar,1,PN,PN-RE
142442034,3,OPT,,,0,PN,PN-RE
142442034,4,TYPE,,,0,PN,PN-RE
142442034,5,DEB,,,0,PN,PN-RE
142505014,1,TS,,,0,IN,IN-TE
142505014,2,PMEAS,,Celsius,1,IN,IN-TE
142505014,3,LON,,Millimeter,0,IN,IN-TE
142505014,4,DGT,,Millimeter,0,IN,IN-TE
142505014,5,RAC,,,0,IN,IN-TE
142822001,1,TFM,,,1,EE,EE-CA
142822001,2,REF,,,0,EE,EE-CA
142822001,3,CONS,,,0,EE,EE-CA
142822001,4,ALIM,,,0,EE,EE-CA
142822001,5,VER,,,0,EE,EE-CA
142822002,1,PRC,,,1,CS,CS-SC
142822002,2,DIA,,Millimeter,0,CS,CS-SC
142822002,3,NUA,,,0,CS,CS-SC
142822002,4,TYPE,,,0,CS,CS-SC
142822002,5,CND,,,0,CS,CS-SC
142822004,1,TYPE,,,0,EL,EL-CA
142822004,2,SEC,,,1,EL,EL-CA
142822004,3,NBCD,,Nos,0,EL,EL-CA
142822004,4,MAT,,,0,EL,EL-CA
142822004,5,BLI,,,0,EL,EL-CA
142822005,1,TDC,,,0,EL,EL-MO
142822005,2,PUI,,Kilowatt,1,EL,EL-MO
142822005,3,VIT,,,0,EL,EL-MO
142822005,4,FIX,,,0,EL,EL-MO
142822005,5,TEN,,,0,EL,EL-MO
142822009,1,TCP,,,0,EE,EE-CP
142822009,2,SIG,,,1,EE,EE-CP
142822009,3,RAC,,,0,EE,EE-CP
142822009,4,ALIM,,,0,EE,EE-CP
142822009,5,PLG,,,0,EE,EE-CP
142822012,1,FON,,,0,PN,PN-EV
142822012,2,DDR,,,1,PN,PN-EV
142822012,3,FIL,,,0,PN,PN-EV
142822012,4,TNC,,,0,PN,PN-EV
142822012,5,TYPE,,,0,PN,PN-EV
142822013,1,PRC,,,1,CS,CS-SC
142822013,2,DIA,,Millimeter,0,CS,CS-SC
142822013,3,NUA,,,0,CS,CS-SC
142822013,4,TYPE,,,0,CS,CS-SC
142822013,5,CND,,,0,CS,CS-SC
142822015,1,TYPE,,,0,SE,SE-EC
142822015,2,PEN,,Watt,1,SE,SE-EC
142822015,3,TEN,,,0,SE,SE-EC
142822015,4,FOR,,,0,SE,SE-EC
142822015,5,FAB,,,0,SE,SE-EC
142822020,1,FON,,,0,PN,PN-EV
142822020,2,DDR,,,1,PN,PN-EV
142822020,3,FIL,,,0,PN,PN-EV
142822020,4,TNC,,,0,PN,PN-EV
142822020,5,TYPE,,,0,PN,PN-EV
142822021,1,TCP,,,0,EE,EE-CP
142822021,2,SIG,,,1,EE,EE-CP
142822021,3,RAC,,,0,EE,EE-CP
142822021,4,ALIM,,,0,EE,EE-CP
142822021,5,PLG,,,0,EE,EE-CP
142822026,1,TYPE,,,0,ME,ME-JO
142822026,2,DIA,,Millimeter,1,ME,ME-JO
142822026,3,DIM,,Millimeter,0,ME,ME-JO
142822026,4,MAT,,,0,ME,ME-JO
142822026,5,USG,,,0,ME,ME-JO
142822039,1,TYPE,,,0,PN,PN-VE
142822039,2,DAP,,Millimeter,1,PN,PN-VE
142822039,3,COU,,Millimeter,0,PN,PN-VE
142822039,4,AMO,,,0,PN,PN-VE
142822039,5,RAC,,,0,PN,PN-VE
142822045,1,TYPE,,,1,CS,CS-CA
142822045,2,DIM,,Millimeter,0,CS,CS-CA
142822045,3,CND,,,0,CS,CS-CA
142822045,4,MAT,,,0,CS,CS-CA
142822045,5,FAB,,,0,CS,CS-CA
142822046,1,TPR,,,0,ME,ME-CO
142822046,2,LPR,,Millimeter,1,ME,ME-CO
142822046,3,LEP,,Millimeter,0,ME,ME-CO
142822046,4,PDE,,,0,ME,ME-CO
142822046,5,MAT,,,0,ME,ME-CO
142822049,1,FON,,,0,PN,PN-EV
142822049,2,DDR,,,1,PN,PN-EV
142822049,3,FIL,,,0,PN,PN-EV
142822049,4,TNC,,,0,PN,PN-EV
142822049,5,TYPE,,,0,PN,PN-EV
142822051,1,TPR,,,0,ME,ME-CO
142822051,2,LPR,,Millimeter,1,ME,ME-CO
142822051,3,LEP,,Millimeter,0,ME,ME-CO
142822051,4,PDE,,,0,ME,ME-CO
142822051,5,MAT,,,0,ME,ME-CO
142822053,1,TCP,,,0,EE,EE-CP
142822053,2,SIG,,,1,EE,EE-CP
142822053,3,RAC,,,0,EE,EE-CP
142822053,4,ALIM,,,0,EE,EE-CP
142822053,5,PLG,,,0,EE,EE-CP
142822058,1,TFM,,,1,EE,EE-CA
142822058,2,REF,,,0,EE,EE-CA
142822058,3,CONS,,,0,EE,EE-CA
142822058,4,ALIM,,,0,EE,EE-CA
142822058,5,VER,,,0,EE,EE-CA
142822059,1,TFM,,,1,EE,EE-CA
142822059,2,REF,,,0,EE,EE-CA
142822059,3,CONS,,,0,EE,EE-CA
142822059,4,ALIM,,,0,EE,EE-CA
142822059,5,VER,,,0,EE,EE-CA
142822063,1,TYPE,,,0,ME,ME-CH
142822063,2,PAS,,Millimeter,1,ME,ME-CH
142822063,3,NBM,,Nos,0,ME,ME-CH
142822063,4,LON,,Millimeter,0,ME,ME-CH
142822063,5,STD,,,0,ME,ME-CH
142822066,1,FON,,,0,PN,PN-EV
142822066,2,DDR,,,1,PN,PN-EV
142822066,3,FIL,,,0,PN,PN-EV
142822066,4,TNC,,,0,PN,PN-EV
142822066,5,TYPE,,,0,PN,PN-EV
142822067,1,FON,,,0,PN,PN-EV
142822067,2,DDR,,,1,PN,PN-EV
142822067,3,FIL,,,0,PN,PN-EV
142822067,4,TNC,,,0,PN,PN-EV
142822067,5,TYPE,,,0,PN,PN-EV
142822068,1,FON,,,0,PN,PN-EV
142822068,2,DDR,,,1,PN,PN-EV
142822068,3,FIL,,,0,PN,PN-EV
142822068,4,TNC,,,0,PN,PN-EV
142822068,5,TYPE,,,0,PN,PN-EV
142822070,1,TYPE,,,0,HY,HY-VE
142822070,2,DAP,,Millimeter,1,HY,HY-VE
142822070,3,DGT,,Millimeter,0,HY,HY-VE
142822070,4,COU,,Millimeter,0,HY,HY-VE
142822070,5,PRE,,Bar,0,HY,HY-VE
142822073,1,FON,,,0,PN,PN-EV
142822073,2,DDR,,,1,PN,PN-EV
142822073,3,FIL,,,0,PN,PN-EV
142822073,4,TNC,,,0,PN,PN-EV
142822073,5,TYPE,,,0,PN,PN-EV
142822074,1,FON,,,0,PN,PN-EV
142822074,2,DDR,,,1,PN,PN-EV
142822074,3,FIL,,,0,PN,PN-EV
142822074,4,TNC,,,0,PN,PN-EV
142822074,5,TYPE,,,0,PN,PN-EV
142822075,1,PRC,,,1,CS,CS-SC
142822075,2,DIA,,Millimeter,0,CS,CS-SC
142822075,3,NUA,,,0,CS,CS-SC
142822075,4,TYPE,,,0,CS,CS-SC
142822075,5,CND,,,0,CS,CS-SC
142822076,1,TYPE,,,0,IN,IN-DE
142822076,2,PDM,,,1,IN,IN-DE
142822076,3,DNR,,,0,IN,IN-DE
142822076,4,SOR,,,0,IN,IN-DE
142822076,5,FAB,,,0,IN,IN-DE
142822079,1,TCP,,,0,EE,EE-CP
142822079,2,SIG,,,1,EE,EE-CP
142822079,3,RAC,,,0,EE,EE-CP
142822079,4,ALIM,,,0,EE,EE-CP
142822079,5,PLG,,,0,EE,EE-CP
142822083,1,TYPE,,,0,IN,IN-DE
142822083,2,PDM,,,1,IN,IN-DE
142822083,3,DNR,,,0,IN,IN-DE
142822083,4,SOR,,,0,IN,IN-DE
142822083,5,FAB,,,0,IN,IN-DE
142822084,1,FON,,,0,PN,PN-EV
142822084,2,DDR,,,1,PN,PN-EV
142822084,3,FIL,,,0,PN,PN-EV
142822084,4,TNC,,,0,PN,PN-EV
142822084,5,TYPE,,,0,PN,PN-EV
142822090,1,TCP,,,0,EE,EE-CP
142822090,2,SIG,,,1,EE,EE-CP
142822090,3,RAC,,,0,EE,EE-CP
142822090,4,ALIM,,,0,EE,EE-CP
142822090,5,PLG,,,0,EE,EE-CP
142822092,1,TYPE,,,0,EL,EL-CA
142822092,2,SEC,,,1,EL,EL-CA
142822092,3,NBCD,,Nos,0,EL,EL-CA
142822092,4,MAT,,,0,EL,EL-CA
142822092,5,BLI,,,0,EL,EL-CA
142822099,1,TPR,,,0,ME,ME-CO
142822099,2,LPR,,Millimeter,1,ME,ME-CO
142822099,3,LEP,,Millimeter,0,ME,ME-CO
142822099,4,PDE,,,0,ME,ME-CO
142822099,5,MAT,,,0,ME,ME-CO
142822104,1,TYPE,,,0,SE,SE-EC
142822104,2,PEN,,Watt,1,SE,SE-EC
142822104,3,TEN,,,0,SE,SE-EC
142822104,4,FOR,,,0,SE,SE-EC
142822104,5,FAB,,,0,SE,SE-EC
142822105,1,FIL,,,0,PN,PN-RE
142822105,2,PPM,,Bar,1,PN,PN-RE
142822105,3,OPT,,,0,PN,PN-RE
142822105,4,TYPE,,,0,PN,PN-RE
142822105,5,DEB,,,0,PN,PN-RE
142822107,1,TYPE,,,0,PN,PN-RA
142822107,2,DET,,Millimeter,1,PN,PN-RA
142822107,3,FIL,,,0,PN,PN-RA
142822107,4,MAT,,,0,PN,PN-RA
142822107,5,FRM,,,0,PN,PN-RA
142822108,1,TAL,,,0,IN,IN-VA
142822108,2,PMM,,Kilowatt,1,IN,IN-VA
142822108,3,MOD,,,0,IN,IN-VA
142822108,4,TEN,,,0,IN,IN-VA
142822108,5,FAB,,,0,IN,IN-VA
142822115,1,TCP,,,0,EE,EE-CP
142822115,2,SIG,,,1,EE,EE-CP
142822115,3,RAC,,,0,EE,EE-CP
142822115,4,ALIM,,,0,EE,EE-CP
142822115,5,PLG,,,0,EE,EE-CP
142822118,1,TCP,,,0,EE,EE-CP
142822118,2,SIG,,,1,EE,EE-CP
142822118,3,RAC,,,0,EE,EE-CP
142822118,4,ALIM,,,0,EE,EE-CP
142822118,5,PLG,,,0,EE,EE-CP
142822123,1,TAL,,,0,IN,IN-VA
142822123,2,PMM,,Kilowatt,1,IN,IN-VA
142822123,3,MOD,,,0,IN,IN-VA
142822123,4,TEN,,,0,IN,IN-VA
142822123,5,FAB,,,0,IN,IN-VA
142822125,1,TCP,,,0,EE,EE-CP
142822125,2,SIG,,,1,EE,EE-CP
142822125,3,RAC,,,0,EE,EE-CP
142822125,4,ALIM,,,0,EE,EE-CP
142822125,5,PLG,,,0,EE,EE-CP
142822126,1,TCP,,,0,EE,EE-CP
142822126,2,SIG,,,1,EE,EE-CP
142822126,3,RAC,,,0,EE,EE-CP
142822126,4,ALIM,,,0,EE,EE-CP
142822126,5,PLG,,,0,EE,EE-CP
142822128,1,FON,,,0,PN,PN-EV
142822128,2,DDR,,,1,PN,PN-EV
142822128,3,FIL,,,0,PN,PN-EV
142822128,4,TNC,,,0,PN,PN-EV
142822128,5,TYPE,,,0,PN,PN-EV
142822134,1,TCP,,,0,EE,EE-CP
142822134,2,SIG,,,1,EE,EE-CP
142822134,3,RAC,,,0,EE,EE-CP
142822134,4,ALIM,,,0,EE,EE-CP
142822134,5,PLG,,,0,EE,EE-CP
142822135,1,TCP,,,0,EE,EE-CP
142822135,2,SIG,,,1,EE,EE-CP
142822135,3,RAC,,,0,EE,EE-CP
142822135,4,ALIM,,,0,EE,EE-CP
142822135,5,PLG,,,0,EE,EE-CP
142822141,1,TYPE,,,1,CS,CS-AM
142822141,2,RES,,,0,CS,CS-AM
142822141,3,CND,,,0,CS,CS-AM
142822141,4,APP,,,0,CS,CS-AM
142822141,5,FAB,,,0,CS,CS-AM
142822145,1,TYPE,,,0,ME,ME-JO
142822145,2,DIA,,Millimeter,1,ME,ME-JO
142822145,3,DIM,,Millimeter,0,ME,ME-JO
142822145,4,MAT,,,0,ME,ME-JO
142822145,5,USG,,,0,ME,ME-JO
142822148,1,TYPE,,,0,ME,ME-JO
142822148,2,DIA,,Millimeter,1,ME,ME-JO
142822148,3,DIM,,Millimeter,0,ME,ME-JO
142822148,4,MAT,,,0,ME,ME-JO
142822148,5,USG,,,0,ME,ME-JO
142822150,1,TDC,,,0,EL,EL-MO
142822150,2,PUI,,Kilowatt,1,EL,EL-MO
142822150,3,VIT,,,0,EL,EL-MO
142822150,4,FIX,,,0,EL,EL-MO
142822150,5,TEN,,,0,EL,EL-MO
142822152,1,TYPE,,,1,CS,CS-MS
142822152,2,CAP,,,0,CS,CS-MS
142822152,3,CLS,,,0,CS,CS-MS
142822152,4,DIM,,Millimeter,0,CS,CS-MS
142822152,5,NOR,,,0,CS,CS-MS
142822153,1,TYPE,,,0,PN,PN-RA
142822153,2,DET,,Millimeter,1,PN,PN-RA
142822153,3,FIL,,,0,PN,PN-RA
142822153,4,MAT,,,0,PN,PN-RA
142822153,5,FRM,,,0,PN,PN-RA
142822155,1,TYPE,,,0,EL,EL-CA
142822155,2,SEC,,,1,EL,EL-CA
142822155,3,NBCD,,Nos,0,EL,EL-CA
142822155,4,MAT,,,0,EL,EL-CA
142822155,5,BLI,,,0,EL,EL-CA
142822159,1,TYPE,,,0,PN,PN-VE
142822159,2,DAP,,Millimeter,1,PN,PN-VE
142822159,3,COU,,Millimeter,0,PN,PN-VE
142822159,4,AMO,,,0,PN,PN-VE
142822159,5,RAC,,,0,PN,PN-VE
142822160,1,TYPE,,,0,HY,HY-FI
142822160,2,SEU,,Micrometer,1,HY,HY-FI
142822160,3,RAC,,,0,HY,HY-FI
142822160,4,DEB,,,0,HY,HY-FI
142822160,5,FAB,,,0,HY,HY-FI
142822162,1,TYPE,,,0,ME,ME-JO
142822162,2,DIA,,Millimeter,1,ME,ME-JO
142822162,3,DIM,,Millimeter,0,ME,ME-JO
142822162,4,MAT,,,0,ME,ME-JO
142822162,5,USG,,,0,ME,ME-JO
142822164,1,TYPE,,,0,PN,PN-DI
142822164,2,DTC,,,1,PN,PN-DI
142822164,3,NBV,,Nos,0,PN,PN-DI
142822164,4,TIR,,,0,PN,PN-DI
142822164,5,TNB,,,0,PN,PN-DI
142822167,1,TAL,,,0,IN,IN-VA
142822167,2,PMM,,Kilowatt,1,IN,IN-VA
142822167,3,MOD,,,0,IN,IN-VA
142822167,4,TEN,,,0,IN,IN-VA
142822167,5,FAB,,,0,IN,IN-VA
142822169,1,TYPE,,,0,HY,HY-PO
142822169,2,DEB,,,1,HY,HY-PO
142822169,3,CYL,,,0,HY,HY-PO
142822169,4,PRE,,Bar,0,HY,HY-PO
142822169,5,LIQ,,,0,HY,HY-PO
142822170,1,TYPE,,,0,IN,IN-DE
142822170,2,PDM,,,1,IN,IN-DE
142822170,3,DNR,,,0,IN,IN-DE
142822170,4,SOR,,,0,IN,IN-DE
142822170,5,FAB,,,0,IN,IN-DE
142822174,1,TFM,,,1,EE,EE-CA
142822174,2,REF,,,0,EE,EE-CA
142822174,3,CONS,,,0,EE,EE-CA
142822174,4,ALIM,,,0,EE,EE-CA
142822174,5,VER,,,0,EE,EE-CA
142822175,1,TDC,,,0,EL,EL-MO
142822175,2,PUI,,Kilowatt,1,EL,EL-MO
142822175,3,VIT,,,0,EL,EL-MO
142822175,4,FIX,,,0,EL,EL-MO
142822175,5,TEN,,,0,EL,EL-MO
142822176,1,TDC,,,0,EL,EL-MO
142822176,2,PUI,,Kilowatt,1,EL,EL-MO
142822176,3,VIT,,,0,EL,EL-MO
142822176,4,FIX,,,0,EL,EL-MO
142822176,5,TEN,,,0,EL,EL-MO
142822180,1,FTT,,,1,ME,ME-VI
142822180,2,DIA,,Millimeter,0,ME,ME-VI
142822180,3,LON,,Millimeter,0,ME,ME-VI
142822180,4,MAT,,,0,ME,ME-VI
142822180,5,FIL,,,0,ME,ME-VI
142822181,1,FTT,,,1,ME,ME-VI
142822181,2,DIA,,Millimeter,0,ME,ME-VI
142822181,3,LON,,Millimeter,0,ME,ME-VI
142822181,4,MAT,,,0,ME,ME-VI
142822181,5,FIL,,,0,ME,ME-VI
142822186,1,TYPE,,,0,ME,ME-RO
142822186,2,DIAI,,Millimeter,1,ME,ME-RO
142822186,3,SR,,,0,ME,ME-RO
142822186,4,DIAE,,Millimeter,0,ME,ME-RO
142822186,5,EPJ,,,0,ME,ME-RO
142822190,1,TYPE,,,0,HY,HY-FI
142822190,2,SEU,,Micrometer,1,HY,HY-FI
142822190,3,RAC,,,0,HY,HY-FI
142822190,4,DEB,,,0,HY,HY-FI
142822190,5,FAB,,,0,HY,HY-FI
142822191,1,TPR,,,0,ME,ME-CO
142822191,2,LPR,,Millimeter,1,ME,ME-CO
142822191,3,LEP,,Millimeter,0,ME,ME-CO
142822191,4,PDE,,,0,ME,ME-CO
142822191,5,MAT,,,0,ME,ME-CO
142822220,1,TYPE,,,0,EL,EL-RE
142822220,2,TDCB,,,1,EL,EL-RE
142822220,3,CRT,,AMP,0,EL,EL-RE
142822220,4,NBC,,Nos,0,EL,EL-RE
142822220,5,FAB,,,0,EL,EL-RE
142822221,1,TCO,,,1,IN,IN-TH
142822221,2,LGA,,Millimeter,0,IN,IN-TH
142822221,3,DGA,,Millimeter,0,IN,IN-TH
142822221,4,RAC,,,0,IN,IN-TH
142822221,5,FAB,,,0,IN,IN-TH
142822222,1,TCO,,,1,IN,IN-TH
142822222,2,LGA,,Millimeter,0,IN,IN-TH
142822222,3,DGA,,Millimeter,0,IN,IN-TH
142822222,4,RAC,,,0,IN,IN-TH
142822222,5,FAB,,,0,IN,IN-TH
142822223,1,TCP,,,0,EE,EE-CP
142822223,2,SIG,,,1,EE,EE-CP
142822223,3,RAC,,,0,EE,EE-CP
142822223,4,ALIM,,,0,EE,EE-CP
142822223,5,PLG,,,0,EE,EE-CP
142822229,1,TYPE,,,0,ME,ME-RO
142822229,2,DIAI,,Millimeter,1,ME,ME-RO
142822229,3,SR,,,0,ME,ME-RO
142822229,4,DIAE,,Millimeter,0,ME,ME-RO
142822229,5,EPJ,,,0,ME,ME-RO
142822231,1,TYPE,,,1,CS,CS-GC
142822231,2,GRA,,,0,CS,CS-GC
142822231,3,CND,,,0,CS,CS-GC
142822231,4,APP,,,0,CS,CS-GC
142822231,5,FAB,,,0,CS,CS-GC
142822246,1,TYPE,,,0,ME,ME-RO
142822246,2,DIAI,,Millimeter,1,ME,ME-RO
142822246,3,SR,,,0,ME,ME-RO
142822246,4,DIAE,,Millimeter,0,ME,ME-RO
142822246,5,EPJ,,,0,ME,ME-RO
142822252,1,TYPE,,,0,PN,PN-DI
142822252,2,DTC,,,1,PN,PN-DI
142822252,3,NBV,,Nos,0,PN,PN-DI
142822252,4,TIR,,,0,PN,PN-DI
142822252,5,TNB,,,0,PN,PN-DI
142822253,1,TYPE,,,0,PN,PN-DI
142822253,2,DTC,,,1,PN,PN-DI
142822253,3,NBV,,Nos,0,PN,PN-DI
142822253,4,TIR,,,0,PN,PN-DI
142822253,5,TNB,,,0,PN,PN-DI
142822254,1,TYPE,,,0,PN,PN-DI
142822254,2,DTC,,,1,PN,PN-DI
142822254,3,NBV,,Nos,0,PN,PN-DI
142822254,4,TIR,,,0,PN,PN-DI
142822254,5,TNB,,,0,PN,PN-DI
142822255,1,TPR,,,0,ME,ME-CO
142822255,2,LPR,,Millimeter,1,ME,ME-CO
142822255,3,LEP,,Millimeter,0,ME,ME-CO
142822255,4,PDE,,,0,ME,ME-CO
142822255,5,MAT,,,0,ME,ME-CO
142822256,1,TYPE,,,0,PN,PN-VE
142822256,2,DAP,,Millimeter,1,PN,PN-VE
142822256,3,COU,,Millimeter,0,PN,PN-VE
142822256,4,AMO,,,0,PN,PN-VE
142822256,5,RAC,,,0,PN,PN-VE
142822258,1,TPR,,,0,ME,ME-CO
142822258,2,LPR,,Millimeter,1,ME,ME-CO
142822258,3,LEP,,Millimeter,0,ME,ME-CO
142822258,4,PDE,,,0,ME,ME-CO
142822258,5,MAT,,,0,ME,ME-CO
142822268,1,TCP,,,0,EE,EE-CP
142822268,2,SIG,,,1,EE,EE-CP
142822268,3,RAC,,,0,EE,EE-CP
142822268,4,ALIM,,,0,EE,EE-CP
142822268,5,PLG,,,0,EE,EE-CP
142822269,1,TFM,,,1,EE,EE-CA
142822269,2,REF,,,0,EE,EE-CA
142822269,3,CONS,,,0,EE,EE-CA
142822269,4,ALIM,,,0,EE,EE-CA
142822269,5,VER,,,0,EE,EE-CA
142822271,1,TYPE,,,0,PN,PN-CO
142822271,2,PMD,,,1,PN,PN-CO
142822271,3,CCU,,L,0,PN,PN-CO
142822271,4,PRE,,Bar,0,PN,PN-CO
142822271,5,FAB,,,0,PN,PN-CO
142822273,1,TYPE,,,0,PN,PN-CO
142822273,2,PMD,,,1,PN,PN-CO
142822273,3,CCU,,L,0,PN,PN-CO
142822273,4,PRE,,Bar,0,PN,PN-CO
142822273,5,FAB,,,0,PN,PN-CO
142822285,1,TFM,,,1,EE,EE-CA
142822285,2,REF,,,0,EE,EE-CA
142822285,3,CONS,,,0,EE,EE-CA
142822285,4,ALIM,,,0,EE,EE-CA
142822285,5,VER,,,0,EE,EE-CA
142822286,1,TYPE,,,0,ME,ME-JO
142822286,2,DIA,,Millimeter,1,ME,ME-JO
142822286,3,DIM,,Millimeter,0,ME,ME-JO
142822286,4,MAT,,,0,ME,ME-JO
142822286,5,USG,,,0,ME,ME-JO
142822287,1,TYPE,,,0,ME,ME-CH
142822287,2,PAS,,Millimeter,1,ME,ME-CH
142822287,3,NBM,,Nos,0,ME,ME-CH
142822287,4,LON,,Millimeter,0,ME,ME-CH
142822287,5,STD,,,0,ME,ME-CH
142822294,1,TEC,,Inch,1,EE,EE-HM
142822294,2,RET,,,0,EE,EE-HM
142822294,3,ALIM,,,0,EE,EE-HM
142822294,4,CONS,,,0,EE,EE-HM
142822294,5,COM,,,0,EE,EE-HM
142822295,1,TCP,,,0,EE,EE-CP
142822295,2,SIG,,,1,EE,EE-CP
142822295,3,RAC,,,0,EE,EE-CP
142822295,4,ALIM,,,0,EE,EE-CP
142822295,5,PLG,,,0,EE,EE-CP
142822296,1,TDC,,,0,EL,EL-MO
142822296,2,PUI,,Kilowatt,1,EL,EL-MO
142822296,3,VIT,,,0,EL,EL-MO
142822296,4,FIX,,,0,EL,EL-MO
142822296,5,TEN,,,0,EL,EL-MO
142822297,1,TAL,,,0,IN,IN-VA
142822297,2,PMM,,Kilowatt,1,IN,IN-VA
142822297,3,MOD,,,0,IN,IN-VA
142822297,4,TEN,,,0,IN,IN-VA
142822297,5,FAB,,,0,IN,IN-VA
142822298,1,TYPE,,,0,ME,ME-EN
142822298,2,NDR,,,1,ME,ME-EN
142822298,3,MODU,,,0,ME,ME-EN
142822298,4,DIM,,Millimeter,0,ME,ME-EN
142822298,5,MAT,,,0,ME,ME-EN
142822301,1,TCP,,,0,EE,EE-CP
142822301,2,SIG,,,1,EE,EE-CP
142822301,3,RAC,,,0,EE,EE-CP
142822301,4,ALIM,,,0,EE,EE-CP
142822301,5,PLG,,,0,EE,EE-CP
142822302,1,TPR,,,0,ME,ME-CO
142822302,2,LPR,,Millimeter,1,ME,ME-CO
142822302,3,LEP,,Millimeter,0,ME,ME-CO
142822302,4,PDE,,,0,ME,ME-CO
142822302,5,MAT,,,0,ME,ME-CO
142822303,1,TPR,,,0,ME,ME-CO
142822303,2,LPR,,Millimeter,1,ME,ME-CO
142822303,3,LEP,,Millimeter,0,ME,ME-CO
142822303,4,PDE,,,0,ME,ME-CO
142822303,5,MAT,,,0,ME,ME-CO
142822317,1,TYPE,,,1,CS,CS-JG
142822317,2,MAT,,,0,CS,CS-JG
142822317,3,DIM,,Millimeter,0,CS,CS-JG
142822317,4,REFERENC,,,0,CS,CS-JG
142822317,5,FAB,,,0,CS,CS-JG
142822319,1,TYPE,,,0,ME,ME-JO
142822319,2,DIA,,Millimeter,1,ME,ME-JO
142822319,3,DIM,,Millimeter,0,ME,ME-JO
142822319,4,MAT,,,0,ME,ME-JO
142822319,5,USG,,,0,ME,ME-JO
142822320,1,TYPE,,,0,HY,HY-PO
142822320,2,DEB,,,1,HY,HY-PO
142822320,3,CYL,,,0,HY,HY-PO
142822320,4,PRE,,Bar,0,HY,HY-PO
142822320,5,LIQ,,,0,HY,HY-PO
142822321,1,TYPE,,,0,HY,HY-PO
142822321,2,DEB,,,1,HY,HY-PO
142822321,3,CYL,,,0,HY,HY-PO
142822321,4,PRE,,Bar,0,HY,HY-PO
142822321,5,LIQ,,,0,HY,HY-PO
142822322,1,TEC,,Inch,1,EE,EE-HM
142822322,2,RET,,,0,EE,EE-HM
142822322,3,ALIM,,,0,EE,EE-HM
142822322,4,CONS,,,0,EE,EE-HM
142822322,5,COM,,,0,EE,EE-HM
142822323,1,TYPE,,,1,CS,CS-GC
142822323,2,GRA,,,0,CS,CS-GC
142822323,3,CND,,,0,CS,CS-GC
142822323,4,APP,,,0,CS,CS-GC
142822323,5,FAB,,,0,CS,CS-GC
142822324,1,SER,,,0,EE,EE-AU
142822324,2,NES,,Nos,1,EE,EE-AU
142822324,3,ALIM,,,0,EE,EE-AU
142822324,4,CONS,,,0,EE,EE-AU
142822324,5,TMO,,,0,EE,EE-AU
142822325,1,TAL,,,0,IN,IN-VA
142822325,2,PMM,,Kilowatt,1,IN,IN-VA
142822325,3,MOD,,,0,IN,IN-VA
142822325,4,TEN,,,0,IN,IN-VA
142822325,5,FAB,,,0,IN,IN-VA
142822333,1,TYPE,,,0,ME,ME-JO
142822333,2,DIA,,Millimeter,1,ME,ME-JO
142822333,3,DIM,,Millimeter,0,ME,ME-JO
142822333,4,MAT,,,0,ME,ME-JO
142822333,5,USG,,,0,ME,ME-JO
142822334,1,TYPE,,,0,ME,ME-JO
142822334,2,DIA,,Millimeter,1,ME,ME-JO
142822334,3,DIM,,Millimeter,0,ME,ME-JO
142822334,4,MAT,,,0,ME,ME-JO
142822334,5,USG,,,0,ME,ME-JO
142822335,1,TYPE,,,0,ME,ME-JO
142822335,2,DIA,,Millimeter,1,ME,ME-JO
142822335,3,DIM,,Millimeter,0,ME,ME-JO
142822335,4,MAT,,,0,ME,ME-JO
142822335,5,USG,,,0,ME,ME-JO
142822352,1,TYPE,,,0,HY,HY-RA
142822352,2,DTF,,,1,HY,HY-RA
142822352,3,MAT,,,0,HY,HY-RA
142822352,4,FRM,,,0,HY,HY-RA
142822352,5,PRE,,Bar,0,HY,HY-RA
142822368,1,TYPE,,,0,PN,PN-RA
142822368,2,DET,,Millimeter,1,PN,PN-RA
142822368,3,FIL,,,0,PN,PN-RA
142822368,4,MAT,,,0,PN,PN-RA
142822368,5,FRM,,,0,PN,PN-RA
142822369,1,TAL,,,0,IN,IN-VA
142822369,2,PMM,,Kilowatt,1,IN,IN-VA
142822369,3,MOD,,,0,IN,IN-VA
142822369,4,TEN,,,0,IN,IN-VA
142822369,5,FAB,,,0,IN,IN-VA
142822379,1,SER,,,0,EE,EE-AU
142822379,2,NES,,Nos,1,EE,EE-AU
142822379,3,ALIM,,,0,EE,EE-AU
142822379,4,CONS,,,0,EE,EE-AU
142822379,5,TMO,,,0,EE,EE-AU
142822384,1,TFM,,,1,EE,EE-CA
142822384,2,REF,,,0,EE,EE-CA
142822384,3,CONS,,,0,EE,EE-CA
142822384,4,ALIM,,,0,EE,EE-CA
142822384,5,VER,,,0,EE,EE-CA
142822387,1,TYPE,,,0,HY,HY-FL
142822387,2,DN,,,1,HY,HY-FL
142822387,3,LON,,Millimeter,0,HY,HY-FL
142822387,4,EMB,,,0,HY,HY-FL
142822387,5,PRE,,Bar,0,HY,HY-FL
142822390,1,PRC,,,1,CS,CS-SC
142822390,2,DIA,,Millimeter,0,CS,CS-SC
142822390,3,NUA,,,0,CS,CS-SC
142822390,4,TYPE,,,0,CS,CS-SC
142822390,5,CND,,,0,CS,CS-SC
142822394,1,TCP,,,0,EE,EE-CP
142822394,2,SIG,,,1,EE,EE-CP
142822394,3,RAC,,,0,EE,EE-CP
142822394,4,ALIM,,,0,EE,EE-CP
142822394,5,PLG,,,0,EE,EE-CP
142822396,1,TEC,,Inch,1,EE,EE-HM
142822396,2,RET,,,0,EE,EE-HM
142822396,3,ALIM,,,0,EE,EE-HM
142822396,4,CONS,,,0,EE,EE-HM
142822396,5,COM,,,0,EE,EE-HM
142822397,1,TCP,,,0,EE,EE-CP
142822397,2,SIG,,,1,EE,EE-CP
142822397,3,RAC,,,0,EE,EE-CP
142822397,4,ALIM,,,0,EE,EE-CP
142822397,5,PLG,,,0,EE,EE-CP
142822398,1,TYPE,,,0,ME,ME-EN
142822398,2,NDR,,,1,ME,ME-EN
142822398,3,MODU,,,0,ME,ME-EN
142822398,4,DIM,,Millimeter,0,ME,ME-EN
142822398,5,MAT,,,0,ME,ME-EN
142822399,1,SER,,,0,EE,EE-AU
142822399,2,NES,,Nos,1,EE,EE-AU
142822399,3,ALIM,,,0,EE,EE-AU
142822399,4,CONS,,,0,EE,EE-AU
142822399,5,TMO,,,0,EE,EE-AU
142822406,1,TYPE,,,0,ME,ME-RO
142822406,2,DIAI,,Millimeter,1,ME,ME-RO
142822406,3,SR,,,0,ME,ME-RO
142822406,4,DIAE,,Millimeter,0,ME,ME-RO
142822406,5,EPJ,,,0,ME,ME-RO
142822407,1,TYPE,,,0,ME,ME-RO
142822407,2,DIAI,,Millimeter,1,ME,ME-RO
142822407,3,SR,,,0,ME,ME-RO
142822407,4,DIAE,,Millimeter,0,ME,ME-RO
142822407,5,EPJ,,,0,ME,ME-RO
142822409,1,TYPE,,,0,ME,ME-JO
142822409,2,DIA,,Millimeter,1,ME,ME-JO
142822409,3,DIM,,Millimeter,0,ME,ME-JO
142822409,4,MAT,,,0,ME,ME-JO
142822409,5,USG,,,0,ME,ME-JO
142822410,1,TYPE,,,0,ME,ME-JO
142822410,2,DIA,,Millimeter,1,ME,ME-JO
142822410,3,DIM,,Millimeter,0,ME,ME-JO
142822410,4,MAT,,,0,ME,ME-JO
142822410,5,USG,,,0,ME,ME-JO
142822411,1,TYPE,,,0,ME,ME-RO
142822411,2,DIAI,,Millimeter,1,ME,ME-RO
142822411,3,SR,,,0,ME,ME-RO
142822411,4,DIAE,,Millimeter,0,ME,ME-RO
142822411,5,EPJ,,,0,ME,ME-RO
142822413,1,TYPE,,,0,ME,ME-RO
142822413,2,DIAI,,Millimeter,1,ME,ME-RO
142822413,3,SR,,,0,ME,ME-RO
142822413,4,DIAE,,Millimeter,0,ME,ME-RO
142822413,5,EPJ,,,0,ME,ME-RO
142822417,1,TYPE,,,0,ME,ME-RO
142822417,2,DIAI,,Millimeter,1,ME,ME-RO
142822417,3,SR,,,0,ME,ME-RO
142822417,4,DIAE,,Millimeter,0,ME,ME-RO
142822417,5,EPJ,,,0,ME,ME-RO
142822418,1,TYPE,,,0,ME,ME-RO
142822418,2,DIAI,,Millimeter,1,ME,ME-RO
142822418,3,SR,,,0,ME,ME-RO
142822418,4,DIAE,,Millimeter,0,ME,ME-RO
142822418,5,EPJ,,,0,ME,ME-RO
142822420,1,TAL,,,0,IN,IN-VA
142822420,2,PMM,,Kilowatt,1,IN,IN-VA
142822420,3,MOD,,,0,IN,IN-VA
142822420,4,TEN,,,0,IN,IN-VA
142822420,5,FAB,,,0,IN,IN-VA
142822421,1,TAL,,,0,IN,IN-VA
142822421,2,PMM,,Kilowatt,1,IN,IN-VA
142822421,3,MOD,,,0,IN,IN-VA
142822421,4,TEN,,,0,IN,IN-VA
142822421,5,FAB,,,0,IN,IN-VA
142822422,1,TAL,,,0,IN,IN-VA
142822422,2,PMM,,Kilowatt,1,IN,IN-VA
142822422,3,MOD,,,0,IN,IN-VA
142822422,4,TEN,,,0,IN,IN-VA
142822422,5,FAB,,,0,IN,IN-VA
142822423,1,TPR,,,0,ME,ME-CO
142822423,2,LPR,,Millimeter,1,ME,ME-CO
142822423,3,LEP,,Millimeter,0,ME,ME-CO
142822423,4,PDE,,,0,ME,ME-CO
142822423,5,MAT,,,0,ME,ME-CO
142822424,1,TAL,,,0,IN,IN-VA
142822424,2,PMM,,Kilowatt,1,IN,IN-VA
142822424,3,MOD,,,0,IN,IN-VA
142822424,4,TEN,,,0,IN,IN-VA
142822424,5,FAB,,,0,IN,IN-VA
142822426,1,TYPE,,,0,HY,HY-PO
142822426,2,DEB,,,1,HY,HY-PO
142822426,3,CYL,,,0,HY,HY-PO
142822426,4,PRE,,Bar,0,HY,HY-PO
142822426,5,LIQ,,,0,HY,HY-PO
142822427,1,TYPE,,,0,ME,ME-EN
142822427,2,NDR,,,1,ME,ME-EN
142822427,3,MODU,,,0,ME,ME-EN
142822427,4,DIM,,Millimeter,0,ME,ME-EN
142822427,5,MAT,,,0,ME,ME-EN
142822429,1,TYPE,,,1,CS,CS-GC
142822429,2,GRA,,,0,CS,CS-GC
142822429,3,CND,,,0,CS,CS-GC
142822429,4,APP,,,0,CS,CS-GC
142822429,5,FAB,,,0,CS,CS-GC
142822430,1,TS,,,0,IN,IN-TE
142822430,2,PMEAS,,Celsius,1,IN,IN-TE
142822430,3,LON,,Millimeter,0,IN,IN-TE
142822430,4,DGT,,Millimeter,0,IN,IN-TE
142822430,5,RAC,,,0,IN,IN-TE
142822432,1,TDC,,,0,EL,EL-MO
142822432,2,PUI,,Kilowatt,1,EL,EL-MO
142822432,3,VIT,,,0,EL,EL-MO
142822432,4,FIX,,,0,EL,EL-MO
142822432,5,TEN,,,0,EL,EL-MO
142822435,1,TYPE,,,0,ME,ME-EN
142822435,2,NDR,,,1,ME,ME-EN
142822435,3,MODU,,,0,ME,ME-EN
142822435,4,DIM,,Millimeter,0,ME,ME-EN
142822435,5,MAT,,,0,ME,ME-EN
142822438,1,TPR,,,0,ME,ME-CO
142822438,2,LPR,,Millimeter,1,ME,ME-CO
142822438,3,LEP,,Millimeter,0,ME,ME-CO
142822438,4,PDE,,,0,ME,ME-CO
142822438,5,MAT,,,0,ME,ME-CO
142822439,1,TYPE,,,0,HY,HY-PO
142822439,2,DEB,,,1,HY,HY-PO
142822439,3,CYL,,,0,HY,HY-PO
142822439,4,PRE,,Bar,0,HY,HY-PO
142822439,5,LIQ,,,0,HY,HY-PO
142822441,1,TYPE,,,0,HY,HY-PO
142822441,2,DEB,,,1,HY,HY-PO
142822441,3,CYL,,,0,HY,HY-PO
142822441,4,PRE,,Bar,0,HY,HY-PO
142822441,5,LIQ,,,0,HY,HY-PO
142822444,1,TYPE,,,1,CS,CS-AM
142822444,2,RES,,,0,CS,CS-AM
142822444,3,CND,,,0,CS,CS-AM
142822444,4,APP,,,0,CS,CS-AM
142822444,5,FAB,,,0,CS,CS-AM
142822448,1,TDC,,,0,EL,EL-MO
142822448,2,PUI,,Kilowatt,1,EL,EL-MO
142822448,3,VIT,,,0,EL,EL-MO
142822448,4,FIX,,,0,EL,EL-MO
142822448,5,TEN,,,0,EL,EL-MO
142822449,1,TDC,,,0,EL,EL-MO
142822449,2,PUI,,Kilowatt,1,EL,EL-MO
142822449,3,VIT,,,0,EL,EL-MO
142822449,4,FIX,,,0,EL,EL-MO
142822449,5,TEN,,,0,EL,EL-MO
142822453,1,FTT,,,1,ME,ME-VI
142822453,2,DIA,,Millimeter,0,ME,ME-VI
142822453,3,LON,,Millimeter,0,ME,ME-VI
142822453,4,MAT,,,0,ME,ME-VI
142822453,5,FIL,,,0,ME,ME-VI
142822456,1,FTT,,,1,ME,ME-VI
142822456,2,DIA,,Millimeter,0,ME,ME-VI
142822456,3,LON,,Millimeter,0,ME,ME-VI
142822456,4,MAT,,,0,ME,ME-VI
142822456,5,FIL,,,0,ME,ME-VI
142822459,1,TCP,,,0,EE,EE-CP
142822459,2,SIG,,,1,EE,EE-CP
142822459,3,RAC,,,0,EE,EE-CP
142822459,4,ALIM,,,0,EE,EE-CP
142822459,5,PLG,,,0,EE,EE-CP
142822460,1,TYPE,,,0,ME,ME-RO
142822460,2,DIAI,,Millimeter,1,ME,ME-RO
142822460,3,SR,,,0,ME,ME-RO
142822460,4,DIAE,,Millimeter,0,ME,ME-RO
142822460,5,EPJ,,,0,ME,ME-RO
142822462,1,FTT,,,1,ME,ME-VI
142822462,2,DIA,,Millimeter,0,ME,ME-VI
142822462,3,LON,,Millimeter,0,ME,ME-VI
142822462,4,MAT,,,0,ME,ME-VI
142822462,5,FIL,,,0,ME,ME-VI
142822471,1,TYPE,,,0,ME,ME-JO
142822471,2,DIA,,Millimeter,1,ME,ME-JO
142822471,3,DIM,,Millimeter,0,ME,ME-JO
142822471,4,MAT,,,0,ME,ME-JO
142822471,5,USG,,,0,ME,ME-JO
142822474,1,TYPE,,,0,ME,ME-RO
142822474,2,DIAI,,Millimeter,1,ME,ME-RO
142822474,3,SR,,,0,ME,ME-RO
142822474,4,DIAE,,Millimeter,0,ME,ME-RO
142822474,5,EPJ,,,0,ME,ME-RO
142822475,1,TYPE,,,0,ME,ME-RO
142822475,2,DIAI,,Millimeter,1,ME,ME-RO
142822475,3,SR,,,0,ME,ME-RO
142822475,4,DIAE,,Millimeter,0,ME,ME-RO
142822475,5,EPJ,,,0,ME,ME-RO
142822482,1,TYPE,,,0,ME,ME-RO
142822482,2,DIAI,,Millimeter,1,ME,ME-RO
142822482,3,SR,,,0,ME,ME-RO
142822482,4,DIAE,,Millimeter,0,ME,ME-RO
142822482,5,EPJ,,,0,ME,ME-RO
142822486,1,TYPE,,,0,HY,HY-FI
142822486,2,SEU,,Micrometer,1,HY,HY-FI
142822486,3,RAC,,,0,HY,HY-FI
142822486,4,DEB,,,0,HY,HY-FI
142822486,5,FAB,,,0,HY,HY-FI
142822487,1,TFM,,,1,EE,EE-CA
142822487,2,REF,,,0,EE,EE-CA
142822487,3,CONS,,,0,EE,EE-CA
142822487,4,ALIM,,,0,EE,EE-CA
142822487,5,VER,,,0,EE,EE-CA
142822489,1,TYPE,,,0,ME,ME-JO
142822489,2,DIA,,Millimeter,1,ME,ME-JO
142822489,3,DIM,,Millimeter,0,ME,ME-JO
142822489,4,MAT,,,0,ME,ME-JO
142822489,5,USG,,,0,ME,ME-JO
142822510,1,PRC,,,1,CS,CS-SC
142822510,2,DIA,,Millimeter,0,CS,CS-SC
142822510,3,NUA,,,0,CS,CS-SC
142822510,4,TYPE,,,0,CS,CS-SC
142822510,5,CND,,,0,CS,CS-SC
142822511,1,FON,,,0,PN,PN-EV
142822511,2,DDR,,,1,PN,PN-EV
142822511,3,FIL,,,0,PN,PN-EV
142822511,4,TNC,,,0,PN,PN-EV
142822511,5,TYPE,,,0,PN,PN-EV
142822514,1,PRC,,,1,CS,CS-SC
142822514,2,DIA,,Millimeter,0,CS,CS-SC
142822514,3,NUA,,,0,CS,CS-SC
142822514,4,TYPE,,,0,CS,CS-SC
142822514,5,CND,,,0,CS,CS-SC
142822516,1,TYPE,,,1,CS,CS-GC
142822516,2,GRA,,,0,CS,CS-GC
142822516,3,CND,,,0,CS,CS-GC
142822516,4,APP,,,0,CS,CS-GC
142822516,5,FAB,,,0,CS,CS-GC
142822517,1,TYPE,,,0,ME,ME-RO
142822517,2,DIAI,,Millimeter,1,ME,ME-RO
142822517,3,SR,,,0,ME,ME-RO
142822517,4,DIAE,,Millimeter,0,ME,ME-RO
142822517,5,EPJ,,,0,ME,ME-RO
142822518,1,TYPE,,,1,CS,CS-GC
142822518,2,GRA,,,0,CS,CS-GC
142822518,3,CND,,,0,CS,CS-GC
142822518,4,APP,,,0,CS,CS-GC
142822518,5,FAB,,,0,CS,CS-GC
142822519,1,TYPE,,,1,CS,CS-GC
142822519,2,GRA,,,0,CS,CS-GC
142822519,3,CND,,,0,CS,CS-GC
142822519,4,APP,,,0,CS,CS-GC
142822519,5,FAB,,,0,CS,CS-GC
142822520,1,TCP,,,0,EE,EE-CP
142822520,2,SIG,,,1,EE,EE-CP
142822520,3,RAC,,,0,EE,EE-CP
142822520,4,ALIM,,,0,EE,EE-CP
142822520,5,PLG,,,0,EE,EE-CP
142822521,1,TCP,,,0,EE,EE-CP
142822521,2,SIG,,,1,EE,EE-CP
142822521,3,RAC,,,0,EE,EE-CP
142822521,4,ALIM,,,0,EE,EE-CP
142822521,5,PLG,,,0,EE,EE-CP
142822523,1,TCP,,,0,EE,EE-CP
142822523,2,SIG,,,1,EE,EE-CP
142822523,3,RAC,,,0,EE,EE-CP
142822523,4,ALIM,,,0,EE,EE-CP
142822523,5,PLG,,,0,EE,EE-CP
142822525,1,TCP,,,0,EE,EE-CP
142822525,2,SIG,,,1,EE,EE-CP
142822525,3,RAC,,,0,EE,EE-CP
142822525,4,ALIM,,,0,EE,EE-CP
142822525,5,PLG,,,0,EE,EE-CP
142822526,1,TCP,,,0,EE,EE-CP
142822526,2,SIG,,,1,EE,EE-CP
142822526,3,RAC,,,0,EE,EE-CP
142822526,4,ALIM,,,0,EE,EE-CP
142822526,5,PLG,,,0,EE,EE-CP
14282256,1,TYPE,,,0,ME,ME-EN
14282256,2,NDR,,,1,ME,ME-EN
14282256,3,MODU,,,0,ME,ME-EN
14282256,4,DIM,,Millimeter,0,ME,ME-EN
14282256,5,MAT,,,0,ME,ME-EN
14282257,1,TYPE,,,0,ME,ME-EN
14282257,2,NDR,,,1,ME,ME-EN
14282257,3,MODU,,,0,ME,ME-EN
14282257,4,DIM,,Millimeter,0,ME,ME-EN
14282257,5,MAT,,,0,ME,ME-EN
14282270,1,TCP,,,0,EE,EE-CP
14282270,2,SIG,,,1,EE,EE-CP
14282270,3,RAC,,,0,EE,EE-CP
14282270,4,ALIM,,,0,EE,EE-CP
14282270,5,PLG,,,0,EE,EE-CP
14282271,1,TS,,,0,IN,IN-TE
14282271,2,PMEAS,,Celsius,1,IN,IN-TE
14282271,3,LON,,Millimeter,0,IN,IN-TE
14282271,4,DGT,,Millimeter,0,IN,IN-TE
14282271,5,RAC,,,0,IN,IN-TE
14282272,1,FON,,,0,PN,PN-EV
14282272,2,DDR,,,1,PN,PN-EV
14282272,3,FIL,,,0,PN,PN-EV
14282272,4,TNC,,,0,PN,PN-EV
14282272,5,TYPE,,,0,PN,PN-EV
14282273,1,TFM,,,1,EE,EE-CA
14282273,2,REF,,,0,EE,EE-CA
14282273,3,CONS,,,0,EE,EE-CA
14282273,4,ALIM,,,0,EE,EE-CA
14282273,5,VER,,,0,EE,EE-CA
14282274,1,TFM,,,1,EE,EE-CA
14282274,2,REF,,,0,EE,EE-CA
14282274,3,CONS,,,0,EE,EE-CA
14282274,4,ALIM,,,0,EE,EE-CA
14282274,5,VER,,,0,EE,EE-CA
14282275,1,TFM,,,1,EE,EE-CA
14282275,2,REF,,,0,EE,EE-CA
14282275,3,CONS,,,0,EE,EE-CA
14282275,4,ALIM,,,0,EE,EE-CA
14282275,5,VER,,,0,EE,EE-CA
14282276,1,TFM,,,1,EE,EE-CA
14282276,2,REF,,,0,EE,EE-CA
14282276,3,CONS,,,0,EE,EE-CA
14282276,4,ALIM,,,0,EE,EE-CA
14282276,5,VER,,,0,EE,EE-CA
14282277,1,TFM,,,1,EE,EE-CA
14282277,2,REF,,,0,EE,EE-CA
14282277,3,CONS,,,0,EE,EE-CA
14282277,4,ALIM,,,0,EE,EE-CA
14282277,5,VER,,,0,EE,EE-CA
14282278,1,TFM,,,1,EE,EE-CA
14282278,2,REF,,,0,EE,EE-CA
14282278,3,CONS,,,0,EE,EE-CA
14282278,4,ALIM,,,0,EE,EE-CA
14282278,5,VER,,,0,EE,EE-CA
14282279,1,TFM,,,1,EE,EE-CA
14282279,2,REF,,,0,EE,EE-CA
14282279,3,CONS,,,0,EE,EE-CA
14282279,4,ALIM,,,0,EE,EE-CA
14282279,5,VER,,,0,EE,EE-CA
14282280,1,TFM,,,1,EE,EE-CA
14282280,2,REF,,,0,EE,EE-CA
14282280,3,CONS,,,0,EE,EE-CA
14282280,4,ALIM,,,0,EE,EE-CA
14282280,5,VER,,,0,EE,EE-CA
14282282,1,TYPE,,,0,EL,EL-RE
14282282,2,TDCB,,,1,EL,EL-RE
14282282,3,CRT,,AMP,0,EL,EL-RE
14282282,4,NBC,,Nos,0,EL,EL-RE
14282282,5,FAB,,,0,EL,EL-RE
14282283,1,TS,,,0,IN,IN-TE
14282283,2,PMEAS,,Celsius,1,IN,IN-TE
14282283,3,LON,,Millimeter,0,IN,IN-TE
14282283,4,DGT,,Millimeter,0,IN,IN-TE
14282283,5,RAC,,,0,IN,IN-TE
142823007,1,TDC,,,0,EL,EL-MO
142823007,2,PUI,,Kilowatt,1,EL,EL-MO
142823007,3,VIT,,,0,EL,EL-MO
142823007,4,FIX,,,0,EL,EL-MO
142823007,5,TEN,,,0,EL,EL-MO
142823008,1,TDC,,,0,EL,EL-MO
142823008,2,PUI,,Kilowatt,1,EL,EL-MO
142823008,3,VIT,,,0,EL,EL-MO
142823008,4,FIX,,,0,EL,EL-MO
142823008,5,TEN,,,0,EL,EL-MO
142823013,1,TYPE,,,0,EL,EL-CO
142823013,2,ICM,,AMP,1,EL,EL-CO
142823013,3,TNB,,,0,EL,EL-CO
142823013,4,NBC,,Nos,0,EL,EL-CO
142823013,5,FAB,,,0,EL,EL-CO
142823030,1,FTT,,,1,ME,ME-VI
142823030,2,DIA,,Millimeter,0,ME,ME-VI
142823030,3,LON,,Millimeter,0,ME,ME-VI
142823030,4,MAT,,,0,ME,ME-VI
142823030,5,FIL,,,0,ME,ME-VI
142823044,1,TPR,,,0,ME,ME-CO
142823044,2,LPR,,Millimeter,1,ME,ME-CO
142823044,3,LEP,,Millimeter,0,ME,ME-CO
142823044,4,PDE,,,0,ME,ME-CO
142823044,5,MAT,,,0,ME,ME-CO
142823051,1,TYPE,,,0,PN,PN-CO
142823051,2,PMD,,,1,PN,PN-CO
142823051,3,CCU,,L,0,PN,PN-CO
142823051,4,PRE,,Bar,0,PN,PN-CO
142823051,5,FAB,,,0,PN,PN-CO
142823070,1,TYPE,,,0,SE,SE-EC
142823070,2,PEN,,Watt,1,SE,SE-EC
142823070,3,TEN,,,0,SE,SE-EC
142823070,4,FOR,,,0,SE,SE-EC
142823070,5,FAB,,,0,SE,SE-EC
142823079,1,TFM,,,1,EE,EE-CA
142823079,2,REF,,,0,EE,EE-CA
142823079,3,CONS,,,0,EE,EE-CA
142823079,4,ALIM,,,0,EE,EE-CA
142823079,5,VER,,,0,EE,EE-CA
142823092,1,TYPE,,,0,ME,ME-EN
142823092,2,NDR,,,1,ME,ME-EN
142823092,3,MODU,,,0,ME,ME-EN
142823092,4,DIM,,Millimeter,0,ME,ME-EN
142823092,5,MAT,,,0,ME,ME-EN
142823102,1,TYPE,,,0,ME,ME-EN
142823102,2,NDR,,,1,ME,ME-EN
142823102,3,MODU,,,0,ME,ME-EN
142823102,4,DIM,,Millimeter,0,ME,ME-EN
142823102,5,MAT,,,0,ME,ME-EN
142823110,1,TYPE,,,0,HY,HY-VE
142823110,2,DAP,,Millimeter,1,HY,HY-VE
142823110,3,DGT,,Millimeter,0,HY,HY-VE
142823110,4,COU,,Millimeter,0,HY,HY-VE
142823110,5,PRE,,Bar,0,HY,HY-VE
1428231100,1,TYPE,,,0,ME,ME-JO
1428231100,2,DIA,,Millimeter,1,ME,ME-JO
1428231100,3,DIM,,Millimeter,0,ME,ME-JO
1428231100,4,MAT,,,0,ME,ME-JO
1428231100,5,USG,,,0,ME,ME-JO
1428231101,1,TYPE,,,0,ME,ME-JO
1428231101,2,DIA,,Millimeter,1,ME,ME-JO
1428231101,3,DIM,,Millimeter,0,ME,ME-JO
1428231101,4,MAT,,,0,ME,ME-JO
1428231101,5,USG,,,0,ME,ME-JO
142823111,1,TYPE,,,0,HY,HY-VE
142823111,2,DAP,,Millimeter,1,HY,HY-VE
142823111,3,DGT,,Millimeter,0,HY,HY-VE
142823111,4,COU,,Millimeter,0,HY,HY-VE
142823111,5,PRE,,Bar,0,HY,HY-VE
142823115,1,TS,,,0,IN,IN-TE
142823115,2,PMEAS,,Celsius,1,IN,IN-TE
142823115,3,LON,,Millimeter,0,IN,IN-TE
142823115,4,DGT,,Millimeter,0,IN,IN-TE
142823115,5,RAC,,,0,IN,IN-TE
142823120,1,TYPE,,,0,ME,ME-JO
142823120,2,DIA,,Millimeter,1,ME,ME-JO
142823120,3,DIM,,Millimeter,0,ME,ME-JO
142823120,4,MAT,,,0,ME,ME-JO
142823120,5,USG,,,0,ME,ME-JO
142823124,1,TYPE,,,0,ME,ME-JO
142823124,2,DIA,,Millimeter,1,ME,ME-JO
142823124,3,DIM,,Millimeter,0,ME,ME-JO
142823124,4,MAT,,,0,ME,ME-JO
142823124,5,USG,,,0,ME,ME-JO
142823127,1,TPR,,,0,ME,ME-CO
142823127,2,LPR,,Millimeter,1,ME,ME-CO
142823127,3,LEP,,Millimeter,0,ME,ME-CO
142823127,4,PDE,,,0,ME,ME-CO
142823127,5,MAT,,,0,ME,ME-CO
142823134,1,TYPE,,,0,HY,HY-FL
142823134,2,DN,,,1,HY,HY-FL
142823134,3,LON,,Millimeter,0,HY,HY-FL
142823134,4,EMB,,,0,HY,HY-FL
142823134,5,PRE,,Bar,0,HY,HY-FL
142823135,1,TYPE,,,0,HY,HY-FL
142823135,2,DN,,,1,HY,HY-FL
142823135,3,LON,,Millimeter,0,HY,HY-FL
142823135,4,EMB,,,0,HY,HY-FL
142823135,5,PRE,,Bar,0,HY,HY-FL
142823136,1,TYPE,,,0,HY,HY-FL
142823136,2,DN,,,1,HY,HY-FL
142823136,3,LON,,Millimeter,0,HY,HY-FL
142823136,4,EMB,,,0,HY,HY-FL
142823136,5,PRE,,Bar,0,HY,HY-FL
142823138,1,TYPE,,,0,PN,PN-DI
142823138,2,DTC,,,1,PN,PN-DI
142823138,3,NBV,,Nos,0,PN,PN-DI
142823138,4,TIR,,,0,PN,PN-DI
142823138,5,TNB,,,0,PN,PN-DI
142823139,1,FON,,,0,PN,PN-EV
142823139,2,DDR,,,1,PN,PN-EV
142823139,3,FIL,,,0,PN,PN-EV
142823139,4,TNC,,,0,PN,PN-EV
142823139,5,TYPE,,,0,PN,PN-EV
142823141,1,TYPE,,,1,CS,CS-GC
142823141,2,GRA,,,0,CS,CS-GC
142823141,3,CND,,,0,CS,CS-GC
142823141,4,APP,,,0,CS,CS-GC
142823141,5,FAB,,,0,CS,CS-GC
142823145,1,TYPE,,,0,HY,HY-FL
142823145,2,DN,,,1,HY,HY-FL
142823145,3,LON,,Millimeter,0,HY,HY-FL
142823145,4,EMB,,,0,HY,HY-FL
142823145,5,PRE,,Bar,0,HY,HY-FL
142823147,1,TYPE,,,0,HY,HY-FL
142823147,2,DN,,,1,HY,HY-FL
142823147,3,LON,,Millimeter,0,HY,HY-FL
142823147,4,EMB,,,0,HY,HY-FL
142823147,5,PRE,,Bar,0,HY,HY-FL
142823149,1,TPR,,,0,ME,ME-CO
142823149,2,LPR,,Millimeter,1,ME,ME-CO
142823149,3,LEP,,Millimeter,0,ME,ME-CO
142823149,4,PDE,,,0,ME,ME-CO
142823149,5,MAT,,,0,ME,ME-CO
142823156,1,TCP,,,0,EE,EE-CP
142823156,2,SIG,,,1,EE,EE-CP
142823156,3,RAC,,,0,EE,EE-CP
142823156,4,ALIM,,,0,EE,EE-CP
142823156,5,PLG,,,0,EE,EE-CP
142823158,1,TYPE,,,0,EL,EL-RE
142823158,2,TDCB,,,1,EL,EL-RE
142823158,3,CRT,,AMP,0,EL,EL-RE
142823158,4,NBC,,Nos,0,EL,EL-RE
142823158,5,FAB,,,0,EL,EL-RE
142823164,1,TYPE,,,0,HY,HY-PO
142823164,2,DEB,,,1,HY,HY-PO
142823164,3,CYL,,,0,HY,HY-PO
142823164,4,PRE,,Bar,0,HY,HY-PO
142823164,5,LIQ,,,0,HY,HY-PO
142823165,1,TYPE,,,0,ME,ME-JO
142823165,2,DIA,,Millimeter,1,ME,ME-JO
142823165,3,DIM,,Millimeter,0,ME,ME-JO
142823165,4,MAT,,,0,ME,ME-JO
142823165,5,USG,,,0,ME,ME-JO
142823171,1,TYPE,,,0,ME,ME-JO
142823171,2,DIA,,Millimeter,1,ME,ME-JO
142823171,3,DIM,,Millimeter,0,ME,ME-JO
142823171,4,MAT,,,0,ME,ME-JO
142823171,5,USG,,,0,ME,ME-JO
142823174,1,TDC,,,0,EL,EL-MO
142823174,2,PUI,,Kilowatt,1,EL,EL-MO
142823174,3,VIT,,,0,EL,EL-MO
142823174,4,FIX,,,0,EL,EL-MO
142823174,5,TEN,,,0,EL,EL-MO
142823175,1,TYPE,,,0,EL,EL-CA
142823175,2,SEC,,,1,EL,EL-CA
142823175,3,NBCD,,Nos,0,EL,EL-CA
142823175,4,MAT,,,0,EL,EL-CA
142823175,5,BLI,,,0,EL,EL-CA
142823177,1,TYPE,,,0,ME,ME-JO
142823177,2,DIA,,Millimeter,1,ME,ME-JO
142823177,3,DIM,,Millimeter,0,ME,ME-JO
142823177,4,MAT,,,0,ME,ME-JO
142823177,5,USG,,,0,ME,ME-JO
142823179,1,TYPE,,,1,CS,CS-GC
142823179,2,GRA,,,0,CS,CS-GC
142823179,3,CND,,,0,CS,CS-GC
142823179,4,APP,,,0,CS,CS-GC
142823179,5,FAB,,,0,CS,CS-GC
142823183,1,SER,,,0,EE,EE-AU
142823183,2,NES,,Nos,1,EE,EE-AU
142823183,3,ALIM,,,0,EE,EE-AU
142823183,4,CONS,,,0,EE,EE-AU
142823183,5,TMO,,,0,EE,EE-AU
142823194,1,TYPE,,,0,HY,HY-PO
142823194,2,DEB,,,1,HY,HY-PO
142823194,3,CYL,,,0,HY,HY-PO
142823194,4,PRE,,Bar,0,HY,HY-PO
142823194,5,LIQ,,,0,HY,HY-PO
142823196,1,TYPE,,,0,HY,HY-FI
142823196,2,SEU,,Micrometer,1,HY,HY-FI
142823196,3,RAC,,,0,HY,HY-FI
142823196,4,DEB,,,0,HY,HY-FI
142823196,5,FAB,,,0,HY,HY-FI
142823203,1,TYPE,,,0,HY,HY-RA
142823203,2,DTF,,,1,HY,HY-RA
142823203,3,MAT,,,0,HY,HY-RA
142823203,4,FRM,,,0,HY,HY-RA
142823203,5,PRE,,Bar,0,HY,HY-RA
142823205,1,TYPE,,,0,HY,HY-RA
142823205,2,DTF,,,1,HY,HY-RA
142823205,3,MAT,,,0,HY,HY-RA
142823205,4,FRM,,,0,HY,HY-RA
142823205,5,PRE,,Bar,0,HY,HY-RA
142823222,1,FTT,,,1,ME,ME-VI
142823222,2,DIA,,Millimeter,0,ME,ME-VI
142823222,3,LON,,Millimeter,0,ME,ME-VI
142823222,4,MAT,,,0,ME,ME-VI
142823222,5,FIL,,,0,ME,ME-VI
142823223,1,FTT,,,1,ME,ME-VI
142823223,2,DIA,,Millimeter,0,ME,ME-VI
142823223,3,LON,,Millimeter,0,ME,ME-VI
142823223,4,MAT,,,0,ME,ME-VI
142823223,5,FIL,,,0,ME,ME-VI
142823225,1,TCP,,,0,EE,EE-CP
142823225,2,SIG,,,1,EE,EE-CP
142823225,3,RAC,,,0,EE,EE-CP
142823225,4,ALIM,,,0,EE,EE-CP
142823225,5,PLG,,,0,EE,EE-CP
142823226,1,TYPE,,,0,ME,ME-JO
142823226,2,DIA,,Millimeter,1,ME,ME-JO
142823226,3,DIM,,Millimeter,0,ME,ME-JO
142823226,4,MAT,,,0,ME,ME-JO
142823226,5,USG,,,0,ME,ME-JO
142823229,1,TYPE,,,0,HY,HY-PO
142823229,2,DEB,,,1,HY,HY-PO
142823229,3,CYL,,,0,HY,HY-PO
142823229,4,PRE,,Bar,0,HY,HY-PO
142823229,5,LIQ,,,0,HY,HY-PO
142823235,1,TCP,,,0,EE,EE-CP
142823235,2,SIG,,,1,EE,EE-CP
142823235,3,RAC,,,0,EE,EE-CP
142823235,4,ALIM,,,0,EE,EE-CP
142823235,5,PLG,,,0,EE,EE-CP
142823236,1,TCP,,,0,EE,EE-CP
142823236,2,SIG,,,1,EE,EE-CP
142823236,3,RAC,,,0,EE,EE-CP
142823236,4,ALIM,,,0,EE,EE-CP
142823236,5,PLG,,,0,EE,EE-CP
142823244,1,TYPE,,,0,ME,ME-RO
142823244,2,DIAI,,Millimeter,1,ME,ME-RO
142823244,3,SR,,,0,ME,ME-RO
142823244,4,DIAE,,Millimeter,0,ME,ME-RO
142823244,5,EPJ,,,0,ME,ME-RO
142823246,1,TYPE,,,0,ME,ME-JO
142823246,2,DIA,,Millimeter,1,ME,ME-JO
142823246,3,DIM,,Millimeter,0,ME,ME-JO
142823246,4,MAT,,,0,ME,ME-JO
142823246,5,USG,,,0,ME,ME-JO
142823250,1,TYPE,,,0,ME,ME-JO
142823250,2,DIA,,Millimeter,1,ME,ME-JO
142823250,3,DIM,,Millimeter,0,ME,ME-JO
142823250,4,MAT,,,0,ME,ME-JO
142823250,5,USG,,,0,ME,ME-JO
142823251,1,TYPE,,,0,ME,ME-JO
142823251,2,DIA,,Millimeter,1,ME,ME-JO
142823251,3,DIM,,Millimeter,0,ME,ME-JO
142823251,4,MAT,,,0,ME,ME-JO
142823251,5,USG,,,0,ME,ME-JO
142823252,1,TYPE,,,0,EL,EL-CA
142823252,2,SEC,,,1,EL,EL-CA
142823252,3,NBCD,,Nos,0,EL,EL-CA
142823252,4,MAT,,,0,EL,EL-CA
142823252,5,BLI,,,0,EL,EL-CA
142823262,1,FIL,,,0,PN,PN-RE
142823262,2,PPM,,Bar,1,PN,PN-RE
142823262,3,OPT,,,0,PN,PN-RE
142823262,4,TYPE,,,0,PN,PN-RE
142823262,5,DEB,,,0,PN,PN-RE
142823263,1,TFM,,,1,EE,EE-CA
142823263,2,REF,,,0,EE,EE-CA
142823263,3,CONS,,,0,EE,EE-CA
142823263,4,ALIM,,,0,EE,EE-CA
142823263,5,VER,,,0,EE,EE-CA
142823264,1,TFM,,,1,EE,EE-CA
142823264,2,REF,,,0,EE,EE-CA
142823264,3,CONS,,,0,EE,EE-CA
142823264,4,ALIM,,,0,EE,EE-CA
142823264,5,VER,,,0,EE,EE-CA
142823265,1,TYPE,,,0,SE,SE-AL
142823265,2,PAC,,,1,SE,SE-AL
142823265,3,TEN,,,0,SE,SE-AL
142823265,4,MDS,,,0,SE,SE-AL
142823265,5,FAB,,,0,SE,SE-AL
142823271,1,TCP,,,0,EE,EE-CP
142823271,2,SIG,,,1,EE,EE-CP
142823271,3,RAC,,,0,EE,EE-CP
142823271,4,ALIM,,,0,EE,EE-CP
142823271,5,PLG,,,0,EE,EE-CP
142823277,1,TYPE,,,0,IN,IN-CP
142823277,2,PME,,Bar,1,IN,IN-CP
142823277,3,SIG,,,0,IN,IN-CP
142823277,4,RAC,,,0,IN,IN-CP
142823277,5,FAB,,,0,IN,IN-CP
142823286,1,FIL,,,0,PN,PN-RE
142823286,2,PPM,,Bar,1,PN,PN-RE
142823286,3,OPT,,,0,PN,PN-RE
142823286,4,TYPE,,,0,PN,PN-RE
142823286,5,DEB,,,0,PN,PN-RE
142823293,1,TDC,,,0,EL,EL-MO
142823293,2,PUI,,Kilowatt,1,EL,EL-MO
142823293,3,VIT,,,0,EL,EL-MO
142823293,4,FIX,,,0,EL,EL-MO
142823293,5,TEN,,,0,EL,EL-MO
142823300,1,TYPE,,,0,EL,EL-CA
142823300,2,SEC,,,1,EL,EL-CA
142823300,3,NBCD,,Nos,0,EL,EL-CA
142823300,4,MAT,,,0,EL,EL-CA
142823300,5,BLI,,,0,EL,EL-CA
142823301,1,TFM,,,1,EE,EE-CA
142823301,2,REF,,,0,EE,EE-CA
142823301,3,CONS,,,0,EE,EE-CA
142823301,4,ALIM,,,0,EE,EE-CA
142823301,5,VER,,,0,EE,EE-CA
142823305,1,TFM,,,1,EE,EE-CA
142823305,2,REF,,,0,EE,EE-CA
142823305,3,CONS,,,0,EE,EE-CA
142823305,4,ALIM,,,0,EE,EE-CA
142823305,5,VER,,,0,EE,EE-CA
142823307,1,TYPE,,,0,EL,EL-CA
142823307,2,SEC,,,1,EL,EL-CA
142823307,3,NBCD,,Nos,0,EL,EL-CA
142823307,4,MAT,,,0,EL,EL-CA
142823307,5,BLI,,,0,EL,EL-CA
142823313,1,TFM,,,1,EE,EE-CA
142823313,2,REF,,,0,EE,EE-CA
142823313,3,CONS,,,0,EE,EE-CA
142823313,4,ALIM,,,0,EE,EE-CA
142823313,5,VER,,,0,EE,EE-CA
142823314,1,TYPE,,,0,EL,EL-CA
142823314,2,SEC,,,1,EL,EL-CA
142823314,3,NBCD,,Nos,0,EL,EL-CA
142823314,4,MAT,,,0,EL,EL-CA
142823314,5,BLI,,,0,EL,EL-CA
142823317,1,TDC,,,0,EL,EL-MO
142823317,2,PUI,,Kilowatt,1,EL,EL-MO
142823317,3,VIT,,,0,EL,EL-MO
142823317,4,FIX,,,0,EL,EL-MO
142823317,5,TEN,,,0,EL,EL-MO
142823319,1,TCP,,,0,EE,EE-CP
142823319,2,SIG,,,1,EE,EE-CP
142823319,3,RAC,,,0,EE,EE-CP
142823319,4,ALIM,,,0,EE,EE-CP
142823319,5,PLG,,,0,EE,EE-CP
142823327,1,TFM,,,1,EE,EE-CA
142823327,2,REF,,,0,EE,EE-CA
142823327,3,CONS,,,0,EE,EE-CA
142823327,4,ALIM,,,0,EE,EE-CA
142823327,5,VER,,,0,EE,EE-CA
142823329,1,TFM,,,1,EE,EE-CA
142823329,2,REF,,,0,EE,EE-CA
142823329,3,CONS,,,0,EE,EE-CA
142823329,4,ALIM,,,0,EE,EE-CA
142823329,5,VER,,,0,EE,EE-CA
142823331,1,TYPE,,,0,EL,EL-CA
142823331,2,SEC,,,1,EL,EL-CA
142823331,3,NBCD,,Nos,0,EL,EL-CA
142823331,4,MAT,,,0,EL,EL-CA
142823331,5,BLI,,,0,EL,EL-CA
142823334,1,TFM,,,1,EE,EE-CA
142823334,2,REF,,,0,EE,EE-CA
142823334,3,CONS,,,0,EE,EE-CA
142823334,4,ALIM,,,0,EE,EE-CA
142823334,5,VER,,,0,EE,EE-CA
142823339,1,TYPE,,,0,PN,PN-VE
142823339,2,DAP,,Millimeter,1,PN,PN-VE
142823339,3,COU,,Millimeter,0,PN,PN-VE
142823339,4,AMO,,,0,PN,PN-VE
142823339,5,RAC,,,0,PN,PN-VE
142823340,1,TFM,,,1,EE,EE-CA
142823340,2,REF,,,0,EE,EE-CA
142823340,3,CONS,,,0,EE,EE-CA
142823340,4,ALIM,,,0,EE,EE-CA
142823340,5,VER,,,0,EE,EE-CA
142823341,1,TFM,,,1,EE,EE-CA
142823341,2,REF,,,0,EE,EE-CA
142823341,3,CONS,,,0,EE,EE-CA
142823341,4,ALIM,,,0,EE,EE-CA
142823341,5,VER,,,0,EE,EE-CA
142823342,1,TS,,,0,IN,IN-TE
142823342,2,PMEAS,,Celsius,1,IN,IN-TE
142823342,3,LON,,Millimeter,0,IN,IN-TE
142823342,4,DGT,,Millimeter,0,IN,IN-TE
142823342,5,RAC,,,0,IN,IN-TE
142823344,1,TYPE,,,0,IN,IN-CP
142823344,2,PME,,Bar,1,IN,IN-CP
142823344,3,SIG,,,0,IN,IN-CP
142823344,4,RAC,,,0,IN,IN-CP
142823344,5,FAB,,,0,IN,IN-CP
142823345,1,FON,,,0,PN,PN-EV
142823345,2,DDR,,,1,PN,PN-EV
142823345,3,FIL,,,0,PN,PN-EV
142823345,4,TNC,,,0,PN,PN-EV
142823345,5,TYPE,,,0,PN,PN-EV
142823347,1,TYPE,,,0,PN,PN-CO
142823347,2,PMD,,,1,PN,PN-CO
142823347,3,CCU,,L,0,PN,PN-CO
142823347,4,PRE,,Bar,0,PN,PN-CO
142823347,5,FAB,,,0,PN,PN-CO
142823350,1,TFM,,,1,EE,EE-CA
142823350,2,REF,,,0,EE,EE-CA
142823350,3,CONS,,,0,EE,EE-CA
142823350,4,ALIM,,,0,EE,EE-CA
142823350,5,VER,,,0,EE,EE-CA
142823352,1,TCP,,,0,EE,EE-CP
142823352,2,SIG,,,1,EE,EE-CP
142823352,3,RAC,,,0,EE,EE-CP
142823352,4,ALIM,,,0,EE,EE-CP
142823352,5,PLG,,,0,EE,EE-CP
142823353,1,TDC,,,0,EL,EL-MO
142823353,2,PUI,,Kilowatt,1,EL,EL-MO
142823353,3,VIT,,,0,EL,EL-MO
142823353,4,FIX,,,0,EL,EL-MO
142823353,5,TEN,,,0,EL,EL-MO
142823355,1,TFM,,,1,EE,EE-CA
142823355,2,REF,,,0,EE,EE-CA
142823355,3,CONS,,,0,EE,EE-CA
142823355,4,ALIM,,,0,EE,EE-CA
142823355,5,VER,,,0,EE,EE-CA
142823356,1,TFM,,,1,EE,EE-CA
142823356,2,REF,,,0,EE,EE-CA
142823356,3,CONS,,,0,EE,EE-CA
142823356,4,ALIM,,,0,EE,EE-CA
142823356,5,VER,,,0,EE,EE-CA
142823358,1,TYPE,,,0,ME,ME-EN
142823358,2,NDR,,,1,ME,ME-EN
142823358,3,MODU,,,0,ME,ME-EN
142823358,4,DIM,,Millimeter,0,ME,ME-EN
142823358,5,MAT,,,0,ME,ME-EN
142823359,1,TAL,,,0,IN,IN-VA
142823359,2,PMM,,Kilowatt,1,IN,IN-VA
142823359,3,MOD,,,0,IN,IN-VA
142823359,4,TEN,,,0,IN,IN-VA
142823359,5,FAB,,,0,IN,IN-VA
142823361,1,TYPE,,,0,ME,ME-JO
142823361,2,DIA,,Millimeter,1,ME,ME-JO
142823361,3,DIM,,Millimeter,0,ME,ME-JO
142823361,4,MAT,,,0,ME,ME-JO
142823361,5,USG,,,0,ME,ME-JO
142823362,1,TYPE,,,0,ME,ME-JO
142823362,2,DIA,,Millimeter,1,ME,ME-JO
142823362,3,DIM,,Millimeter,0,ME,ME-JO
142823362,4,MAT,,,0,ME,ME-JO
142823362,5,USG,,,0,ME,ME-JO
142823363,1,TYPE,,,0,ME,ME-RO
142823363,2,DIAI,,Millimeter,1,ME,ME-RO
142823363,3,SR,,,0,ME,ME-RO
142823363,4,DIAE,,Millimeter,0,ME,ME-RO
142823363,5,EPJ,,,0,ME,ME-RO
142823364,1,TYPE,,,0,ME,ME-JO
142823364,2,DIA,,Millimeter,1,ME,ME-JO
142823364,3,DIM,,Millimeter,0,ME,ME-JO
142823364,4,MAT,,,0,ME,ME-JO
142823364,5,USG,,,0,ME,ME-JO
142823371,1,TYPE,,,0,ME,ME-JO
142823371,2,DIA,,Millimeter,1,ME,ME-JO
142823371,3,DIM,,Millimeter,0,ME,ME-JO
142823371,4,MAT,,,0,ME,ME-JO
142823371,5,USG,,,0,ME,ME-JO
142823372,1,TYPE,,,0,ME,ME-JO
142823372,2,DIA,,Millimeter,1,ME,ME-JO
142823372,3,DIM,,Millimeter,0,ME,ME-JO
142823372,4,MAT,,,0,ME,ME-JO
142823372,5,USG,,,0,ME,ME-JO
142823374,1,TYPE,,,0,ME,ME-EN
142823374,2,NDR,,,1,ME,ME-EN
142823374,3,MODU,,,0,ME,ME-EN
142823374,4,DIM,,Millimeter,0,ME,ME-EN
142823374,5,MAT,,,0,ME,ME-EN
142823377,1,TEC,,Inch,1,EE,EE-HM
142823377,2,RET,,,0,EE,EE-HM
142823377,3,ALIM,,,0,EE,EE-HM
142823377,4,CONS,,,0,EE,EE-HM
142823377,5,COM,,,0,EE,EE-HM
142823379,1,TYPE,,,0,EL,EL-CA
142823379,2,SEC,,,1,EL,EL-CA
142823379,3,NBCD,,Nos,0,EL,EL-CA
142823379,4,MAT,,,0,EL,EL-CA
142823379,5,BLI,,,0,EL,EL-CA
142823380,1,TYPE,,,0,EL,EL-CA
142823380,2,SEC,,,1,EL,EL-CA
142823380,3,NBCD,,Nos,0,EL,EL-CA
142823380,4,MAT,,,0,EL,EL-CA
142823380,5,BLI,,,0,EL,EL-CA
142823381,1,TFM,,,1,EE,EE-CA
142823381,2,REF,,,0,EE,EE-CA
142823381,3,CONS,,,0,EE,EE-CA
142823381,4,ALIM,,,0,EE,EE-CA
142823381,5,VER,,,0,EE,EE-CA
142823383,1,FTT,,,1,ME,ME-VI
142823383,2,DIA,,Millimeter,0,ME,ME-VI
142823383,3,LON,,Millimeter,0,ME,ME-VI
142823383,4,MAT,,,0,ME,ME-VI
142823383,5,FIL,,,0,ME,ME-VI
142823386,1,PRC,,,1,CS,CS-SC
142823386,2,DIA,,Millimeter,0,CS,CS-SC
142823386,3,NUA,,,0,CS,CS-SC
142823386,4,TYPE,,,0,CS,CS-SC
142823386,5,CND,,,0,CS,CS-SC
142823388,1,FTT,,,1,ME,ME-VI
142823388,2,DIA,,Millimeter,0,ME,ME-VI
142823388,3,LON,,Millimeter,0,ME,ME-VI
142823388,4,MAT,,,0,ME,ME-VI
142823388,5,FIL,,,0,ME,ME-VI
142823389,1,FTT,,,1,ME,ME-VI
142823389,2,DIA,,Millimeter,0,ME,ME-VI
142823389,3,LON,,Millimeter,0,ME,ME-VI
142823389,4,MAT,,,0,ME,ME-VI
142823389,5,FIL,,,0,ME,ME-VI
142823391,1,FTT,,,1,ME,ME-VI
142823391,2,DIA,,Millimeter,0,ME,ME-VI
142823391,3,LON,,Millimeter,0,ME,ME-VI
142823391,4,MAT,,,0,ME,ME-VI
142823391,5,FIL,,,0,ME,ME-VI
142823392,1,FTT,,,1,ME,ME-VI
142823392,2,DIA,,Millimeter,0,ME,ME-VI
142823392,3,LON,,Millimeter,0,ME,ME-VI
142823392,4,MAT,,,0,ME,ME-VI
142823392,5,FIL,,,0,ME,ME-VI
142823393,1,FTT,,,1,ME,ME-VI
142823393,2,DIA,,Millimeter,0,ME,ME-VI
142823393,3,LON,,Millimeter,0,ME,ME-VI
142823393,4,MAT,,,0,ME,ME-VI
142823393,5,FIL,,,0,ME,ME-VI
142823394,1,FTT,,,1,ME,ME-VI
142823394,2,DIA,,Millimeter,0,ME,ME-VI
142823394,3,LON,,Millimeter,0,ME,ME-VI
142823394,4,MAT,,,0,ME,ME-VI
142823394,5,FIL,,,0,ME,ME-VI
142823396,1,FTT,,,1,ME,ME-VI
142823396,2,DIA,,Millimeter,0,ME,ME-VI
142823396,3,LON,,Millimeter,0,ME,ME-VI
142823396,4,MAT,,,0,ME,ME-VI
142823396,5,FIL,,,0,ME,ME-VI
142823397,1,FTT,,,1,ME,ME-VI
142823397,2,DIA,,Millimeter,0,ME,ME-VI
142823397,3,LON,,Millimeter,0,ME,ME-VI
142823397,4,MAT,,,0,ME,ME-VI
142823397,5,FIL,,,0,ME,ME-VI
142823398,1,FTT,,,1,ME,ME-VI
142823398,2,DIA,,Millimeter,0,ME,ME-VI
142823398,3,LON,,Millimeter,0,ME,ME-VI
142823398,4,MAT,,,0,ME,ME-VI
142823398,5,FIL,,,0,ME,ME-VI
142823399,1,FTT,,,1,ME,ME-VI
142823399,2,DIA,,Millimeter,0,ME,ME-VI
142823399,3,LON,,Millimeter,0,ME,ME-VI
142823399,4,MAT,,,0,ME,ME-VI
142823399,5,FIL,,,0,ME,ME-VI
142823400,1,FTT,,,1,ME,ME-VI
142823400,2,DIA,,Millimeter,0,ME,ME-VI
142823400,3,LON,,Millimeter,0,ME,ME-VI
142823400,4,MAT,,,0,ME,ME-VI
142823400,5,FIL,,,0,ME,ME-VI
142823401,1,FTT,,,1,ME,ME-VI
142823401,2,DIA,,Millimeter,0,ME,ME-VI
142823401,3,LON,,Millimeter,0,ME,ME-VI
142823401,4,MAT,,,0,ME,ME-VI
142823401,5,FIL,,,0,ME,ME-VI
142823403,1,FTT,,,1,ME,ME-VI
142823403,2,DIA,,Millimeter,0,ME,ME-VI
142823403,3,LON,,Millimeter,0,ME,ME-VI
142823403,4,MAT,,,0,ME,ME-VI
142823403,5,FIL,,,0,ME,ME-VI
142823404,1,FTT,,,1,ME,ME-VI
142823404,2,DIA,,Millimeter,0,ME,ME-VI
142823404,3,LON,,Millimeter,0,ME,ME-VI
142823404,4,MAT,,,0,ME,ME-VI
142823404,5,FIL,,,0,ME,ME-VI
142823406,1,FTT,,,1,ME,ME-VI
142823406,2,DIA,,Millimeter,0,ME,ME-VI
142823406,3,LON,,Millimeter,0,ME,ME-VI
142823406,4,MAT,,,0,ME,ME-VI
142823406,5,FIL,,,0,ME,ME-VI
142823408,1,TYPE,,,0,ME,ME-JO
142823408,2,DIA,,Millimeter,1,ME,ME-JO
142823408,3,DIM,,Millimeter,0,ME,ME-JO
142823408,4,MAT,,,0,ME,ME-JO
142823408,5,USG,,,0,ME,ME-JO
142823409,1,TYPE,,,0,ME,ME-JO
142823409,2,DIA,,Millimeter,1,ME,ME-JO
142823409,3,DIM,,Millimeter,0,ME,ME-JO
142823409,4,MAT,,,0,ME,ME-JO
142823409,5,USG,,,0,ME,ME-JO
142823411,1,TCP,,,0,EE,EE-CP
142823411,2,SIG,,,1,EE,EE-CP
142823411,3,RAC,,,0,EE,EE-CP
142823411,4,ALIM,,,0,EE,EE-CP
142823411,5,PLG,,,0,EE,EE-CP
142823412,1,TYPE,,,0,ME,ME-RO
142823412,2,DIAI,,Millimeter,1,ME,ME-RO
142823412,3,SR,,,0,ME,ME-RO
142823412,4,DIAE,,Millimeter,0,ME,ME-RO
142823412,5,EPJ,,,0,ME,ME-RO
142823413,1,TYPE,,,0,ME,ME-RO
142823413,2,DIAI,,Millimeter,1,ME,ME-RO
142823413,3,SR,,,0,ME,ME-RO
142823413,4,DIAE,,Millimeter,0,ME,ME-RO
142823413,5,EPJ,,,0,ME,ME-RO
142823414,1,TYPE,,,0,ME,ME-RO
142823414,2,DIAI,,Millimeter,1,ME,ME-RO
142823414,3,SR,,,0,ME,ME-RO
142823414,4,DIAE,,Millimeter,0,ME,ME-RO
142823414,5,EPJ,,,0,ME,ME-RO
142823417,1,TDC,,,0,EL,EL-MO
142823417,2,PUI,,Kilowatt,1,EL,EL-MO
142823417,3,VIT,,,0,EL,EL-MO
142823417,4,FIX,,,0,EL,EL-MO
142823417,5,TEN,,,0,EL,EL-MO
142823418,1,FTT,,,1,ME,ME-VI
142823418,2,DIA,,Millimeter,0,ME,ME-VI
142823418,3,LON,,Millimeter,0,ME,ME-VI
142823418,4,MAT,,,0,ME,ME-VI
142823418,5,FIL,,,0,ME,ME-VI
142823423,1,TYPE,,,0,PN,PN-CO
142823423,2,PMD,,,1,PN,PN-CO
142823423,3,CCU,,L,0,PN,PN-CO
142823423,4,PRE,,Bar,0,PN,PN-CO
142823423,5,FAB,,,0,PN,PN-CO
142823424,1,TYPE,,,0,PN,PN-CO
142823424,2,PMD,,,1,PN,PN-CO
142823424,3,CCU,,L,0,PN,PN-CO
142823424,4,PRE,,Bar,0,PN,PN-CO
142823424,5,FAB,,,0,PN,PN-CO
142823425,1,TYPE,,,0,HY,HY-PO
142823425,2,DEB,,,1,HY,HY-PO
142823425,3,CYL,,,0,HY,HY-PO
142823425,4,PRE,,Bar,0,HY,HY-PO
142823425,5,LIQ,,,0,HY,HY-PO
142823426,1,TYPE,,,0,HY,HY-PO
142823426,2,DEB,,,1,HY,HY-PO
142823426,3,CYL,,,0,HY,HY-PO
142823426,4,PRE,,Bar,0,HY,HY-PO
142823426,5,LIQ,,,0,HY,HY-PO
142823427,1,FON,,,0,PN,PN-EV
142823427,2,DDR,,,1,PN,PN-EV
142823427,3,FIL,,,0,PN,PN-EV
142823427,4,TNC,,,0,PN,PN-EV
142823427,5,TYPE,,,0,PN,PN-EV
142823429,1,TYPE,,,0,PN,PN-CO
142823429,2,PMD,,,1,PN,PN-CO
142823429,3,CCU,,L,0,PN,PN-CO
142823429,4,PRE,,Bar,0,PN,PN-CO
142823429,5,FAB,,,0,PN,PN-CO
142823442,1,TYPE,,,0,ME,ME-EN
142823442,2,NDR,,,1,ME,ME-EN
142823442,3,MODU,,,0,ME,ME-EN
142823442,4,DIM,,Millimeter,0,ME,ME-EN
142823442,5,MAT,,,0,ME,ME-EN
142823443,1,TYPE,,,0,ME,ME-EN
142823443,2,NDR,,,1,ME,ME-EN
142823443,3,MODU,,,0,ME,ME-EN
142823443,4,DIM,,Millimeter,0,ME,ME-EN
142823443,5,MAT,,,0,ME,ME-EN
142823447,1,TYPE,,,0,ME,ME-JO
142823447,2,DIA,,Millimeter,1,ME,ME-JO
142823447,3,DIM,,Millimeter,0,ME,ME-JO
142823447,4,MAT,,,0,ME,ME-JO
142823447,5,USG,,,0,ME,ME-JO
142823448,1,TYPE,,,0,ME,ME-JO
142823448,2,DIA,,Millimeter,1,ME,ME-JO
142823448,3,DIM,,Millimeter,0,ME,ME-JO
142823448,4,MAT,,,0,ME,ME-JO
142823448,5,USG,,,0,ME,ME-JO
142823449,1,TYPE,,,0,ME,ME-JO
142823449,2,DIA,,Millimeter,1,ME,ME-JO
142823449,3,DIM,,Millimeter,0,ME,ME-JO
142823449,4,MAT,,,0,ME,ME-JO
142823449,5,USG,,,0,ME,ME-JO
142823450,1,TYPE,,,0,ME,ME-JO
142823450,2,DIA,,Millimeter,1,ME,ME-JO
142823450,3,DIM,,Millimeter,0,ME,ME-JO
142823450,4,MAT,,,0,ME,ME-JO
142823450,5,USG,,,0,ME,ME-JO
142823451,1,TYPE,,,1,CS,CS-GC
142823451,2,GRA,,,0,CS,CS-GC
142823451,3,CND,,,0,CS,CS-GC
142823451,4,APP,,,0,CS,CS-GC
142823451,5,FAB,,,0,CS,CS-GC
142823452,1,TYPE,,,1,CS,CS-GC
142823452,2,GRA,,,0,CS,CS-GC
142823452,3,CND,,,0,CS,CS-GC
142823452,4,APP,,,0,CS,CS-GC
142823452,5,FAB,,,0,CS,CS-GC
142823453,1,TYPE,,,1,CS,CS-GC
142823453,2,GRA,,,0,CS,CS-GC
142823453,3,CND,,,0,CS,CS-GC
142823453,4,APP,,,0,CS,CS-GC
142823453,5,FAB,,,0,CS,CS-GC
142823454,1,TYPE,,,1,CS,CS-GC
142823454,2,GRA,,,0,CS,CS-GC
142823454,3,CND,,,0,CS,CS-GC
142823454,4,APP,,,0,CS,CS-GC
142823454,5,FAB,,,0,CS,CS-GC
142823455,1,TYPE,,,1,CS,CS-GC
142823455,2,GRA,,,0,CS,CS-GC
142823455,3,CND,,,0,CS,CS-GC
142823455,4,APP,,,0,CS,CS-GC
142823455,5,FAB,,,0,CS,CS-GC
142823456,1,TYPE,,,1,CS,CS-GC
142823456,2,GRA,,,0,CS,CS-GC
142823456,3,CND,,,0,CS,CS-GC
142823456,4,APP,,,0,CS,CS-GC
142823456,5,FAB,,,0,CS,CS-GC
142823467,1,TYPE,,,1,CS,CS-GC
142823467,2,GRA,,,0,CS,CS-GC
142823467,3,CND,,,0,CS,CS-GC
142823467,4,APP,,,0,CS,CS-GC
142823467,5,FAB,,,0,CS,CS-GC
142823468,1,SER,,,0,EE,EE-AU
142823468,2,NES,,Nos,1,EE,EE-AU
142823468,3,ALIM,,,0,EE,EE-AU
142823468,4,CONS,,,0,EE,EE-AU
142823468,5,TMO,,,0,EE,EE-AU
142823470,1,TYPE,,,0,HY,HY-RA
142823470,2,DTF,,,1,HY,HY-RA
142823470,3,MAT,,,0,HY,HY-RA
142823470,4,FRM,,,0,HY,HY-RA
142823470,5,PRE,,Bar,0,HY,HY-RA
142823471,1,TYPE,,,0,HY,HY-RA
142823471,2,DTF,,,1,HY,HY-RA
142823471,3,MAT,,,0,HY,HY-RA
142823471,4,FRM,,,0,HY,HY-RA
142823471,5,PRE,,Bar,0,HY,HY-RA
142823472,1,TCP,,,0,EE,EE-CP
142823472,2,SIG,,,1,EE,EE-CP
142823472,3,RAC,,,0,EE,EE-CP
142823472,4,ALIM,,,0,EE,EE-CP
142823472,5,PLG,,,0,EE,EE-CP
142823474,1,TYPE,,,0,HY,HY-RA
142823474,2,DTF,,,1,HY,HY-RA
142823474,3,MAT,,,0,HY,HY-RA
142823474,4,FRM,,,0,HY,HY-RA
142823474,5,PRE,,Bar,0,HY,HY-RA
142823475,1,TYPE,,,1,CS,CS-GC
142823475,2,GRA,,,0,CS,CS-GC
142823475,3,CND,,,0,CS,CS-GC
142823475,4,APP,,,0,CS,CS-GC
142823475,5,FAB,,,0,CS,CS-GC
142823476,1,TYPE,,,0,PN,PN-RA
142823476,2,DET,,Millimeter,1,PN,PN-RA
142823476,3,FIL,,,0,PN,PN-RA
142823476,4,MAT,,,0,PN,PN-RA
142823476,5,FRM,,,0,PN,PN-RA
142823477,1,TYPE,,,0,PN,PN-DI
142823477,2,DTC,,,1,PN,PN-DI
142823477,3,NBV,,Nos,0,PN,PN-DI
142823477,4,TIR,,,0,PN,PN-DI
142823477,5,TNB,,,0,PN,PN-DI
142823510,1,TAL,,,0,IN,IN-VA
142823510,2,PMM,,Kilowatt,1,IN,IN-VA
142823510,3,MOD,,,0,IN,IN-VA
142823510,4,TEN,,,0,IN,IN-VA
142823510,5,FAB,,,0,IN,IN-VA
142823511,1,TDC,,,0,EL,EL-MO
142823511,2,PUI,,Kilowatt,1,EL,EL-MO
142823511,3,VIT,,,0,EL,EL-MO
142823511,4,FIX,,,0,EL,EL-MO
142823511,5,TEN,,,0,EL,EL-MO
142823512,1,TAL,,,0,IN,IN-VA
142823512,2,PMM,,Kilowatt,1,IN,IN-VA
142823512,3,MOD,,,0,IN,IN-VA
142823512,4,TEN,,,0,IN,IN-VA
142823512,5,FAB,,,0,IN,IN-VA
142823513,1,TAL,,,0,IN,IN-VA
142823513,2,PMM,,Kilowatt,1,IN,IN-VA
142823513,3,MOD,,,0,IN,IN-VA
142823513,4,TEN,,,0,IN,IN-VA
142823513,5,FAB,,,0,IN,IN-VA
142823515,1,TAL,,,0,IN,IN-VA
142823515,2,PMM,,Kilowatt,1,IN,IN-VA
142823515,3,MOD,,,0,IN,IN-VA
142823515,4,TEN,,,0,IN,IN-VA
142823515,5,FAB,,,0,IN,IN-VA
142823521,1,FON,,,0,PN,PN-EV
142823521,2,DDR,,,1,PN,PN-EV
142823521,3,FIL,,,0,PN,PN-EV
142823521,4,TNC,,,0,PN,PN-EV
142823521,5,TYPE,,,0,PN,PN-EV
142823541,1,FON,,,0,PN,PN-EV
142823541,2,DDR,,,1,PN,PN-EV
142823541,3,FIL,,,0,PN,PN-EV
142823541,4,TNC,,,0,PN,PN-EV
142823541,5,TYPE,,,0,PN,PN-EV
142823542,1,TYPE,,,0,EL,EL-DI
142823542,2,CAL,,AMP,1,EL,EL-DI
142823542,3,TEN,,,0,EL,EL-DI
142823542,4,NBP,,Nos,0,EL,EL-DI
142823542,5,FAB,,,0,EL,EL-DI
142823544,1,TYPE,,,1,CS,CS-GC
142823544,2,GRA,,,0,CS,CS-GC
142823544,3,CND,,,0,CS,CS-GC
142823544,4,APP,,,0,CS,CS-GC
142823544,5,FAB,,,0,CS,CS-GC
142823548,1,TYPE,,,0,IN,IN-CP
142823548,2,PME,,Bar,1,IN,IN-CP
142823548,3,SIG,,,0,IN,IN-CP
142823548,4,RAC,,,0,IN,IN-CP
142823548,5,FAB,,,0,IN,IN-CP
142823551,1,TCP,,,0,EE,EE-CP
142823551,2,SIG,,,1,EE,EE-CP
142823551,3,RAC,,,0,EE,EE-CP
142823551,4,ALIM,,,0,EE,EE-CP
142823551,5,PLG,,,0,EE,EE-CP
142823552,1,TCP,,,0,EE,EE-CP
142823552,2,SIG,,,1,EE,EE-CP
142823552,3,RAC,,,0,EE,EE-CP
142823552,4,ALIM,,,0,EE,EE-CP
142823552,5,PLG,,,0,EE,EE-CP
142823554,1,TCP,,,0,EE,EE-CP
142823554,2,SIG,,,1,EE,EE-CP
142823554,3,RAC,,,0,EE,EE-CP
142823554,4,ALIM,,,0,EE,EE-CP
142823554,5,PLG,,,0,EE,EE-CP
142823557,1,TYPE,,,0,HY,HY-FI
142823557,2,SEU,,Micrometer,1,HY,HY-FI
142823557,3,RAC,,,0,HY,HY-FI
142823557,4,DEB,,,0,HY,HY-FI
142823557,5,FAB,,,0,HY,HY-FI
142823653,1,TYPE,,,0,PN,PN-DI
142823653,2,DTC,,,1,PN,PN-DI
142823653,3,NBV,,Nos,0,PN,PN-DI
142823653,4,TIR,,,0,PN,PN-DI
142823653,5,TNB,,,0,PN,PN-DI
142823660,1,TCP,,,0,EE,EE-CP
142823660,2,SIG,,,1,EE,EE-CP
142823660,3,RAC,,,0,EE,EE-CP
142823660,4,ALIM,,,0,EE,EE-CP
142823660,5,PLG,,,0,EE,EE-CP
142823724,1,FTT,,,1,ME,ME-VI
142823724,2,DIA,,Millimeter,0,ME,ME-VI
142823724,3,LON,,Millimeter,0,ME,ME-VI
142823724,4,MAT,,,0,ME,ME-VI
142823724,5,FIL,,,0,ME,ME-VI
142823727,1,TYPE,,,0,ME,ME-JO
142823727,2,DIA,,Millimeter,1,ME,ME-JO
142823727,3,DIM,,Millimeter,0,ME,ME-JO
142823727,4,MAT,,,0,ME,ME-JO
142823727,5,USG,,,0,ME,ME-JO
142823728,1,TYPE,,,0,ME,ME-JO
142823728,2,DIA,,Millimeter,1,ME,ME-JO
142823728,3,DIM,,Millimeter,0,ME,ME-JO
142823728,4,MAT,,,0,ME,ME-JO
142823728,5,USG,,,0,ME,ME-JO
142823892,1,FTT,,,1,ME,ME-VI
142823892,2,DIA,,Millimeter,0,ME,ME-VI
142823892,3,LON,,Millimeter,0,ME,ME-VI
142823892,4,MAT,,,0,ME,ME-VI
142823892,5,FIL,,,0,ME,ME-VI
142823894,1,TYPE,,,1,CS,CS-JG
142823894,2,MAT,,,0,CS,CS-JG
142823894,3,DIM,,Millimeter,0,CS,CS-JG
142823894,4,REFERENC,,,0,CS,CS-JG
142823894,5,FAB,,,0,CS,CS-JG
142823903,1,FTT,,,1,ME,ME-VI
142823903,2,DIA,,Millimeter,0,ME,ME-VI
142823903,3,LON,,Millimeter,0,ME,ME-VI
142823903,4,MAT,,,0,ME,ME-VI
142823903,5,FIL,,,0,ME,ME-VI
142823905,1,FTT,,,1,ME,ME-VI
142823905,2,DIA,,Millimeter,0,ME,ME-VI
142823905,3,LON,,Millimeter,0,ME,ME-VI
142823905,4,MAT,,,0,ME,ME-VI
142823905,5,FIL,,,0,ME,ME-VI
142823907,1,TYPE,,,0,HY,HY-FL
142823907,2,DN,,,1,HY,HY-FL
142823907,3,LON,,Millimeter,0,HY,HY-FL
142823907,4,EMB,,,0,HY,HY-FL
142823907,5,PRE,,Bar,0,HY,HY-FL
142823908,1,TFM,,,1,EE,EE-CA
142823908,2,REF,,,0,EE,EE-CA
142823908,3,CONS,,,0,EE,EE-CA
142823908,4,ALIM,,,0,EE,EE-CA
142823908,5,VER,,,0,EE,EE-CA
142823914,1,TYPE,,,0,ME,ME-JO
142823914,2,DIA,,Millimeter,1,ME,ME-JO
142823914,3,DIM,,Millimeter,0,ME,ME-JO
142823914,4,MAT,,,0,ME,ME-JO
142823914,5,USG,,,0,ME,ME-JO
142823917,1,TYPE,,,0,ME,ME-EN
142823917,2,NDR,,,1,ME,ME-EN
142823917,3,MODU,,,0,ME,ME-EN
142823917,4,DIM,,Millimeter,0,ME,ME-EN
142823917,5,MAT,,,0,ME,ME-EN
142823918,1,TPR,,,0,ME,ME-CO
142823918,2,LPR,,Millimeter,1,ME,ME-CO
142823918,3,LEP,,Millimeter,0,ME,ME-CO
142823918,4,PDE,,,0,ME,ME-CO
142823918,5,MAT,,,0,ME,ME-CO
142823919,1,TYPE,,,0,ME,ME-RO
142823919,2,DIAI,,Millimeter,1,ME,ME-RO
142823919,3,SR,,,0,ME,ME-RO
142823919,4,DIAE,,Millimeter,0,ME,ME-RO
142823919,5,EPJ,,,0,ME,ME-RO
142823920,1,FTT,,,1,ME,ME-VI
142823920,2,DIA,,Millimeter,0,ME,ME-VI
142823920,3,LON,,Millimeter,0,ME,ME-VI
142823920,4,MAT,,,0,ME,ME-VI
142823920,5,FIL,,,0,ME,ME-VI
142823921,1,FTT,,,1,ME,ME-VI
142823921,2,DIA,,Millimeter,0,ME,ME-VI
142823921,3,LON,,Millimeter,0,ME,ME-VI
142823921,4,MAT,,,0,ME,ME-VI
142823921,5,FIL,,,0,ME,ME-VI
142823933,1,TYPE,,,0,HY,HY-RA
142823933,2,DTF,,,1,HY,HY-RA
142823933,3,MAT,,,0,HY,HY-RA
142823933,4,FRM,,,0,HY,HY-RA
142823933,5,PRE,,Bar,0,HY,HY-RA
142823934,1,TYPE,,,0,HY,HY-RA
142823934,2,DTF,,,1,HY,HY-RA
142823934,3,MAT,,,0,HY,HY-RA
142823934,4,FRM,,,0,HY,HY-RA
142823934,5,PRE,,Bar,0,HY,HY-RA
142823936,1,TYPE,,,0,SE,SE-EC
142823936,2,PEN,,Watt,1,SE,SE-EC
142823936,3,TEN,,,0,SE,SE-EC
142823936,4,FOR,,,0,SE,SE-EC
142823936,5,FAB,,,0,SE,SE-EC
1428240011,1,TPR,,,0,ME,ME-CO
1428240011,2,LPR,,Millimeter,1,ME,ME-CO
1428240011,3,LEP,,Millimeter,0,ME,ME-CO
1428240011,4,PDE,,,0,ME,ME-CO
1428240011,5,MAT,,,0,ME,ME-CO
1428240012,1,TPR,,,0,ME,ME-CO
1428240012,2,LPR,,Millimeter,1,ME,ME-CO
1428240012,3,LEP,,Millimeter,0,ME,ME-CO
1428240012,4,PDE,,,0,ME,ME-CO
1428240012,5,MAT,,,0,ME,ME-CO
1428240019,1,FTT,,,1,ME,ME-VI
1428240019,2,DIA,,Millimeter,0,ME,ME-VI
1428240019,3,LON,,Millimeter,0,ME,ME-VI
1428240019,4,MAT,,,0,ME,ME-VI
1428240019,5,FIL,,,0,ME,ME-VI
1428240020,1,FTT,,,1,ME,ME-VI
1428240020,2,DIA,,Millimeter,0,ME,ME-VI
1428240020,3,LON,,Millimeter,0,ME,ME-VI
1428240020,4,MAT,,,0,ME,ME-VI
1428240020,5,FIL,,,0,ME,ME-VI
1428240021,1,FTT,,,1,ME,ME-VI
1428240021,2,DIA,,Millimeter,0,ME,ME-VI
1428240021,3,LON,,Millimeter,0,ME,ME-VI
1428240021,4,MAT,,,0,ME,ME-VI
1428240021,5,FIL,,,0,ME,ME-VI
1428240022,1,FTT,,,1,ME,ME-VI
1428240022,2,DIA,,Millimeter,0,ME,ME-VI
1428240022,3,LON,,Millimeter,0,ME,ME-VI
1428240022,4,MAT,,,0,ME,ME-VI
1428240022,5,FIL,,,0,ME,ME-VI
1428240023,1,FTT,,,1,ME,ME-VI
1428240023,2,DIA,,Millimeter,0,ME,ME-VI
1428240023,3,LON,,Millimeter,0,ME,ME-VI
1428240023,4,MAT,,,0,ME,ME-VI
1428240023,5,FIL,,,0,ME,ME-VI
1428240024,1,FTT,,,1,ME,ME-VI
1428240024,2,DIA,,Millimeter,0,ME,ME-VI
1428240024,3,LON,,Millimeter,0,ME,ME-VI
1428240024,4,MAT,,,0,ME,ME-VI
1428240024,5,FIL,,,0,ME,ME-VI
1428240025,1,FTT,,,1,ME,ME-VI
1428240025,2,DIA,,Millimeter,0,ME,ME-VI
1428240025,3,LON,,Millimeter,0,ME,ME-VI
1428240025,4,MAT,,,0,ME,ME-VI
1428240025,5,FIL,,,0,ME,ME-VI
1428240027,1,TYPE,,,0,ME,ME-JO
1428240027,2,DIA,,Millimeter,1,ME,ME-JO
1428240027,3,DIM,,Millimeter,0,ME,ME-JO
1428240027,4,MAT,,,0,ME,ME-JO
1428240027,5,USG,,,0,ME,ME-JO
1428240028,1,TYPE,,,1,CS,CS-GC
1428240028,2,GRA,,,0,CS,CS-GC
1428240028,3,CND,,,0,CS,CS-GC
1428240028,4,APP,,,0,CS,CS-GC
1428240028,5,FAB,,,0,CS,CS-GC
1428240029,1,FTT,,,1,ME,ME-VI
1428240029,2,DIA,,Millimeter,0,ME,ME-VI
1428240029,3,LON,,Millimeter,0,ME,ME-VI
1428240029,4,MAT,,,0,ME,ME-VI
1428240029,5,FIL,,,0,ME,ME-VI
1428240031,1,TYPE,,,0,ME,ME-RO
1428240031,2,DIAI,,Millimeter,1,ME,ME-RO
1428240031,3,SR,,,0,ME,ME-RO
1428240031,4,DIAE,,Millimeter,0,ME,ME-RO
1428240031,5,EPJ,,,0,ME,ME-RO
1428240032,1,TYPE,,,0,ME,ME-RO
1428240032,2,DIAI,,Millimeter,1,ME,ME-RO
1428240032,3,SR,,,0,ME,ME-RO
1428240032,4,DIAE,,Millimeter,0,ME,ME-RO
1428240032,5,EPJ,,,0,ME,ME-RO
1428240033,1,TYPE,,,1,CS,CS-GC
1428240033,2,GRA,,,0,CS,CS-GC
1428240033,3,CND,,,0,CS,CS-GC
1428240033,4,APP,,,0,CS,CS-GC
1428240033,5,FAB,,,0,CS,CS-GC
1428240035,1,TYPE,,,0,ME,ME-JO
1428240035,2,DIA,,Millimeter,1,ME,ME-JO
1428240035,3,DIM,,Millimeter,0,ME,ME-JO
1428240035,4,MAT,,,0,ME,ME-JO
1428240035,5,USG,,,0,ME,ME-JO
1428240045,1,TYPE,,,0,ME,ME-JO
1428240045,2,DIA,,Millimeter,1,ME,ME-JO
1428240045,3,DIM,,Millimeter,0,ME,ME-JO
1428240045,4,MAT,,,0,ME,ME-JO
1428240045,5,USG,,,0,ME,ME-JO
1428240048,1,FTT,,,1,ME,ME-VI
1428240048,2,DIA,,Millimeter,0,ME,ME-VI
1428240048,3,LON,,Millimeter,0,ME,ME-VI
1428240048,4,MAT,,,0,ME,ME-VI
1428240048,5,FIL,,,0,ME,ME-VI
1428240049,1,TYPE,,,0,ME,ME-JO
1428240049,2,DIA,,Millimeter,1,ME,ME-JO
1428240049,3,DIM,,Millimeter,0,ME,ME-JO
1428240049,4,MAT,,,0,ME,ME-JO
1428240049,5,USG,,,0,ME,ME-JO
1428240051,1,TYPE,,,0,ME,ME-JO
1428240051,2,DIA,,Millimeter,1,ME,ME-JO
1428240051,3,DIM,,Millimeter,0,ME,ME-JO
1428240051,4,MAT,,,0,ME,ME-JO
1428240051,5,USG,,,0,ME,ME-JO
1428240053,1,TYPE,,,0,ME,ME-JO
1428240053,2,DIA,,Millimeter,1,ME,ME-JO
1428240053,3,DIM,,Millimeter,0,ME,ME-JO
1428240053,4,MAT,,,0,ME,ME-JO
1428240053,5,USG,,,0,ME,ME-JO
1428240054,1,TPR,,,0,ME,ME-CO
1428240054,2,LPR,,Millimeter,1,ME,ME-CO
1428240054,3,LEP,,Millimeter,0,ME,ME-CO
1428240054,4,PDE,,,0,ME,ME-CO
1428240054,5,MAT,,,0,ME,ME-CO
1428240055,1,TPR,,,0,ME,ME-CO
1428240055,2,LPR,,Millimeter,1,ME,ME-CO
1428240055,3,LEP,,Millimeter,0,ME,ME-CO
1428240055,4,PDE,,,0,ME,ME-CO
1428240055,5,MAT,,,0,ME,ME-CO
1428240058,1,TYPE,,,0,ME,ME-RO
1428240058,2,DIAI,,Millimeter,1,ME,ME-RO
1428240058,3,SR,,,0,ME,ME-RO
1428240058,4,DIAE,,Millimeter,0,ME,ME-RO
1428240058,5,EPJ,,,0,ME,ME-RO
1428240062,1,TYPE,,,0,ME,ME-JO
1428240062,2,DIA,,Millimeter,1,ME,ME-JO
1428240062,3,DIM,,Millimeter,0,ME,ME-JO
1428240062,4,MAT,,,0,ME,ME-JO
1428240062,5,USG,,,0,ME,ME-JO
1428240063,1,TYPE,,,0,ME,ME-JO
1428240063,2,DIA,,Millimeter,1,ME,ME-JO
1428240063,3,DIM,,Millimeter,0,ME,ME-JO
1428240063,4,MAT,,,0,ME,ME-JO
1428240063,5,USG,,,0,ME,ME-JO
1428240064,1,TCP,,,0,EE,EE-CP
1428240064,2,SIG,,,1,EE,EE-CP
1428240064,3,RAC,,,0,EE,EE-CP
1428240064,4,ALIM,,,0,EE,EE-CP
1428240064,5,PLG,,,0,EE,EE-CP
1428240065,1,TYPE,,,0,ME,ME-RO
1428240065,2,DIAI,,Millimeter,1,ME,ME-RO
1428240065,3,SR,,,0,ME,ME-RO
1428240065,4,DIAE,,Millimeter,0,ME,ME-RO
1428240065,5,EPJ,,,0,ME,ME-RO
1428240067,1,TCP,,,0,EE,EE-CP
1428240067,2,SIG,,,1,EE,EE-CP
1428240067,3,RAC,,,0,EE,EE-CP
1428240067,4,ALIM,,,0,EE,EE-CP
1428240067,5,PLG,,,0,EE,EE-CP
1428240072,1,FTT,,,1,ME,ME-VI
1428240072,2,DIA,,Millimeter,0,ME,ME-VI
1428240072,3,LON,,Millimeter,0,ME,ME-VI
1428240072,4,MAT,,,0,ME,ME-VI
1428240072,5,FIL,,,0,ME,ME-VI
1428240073,1,FTT,,,1,ME,ME-VI
1428240073,2,DIA,,Millimeter,0,ME,ME-VI
1428240073,3,LON,,Millimeter,0,ME,ME-VI
1428240073,4,MAT,,,0,ME,ME-VI
1428240073,5,FIL,,,0,ME,ME-VI
1428240074,1,FTT,,,1,ME,ME-VI
1428240074,2,DIA,,Millimeter,0,ME,ME-VI
1428240074,3,LON,,Millimeter,0,ME,ME-VI
1428240074,4,MAT,,,0,ME,ME-VI
1428240074,5,FIL,,,0,ME,ME-VI
1428240075,1,TYPE,,,1,CS,CS-GC
1428240075,2,GRA,,,0,CS,CS-GC
1428240075,3,CND,,,0,CS,CS-GC
1428240075,4,APP,,,0,CS,CS-GC
1428240075,5,FAB,,,0,CS,CS-GC
1428240076,1,FTT,,,1,ME,ME-VI
1428240076,2,DIA,,Millimeter,0,ME,ME-VI
1428240076,3,LON,,Millimeter,0,ME,ME-VI
1428240076,4,MAT,,,0,ME,ME-VI
1428240076,5,FIL,,,0,ME,ME-VI
1428240077,1,FTT,,,1,ME,ME-VI
1428240077,2,DIA,,Millimeter,0,ME,ME-VI
1428240077,3,LON,,Millimeter,0,ME,ME-VI
1428240077,4,MAT,,,0,ME,ME-VI
1428240077,5,FIL,,,0,ME,ME-VI
142824008,1,TFM,,,1,EE,EE-CA
142824008,2,REF,,,0,EE,EE-CA
142824008,3,CONS,,,0,EE,EE-CA
142824008,4,ALIM,,,0,EE,EE-CA
142824008,5,VER,,,0,EE,EE-CA
1428240080,1,TYPE,,,0,ME,ME-RO
1428240080,2,DIAI,,Millimeter,1,ME,ME-RO
1428240080,3,SR,,,0,ME,ME-RO
1428240080,4,DIAE,,Millimeter,0,ME,ME-RO
1428240080,5,EPJ,,,0,ME,ME-RO
1428240081,1,TYPE,,,0,ME,ME-RO
1428240081,2,DIAI,,Millimeter,1,ME,ME-RO
1428240081,3,SR,,,0,ME,ME-RO
1428240081,4,DIAE,,Millimeter,0,ME,ME-RO
1428240081,5,EPJ,,,0,ME,ME-RO
1428240082,1,FTT,,,1,ME,ME-VI
1428240082,2,DIA,,Millimeter,0,ME,ME-VI
1428240082,3,LON,,Millimeter,0,ME,ME-VI
1428240082,4,MAT,,,0,ME,ME-VI
1428240082,5,FIL,,,0,ME,ME-VI
1428240089,1,FTT,,,1,ME,ME-VI
1428240089,2,DIA,,Millimeter,0,ME,ME-VI
1428240089,3,LON,,Millimeter,0,ME,ME-VI
1428240089,4,MAT,,,0,ME,ME-VI
1428240089,5,FIL,,,0,ME,ME-VI
142824009,1,TDC,,,0,EL,EL-MO
142824009,2,PUI,,Kilowatt,1,EL,EL-MO
142824009,3,VIT,,,0,EL,EL-MO
142824009,4,FIX,,,0,EL,EL-MO
142824009,5,TEN,,,0,EL,EL-MO
1428240098,1,TDC,,,0,EL,EL-MO
1428240098,2,PUI,,Kilowatt,1,EL,EL-MO
1428240098,3,VIT,,,0,EL,EL-MO
1428240098,4,FIX,,,0,EL,EL-MO
1428240098,5,TEN,,,0,EL,EL-MO
1428240099,1,TDC,,,0,EL,EL-MO
1428240099,2,PUI,,Kilowatt,1,EL,EL-MO
1428240099,3,VIT,,,0,EL,EL-MO
1428240099,4,FIX,,,0,EL,EL-MO
1428240099,5,TEN,,,0,EL,EL-MO
1428240100,1,TDC,,,0,EL,EL-MO
1428240100,2,PUI,,Kilowatt,1,EL,EL-MO
1428240100,3,VIT,,,0,EL,EL-MO
1428240100,4,FIX,,,0,EL,EL-MO
1428240100,5,TEN,,,0,EL,EL-MO
1428240101,1,TYPE,,,1,CS,CS-GC
1428240101,2,GRA,,,0,CS,CS-GC
1428240101,3,CND,,,0,CS,CS-GC
1428240101,4,APP,,,0,CS,CS-GC
1428240101,5,FAB,,,0,CS,CS-GC
1428240102,1,TPR,,,0,ME,ME-CO
1428240102,2,LPR,,Millimeter,1,ME,ME-CO
1428240102,3,LEP,,Millimeter,0,ME,ME-CO
1428240102,4,PDE,,,0,ME,ME-CO
1428240102,5,MAT,,,0,ME,ME-CO
1428240103,1,TYPE,,,0,ME,ME-RO
1428240103,2,DIAI,,Millimeter,1,ME,ME-RO
1428240103,3,SR,,,0,ME,ME-RO
1428240103,4,DIAE,,Millimeter,0,ME,ME-RO
1428240103,5,EPJ,,,0,ME,ME-RO
1428240104,1,TYPE,,,0,ME,ME-RO
1428240104,2,DIAI,,Millimeter,1,ME,ME-RO
1428240104,3,SR,,,0,ME,ME-RO
1428240104,4,DIAE,,Millimeter,0,ME,ME-RO
1428240104,5,EPJ,,,0,ME,ME-RO
1428240105,1,TYPE,,,1,CS,CS-GC
1428240105,2,GRA,,,0,CS,CS-GC
1428240105,3,CND,,,0,CS,CS-GC
1428240105,4,APP,,,0,CS,CS-GC
1428240105,5,FAB,,,0,CS,CS-GC
1428240106,1,TYPE,,,0,ME,ME-RO
1428240106,2,DIAI,,Millimeter,1,ME,ME-RO
1428240106,3,SR,,,0,ME,ME-RO
1428240106,4,DIAE,,Millimeter,0,ME,ME-RO
1428240106,5,EPJ,,,0,ME,ME-RO
1428240108,1,TYPE,,,0,PN,PN-RA
1428240108,2,DET,,Millimeter,1,PN,PN-RA
1428240108,3,FIL,,,0,PN,PN-RA
1428240108,4,MAT,,,0,PN,PN-RA
1428240108,5,FRM,,,0,PN,PN-RA
1428240109,1,TYPE,,,1,CS,CS-GC
1428240109,2,GRA,,,0,CS,CS-GC
1428240109,3,CND,,,0,CS,CS-GC
1428240109,4,APP,,,0,CS,CS-GC
1428240109,5,FAB,,,0,CS,CS-GC
1428240110,1,TYPE,,,0,SE,SE-EC
1428240110,2,PEN,,Watt,1,SE,SE-EC
1428240110,3,TEN,,,0,SE,SE-EC
1428240110,4,FOR,,,0,SE,SE-EC
1428240110,5,FAB,,,0,SE,SE-EC
1428240113,1,TPR,,,0,ME,ME-CO
1428240113,2,LPR,,Millimeter,1,ME,ME-CO
1428240113,3,LEP,,Millimeter,0,ME,ME-CO
1428240113,4,PDE,,,0,ME,ME-CO
1428240113,5,MAT,,,0,ME,ME-CO
1428240114,1,TPR,,,0,ME,ME-CO
1428240114,2,LPR,,Millimeter,1,ME,ME-CO
1428240114,3,LEP,,Millimeter,0,ME,ME-CO
1428240114,4,PDE,,,0,ME,ME-CO
1428240114,5,MAT,,,0,ME,ME-CO
1428240118,1,TPR,,,0,ME,ME-CO
1428240118,2,LPR,,Millimeter,1,ME,ME-CO
1428240118,3,LEP,,Millimeter,0,ME,ME-CO
1428240118,4,PDE,,,0,ME,ME-CO
1428240118,5,MAT,,,0,ME,ME-CO
1428240120,1,TYPE,,,1,CS,CS-GC
1428240120,2,GRA,,,0,CS,CS-GC
1428240120,3,CND,,,0,CS,CS-GC
1428240120,4,APP,,,0,CS,CS-GC
1428240120,5,FAB,,,0,CS,CS-GC
1428240122,1,TYPE,,,0,ME,ME-RO
1428240122,2,DIAI,,Millimeter,1,ME,ME-RO
1428240122,3,SR,,,0,ME,ME-RO
1428240122,4,DIAE,,Millimeter,0,ME,ME-RO
1428240122,5,EPJ,,,0,ME,ME-RO
1428240126,1,TYPE,,,1,CS,CS-GC
1428240126,2,GRA,,,0,CS,CS-GC
1428240126,3,CND,,,0,CS,CS-GC
1428240126,4,APP,,,0,CS,CS-GC
1428240126,5,FAB,,,0,CS,CS-GC
1428240127,1,TYPE,,,0,ME,ME-RO
1428240127,2,DIAI,,Millimeter,1,ME,ME-RO
1428240127,3,SR,,,0,ME,ME-RO
1428240127,4,DIAE,,Millimeter,0,ME,ME-RO
1428240127,5,EPJ,,,0,ME,ME-RO
1428240129,1,TYPE,,,0,ME,ME-JO
1428240129,2,DIA,,Millimeter,1,ME,ME-JO
1428240129,3,DIM,,Millimeter,0,ME,ME-JO
1428240129,4,MAT,,,0,ME,ME-JO
1428240129,5,USG,,,0,ME,ME-JO
1428240130,1,TYPE,,,0,ME,ME-RO
1428240130,2,DIAI,,Millimeter,1,ME,ME-RO
1428240130,3,SR,,,0,ME,ME-RO
1428240130,4,DIAE,,Millimeter,0,ME,ME-RO
1428240130,5,EPJ,,,0,ME,ME-RO
1428240132,1,FTT,,,1,ME,ME-VI
1428240132,2,DIA,,Millimeter,0,ME,ME-VI
1428240132,3,LON,,Millimeter,0,ME,ME-VI
1428240132,4,MAT,,,0,ME,ME-VI
1428240132,5,FIL,,,0,ME,ME-VI
1428240142,1,TYPE,,,1,CS,CS-GC
1428240142,2,GRA,,,0,CS,CS-GC
1428240142,3,CND,,,0,CS,CS-GC
1428240142,4,APP,,,0,CS,CS-GC
1428240142,5,FAB,,,0,CS,CS-GC
1428240157,1,TYPE,,,0,ME,ME-CH
1428240157,2,PAS,,Millimeter,1,ME,ME-CH
1428240157,3,NBM,,Nos,0,ME,ME-CH
1428240157,4,LON,,Millimeter,0,ME,ME-CH
1428240157,5,STD,,,0,ME,ME-CH
1428240160,1,TYPE,,,0,ME,ME-RO
1428240160,2,DIAI,,Millimeter,1,ME,ME-RO
1428240160,3,SR,,,0,ME,ME-RO
1428240160,4,DIAE,,Millimeter,0,ME,ME-RO
1428240160,5,EPJ,,,0,ME,ME-RO
1428240161,1,TPR,,,0,ME,ME-CO
1428240161,2,LPR,,Millimeter,1,ME,ME-CO
1428240161,3,LEP,,Millimeter,0,ME,ME-CO
1428240161,4,PDE,,,0,ME,ME-CO
1428240161,5,MAT,,,0,ME,ME-CO
1428240163,1,TPR,,,0,ME,ME-CO
1428240163,2,LPR,,Millimeter,1,ME,ME-CO
1428240163,3,LEP,,Millimeter,0,ME,ME-CO
1428240163,4,PDE,,,0,ME,ME-CO
1428240163,5,MAT,,,0,ME,ME-CO
1428240165,1,TYPE,,,1,CS,CS-JG
1428240165,2,MAT,,,0,CS,CS-JG
1428240165,3,DIM,,Millimeter,0,CS,CS-JG
1428240165,4,REFERENC,,,0,CS,CS-JG
1428240165,5,FAB,,,0,CS,CS-JG
1428240166,1,TYPE,,,1,CS,CS-JG
1428240166,2,MAT,,,0,CS,CS-JG
1428240166,3,DIM,,Millimeter,0,CS,CS-JG
1428240166,4,REFERENC,,,0,CS,CS-JG
1428240166,5,FAB,,,0,CS,CS-JG
142824052,1,TYPE,,,0,HY,HY-FL
142824052,2,DN,,,1,HY,HY-FL
142824052,3,LON,,Millimeter,0,HY,HY-FL
142824052,4,EMB,,,0,HY,HY-FL
142824052,5,PRE,,Bar,0,HY,HY-FL
142824069,1,TYPE,,,0,HY,HY-VE
142824069,2,DAP,,Millimeter,1,HY,HY-VE
142824069,3,DGT,,Millimeter,0,HY,HY-VE
142824069,4,COU,,Millimeter,0,HY,HY-VE
142824069,5,PRE,,Bar,0,HY,HY-VE
142824072,1,TYPE,,,0,SE,SE-PM
142824072,2,MAF,,,1,SE,SE-PM
142824072,3,DIM,,Millimeter,0,SE,SE-PM
142824072,4,CPS,,,0,SE,SE-PM
142824072,5,TEN,,,0,SE,SE-PM
142824076,1,TYPE,,,0,EL,EL-CA
142824076,2,SEC,,,1,EL,EL-CA
142824076,3,NBCD,,Nos,0,EL,EL-CA
142824076,4,MAT,,,0,EL,EL-CA
142824076,5,BLI,,,0,EL,EL-CA
142824077,1,TDC,,,0,EL,EL-MO
142824077,2,PUI,,Kilowatt,1,EL,EL-MO
142824077,3,VIT,,,0,EL,EL-MO
142824077,4,FIX,,,0,EL,EL-MO
142824077,5,TEN,,,0,EL,EL-MO
142824079,1,TPR,,,0,ME,ME-CO
142824079,2,LPR,,Millimeter,1,ME,ME-CO
142824079,3,LEP,,Millimeter,0,ME,ME-CO
142824079,4,PDE,,,0,ME,ME-CO
142824079,5,MAT,,,0,ME,ME-CO
142824080,1,TPR,,,0,ME,ME-CO
142824080,2,LPR,,Millimeter,1,ME,ME-CO
142824080,3,LEP,,Millimeter,0,ME,ME-CO
142824080,4,PDE,,,0,ME,ME-CO
142824080,5,MAT,,,0,ME,ME-CO
142824082,1,TPR,,,0,ME,ME-CO
142824082,2,LPR,,Millimeter,1,ME,ME-CO
142824082,3,LEP,,Millimeter,0,ME,ME-CO
142824082,4,PDE,,,0,ME,ME-CO
142824082,5,MAT,,,0,ME,ME-CO
142824085,1,TAL,,,0,IN,IN-VA
142824085,2,PMM,,Kilowatt,1,IN,IN-VA
142824085,3,MOD,,,0,IN,IN-VA
142824085,4,TEN,,,0,IN,IN-VA
142824085,5,FAB,,,0,IN,IN-VA
142824092,1,TYPE,,,0,ME,ME-EN
142824092,2,NDR,,,1,ME,ME-EN
142824092,3,MODU,,,0,ME,ME-EN
142824092,4,DIM,,Millimeter,0,ME,ME-EN
142824092,5,MAT,,,0,ME,ME-EN
142824094,1,TFM,,,1,EE,EE-CA
142824094,2,REF,,,0,EE,EE-CA
142824094,3,CONS,,,0,EE,EE-CA
142824094,4,ALIM,,,0,EE,EE-CA
142824094,5,VER,,,0,EE,EE-CA
142824237,1,TPR,,,0,ME,ME-CO
142824237,2,LPR,,Millimeter,1,ME,ME-CO
142824237,3,LEP,,Millimeter,0,ME,ME-CO
142824237,4,PDE,,,0,ME,ME-CO
142824237,5,MAT,,,0,ME,ME-CO
142824238,1,TYPE,,,1,CS,CS-GC
142824238,2,GRA,,,0,CS,CS-GC
142824238,3,CND,,,0,CS,CS-GC
142824238,4,APP,,,0,CS,CS-GC
142824238,5,FAB,,,0,CS,CS-GC
142824239,1,FTT,,,1,ME,ME-VI
142824239,2,DIA,,Millimeter,0,ME,ME-VI
142824239,3,LON,,Millimeter,0,ME,ME-VI
142824239,4,MAT,,,0,ME,ME-VI
142824239,5,FIL,,,0,ME,ME-VI
142824240,1,FTT,,,1,ME,ME-VI
142824240,2,DIA,,Millimeter,0,ME,ME-VI
142824240,3,LON,,Millimeter,0,ME,ME-VI
142824240,4,MAT,,,0,ME,ME-VI
142824240,5,FIL,,,0,ME,ME-VI
142824247,1,TYPE,,,0,ME,ME-RO
142824247,2,DIAI,,Millimeter,1,ME,ME-RO
142824247,3,SR,,,0,ME,ME-RO
142824247,4,DIAE,,Millimeter,0,ME,ME-RO
142824247,5,EPJ,,,0,ME,ME-RO
142825004,1,TFM,,,1,EE,EE-CA
142825004,2,REF,,,0,EE,EE-CA
142825004,3,CONS,,,0,EE,EE-CA
142825004,4,ALIM,,,0,EE,EE-CA
142825004,5,VER,,,0,EE,EE-CA
142825007,1,TYPE,,,0,EL,EL-DI
142825007,2,CAL,,AMP,1,EL,EL-DI
142825007,3,TEN,,,0,EL,EL-DI
142825007,4,NBP,,Nos,0,EL,EL-DI
142825007,5,FAB,,,0,EL,EL-DI
142825010,1,FIL,,,0,PN,PN-RE
142825010,2,PPM,,Bar,1,PN,PN-RE
142825010,3,OPT,,,0,PN,PN-RE
142825010,4,TYPE,,,0,PN,PN-RE
142825010,5,DEB,,,0,PN,PN-RE
142825011,1,TCP,,,0,EE,EE-CP
142825011,2,SIG,,,1,EE,EE-CP
142825011,3,RAC,,,0,EE,EE-CP
142825011,4,ALIM,,,0,EE,EE-CP
142825011,5,PLG,,,0,EE,EE-CP
142828003,1,TAL,,,0,IN,IN-VA
142828003,2,PMM,,Kilowatt,1,IN,IN-VA
142828003,3,MOD,,,0,IN,IN-VA
142828003,4,TEN,,,0,IN,IN-VA
142828003,5,FAB,,,0,IN,IN-VA
142828006,1,TYPE,,,0,ME,ME-EN
142828006,2,NDR,,,1,ME,ME-EN
142828006,3,MODU,,,0,ME,ME-EN
142828006,4,DIM,,Millimeter,0,ME,ME-EN
142828006,5,MAT,,,0,ME,ME-EN
142828024,1,TYPE,,,0,ME,ME-RO
142828024,2,DIAI,,Millimeter,1,ME,ME-RO
142828024,3,SR,,,0,ME,ME-RO
142828024,4,DIAE,,Millimeter,0,ME,ME-RO
142828024,5,EPJ,,,0,ME,ME-RO
142828025,1,TYPE,,,0,ME,ME-RO
142828025,2,DIAI,,Millimeter,1,ME,ME-RO
142828025,3,SR,,,0,ME,ME-RO
142828025,4,DIAE,,Millimeter,0,ME,ME-RO
142828025,5,EPJ,,,0,ME,ME-RO
142828035,1,TYPE,,,0,ME,ME-RO
142828035,2,DIAI,,Millimeter,1,ME,ME-RO
142828035,3,SR,,,0,ME,ME-RO
142828035,4,DIAE,,Millimeter,0,ME,ME-RO
142828035,5,EPJ,,,0,ME,ME-RO
142828043,1,TYPE,,,0,ME,ME-EN
142828043,2,NDR,,,1,ME,ME-EN
142828043,3,MODU,,,0,ME,ME-EN
142828043,4,DIM,,Millimeter,0,ME,ME-EN
142828043,5,MAT,,,0,ME,ME-EN
142828045,1,TYPE,,,0,ME,ME-RO
142828045,2,DIAI,,Millimeter,1,ME,ME-RO
142828045,3,SR,,,0,ME,ME-RO
142828045,4,DIAE,,Millimeter,0,ME,ME-RO
142828045,5,EPJ,,,0,ME,ME-RO
142828058,1,TYPE,,,0,ME,ME-EN
142828058,2,NDR,,,1,ME,ME-EN
142828058,3,MODU,,,0,ME,ME-EN
142828058,4,DIM,,Millimeter,0,ME,ME-EN
142828058,5,MAT,,,0,ME,ME-EN
142828060,1,TYPE,,,0,HY,HY-FL
142828060,2,DN,,,1,HY,HY-FL
142828060,3,LON,,Millimeter,0,HY,HY-FL
142828060,4,EMB,,,0,HY,HY-FL
142828060,5,PRE,,Bar,0,HY,HY-FL
142828064,1,TCP,,,0,EE,EE-CP
142828064,2,SIG,,,1,EE,EE-CP
142828064,3,RAC,,,0,EE,EE-CP
142828064,4,ALIM,,,0,EE,EE-CP
142828064,5,PLG,,,0,EE,EE-CP
142828078,1,TYPE,,,0,ME,ME-RO
142828078,2,DIAI,,Millimeter,1,ME,ME-RO
142828078,3,SR,,,0,ME,ME-RO
142828078,4,DIAE,,Millimeter,0,ME,ME-RO
142828078,5,EPJ,,,0,ME,ME-RO
142828081,1,TYPE,,,0,ME,ME-RO
142828081,2,DIAI,,Millimeter,1,ME,ME-RO
142828081,3,SR,,,0,ME,ME-RO
142828081,4,DIAE,,Millimeter,0,ME,ME-RO
142828081,5,EPJ,,,0,ME,ME-RO
142828082,1,TYPE,,,0,ME,ME-RO
142828082,2,DIAI,,Millimeter,1,ME,ME-RO
142828082,3,SR,,,0,ME,ME-RO
142828082,4,DIAE,,Millimeter,0,ME,ME-RO
142828082,5,EPJ,,,0,ME,ME-RO
142828083,1,TFM,,,1,EE,EE-CA
142828083,2,REF,,,0,EE,EE-CA
142828083,3,CONS,,,0,EE,EE-CA
142828083,4,ALIM,,,0,EE,EE-CA
142828083,5,VER,,,0,EE,EE-CA
142828087,1,TAL,,,0,IN,IN-VA
142828087,2,PMM,,Kilowatt,1,IN,IN-VA
142828087,3,MOD,,,0,IN,IN-VA
142828087,4,TEN,,,0,IN,IN-VA
142828087,5,FAB,,,0,IN,IN-VA
142828093,1,TDC,,,0,EL,EL-MO
142828093,2,PUI,,Kilowatt,1,EL,EL-MO
142828093,3,VIT,,,0,EL,EL-MO
142828093,4,FIX,,,0,EL,EL-MO
142828093,5,TEN,,,0,EL,EL-MO
142828095,1,FTT,,,1,ME,ME-VI
142828095,2,DIA,,Millimeter,0,ME,ME-VI
142828095,3,LON,,Millimeter,0,ME,ME-VI
142828095,4,MAT,,,0,ME,ME-VI
142828095,5,FIL,,,0,ME,ME-VI
142828096,1,FTT,,,1,ME,ME-VI
142828096,2,DIA,,Millimeter,0,ME,ME-VI
142828096,3,LON,,Millimeter,0,ME,ME-VI
142828096,4,MAT,,,0,ME,ME-VI
142828096,5,FIL,,,0,ME,ME-VI
142828117,1,FTT,,,1,ME,ME-VI
142828117,2,DIA,,Millimeter,0,ME,ME-VI
142828117,3,LON,,Millimeter,0,ME,ME-VI
142828117,4,MAT,,,0,ME,ME-VI
142828117,5,FIL,,,0,ME,ME-VI
142828125,1,TYPE,,,0,ME,ME-JO
142828125,2,DIA,,Millimeter,1,ME,ME-JO
142828125,3,DIM,,Millimeter,0,ME,ME-JO
142828125,4,MAT,,,0,ME,ME-JO
142828125,5,USG,,,0,ME,ME-JO
142828126,1,TYPE,,,0,ME,ME-JO
142828126,2,DIA,,Millimeter,1,ME,ME-JO
142828126,3,DIM,,Millimeter,0,ME,ME-JO
142828126,4,MAT,,,0,ME,ME-JO
142828126,5,USG,,,0,ME,ME-JO
142828144,1,TYPE,,,0,ME,ME-JO
142828144,2,DIA,,Millimeter,1,ME,ME-JO
142828144,3,DIM,,Millimeter,0,ME,ME-JO
142828144,4,MAT,,,0,ME,ME-JO
142828144,5,USG,,,0,ME,ME-JO
142828146,1,TYPE,,,0,ME,ME-JO
142828146,2,DIA,,Millimeter,1,ME,ME-JO
142828146,3,DIM,,Millimeter,0,ME,ME-JO
142828146,4,MAT,,,0,ME,ME-JO
142828146,5,USG,,,0,ME,ME-JO
142828149,1,TYPE,,,0,ME,ME-JO
142828149,2,DIA,,Millimeter,1,ME,ME-JO
142828149,3,DIM,,Millimeter,0,ME,ME-JO
142828149,4,MAT,,,0,ME,ME-JO
142828149,5,USG,,,0,ME,ME-JO
142828155,1,FTT,,,1,ME,ME-VI
142828155,2,DIA,,Millimeter,0,ME,ME-VI
142828155,3,LON,,Millimeter,0,ME,ME-VI
142828155,4,MAT,,,0,ME,ME-VI
142828155,5,FIL,,,0,ME,ME-VI
142828157,1,TYPE,,,0,ME,ME-RO
142828157,2,DIAI,,Millimeter,1,ME,ME-RO
142828157,3,SR,,,0,ME,ME-RO
142828157,4,DIAE,,Millimeter,0,ME,ME-RO
142828157,5,EPJ,,,0,ME,ME-RO
142828158,1,TYPE,,,0,ME,ME-RO
142828158,2,DIAI,,Millimeter,1,ME,ME-RO
142828158,3,SR,,,0,ME,ME-RO
142828158,4,DIAE,,Millimeter,0,ME,ME-RO
142828158,5,EPJ,,,0,ME,ME-RO
142828160,1,TYPE,,,0,ME,ME-RO
142828160,2,DIAI,,Millimeter,1,ME,ME-RO
142828160,3,SR,,,0,ME,ME-RO
142828160,4,DIAE,,Millimeter,0,ME,ME-RO
142828160,5,EPJ,,,0,ME,ME-RO
142828165,1,TYPE,,,0,ME,ME-RO
142828165,2,DIAI,,Millimeter,1,ME,ME-RO
142828165,3,SR,,,0,ME,ME-RO
142828165,4,DIAE,,Millimeter,0,ME,ME-RO
142828165,5,EPJ,,,0,ME,ME-RO
142828206,1,TYPE,,,0,HY,HY-FI
142828206,2,SEU,,Micrometer,1,HY,HY-FI
142828206,3,RAC,,,0,HY,HY-FI
142828206,4,DEB,,,0,HY,HY-FI
142828206,5,FAB,,,0,HY,HY-FI
142828214,1,TYPE,,,0,ME,ME-CH
142828214,2,PAS,,Millimeter,1,ME,ME-CH
142828214,3,NBM,,Nos,0,ME,ME-CH
142828214,4,LON,,Millimeter,0,ME,ME-CH
142828214,5,STD,,,0,ME,ME-CH
142830002,1,TAL,,,0,IN,IN-VA
142830002,2,PMM,,Kilowatt,1,IN,IN-VA
142830002,3,MOD,,,0,IN,IN-VA
142830002,4,TEN,,,0,IN,IN-VA
142830002,5,FAB,,,0,IN,IN-VA
142830003,1,TAL,,,0,IN,IN-VA
142830003,2,PMM,,Kilowatt,1,IN,IN-VA
142830003,3,MOD,,,0,IN,IN-VA
142830003,4,TEN,,,0,IN,IN-VA
142830003,5,FAB,,,0,IN,IN-VA
142830004,1,TAL,,,0,IN,IN-VA
142830004,2,PMM,,Kilowatt,1,IN,IN-VA
142830004,3,MOD,,,0,IN,IN-VA
142830004,4,TEN,,,0,IN,IN-VA
142830004,5,FAB,,,0,IN,IN-VA
142830009,1,TFM,,,1,EE,EE-CA
142830009,2,REF,,,0,EE,EE-CA
142830009,3,CONS,,,0,EE,EE-CA
142830009,4,ALIM,,,0,EE,EE-CA
142830009,5,VER,,,0,EE,EE-CA
142830012,1,TYPE,,,0,EL,EL-CA
142830012,2,SEC,,,1,EL,EL-CA
142830012,3,NBCD,,Nos,0,EL,EL-CA
142830012,4,MAT,,,0,EL,EL-CA
142830012,5,BLI,,,0,EL,EL-CA
142830014,1,TYPE,,,0,EL,EL-CO
142830014,2,ICM,,AMP,1,EL,EL-CO
142830014,3,TNB,,,0,EL,EL-CO
142830014,4,NBC,,Nos,0,EL,EL-CO
142830014,5,FAB,,,0,EL,EL-CO
142830015,1,TYPE,,,0,ME,ME-RO
142830015,2,DIAI,,Millimeter,1,ME,ME-RO
142830015,3,SR,,,0,ME,ME-RO
142830015,4,DIAE,,Millimeter,0,ME,ME-RO
142830015,5,EPJ,,,0,ME,ME-RO
142830016,1,TYPE,,,0,ME,ME-RO
142830016,2,DIAI,,Millimeter,1,ME,ME-RO
142830016,3,SR,,,0,ME,ME-RO
142830016,4,DIAE,,Millimeter,0,ME,ME-RO
142830016,5,EPJ,,,0,ME,ME-RO
142830017,1,TYPE,,,0,ME,ME-RO
142830017,2,DIAI,,Millimeter,1,ME,ME-RO
142830017,3,SR,,,0,ME,ME-RO
142830017,4,DIAE,,Millimeter,0,ME,ME-RO
142830017,5,EPJ,,,0,ME,ME-RO
142830019,1,TYPE,,,0,ME,ME-RO
142830019,2,DIAI,,Millimeter,1,ME,ME-RO
142830019,3,SR,,,0,ME,ME-RO
142830019,4,DIAE,,Millimeter,0,ME,ME-RO
142830019,5,EPJ,,,0,ME,ME-RO
142830021,1,TYPE,,,0,EL,EL-CO
142830021,2,ICM,,AMP,1,EL,EL-CO
142830021,3,TNB,,,0,EL,EL-CO
142830021,4,NBC,,Nos,0,EL,EL-CO
142830021,5,FAB,,,0,EL,EL-CO
142830022,1,TYPE,,,0,ME,ME-RO
142830022,2,DIAI,,Millimeter,1,ME,ME-RO
142830022,3,SR,,,0,ME,ME-RO
142830022,4,DIAE,,Millimeter,0,ME,ME-RO
142830022,5,EPJ,,,0,ME,ME-RO
142830023,1,TYPE,,,0,ME,ME-RO
142830023,2,DIAI,,Millimeter,1,ME,ME-RO
142830023,3,SR,,,0,ME,ME-RO
142830023,4,DIAE,,Millimeter,0,ME,ME-RO
142830023,5,EPJ,,,0,ME,ME-RO
142830028,1,TCP,,,0,EE,EE-CP
142830028,2,SIG,,,1,EE,EE-CP
142830028,3,RAC,,,0,EE,EE-CP
142830028,4,ALIM,,,0,EE,EE-CP
142830028,5,PLG,,,0,EE,EE-CP
142830029,1,TYPE,,,0,EL,EL-CO
142830029,2,ICM,,AMP,1,EL,EL-CO
142830029,3,TNB,,,0,EL,EL-CO
142830029,4,NBC,,Nos,0,EL,EL-CO
142830029,5,FAB,,,0,EL,EL-CO
142830034,1,TYPE,,,0,ME,ME-RO
142830034,2,DIAI,,Millimeter,1,ME,ME-RO
142830034,3,SR,,,0,ME,ME-RO
142830034,4,DIAE,,Millimeter,0,ME,ME-RO
142830034,5,EPJ,,,0,ME,ME-RO
142830035,1,TYPE,,,0,ME,ME-RO
142830035,2,DIAI,,Millimeter,1,ME,ME-RO
142830035,3,SR,,,0,ME,ME-RO
142830035,4,DIAE,,Millimeter,0,ME,ME-RO
142830035,5,EPJ,,,0,ME,ME-RO
142830036,1,TYPE,,,0,ME,ME-RO
142830036,2,DIAI,,Millimeter,1,ME,ME-RO
142830036,3,SR,,,0,ME,ME-RO
142830036,4,DIAE,,Millimeter,0,ME,ME-RO
142830036,5,EPJ,,,0,ME,ME-RO
142830037,1,TYPE,,,0,ME,ME-RO
142830037,2,DIAI,,Millimeter,1,ME,ME-RO
142830037,3,SR,,,0,ME,ME-RO
142830037,4,DIAE,,Millimeter,0,ME,ME-RO
142830037,5,EPJ,,,0,ME,ME-RO
142830042,1,TPR,,,0,ME,ME-CO
142830042,2,LPR,,Millimeter,1,ME,ME-CO
142830042,3,LEP,,Millimeter,0,ME,ME-CO
142830042,4,PDE,,,0,ME,ME-CO
142830042,5,MAT,,,0,ME,ME-CO
142830043,1,TPR,,,0,ME,ME-CO
142830043,2,LPR,,Millimeter,1,ME,ME-CO
142830043,3,LEP,,Millimeter,0,ME,ME-CO
142830043,4,PDE,,,0,ME,ME-CO
142830043,5,MAT,,,0,ME,ME-CO
142830045,1,TAL,,,0,IN,IN-VA
142830045,2,PMM,,Kilowatt,1,IN,IN-VA
142830045,3,MOD,,,0,IN,IN-VA
142830045,4,TEN,,,0,IN,IN-VA
142830045,5,FAB,,,0,IN,IN-VA
142830047,1,TPR,,,0,ME,ME-CO
142830047,2,LPR,,Millimeter,1,ME,ME-CO
142830047,3,LEP,,Millimeter,0,ME,ME-CO
142830047,4,PDE,,,0,ME,ME-CO
142830047,5,MAT,,,0,ME,ME-CO
142830048,1,TPR,,,0,ME,ME-CO
142830048,2,LPR,,Millimeter,1,ME,ME-CO
142830048,3,LEP,,Millimeter,0,ME,ME-CO
142830048,4,PDE,,,0,ME,ME-CO
142830048,5,MAT,,,0,ME,ME-CO
142830049,1,TYPE,,,0,EL,EL-CO
142830049,2,ICM,,AMP,1,EL,EL-CO
142830049,3,TNB,,,0,EL,EL-CO
142830049,4,NBC,,Nos,0,EL,EL-CO
142830049,5,FAB,,,0,EL,EL-CO
142830050,1,SER,,,0,EE,EE-AU
142830050,2,NES,,Nos,1,EE,EE-AU
142830050,3,ALIM,,,0,EE,EE-AU
142830050,4,CONS,,,0,EE,EE-AU
142830050,5,TMO,,,0,EE,EE-AU
142830051,1,TYPE,,,0,HY,HY-FI
142830051,2,SEU,,Micrometer,1,HY,HY-FI
142830051,3,RAC,,,0,HY,HY-FI
142830051,4,DEB,,,0,HY,HY-FI
142830051,5,FAB,,,0,HY,HY-FI
142830054,1,TYPE,,,0,EL,EL-CO
142830054,2,ICM,,AMP,1,EL,EL-CO
142830054,3,TNB,,,0,EL,EL-CO
142830054,4,NBC,,Nos,0,EL,EL-CO
142830054,5,FAB,,,0,EL,EL-CO
142830055,1,TFM,,,1,EE,EE-CA
142830055,2,REF,,,0,EE,EE-CA
142830055,3,CONS,,,0,EE,EE-CA
142830055,4,ALIM,,,0,EE,EE-CA
142830055,5,VER,,,0,EE,EE-CA
142830056,1,TCP,,,0,EE,EE-CP
142830056,2,SIG,,,1,EE,EE-CP
142830056,3,RAC,,,0,EE,EE-CP
142830056,4,ALIM,,,0,EE,EE-CP
142830056,5,PLG,,,0,EE,EE-CP
142830058,1,TYPE,,,0,PN,PN-RA
142830058,2,DET,,Millimeter,1,PN,PN-RA
142830058,3,FIL,,,0,PN,PN-RA
142830058,4,MAT,,,0,PN,PN-RA
142830058,5,FRM,,,0,PN,PN-RA
142830059,1,TYPE,,,0,ME,ME-JO
142830059,2,DIA,,Millimeter,1,ME,ME-JO
142830059,3,DIM,,Millimeter,0,ME,ME-JO
142830059,4,MAT,,,0,ME,ME-JO
142830059,5,USG,,,0,ME,ME-JO
142900005,1,TYPE,,,0,EL,EL-CA
142900005,2,SEC,,,1,EL,EL-CA
142900005,3,NBCD,,Nos,0,EL,EL-CA
142900005,4,MAT,,,0,EL,EL-CA
142900005,5,BLI,,,0,EL,EL-CA
142900006,1,TYPE,,,0,EL,EL-RE
142900006,2,TDCB,,,1,EL,EL-RE
142900006,3,CRT,,AMP,0,EL,EL-RE
142900006,4,NBC,,Nos,0,EL,EL-RE
142900006,5,FAB,,,0,EL,EL-RE
142900009,1,TCP,,,0,EE,EE-CP
142900009,2,SIG,,,1,EE,EE-CP
142900009,3,RAC,,,0,EE,EE-CP
142900009,4,ALIM,,,0,EE,EE-CP
142900009,5,PLG,,,0,EE,EE-CP
143709016,1,TYPE,,,0,EL,EL-DI
143709016,2,CAL,,AMP,1,EL,EL-DI
143709016,3,TEN,,,0,EL,EL-DI
143709016,4,NBP,,Nos,0,EL,EL-DI
143709016,5,FAB,,,0,EL,EL-DI
143709020,1,TYPE,,,0,ME,ME-RO
143709020,2,DIAI,,Millimeter,1,ME,ME-RO
143709020,3,SR,,,0,ME,ME-RO
143709020,4,DIAE,,Millimeter,0,ME,ME-RO
143709020,5,EPJ,,,0,ME,ME-RO
143709022,1,TYPE,,,0,ME,ME-EN
143709022,2,NDR,,,1,ME,ME-EN
143709022,3,MODU,,,0,ME,ME-EN
143709022,4,DIM,,Millimeter,0,ME,ME-EN
143709022,5,MAT,,,0,ME,ME-EN
143709023,1,FTT,,,1,ME,ME-VI
143709023,2,DIA,,Millimeter,0,ME,ME-VI
143709023,3,LON,,Millimeter,0,ME,ME-VI
143709023,4,MAT,,,0,ME,ME-VI
143709023,5,FIL,,,0,ME,ME-VI
143709025,1,TYPE,,,0,ME,ME-RO
143709025,2,DIAI,,Millimeter,1,ME,ME-RO
143709025,3,SR,,,0,ME,ME-RO
143709025,4,DIAE,,Millimeter,0,ME,ME-RO
143709025,5,EPJ,,,0,ME,ME-RO
143709026,1,TYPE,,,0,ME,ME-RO
143709026,2,DIAI,,Millimeter,1,ME,ME-RO
143709026,3,SR,,,0,ME,ME-RO
143709026,4,DIAE,,Millimeter,0,ME,ME-RO
143709026,5,EPJ,,,0,ME,ME-RO
143709028,1,TYPE,,,0,ME,ME-RO
143709028,2,DIAI,,Millimeter,1,ME,ME-RO
143709028,3,SR,,,0,ME,ME-RO
143709028,4,DIAE,,Millimeter,0,ME,ME-RO
143709028,5,EPJ,,,0,ME,ME-RO
143709029,1,TYPE,,,0,HY,HY-FL
143709029,2,DN,,,1,HY,HY-FL
143709029,3,LON,,Millimeter,0,HY,HY-FL
143709029,4,EMB,,,0,HY,HY-FL
143709029,5,PRE,,Bar,0,HY,HY-FL
143709030,1,TYPE,,,0,HY,HY-FL
143709030,2,DN,,,1,HY,HY-FL
143709030,3,LON,,Millimeter,0,HY,HY-FL
143709030,4,EMB,,,0,HY,HY-FL
143709030,5,PRE,,Bar,0,HY,HY-FL
143709033,1,TPR,,,0,ME,ME-CO
143709033,2,LPR,,Millimeter,1,ME,ME-CO
143709033,3,LEP,,Millimeter,0,ME,ME-CO
143709033,4,PDE,,,0,ME,ME-CO
143709033,5,MAT,,,0,ME,ME-CO
143709034,1,TPR,,,0,ME,ME-CO
143709034,2,LPR,,Millimeter,1,ME,ME-CO
143709034,3,LEP,,Millimeter,0,ME,ME-CO
143709034,4,PDE,,,0,ME,ME-CO
143709034,5,MAT,,,0,ME,ME-CO
143709039,1,TYPE,,,0,ME,ME-EN
143709039,2,NDR,,,1,ME,ME-EN
143709039,3,MODU,,,0,ME,ME-EN
143709039,4,DIM,,Millimeter,0,ME,ME-EN
143709039,5,MAT,,,0,ME,ME-EN
143709043,1,TYPE,,,1,CS,CS-GC
143709043,2,GRA,,,0,CS,CS-GC
143709043,3,CND,,,0,CS,CS-GC
143709043,4,APP,,,0,CS,CS-GC
143709043,5,FAB,,,0,CS,CS-GC
143709044,1,TYPE,,,1,CS,CS-GC
143709044,2,GRA,,,0,CS,CS-GC
143709044,3,CND,,,0,CS,CS-GC
143709044,4,APP,,,0,CS,CS-GC
143709044,5,FAB,,,0,CS,CS-GC
143709049,1,TYPE,,,0,HY,HY-PO
143709049,2,DEB,,,1,HY,HY-PO
143709049,3,CYL,,,0,HY,HY-PO
143709049,4,PRE,,Bar,0,HY,HY-PO
143709049,5,LIQ,,,0,HY,HY-PO
143709052,1,TFM,,,1,EE,EE-CA
143709052,2,REF,,,0,EE,EE-CA
143709052,3,CONS,,,0,EE,EE-CA
143709052,4,ALIM,,,0,EE,EE-CA
143709052,5,VER,,,0,EE,EE-CA
143709056,1,MAT,,,0,PN,PN-TU
143709056,2,DXI,,Millimeter,1,PN,PN-TU
143709056,3,CLR,,,0,PN,PN-TU
143709056,4,PRE,,Bar,0,PN,PN-TU
143709056,5,LON,,Millimeter,0,PN,PN-TU
143709058,1,TYPE,,,0,ME,ME-EN
143709058,2,NDR,,,1,ME,ME-EN
143709058,3,MODU,,,0,ME,ME-EN
143709058,4,DIM,,Millimeter,0,ME,ME-EN
143709058,5,MAT,,,0,ME,ME-EN
143709059,1,TPR,,,0,ME,ME-CO
143709059,2,LPR,,Millimeter,1,ME,ME-CO
143709059,3,LEP,,Millimeter,0,ME,ME-CO
143709059,4,PDE,,,0,ME,ME-CO
143709059,5,MAT,,,0,ME,ME-CO
143709060,1,TPR,,,0,ME,ME-CO
143709060,2,LPR,,Millimeter,1,ME,ME-CO
143709060,3,LEP,,Millimeter,0,ME,ME-CO
143709060,4,PDE,,,0,ME,ME-CO
143709060,5,MAT,,,0,ME,ME-CO
143709061,1,SER,,,0,EE,EE-AU
143709061,2,NES,,Nos,1,EE,EE-AU
143709061,3,ALIM,,,0,EE,EE-AU
143709061,4,CONS,,,0,EE,EE-AU
143709061,5,TMO,,,0,EE,EE-AU
143709062,1,TYPE,,,0,HY,HY-PO
143709062,2,DEB,,,1,HY,HY-PO
143709062,3,CYL,,,0,HY,HY-PO
143709062,4,PRE,,Bar,0,HY,HY-PO
143709062,5,LIQ,,,0,HY,HY-PO
143709064,1,TPR,,,0,ME,ME-CO
143709064,2,LPR,,Millimeter,1,ME,ME-CO
143709064,3,LEP,,Millimeter,0,ME,ME-CO
143709064,4,PDE,,,0,ME,ME-CO
143709064,5,MAT,,,0,ME,ME-CO
143709106,1,TYPE,,,0,ME,ME-JO
143709106,2,DIA,,Millimeter,1,ME,ME-JO
143709106,3,DIM,,Millimeter,0,ME,ME-JO
143709106,4,MAT,,,0,ME,ME-JO
143709106,5,USG,,,0,ME,ME-JO
143709123,1,TYPE,,,0,ME,ME-JO
143709123,2,DIA,,Millimeter,1,ME,ME-JO
143709123,3,DIM,,Millimeter,0,ME,ME-JO
143709123,4,MAT,,,0,ME,ME-JO
143709123,5,USG,,,0,ME,ME-JO
143709131,1,TYPE,,,0,ME,ME-JO
143709131,2,DIA,,Millimeter,1,ME,ME-JO
143709131,3,DIM,,Millimeter,0,ME,ME-JO
143709131,4,MAT,,,0,ME,ME-JO
143709131,5,USG,,,0,ME,ME-JO
143709135,1,TCP,,,0,EE,EE-CP
143709135,2,SIG,,,1,EE,EE-CP
143709135,3,RAC,,,0,EE,EE-CP
143709135,4,ALIM,,,0,EE,EE-CP
143709135,5,PLG,,,0,EE,EE-CP
143748078,1,TYPE,,,1,CS,CS-GC
143748078,2,GRA,,,0,CS,CS-GC
143748078,3,CND,,,0,CS,CS-GC
143748078,4,APP,,,0,CS,CS-GC
143748078,5,FAB,,,0,CS,CS-GC
143748101,1,TYPE,,,0,ME,ME-JO
143748101,2,DIA,,Millimeter,1,ME,ME-JO
143748101,3,DIM,,Millimeter,0,ME,ME-JO
143748101,4,MAT,,,0,ME,ME-JO
143748101,5,USG,,,0,ME,ME-JO
143748104,1,TYPE,,,0,ME,ME-RO
143748104,2,DIAI,,Millimeter,1,ME,ME-RO
143748104,3,SR,,,0,ME,ME-RO
143748104,4,DIAE,,Millimeter,0,ME,ME-RO
143748104,5,EPJ,,,0,ME,ME-RO
143748134,1,SER,,,0,EE,EE-AU
143748134,2,NES,,Nos,1,EE,EE-AU
143748134,3,ALIM,,,0,EE,EE-AU
143748134,4,CONS,,,0,EE,EE-AU
143748134,5,TMO,,,0,EE,EE-AU
143748145,1,TPR,,,0,ME,ME-CO
143748145,2,LPR,,Millimeter,1,ME,ME-CO
143748145,3,LEP,,Millimeter,0,ME,ME-CO
143748145,4,PDE,,,0,ME,ME-CO
143748145,5,MAT,,,0,ME,ME-CO
143748147,1,TYPE,,,0,ME,ME-JO
143748147,2,DIA,,Millimeter,1,ME,ME-JO
143748147,3,DIM,,Millimeter,0,ME,ME-JO
143748147,4,MAT,,,0,ME,ME-JO
143748147,5,USG,,,0,ME,ME-JO
143748149,1,TYPE,,,0,ME,ME-JO
143748149,2,DIA,,Millimeter,1,ME,ME-JO
143748149,3,DIM,,Millimeter,0,ME,ME-JO
143748149,4,MAT,,,0,ME,ME-JO
143748149,5,USG,,,0,ME,ME-JO
143748150,1,TYPE,,,0,ME,ME-RO
143748150,2,DIAI,,Millimeter,1,ME,ME-RO
143748150,3,SR,,,0,ME,ME-RO
143748150,4,DIAE,,Millimeter,0,ME,ME-RO
143748150,5,EPJ,,,0,ME,ME-RO
143748153,1,TYPE,,,0,ME,ME-RO
143748153,2,DIAI,,Millimeter,1,ME,ME-RO
143748153,3,SR,,,0,ME,ME-RO
143748153,4,DIAE,,Millimeter,0,ME,ME-RO
143748153,5,EPJ,,,0,ME,ME-RO
143748154,1,TYPE,,,0,ME,ME-RO
143748154,2,DIAI,,Millimeter,1,ME,ME-RO
143748154,3,SR,,,0,ME,ME-RO
143748154,4,DIAE,,Millimeter,0,ME,ME-RO
143748154,5,EPJ,,,0,ME,ME-RO
143748161,1,TYPE,,,0,ME,ME-JO
143748161,2,DIA,,Millimeter,1,ME,ME-JO
143748161,3,DIM,,Millimeter,0,ME,ME-JO
143748161,4,MAT,,,0,ME,ME-JO
143748161,5,USG,,,0,ME,ME-JO
143748162,1,TYPE,,,0,ME,ME-RO
143748162,2,DIAI,,Millimeter,1,ME,ME-RO
143748162,3,SR,,,0,ME,ME-RO
143748162,4,DIAE,,Millimeter,0,ME,ME-RO
143748162,5,EPJ,,,0,ME,ME-RO
143748166,1,TPR,,,0,ME,ME-CO
143748166,2,LPR,,Millimeter,1,ME,ME-CO
143748166,3,LEP,,Millimeter,0,ME,ME-CO
143748166,4,PDE,,,0,ME,ME-CO
143748166,5,MAT,,,0,ME,ME-CO
143748167,1,TPR,,,0,ME,ME-CO
143748167,2,LPR,,Millimeter,1,ME,ME-CO
143748167,3,LEP,,Millimeter,0,ME,ME-CO
143748167,4,PDE,,,0,ME,ME-CO
143748167,5,MAT,,,0,ME,ME-CO
143748177,1,TPR,,,0,ME,ME-CO
143748177,2,LPR,,Millimeter,1,ME,ME-CO
143748177,3,LEP,,Millimeter,0,ME,ME-CO
143748177,4,PDE,,,0,ME,ME-CO
143748177,5,MAT,,,0,ME,ME-CO
143748179,1,TYPE,,,0,PN,PN-DI
143748179,2,DTC,,,1,PN,PN-DI
143748179,3,NBV,,Nos,0,PN,PN-DI
143748179,4,TIR,,,0,PN,PN-DI
143748179,5,TNB,,,0,PN,PN-DI
143748185,1,TYPE,,,0,IN,IN-CP
143748185,2,PME,,Bar,1,IN,IN-CP
143748185,3,SIG,,,0,IN,IN-CP
143748185,4,RAC,,,0,IN,IN-CP
143748185,5,FAB,,,0,IN,IN-CP
143748188,1,FTT,,,1,ME,ME-VI
143748188,2,DIA,,Millimeter,0,ME,ME-VI
143748188,3,LON,,Millimeter,0,ME,ME-VI
143748188,4,MAT,,,0,ME,ME-VI
143748188,5,FIL,,,0,ME,ME-VI
143748191,1,FTT,,,1,ME,ME-VI
143748191,2,DIA,,Millimeter,0,ME,ME-VI
143748191,3,LON,,Millimeter,0,ME,ME-VI
143748191,4,MAT,,,0,ME,ME-VI
143748191,5,FIL,,,0,ME,ME-VI
143748193,1,FTT,,,1,ME,ME-VI
143748193,2,DIA,,Millimeter,0,ME,ME-VI
143748193,3,LON,,Millimeter,0,ME,ME-VI
143748193,4,MAT,,,0,ME,ME-VI
143748193,5,FIL,,,0,ME,ME-VI
143748215,1,TPR,,,0,ME,ME-CO
143748215,2,LPR,,Millimeter,1,ME,ME-CO
143748215,3,LEP,,Millimeter,0,ME,ME-CO
143748215,4,PDE,,,0,ME,ME-CO
143748215,5,MAT,,,0,ME,ME-CO
143748217,1,TPR,,,0,ME,ME-CO
143748217,2,LPR,,Millimeter,1,ME,ME-CO
143748217,3,LEP,,Millimeter,0,ME,ME-CO
143748217,4,PDE,,,0,ME,ME-CO
143748217,5,MAT,,,0,ME,ME-CO
143750029,1,TPR,,,0,ME,ME-CO
143750029,2,LPR,,Millimeter,1,ME,ME-CO
143750029,3,LEP,,Millimeter,0,ME,ME-CO
143750029,4,PDE,,,0,ME,ME-CO
143750029,5,MAT,,,0,ME,ME-CO
143750056,1,TAL,,,0,IN,IN-VA
143750056,2,PMM,,Kilowatt,1,IN,IN-VA
143750056,3,MOD,,,0,IN,IN-VA
143750056,4,TEN,,,0,IN,IN-VA
143750056,5,FAB,,,0,IN,IN-VA
143750058,1,TAL,,,0,IN,IN-VA
143750058,2,PMM,,Kilowatt,1,IN,IN-VA
143750058,3,MOD,,,0,IN,IN-VA
143750058,4,TEN,,,0,IN,IN-VA
143750058,5,FAB,,,0,IN,IN-VA
143750060,1,TAL,,,0,IN,IN-VA
143750060,2,PMM,,Kilowatt,1,IN,IN-VA
143750060,3,MOD,,,0,IN,IN-VA
143750060,4,TEN,,,0,IN,IN-VA
143750060,5,FAB,,,0,IN,IN-VA
143750080,1,TAL,,,0,IN,IN-VA
143750080,2,PMM,,Kilowatt,1,IN,IN-VA
143750080,3,MOD,,,0,IN,IN-VA
143750080,4,TEN,,,0,IN,IN-VA
143750080,5,FAB,,,0,IN,IN-VA
143750088,1,TAL,,,0,IN,IN-VA
143750088,2,PMM,,Kilowatt,1,IN,IN-VA
143750088,3,MOD,,,0,IN,IN-VA
143750088,4,TEN,,,0,IN,IN-VA
143750088,5,FAB,,,0,IN,IN-VA
143750091,1,TYPE,,,1,CS,CS-MS
143750091,2,CAP,,,0,CS,CS-MS
143750091,3,CLS,,,0,CS,CS-MS
143750091,4,DIM,,Millimeter,0,CS,CS-MS
143750091,5,NOR,,,0,CS,CS-MS
143750097,1,TCP,,,0,EE,EE-CP
143750097,2,SIG,,,1,EE,EE-CP
143750097,3,RAC,,,0,EE,EE-CP
143750097,4,ALIM,,,0,EE,EE-CP
143750097,5,PLG,,,0,EE,EE-CP
143750110,1,TFM,,,1,EE,EE-CA
143750110,2,REF,,,0,EE,EE-CA
143750110,3,CONS,,,0,EE,EE-CA
143750110,4,ALIM,,,0,EE,EE-CA
143750110,5,VER,,,0,EE,EE-CA
143750234,1,TPR,,,0,ME,ME-CO
143750234,2,LPR,,Millimeter,1,ME,ME-CO
143750234,3,LEP,,Millimeter,0,ME,ME-CO
143750234,4,PDE,,,0,ME,ME-CO
143750234,5,MAT,,,0,ME,ME-CO
143750299,1,TFM,,,1,EE,EE-CA
143750299,2,REF,,,0,EE,EE-CA
143750299,3,CONS,,,0,EE,EE-CA
143750299,4,ALIM,,,0,EE,EE-CA
143750299,5,VER,,,0,EE,EE-CA
143757013,1,TYPE,,,1,CS,CS-JG
143757013,2,MAT,,,0,CS,CS-JG
143757013,3,DIM,,Millimeter,0,CS,CS-JG
143757013,4,REFERENC,,,0,CS,CS-JG
143757013,5,FAB,,,0,CS,CS-JG
143757106,1,FTT,,,1,ME,ME-VI
143757106,2,DIA,,Millimeter,0,ME,ME-VI
143757106,3,LON,,Millimeter,0,ME,ME-VI
143757106,4,MAT,,,0,ME,ME-VI
143757106,5,FIL,,,0,ME,ME-VI
143800002,1,TYPE,,,0,PN,PN-CO
143800002,2,PMD,,,1,PN,PN-CO
143800002,3,CCU,,L,0,PN,PN-CO
143800002,4,PRE,,Bar,0,PN,PN-CO
143800002,5,FAB,,,0,PN,PN-CO
143800034,1,SER,,,0,EE,EE-AU
143800034,2,NES,,Nos,1,EE,EE-AU
143800034,3,ALIM,,,0,EE,EE-AU
143800034,4,CONS,,,0,EE,EE-AU
143800034,5,TMO,,,0,EE,EE-AU
143800035,1,TFM,,,1,EE,EE-CA
143800035,2,REF,,,0,EE,EE-CA
143800035,3,CONS,,,0,EE,EE-CA
143800035,4,ALIM,,,0,EE,EE-CA
143800035,5,VER,,,0,EE,EE-CA
143800036,1,TAL,,,0,IN,IN-VA
143800036,2,PMM,,Kilowatt,1,IN,IN-VA
143800036,3,MOD,,,0,IN,IN-VA
143800036,4,TEN,,,0,IN,IN-VA
143800036,5,FAB,,,0,IN,IN-VA
143800038,1,TAL,,,0,IN,IN-VA
143800038,2,PMM,,Kilowatt,1,IN,IN-VA
143800038,3,MOD,,,0,IN,IN-VA
143800038,4,TEN,,,0,IN,IN-VA
143800038,5,FAB,,,0,IN,IN-VA
143800039,1,TAL,,,0,IN,IN-VA
143800039,2,PMM,,Kilowatt,1,IN,IN-VA
143800039,3,MOD,,,0,IN,IN-VA
143800039,4,TEN,,,0,IN,IN-VA
143800039,5,FAB,,,0,IN,IN-VA
143800044,1,SER,,,0,EE,EE-AU
143800044,2,NES,,Nos,1,EE,EE-AU
143800044,3,ALIM,,,0,EE,EE-AU
143800044,4,CONS,,,0,EE,EE-AU
143800044,5,TMO,,,0,EE,EE-AU
143800046,1,TEC,,Inch,1,EE,EE-HM
143800046,2,RET,,,0,EE,EE-HM
143800046,3,ALIM,,,0,EE,EE-HM
143800046,4,CONS,,,0,EE,EE-HM
143800046,5,COM,,,0,EE,EE-HM
143800047,1,TYPE,,,1,CS,CS-GC
143800047,2,GRA,,,0,CS,CS-GC
143800047,3,CND,,,0,CS,CS-GC
143800047,4,APP,,,0,CS,CS-GC
143800047,5,FAB,,,0,CS,CS-GC
143819208,1,TYPE,,,0,HY,HY-PO
143819208,2,DEB,,,1,HY,HY-PO
143819208,3,CYL,,,0,HY,HY-PO
143819208,4,PRE,,Bar,0,HY,HY-PO
143819208,5,LIQ,,,0,HY,HY-PO
143819209,1,TYPE,,,0,HY,HY-RA
143819209,2,DTF,,,1,HY,HY-RA
143819209,3,MAT,,,0,HY,HY-RA
143819209,4,FRM,,,0,HY,HY-RA
143819209,5,PRE,,Bar,0,HY,HY-RA
143819210,1,TYPE,,,1,CS,CS-GC
143819210,2,GRA,,,0,CS,CS-GC
143819210,3,CND,,,0,CS,CS-GC
143819210,4,APP,,,0,CS,CS-GC
143819210,5,FAB,,,0,CS,CS-GC
143819211,1,TYPE,,,0,HY,HY-RA
143819211,2,DTF,,,1,HY,HY-RA
143819211,3,MAT,,,0,HY,HY-RA
143819211,4,FRM,,,0,HY,HY-RA
143819211,5,PRE,,Bar,0,HY,HY-RA
143819212,1,TYPE,,,1,CS,CS-GC
143819212,2,GRA,,,0,CS,CS-GC
143819212,3,CND,,,0,CS,CS-GC
143819212,4,APP,,,0,CS,CS-GC
143819212,5,FAB,,,0,CS,CS-GC
153819201,1,TYPE,,,0,HY,HY-FI
153819201,2,SEU,,Micrometer,1,HY,HY-FI
153819201,3,RAC,,,0,HY,HY-FI
153819201,4,DEB,,,0,HY,HY-FI
153819201,5,FAB,,,0,HY,HY-FI
153819208,1,TYPE,,,0,HY,HY-FI
153819208,2,SEU,,Micrometer,1,HY,HY-FI
153819208,3,RAC,,,0,HY,HY-FI
153819208,4,DEB,,,0,HY,HY-FI
153819208,5,FAB,,,0,HY,HY-FI
170000002,1,TYPE,,,0,HY,HY-FI
170000002,2,SEU,,Micrometer,1,HY,HY-FI
170000002,3,RAC,,,0,HY,HY-FI
170000002,4,DEB,,,0,HY,HY-FI
170000002,5,FAB,,,0,HY,HY-FI
170000003,1,TYPE,,,0,HY,HY-FI
170000003,2,SEU,,Micrometer,1,HY,HY-FI
170000003,3,RAC,,,0,HY,HY-FI
170000003,4,DEB,,,0,HY,HY-FI
170000003,5,FAB,,,0,HY,HY-FI
170000005,1,TYPE,,,0,HY,HY-FI
170000005,2,SEU,,Micrometer,1,HY,HY-FI
170000005,3,RAC,,,0,HY,HY-FI
170000005,4,DEB,,,0,HY,HY-FI
170000005,5,FAB,,,0,HY,HY-FI
170000008,1,TYPE,,,0,HY,HY-FI
170000008,2,SEU,,Micrometer,1,HY,HY-FI
170000008,3,RAC,,,0,HY,HY-FI
170000008,4,DEB,,,0,HY,HY-FI
170000008,5,FAB,,,0,HY,HY-FI
170000009,1,TYPE,,,0,HY,HY-PO
170000009,2,DEB,,,1,HY,HY-PO
170000009,3,CYL,,,0,HY,HY-PO
170000009,4,PRE,,Bar,0,HY,HY-PO
170000009,5,LIQ,,,0,HY,HY-PO
170000014,1,TYPE,,,0,HY,HY-FI
170000014,2,SEU,,Micrometer,1,HY,HY-FI
170000014,3,RAC,,,0,HY,HY-FI
170000014,4,DEB,,,0,HY,HY-FI
170000014,5,FAB,,,0,HY,HY-FI
170000021,1,TYPE,,,0,ME,ME-JO
170000021,2,DIA,,Millimeter,1,ME,ME-JO
170000021,3,DIM,,Millimeter,0,ME,ME-JO
170000021,4,MAT,,,0,ME,ME-JO
170000021,5,USG,,,0,ME,ME-JO
170000022,1,TYPE,,,0,ME,ME-JO
170000022,2,DIA,,Millimeter,1,ME,ME-JO
170000022,3,DIM,,Millimeter,0,ME,ME-JO
170000022,4,MAT,,,0,ME,ME-JO
170000022,5,USG,,,0,ME,ME-JO
170000023,1,TYPE,,,0,ME,ME-JO
170000023,2,DIA,,Millimeter,1,ME,ME-JO
170000023,3,DIM,,Millimeter,0,ME,ME-JO
170000023,4,MAT,,,0,ME,ME-JO
170000023,5,USG,,,0,ME,ME-JO
170000024,1,TPR,,,0,ME,ME-CO
170000024,2,LPR,,Millimeter,1,ME,ME-CO
170000024,3,LEP,,Millimeter,0,ME,ME-CO
170000024,4,PDE,,,0,ME,ME-CO
170000024,5,MAT,,,0,ME,ME-CO
170000026,1,TCP,,,0,EE,EE-CP
170000026,2,SIG,,,1,EE,EE-CP
170000026,3,RAC,,,0,EE,EE-CP
170000026,4,ALIM,,,0,EE,EE-CP
170000026,5,PLG,,,0,EE,EE-CP
170000029,1,SER,,,0,EE,EE-AU
170000029,2,NES,,Nos,1,EE,EE-AU
170000029,3,ALIM,,,0,EE,EE-AU
170000029,4,CONS,,,0,EE,EE-AU
170000029,5,TMO,,,0,EE,EE-AU
170000032,1,TCP,,,0,EE,EE-CP
170000032,2,SIG,,,1,EE,EE-CP
170000032,3,RAC,,,0,EE,EE-CP
170000032,4,ALIM,,,0,EE,EE-CP
170000032,5,PLG,,,0,EE,EE-CP
170000033,1,TYPE,,,1,CS,CS-GC
170000033,2,GRA,,,0,CS,CS-GC
170000033,3,CND,,,0,CS,CS-GC
170000033,4,APP,,,0,CS,CS-GC
170000033,5,FAB,,,0,CS,CS-GC
170000036,1,TYPE,,,0,HY,HY-PO
170000036,2,DEB,,,1,HY,HY-PO
170000036,3,CYL,,,0,HY,HY-PO
170000036,4,PRE,,Bar,0,HY,HY-PO
170000036,5,LIQ,,,0,HY,HY-PO
170000040,1,TYPE,,,0,ME,ME-JO
170000040,2,DIA,,Millimeter,1,ME,ME-JO
170000040,3,DIM,,Millimeter,0,ME,ME-JO
170000040,4,MAT,,,0,ME,ME-JO
170000040,5,USG,,,0,ME,ME-JO
170000056,1,FON,,,0,PN,PN-EV
170000056,2,DDR,,,1,PN,PN-EV
170000056,3,FIL,,,0,PN,PN-EV
170000056,4,TNC,,,0,PN,PN-EV
170000056,5,TYPE,,,0,PN,PN-EV
170000058,1,FON,,,0,PN,PN-EV
170000058,2,DDR,,,1,PN,PN-EV
170000058,3,FIL,,,0,PN,PN-EV
170000058,4,TNC,,,0,PN,PN-EV
170000058,5,TYPE,,,0,PN,PN-EV
170000061,1,TYPE,,,0,HY,HY-FI
170000061,2,SEU,,Micrometer,1,HY,HY-FI
170000061,3,RAC,,,0,HY,HY-FI
170000061,4,DEB,,,0,HY,HY-FI
170000061,5,FAB,,,0,HY,HY-FI
170000062,1,TYPE,,,0,HY,HY-FI
170000062,2,SEU,,Micrometer,1,HY,HY-FI
170000062,3,RAC,,,0,HY,HY-FI
170000062,4,DEB,,,0,HY,HY-FI
170000062,5,FAB,,,0,HY,HY-FI
170000063,1,TYPE,,,0,SE,SE-EC
170000063,2,PEN,,Watt,1,SE,SE-EC
170000063,3,TEN,,,0,SE,SE-EC
170000063,4,FOR,,,0,SE,SE-EC
170000063,5,FAB,,,0,SE,SE-EC
170000064,1,FTT,,,1,ME,ME-VI
170000064,2,DIA,,Millimeter,0,ME,ME-VI
170000064,3,LON,,Millimeter,0,ME,ME-VI
170000064,4,MAT,,,0,ME,ME-VI
170000064,5,FIL,,,0,ME,ME-VI
170000066,1,TYPE,,,0,ME,ME-RO
170000066,2,DIAI,,Millimeter,1,ME,ME-RO
170000066,3,SR,,,0,ME,ME-RO
170000066,4,DIAE,,Millimeter,0,ME,ME-RO
170000066,5,EPJ,,,0,ME,ME-RO
170000068,1,TYPE,,,0,HY,HY-FI
170000068,2,SEU,,Micrometer,1,HY,HY-FI
170000068,3,RAC,,,0,HY,HY-FI
170000068,4,DEB,,,0,HY,HY-FI
170000068,5,FAB,,,0,HY,HY-FI
170000069,1,TYPE,,,1,CS,CS-JG
170000069,2,MAT,,,0,CS,CS-JG
170000069,3,DIM,,Millimeter,0,CS,CS-JG
170000069,4,REFERENC,,,0,CS,CS-JG
170000069,5,FAB,,,0,CS,CS-JG
170000081,1,TYPE,,,0,HY,HY-FI
170000081,2,SEU,,Micrometer,1,HY,HY-FI
170000081,3,RAC,,,0,HY,HY-FI
170000081,4,DEB,,,0,HY,HY-FI
170000081,5,FAB,,,0,HY,HY-FI
170000082,1,TYPE,,,0,ME,ME-JO
170000082,2,DIA,,Millimeter,1,ME,ME-JO
170000082,3,DIM,,Millimeter,0,ME,ME-JO
170000082,4,MAT,,,0,ME,ME-JO
170000082,5,USG,,,0,ME,ME-JO
170000084,1,TYPE,,,0,ME,ME-JO
170000084,2,DIA,,Millimeter,1,ME,ME-JO
170000084,3,DIM,,Millimeter,0,ME,ME-JO
170000084,4,MAT,,,0,ME,ME-JO
170000084,5,USG,,,0,ME,ME-JO
170000085,1,TYPE,,,0,ME,ME-JO
170000085,2,DIA,,Millimeter,1,ME,ME-JO
170000085,3,DIM,,Millimeter,0,ME,ME-JO
170000085,4,MAT,,,0,ME,ME-JO
170000085,5,USG,,,0,ME,ME-JO
170000088,1,TCP,,,0,EE,EE-CP
170000088,2,SIG,,,1,EE,EE-CP
170000088,3,RAC,,,0,EE,EE-CP
170000088,4,ALIM,,,0,EE,EE-CP
170000088,5,PLG,,,0,EE,EE-CP
170000090,1,TYPE,,,0,HY,HY-FL
170000090,2,DN,,,1,HY,HY-FL
170000090,3,LON,,Millimeter,0,HY,HY-FL
170000090,4,EMB,,,0,HY,HY-FL
170000090,5,PRE,,Bar,0,HY,HY-FL
170000091,1,TYPE,,,0,ME,ME-JO
170000091,2,DIA,,Millimeter,1,ME,ME-JO
170000091,3,DIM,,Millimeter,0,ME,ME-JO
170000091,4,MAT,,,0,ME,ME-JO
170000091,5,USG,,,0,ME,ME-JO
170000092,1,TYPE,,,0,ME,ME-JO
170000092,2,DIA,,Millimeter,1,ME,ME-JO
170000092,3,DIM,,Millimeter,0,ME,ME-JO
170000092,4,MAT,,,0,ME,ME-JO
170000092,5,USG,,,0,ME,ME-JO
170000093,1,FTT,,,1,ME,ME-VI
170000093,2,DIA,,Millimeter,0,ME,ME-VI
170000093,3,LON,,Millimeter,0,ME,ME-VI
170000093,4,MAT,,,0,ME,ME-VI
170000093,5,FIL,,,0,ME,ME-VI
170000096,1,TYPE,,,0,EL,EL-RE
170000096,2,TDCB,,,1,EL,EL-RE
170000096,3,CRT,,AMP,0,EL,EL-RE
170000096,4,NBC,,Nos,0,EL,EL-RE
170000096,5,FAB,,,0,EL,EL-RE
170000099,1,TYPE,,,0,HY,HY-PO
170000099,2,DEB,,,1,HY,HY-PO
170000099,3,CYL,,,0,HY,HY-PO
170000099,4,PRE,,Bar,0,HY,HY-PO
170000099,5,LIQ,,,0,HY,HY-PO
170000100,1,TYPE,,,0,ME,ME-JO
170000100,2,DIA,,Millimeter,1,ME,ME-JO
170000100,3,DIM,,Millimeter,0,ME,ME-JO
170000100,4,MAT,,,0,ME,ME-JO
170000100,5,USG,,,0,ME,ME-JO
170000104,1,TYPE,,,1,CS,CS-JG
170000104,2,MAT,,,0,CS,CS-JG
170000104,3,DIM,,Millimeter,0,CS,CS-JG
170000104,4,REFERENC,,,0,CS,CS-JG
170000104,5,FAB,,,0,CS,CS-JG
170000107,1,FON,,,0,PN,PN-EV
170000107,2,DDR,,,1,PN,PN-EV
170000107,3,FIL,,,0,PN,PN-EV
170000107,4,TNC,,,0,PN,PN-EV
170000107,5,TYPE,,,0,PN,PN-EV
170000111,1,FON,,,0,PN,PN-EV
170000111,2,DDR,,,1,PN,PN-EV
170000111,3,FIL,,,0,PN,PN-EV
170000111,4,TNC,,,0,PN,PN-EV
170000111,5,TYPE,,,0,PN,PN-EV
170000112,1,TYPE,,,0,PN,PN-RA
170000112,2,DET,,Millimeter,1,PN,PN-RA
170000112,3,FIL,,,0,PN,PN-RA
170000112,4,MAT,,,0,PN,PN-RA
170000112,5,FRM,,,0,PN,PN-RA
170000114,1,TYPE,,,0,ME,ME-JO
170000114,2,DIA,,Millimeter,1,ME,ME-JO
170000114,3,DIM,,Millimeter,0,ME,ME-JO
170000114,4,MAT,,,0,ME,ME-JO
170000114,5,USG,,,0,ME,ME-JO
170000115,1,TYPE,,,0,PN,PN-RA
170000115,2,DET,,Millimeter,1,PN,PN-RA
170000115,3,FIL,,,0,PN,PN-RA
170000115,4,MAT,,,0,PN,PN-RA
170000115,5,FRM,,,0,PN,PN-RA
170000117,1,TYPE,,,0,ME,ME-JO
170000117,2,DIA,,Millimeter,1,ME,ME-JO
170000117,3,DIM,,Millimeter,0,ME,ME-JO
170000117,4,MAT,,,0,ME,ME-JO
170000117,5,USG,,,0,ME,ME-JO
170000119,1,TYPE,,,0,ME,ME-JO
170000119,2,DIA,,Millimeter,1,ME,ME-JO
170000119,3,DIM,,Millimeter,0,ME,ME-JO
170000119,4,MAT,,,0,ME,ME-JO
170000119,5,USG,,,0,ME,ME-JO
170000120,1,TYPE,,,0,ME,ME-JO
170000120,2,DIA,,Millimeter,1,ME,ME-JO
170000120,3,DIM,,Millimeter,0,ME,ME-JO
170000120,4,MAT,,,0,ME,ME-JO
170000120,5,USG,,,0,ME,ME-JO
170000123,1,TYPE,,,0,HY,HY-FI
170000123,2,SEU,,Micrometer,1,HY,HY-FI
170000123,3,RAC,,,0,HY,HY-FI
170000123,4,DEB,,,0,HY,HY-FI
170000123,5,FAB,,,0,HY,HY-FI
170000124,1,TYPE,,,0,HY,HY-FI
170000124,2,SEU,,Micrometer,1,HY,HY-FI
170000124,3,RAC,,,0,HY,HY-FI
170000124,4,DEB,,,0,HY,HY-FI
170000124,5,FAB,,,0,HY,HY-FI
170000125,1,TYPE,,,0,HY,HY-FI
170000125,2,SEU,,Micrometer,1,HY,HY-FI
170000125,3,RAC,,,0,HY,HY-FI
170000125,4,DEB,,,0,HY,HY-FI
170000125,5,FAB,,,0,HY,HY-FI
170000126,1,TYPE,,,0,HY,HY-FI
170000126,2,SEU,,Micrometer,1,HY,HY-FI
170000126,3,RAC,,,0,HY,HY-FI
170000126,4,DEB,,,0,HY,HY-FI
170000126,5,FAB,,,0,HY,HY-FI
170000127,1,TYPE,,,0,HY,HY-FI
170000127,2,SEU,,Micrometer,1,HY,HY-FI
170000127,3,RAC,,,0,HY,HY-FI
170000127,4,DEB,,,0,HY,HY-FI
170000127,5,FAB,,,0,HY,HY-FI
170000128,1,TYPE,,,0,HY,HY-FI
170000128,2,SEU,,Micrometer,1,HY,HY-FI
170000128,3,RAC,,,0,HY,HY-FI
170000128,4,DEB,,,0,HY,HY-FI
170000128,5,FAB,,,0,HY,HY-FI
170000130,1,TYPE,,,0,HY,HY-FI
170000130,2,SEU,,Micrometer,1,HY,HY-FI
170000130,3,RAC,,,0,HY,HY-FI
170000130,4,DEB,,,0,HY,HY-FI
170000130,5,FAB,,,0,HY,HY-FI
170000131,1,TYPE,,,0,HY,HY-FI
170000131,2,SEU,,Micrometer,1,HY,HY-FI
170000131,3,RAC,,,0,HY,HY-FI
170000131,4,DEB,,,0,HY,HY-FI
170000131,5,FAB,,,0,HY,HY-FI
170000132,1,TYPE,,,0,HY,HY-FI
170000132,2,SEU,,Micrometer,1,HY,HY-FI
170000132,3,RAC,,,0,HY,HY-FI
170000132,4,DEB,,,0,HY,HY-FI
170000132,5,FAB,,,0,HY,HY-FI
170000133,1,TYPE,,,0,HY,HY-FI
170000133,2,SEU,,Micrometer,1,HY,HY-FI
170000133,3,RAC,,,0,HY,HY-FI
170000133,4,DEB,,,0,HY,HY-FI
170000133,5,FAB,,,0,HY,HY-FI
170000134,1,TYPE,,,0,HY,HY-FI
170000134,2,SEU,,Micrometer,1,HY,HY-FI
170000134,3,RAC,,,0,HY,HY-FI
170000134,4,DEB,,,0,HY,HY-FI
170000134,5,FAB,,,0,HY,HY-FI
170000135,1,TPR,,,0,ME,ME-CO
170000135,2,LPR,,Millimeter,1,ME,ME-CO
170000135,3,LEP,,Millimeter,0,ME,ME-CO
170000135,4,PDE,,,0,ME,ME-CO
170000135,5,MAT,,,0,ME,ME-CO
170000136,1,TYPE,,,0,HY,HY-FL
170000136,2,DN,,,1,HY,HY-FL
170000136,3,LON,,Millimeter,0,HY,HY-FL
170000136,4,EMB,,,0,HY,HY-FL
170000136,5,PRE,,Bar,0,HY,HY-FL
170000137,1,TYPE,,,0,HY,HY-FL
170000137,2,DN,,,1,HY,HY-FL
170000137,3,LON,,Millimeter,0,HY,HY-FL
170000137,4,EMB,,,0,HY,HY-FL
170000137,5,PRE,,Bar,0,HY,HY-FL
170000138,1,TYPE,,,0,HY,HY-FL
170000138,2,DN,,,1,HY,HY-FL
170000138,3,LON,,Millimeter,0,HY,HY-FL
170000138,4,EMB,,,0,HY,HY-FL
170000138,5,PRE,,Bar,0,HY,HY-FL
170000139,1,TYPE,,,0,HY,HY-FL
170000139,2,DN,,,1,HY,HY-FL
170000139,3,LON,,Millimeter,0,HY,HY-FL
170000139,4,EMB,,,0,HY,HY-FL
170000139,5,PRE,,Bar,0,HY,HY-FL
170000140,1,TYPE,,,0,HY,HY-FL
170000140,2,DN,,,1,HY,HY-FL
170000140,3,LON,,Millimeter,0,HY,HY-FL
170000140,4,EMB,,,0,HY,HY-FL
170000140,5,PRE,,Bar,0,HY,HY-FL
170000141,1,TYPE,,,0,HY,HY-FL
170000141,2,DN,,,1,HY,HY-FL
170000141,3,LON,,Millimeter,0,HY,HY-FL
170000141,4,EMB,,,0,HY,HY-FL
170000141,5,PRE,,Bar,0,HY,HY-FL
170000143,1,TYPE,,,0,ME,ME-CH
170000143,2,PAS,,Millimeter,1,ME,ME-CH
170000143,3,NBM,,Nos,0,ME,ME-CH
170000143,4,LON,,Millimeter,0,ME,ME-CH
170000143,5,STD,,,0,ME,ME-CH
170000144,1,TS,,,0,IN,IN-TE
170000144,2,PMEAS,,Celsius,1,IN,IN-TE
170000144,3,LON,,Millimeter,0,IN,IN-TE
170000144,4,DGT,,Millimeter,0,IN,IN-TE
170000144,5,RAC,,,0,IN,IN-TE
170000202,1,TYPE,,,0,HY,HY-FI
170000202,2,SEU,,Micrometer,1,HY,HY-FI
170000202,3,RAC,,,0,HY,HY-FI
170000202,4,DEB,,,0,HY,HY-FI
170000202,5,FAB,,,0,HY,HY-FI
170000203,1,TYPE,,,0,ME,ME-JO
170000203,2,DIA,,Millimeter,1,ME,ME-JO
170000203,3,DIM,,Millimeter,0,ME,ME-JO
170000203,4,MAT,,,0,ME,ME-JO
170000203,5,USG,,,0,ME,ME-JO
170000212,1,TYPE,,,0,EL,EL-DI
170000212,2,CAL,,AMP,1,EL,EL-DI
170000212,3,TEN,,,0,EL,EL-DI
170000212,4,NBP,,Nos,0,EL,EL-DI
170000212,5,FAB,,,0,EL,EL-DI
170000214,1,FON,,,0,PN,PN-EV
170000214,2,DDR,,,1,PN,PN-EV
170000214,3,FIL,,,0,PN,PN-EV
170000214,4,TNC,,,0,PN,PN-EV
170000214,5,TYPE,,,0,PN,PN-EV
170000216,1,FON,,,0,PN,PN-EV
170000216,2,DDR,,,1,PN,PN-EV
170000216,3,FIL,,,0,PN,PN-EV
170000216,4,TNC,,,0,PN,PN-EV
170000216,5,TYPE,,,0,PN,PN-EV
170000218,1,TFM,,,1,EE,EE-CA
170000218,2,REF,,,0,EE,EE-CA
170000218,3,CONS,,,0,EE,EE-CA
170000218,4,ALIM,,,0,EE,EE-CA
170000218,5,VER,,,0,EE,EE-CA
170000220,1,TFM,,,1,EE,EE-CA
170000220,2,REF,,,0,EE,EE-CA
170000220,3,CONS,,,0,EE,EE-CA
170000220,4,ALIM,,,0,EE,EE-CA
170000220,5,VER,,,0,EE,EE-CA
170000221,1,TFM,,,1,EE,EE-CA
170000221,2,REF,,,0,EE,EE-CA
170000221,3,CONS,,,0,EE,EE-CA
170000221,4,ALIM,,,0,EE,EE-CA
170000221,5,VER,,,0,EE,EE-CA
170000223,1,TFM,,,1,EE,EE-CA
170000223,2,REF,,,0,EE,EE-CA
170000223,3,CONS,,,0,EE,EE-CA
170000223,4,ALIM,,,0,EE,EE-CA
170000223,5,VER,,,0,EE,EE-CA
170000224,1,TFM,,,1,EE,EE-CA
170000224,2,REF,,,0,EE,EE-CA
170000224,3,CONS,,,0,EE,EE-CA
170000224,4,ALIM,,,0,EE,EE-CA
170000224,5,VER,,,0,EE,EE-CA
170000225,1,TFM,,,1,EE,EE-CA
170000225,2,REF,,,0,EE,EE-CA
170000225,3,CONS,,,0,EE,EE-CA
170000225,4,ALIM,,,0,EE,EE-CA
170000225,5,VER,,,0,EE,EE-CA
170000226,1,TFM,,,1,EE,EE-CA
170000226,2,REF,,,0,EE,EE-CA
170000226,3,CONS,,,0,EE,EE-CA
170000226,4,ALIM,,,0,EE,EE-CA
170000226,5,VER,,,0,EE,EE-CA
170000227,1,TFM,,,1,EE,EE-CA
170000227,2,REF,,,0,EE,EE-CA
170000227,3,CONS,,,0,EE,EE-CA
170000227,4,ALIM,,,0,EE,EE-CA
170000227,5,VER,,,0,EE,EE-CA
170000234,1,TDC,,,0,EL,EL-MO
170000234,2,PUI,,Kilowatt,1,EL,EL-MO
170000234,3,VIT,,,0,EL,EL-MO
170000234,4,FIX,,,0,EL,EL-MO
170000234,5,TEN,,,0,EL,EL-MO
170000237,1,TYPE,,,0,HY,HY-FI
170000237,2,SEU,,Micrometer,1,HY,HY-FI
170000237,3,RAC,,,0,HY,HY-FI
170000237,4,DEB,,,0,HY,HY-FI
170000237,5,FAB,,,0,HY,HY-FI
170000238,1,TYPE,,,0,HY,HY-FI
170000238,2,SEU,,Micrometer,1,HY,HY-FI
170000238,3,RAC,,,0,HY,HY-FI
170000238,4,DEB,,,0,HY,HY-FI
170000238,5,FAB,,,0,HY,HY-FI
170000239,1,TYPE,,,0,HY,HY-FI
170000239,2,SEU,,Micrometer,1,HY,HY-FI
170000239,3,RAC,,,0,HY,HY-FI
170000239,4,DEB,,,0,HY,HY-FI
170000239,5,FAB,,,0,HY,HY-FI
170000248,1,TYPE,,,0,HY,HY-FI
170000248,2,SEU,,Micrometer,1,HY,HY-FI
170000248,3,RAC,,,0,HY,HY-FI
170000248,4,DEB,,,0,HY,HY-FI
170000248,5,FAB,,,0,HY,HY-FI
170000256,1,TYPE,,,0,HY,HY-FI
170000256,2,SEU,,Micrometer,1,HY,HY-FI
170000256,3,RAC,,,0,HY,HY-FI
170000256,4,DEB,,,0,HY,HY-FI
170000256,5,FAB,,,0,HY,HY-FI
170000257,1,TYPE,,,0,HY,HY-FI
170000257,2,SEU,,Micrometer,1,HY,HY-FI
170000257,3,RAC,,,0,HY,HY-FI
170000257,4,DEB,,,0,HY,HY-FI
170000257,5,FAB,,,0,HY,HY-FI
170000261,1,FON,,,0,PN,PN-EV
170000261,2,DDR,,,1,PN,PN-EV
170000261,3,FIL,,,0,PN,PN-EV
170000261,4,TNC,,,0,PN,PN-EV
170000261,5,TYPE,,,0,PN,PN-EV
170000262,1,TYPE,,,0,PN,PN-RA
170000262,2,DET,,Millimeter,1,PN,PN-RA
170000262,3,FIL,,,0,PN,PN-RA
170000262,4,MAT,,,0,PN,PN-RA
170000262,5,FRM,,,0,PN,PN-RA
170000272,1,TS,,,0,IN,IN-TE
170000272,2,PMEAS,,Celsius,1,IN,IN-TE
170000272,3,LON,,Millimeter,0,IN,IN-TE
170000272,4,DGT,,Millimeter,0,IN,IN-TE
170000272,5,RAC,,,0,IN,IN-TE
170000278,1,TYPE,,,0,ME,ME-JO
170000278,2,DIA,,Millimeter,1,ME,ME-JO
170000278,3,DIM,,Millimeter,0,ME,ME-JO
170000278,4,MAT,,,0,ME,ME-JO
170000278,5,USG,,,0,ME,ME-JO
170000287,1,TYPE,,,0,SE,SE-EC
170000287,2,PEN,,Watt,1,SE,SE-EC
170000287,3,TEN,,,0,SE,SE-EC
170000287,4,FOR,,,0,SE,SE-EC
170000287,5,FAB,,,0,SE,SE-EC
170000288,1,TYPE,,,0,SE,SE-EC
170000288,2,PEN,,Watt,1,SE,SE-EC
170000288,3,TEN,,,0,SE,SE-EC
170000288,4,FOR,,,0,SE,SE-EC
170000288,5,FAB,,,0,SE,SE-EC
170000297,1,TYPE,,,0,SE,SE-EC
170000297,2,PEN,,Watt,1,SE,SE-EC
170000297,3,TEN,,,0,SE,SE-EC
170000297,4,FOR,,,0,SE,SE-EC
170000297,5,FAB,,,0,SE,SE-EC
170000298,1,TYPE,,,0,SE,SE-EC
170000298,2,PEN,,Watt,1,SE,SE-EC
170000298,3,TEN,,,0,SE,SE-EC
170000298,4,FOR,,,0,SE,SE-EC
170000298,5,FAB,,,0,SE,SE-EC
170000300,1,TYPE,,,0,ME,ME-JO
170000300,2,DIA,,Millimeter,1,ME,ME-JO
170000300,3,DIM,,Millimeter,0,ME,ME-JO
170000300,4,MAT,,,0,ME,ME-JO
170000300,5,USG,,,0,ME,ME-JO
170000302,1,TYPE,,,1,CS,CS-JG
170000302,2,MAT,,,0,CS,CS-JG
170000302,3,DIM,,Millimeter,0,CS,CS-JG
170000302,4,REFERENC,,,0,CS,CS-JG
170000302,5,FAB,,,0,CS,CS-JG
170000306,1,TYPE,,,0,HY,HY-PO
170000306,2,DEB,,,1,HY,HY-PO
170000306,3,CYL,,,0,HY,HY-PO
170000306,4,PRE,,Bar,0,HY,HY-PO
170000306,5,LIQ,,,0,HY,HY-PO
170000307,1,TYPE,,,0,HY,HY-PO
170000307,2,DEB,,,1,HY,HY-PO
170000307,3,CYL,,,0,HY,HY-PO
170000307,4,PRE,,Bar,0,HY,HY-PO
170000307,5,LIQ,,,0,HY,HY-PO
170000309,1,TYPE,,,0,HY,HY-PO
170000309,2,DEB,,,1,HY,HY-PO
170000309,3,CYL,,,0,HY,HY-PO
170000309,4,PRE,,Bar,0,HY,HY-PO
170000309,5,LIQ,,,0,HY,HY-PO
170000310,1,TYPE,,,0,HY,HY-PO
170000310,2,DEB,,,1,HY,HY-PO
170000310,3,CYL,,,0,HY,HY-PO
170000310,4,PRE,,Bar,0,HY,HY-PO
170000310,5,LIQ,,,0,HY,HY-PO
170000311,1,TYPE,,,0,HY,HY-PO
170000311,2,DEB,,,1,HY,HY-PO
170000311,3,CYL,,,0,HY,HY-PO
170000311,4,PRE,,Bar,0,HY,HY-PO
170000311,5,LIQ,,,0,HY,HY-PO
170000313,1,TYPE,,,0,HY,HY-PO
170000313,2,DEB,,,1,HY,HY-PO
170000313,3,CYL,,,0,HY,HY-PO
170000313,4,PRE,,Bar,0,HY,HY-PO
170000313,5,LIQ,,,0,HY,HY-PO
170000314,1,TYPE,,,0,HY,HY-PO
170000314,2,DEB,,,1,HY,HY-PO
170000314,3,CYL,,,0,HY,HY-PO
170000314,4,PRE,,Bar,0,HY,HY-PO
170000314,5,LIQ,,,0,HY,HY-PO
170000324,1,TYPE,,,0,IN,IN-DE
170000324,2,PDM,,,1,IN,IN-DE
170000324,3,DNR,,,0,IN,IN-DE
170000324,4,SOR,,,0,IN,IN-DE
170000324,5,FAB,,,0,IN,IN-DE
170000325,1,TYPE,,,0,ME,ME-JO
170000325,2,DIA,,Millimeter,1,ME,ME-JO
170000325,3,DIM,,Millimeter,0,ME,ME-JO
170000325,4,MAT,,,0,ME,ME-JO
170000325,5,USG,,,0,ME,ME-JO
170000340,1,TYPE,,,0,HY,HY-FI
170000340,2,SEU,,Micrometer,1,HY,HY-FI
170000340,3,RAC,,,0,HY,HY-FI
170000340,4,DEB,,,0,HY,HY-FI
170000340,5,FAB,,,0,HY,HY-FI
170000370,1,TYPE,,,0,ME,ME-JO
170000370,2,DIA,,Millimeter,1,ME,ME-JO
170000370,3,DIM,,Millimeter,0,ME,ME-JO
170000370,4,MAT,,,0,ME,ME-JO
170000370,5,USG,,,0,ME,ME-JO
170000399,1,TYPE,,,0,EL,EL-CO
170000399,2,ICM,,AMP,1,EL,EL-CO
170000399,3,TNB,,,0,EL,EL-CO
170000399,4,NBC,,Nos,0,EL,EL-CO
170000399,5,FAB,,,0,EL,EL-CO
170000400,1,TCP,,,0,EE,EE-CP
170000400,2,SIG,,,1,EE,EE-CP
170000400,3,RAC,,,0,EE,EE-CP
170000400,4,ALIM,,,0,EE,EE-CP
170000400,5,PLG,,,0,EE,EE-CP
170000402,1,TYPE,,,0,EL,EL-FU
170000402,2,CDP,,AMP,1,EL,EL-FU
170000402,3,TAI,,,0,EL,EL-FU
170000402,4,TEN,,,0,EL,EL-FU
170000402,5,FAB,,,0,EL,EL-FU
170000404,1,TFM,,,1,EE,EE-CA
170000404,2,REF,,,0,EE,EE-CA
170000404,3,CONS,,,0,EE,EE-CA
170000404,4,ALIM,,,0,EE,EE-CA
170000404,5,VER,,,0,EE,EE-CA
170000405,1,TYPE,,,0,HY,HY-FL
170000405,2,DN,,,1,HY,HY-FL
170000405,3,LON,,Millimeter,0,HY,HY-FL
170000405,4,EMB,,,0,HY,HY-FL
170000405,5,PRE,,Bar,0,HY,HY-FL
170000406,1,TYPE,,,0,HY,HY-FL
170000406,2,DN,,,1,HY,HY-FL
170000406,3,LON,,Millimeter,0,HY,HY-FL
170000406,4,EMB,,,0,HY,HY-FL
170000406,5,PRE,,Bar,0,HY,HY-FL
170000407,1,TYPE,,,0,HY,HY-FL
170000407,2,DN,,,1,HY,HY-FL
170000407,3,LON,,Millimeter,0,HY,HY-FL
170000407,4,EMB,,,0,HY,HY-FL
170000407,5,PRE,,Bar,0,HY,HY-FL
170000408,1,TYPE,,,0,HY,HY-FL
170000408,2,DN,,,1,HY,HY-FL
170000408,3,LON,,Millimeter,0,HY,HY-FL
170000408,4,EMB,,,0,HY,HY-FL
170000408,5,PRE,,Bar,0,HY,HY-FL
170000410,1,TYPE,,,0,HY,HY-FL
170000410,2,DN,,,1,HY,HY-FL
170000410,3,LON,,Millimeter,0,HY,HY-FL
170000410,4,EMB,,,0,HY,HY-FL
170000410,5,PRE,,Bar,0,HY,HY-FL
170000452,1,TYPE,,,0,HY,HY-FI
170000452,2,SEU,,Micrometer,1,HY,HY-FI
170000452,3,RAC,,,0,HY,HY-FI
170000452,4,DEB,,,0,HY,HY-FI
170000452,5,FAB,,,0,HY,HY-FI
170000455,1,TPR,,,0,ME,ME-CO
170000455,2,LPR,,Millimeter,1,ME,ME-CO
170000455,3,LEP,,Millimeter,0,ME,ME-CO
170000455,4,PDE,,,0,ME,ME-CO
170000455,5,MAT,,,0,ME,ME-CO
170000461,1,TCP,,,0,EE,EE-CP
170000461,2,SIG,,,1,EE,EE-CP
170000461,3,RAC,,,0,EE,EE-CP
170000461,4,ALIM,,,0,EE,EE-CP
170000461,5,PLG,,,0,EE,EE-CP
170000472,1,TYPE,,,0,HY,HY-FI
170000472,2,SEU,,Micrometer,1,HY,HY-FI
170000472,3,RAC,,,0,HY,HY-FI
170000472,4,DEB,,,0,HY,HY-FI
170000472,5,FAB,,,0,HY,HY-FI
170000479,1,TCP,,,0,EE,EE-CP
170000479,2,SIG,,,1,EE,EE-CP
170000479,3,RAC,,,0,EE,EE-CP
170000479,4,ALIM,,,0,EE,EE-CP
170000479,5,PLG,,,0,EE,EE-CP
170000480,1,TDC,,,0,EL,EL-MO
170000480,2,PUI,,Kilowatt,1,EL,EL-MO
170000480,3,VIT,,,0,EL,EL-MO
170000480,4,FIX,,,0,EL,EL-MO
170000480,5,TEN,,,0,EL,EL-MO
170000497,1,TYPE,,,0,ME,ME-JO
170000497,2,DIA,,Millimeter,1,ME,ME-JO
170000497,3,DIM,,Millimeter,0,ME,ME-JO
170000497,4,MAT,,,0,ME,ME-JO
170000497,5,USG,,,0,ME,ME-JO
170000499,1,TYPE,,,1,CS,CS-JG
170000499,2,MAT,,,0,CS,CS-JG
170000499,3,DIM,,Millimeter,0,CS,CS-JG
170000499,4,REFERENC,,,0,CS,CS-JG
170000499,5,FAB,,,0,CS,CS-JG
170000501,1,TYPE,,,0,ME,ME-JO
170000501,2,DIA,,Millimeter,1,ME,ME-JO
170000501,3,DIM,,Millimeter,0,ME,ME-JO
170000501,4,MAT,,,0,ME,ME-JO
170000501,5,USG,,,0,ME,ME-JO
170000504,1,TYPE,,,0,ME,ME-JO
170000504,2,DIA,,Millimeter,1,ME,ME-JO
170000504,3,DIM,,Millimeter,0,ME,ME-JO
170000504,4,MAT,,,0,ME,ME-JO
170000504,5,USG,,,0,ME,ME-JO
170000510,1,TYPE,,,0,ME,ME-JO
170000510,2,DIA,,Millimeter,1,ME,ME-JO
170000510,3,DIM,,Millimeter,0,ME,ME-JO
170000510,4,MAT,,,0,ME,ME-JO
170000510,5,USG,,,0,ME,ME-JO
170000512,1,TYPE,,,0,ME,ME-JO
170000512,2,DIA,,Millimeter,1,ME,ME-JO
170000512,3,DIM,,Millimeter,0,ME,ME-JO
170000512,4,MAT,,,0,ME,ME-JO
170000512,5,USG,,,0,ME,ME-JO
170000518,1,TYPE,,,0,ME,ME-RO
170000518,2,DIAI,,Millimeter,1,ME,ME-RO
170000518,3,SR,,,0,ME,ME-RO
170000518,4,DIAE,,Millimeter,0,ME,ME-RO
170000518,5,EPJ,,,0,ME,ME-RO
170000527,1,TYPE,,,0,ME,ME-JO
170000527,2,DIA,,Millimeter,1,ME,ME-JO
170000527,3,DIM,,Millimeter,0,ME,ME-JO
170000527,4,MAT,,,0,ME,ME-JO
170000527,5,USG,,,0,ME,ME-JO
170000531,1,TYPE,,,0,ME,ME-JO
170000531,2,DIA,,Millimeter,1,ME,ME-JO
170000531,3,DIM,,Millimeter,0,ME,ME-JO
170000531,4,MAT,,,0,ME,ME-JO
170000531,5,USG,,,0,ME,ME-JO
170000533,1,TYPE,,,0,ME,ME-JO
170000533,2,DIA,,Millimeter,1,ME,ME-JO
170000533,3,DIM,,Millimeter,0,ME,ME-JO
170000533,4,MAT,,,0,ME,ME-JO
170000533,5,USG,,,0,ME,ME-JO
170000537,1,TYPE,,,0,ME,ME-JO
170000537,2,DIA,,Millimeter,1,ME,ME-JO
170000537,3,DIM,,Millimeter,0,ME,ME-JO
170000537,4,MAT,,,0,ME,ME-JO
170000537,5,USG,,,0,ME,ME-JO
170000538,1,TYPE,,,0,ME,ME-JO
170000538,2,DIA,,Millimeter,1,ME,ME-JO
170000538,3,DIM,,Millimeter,0,ME,ME-JO
170000538,4,MAT,,,0,ME,ME-JO
170000538,5,USG,,,0,ME,ME-JO
170000539,1,TYPE,,,0,IN,IN-CP
170000539,2,PME,,Bar,1,IN,IN-CP
170000539,3,SIG,,,0,IN,IN-CP
170000539,4,RAC,,,0,IN,IN-CP
170000539,5,FAB,,,0,IN,IN-CP
170000542,1,TYPE,,,0,EL,EL-RE
170000542,2,TDCB,,,1,EL,EL-RE
170000542,3,CRT,,AMP,0,EL,EL-RE
170000542,4,NBC,,Nos,0,EL,EL-RE
170000542,5,FAB,,,0,EL,EL-RE
170000543,1,TS,,,0,IN,IN-TE
170000543,2,PMEAS,,Celsius,1,IN,IN-TE
170000543,3,LON,,Millimeter,0,IN,IN-TE
170000543,4,DGT,,Millimeter,0,IN,IN-TE
170000543,5,RAC,,,0,IN,IN-TE
170000548,1,TYPE,,,0,ME,ME-JO
170000548,2,DIA,,Millimeter,1,ME,ME-JO
170000548,3,DIM,,Millimeter,0,ME,ME-JO
170000548,4,MAT,,,0,ME,ME-JO
170000548,5,USG,,,0,ME,ME-JO
170000552,1,TFM,,,1,EE,EE-CA
170000552,2,REF,,,0,EE,EE-CA
170000552,3,CONS,,,0,EE,EE-CA
170000552,4,ALIM,,,0,EE,EE-CA
170000552,5,VER,,,0,EE,EE-CA
170000553,1,TFM,,,1,EE,EE-CA
170000553,2,REF,,,0,EE,EE-CA
170000553,3,CONS,,,0,EE,EE-CA
170000553,4,ALIM,,,0,EE,EE-CA
170000553,5,VER,,,0,EE,EE-CA
170000554,1,TYPE,,,0,ME,ME-JO
170000554,2,DIA,,Millimeter,1,ME,ME-JO
170000554,3,DIM,,Millimeter,0,ME,ME-JO
170000554,4,MAT,,,0,ME,ME-JO
170000554,5,USG,,,0,ME,ME-JO
170000570,1,TYPE,,,0,HY,HY-FI
170000570,2,SEU,,Micrometer,1,HY,HY-FI
170000570,3,RAC,,,0,HY,HY-FI
170000570,4,DEB,,,0,HY,HY-FI
170000570,5,FAB,,,0,HY,HY-FI
170000571,1,TYPE,,,0,PN,PN-RA
170000571,2,DET,,Millimeter,1,PN,PN-RA
170000571,3,FIL,,,0,PN,PN-RA
170000571,4,MAT,,,0,PN,PN-RA
170000571,5,FRM,,,0,PN,PN-RA
170000576,1,FON,,,0,PN,PN-EV
170000576,2,DDR,,,1,PN,PN-EV
170000576,3,FIL,,,0,PN,PN-EV
170000576,4,TNC,,,0,PN,PN-EV
170000576,5,TYPE,,,0,PN,PN-EV
170000580,1,TYPE,,,0,HY,HY-FI
170000580,2,SEU,,Micrometer,1,HY,HY-FI
170000580,3,RAC,,,0,HY,HY-FI
170000580,4,DEB,,,0,HY,HY-FI
170000580,5,FAB,,,0,HY,HY-FI
170000581,1,TYPE,,,0,EL,EL-DI
170000581,2,CAL,,AMP,1,EL,EL-DI
170000581,3,TEN,,,0,EL,EL-DI
170000581,4,NBP,,Nos,0,EL,EL-DI
170000581,5,FAB,,,0,EL,EL-DI
170000582,1,TYPE,,,0,EL,EL-DI
170000582,2,CAL,,AMP,1,EL,EL-DI
170000582,3,TEN,,,0,EL,EL-DI
170000582,4,NBP,,Nos,0,EL,EL-DI
170000582,5,FAB,,,0,EL,EL-DI
170000583,1,TYPE,,,0,EL,EL-DI
170000583,2,CAL,,AMP,1,EL,EL-DI
170000583,3,TEN,,,0,EL,EL-DI
170000583,4,NBP,,Nos,0,EL,EL-DI
170000583,5,FAB,,,0,EL,EL-DI
170000584,1,TYPE,,,0,EL,EL-DI
170000584,2,CAL,,AMP,1,EL,EL-DI
170000584,3,TEN,,,0,EL,EL-DI
170000584,4,NBP,,Nos,0,EL,EL-DI
170000584,5,FAB,,,0,EL,EL-DI
170000585,1,TYPE,,,0,EL,EL-DI
170000585,2,CAL,,AMP,1,EL,EL-DI
170000585,3,TEN,,,0,EL,EL-DI
170000585,4,NBP,,Nos,0,EL,EL-DI
170000585,5,FAB,,,0,EL,EL-DI
170000586,1,TYPE,,,0,HY,HY-FI
170000586,2,SEU,,Micrometer,1,HY,HY-FI
170000586,3,RAC,,,0,HY,HY-FI
170000586,4,DEB,,,0,HY,HY-FI
170000586,5,FAB,,,0,HY,HY-FI
170000587,1,TYPE,,,0,HY,HY-FI
170000587,2,SEU,,Micrometer,1,HY,HY-FI
170000587,3,RAC,,,0,HY,HY-FI
170000587,4,DEB,,,0,HY,HY-FI
170000587,5,FAB,,,0,HY,HY-FI
170000588,1,TPR,,,0,ME,ME-CO
170000588,2,LPR,,Millimeter,1,ME,ME-CO
170000588,3,LEP,,Millimeter,0,ME,ME-CO
170000588,4,PDE,,,0,ME,ME-CO
170000588,5,MAT,,,0,ME,ME-CO
170000589,1,TYPE,,,0,HY,HY-FI
170000589,2,SEU,,Micrometer,1,HY,HY-FI
170000589,3,RAC,,,0,HY,HY-FI
170000589,4,DEB,,,0,HY,HY-FI
170000589,5,FAB,,,0,HY,HY-FI
170000590,1,TYPE,,,0,HY,HY-FI
170000590,2,SEU,,Micrometer,1,HY,HY-FI
170000590,3,RAC,,,0,HY,HY-FI
170000590,4,DEB,,,0,HY,HY-FI
170000590,5,FAB,,,0,HY,HY-FI
170000591,1,TYPE,,,0,HY,HY-FI
170000591,2,SEU,,Micrometer,1,HY,HY-FI
170000591,3,RAC,,,0,HY,HY-FI
170000591,4,DEB,,,0,HY,HY-FI
170000591,5,FAB,,,0,HY,HY-FI
170000592,1,TYPE,,,0,HY,HY-FI
170000592,2,SEU,,Micrometer,1,HY,HY-FI
170000592,3,RAC,,,0,HY,HY-FI
170000592,4,DEB,,,0,HY,HY-FI
170000592,5,FAB,,,0,HY,HY-FI
170000593,1,TYPE,,,0,ME,ME-RO
170000593,2,DIAI,,Millimeter,1,ME,ME-RO
170000593,3,SR,,,0,ME,ME-RO
170000593,4,DIAE,,Millimeter,0,ME,ME-RO
170000593,5,EPJ,,,0,ME,ME-RO
170000594,1,TYPE,,,0,HY,HY-FI
170000594,2,SEU,,Micrometer,1,HY,HY-FI
170000594,3,RAC,,,0,HY,HY-FI
170000594,4,DEB,,,0,HY,HY-FI
170000594,5,FAB,,,0,HY,HY-FI
170000595,1,TYPE,,,0,HY,HY-FI
170000595,2,SEU,,Micrometer,1,HY,HY-FI
170000595,3,RAC,,,0,HY,HY-FI
170000595,4,DEB,,,0,HY,HY-FI
170000595,5,FAB,,,0,HY,HY-FI
170000596,1,TYPE,,,0,HY,HY-FI
170000596,2,SEU,,Micrometer,1,HY,HY-FI
170000596,3,RAC,,,0,HY,HY-FI
170000596,4,DEB,,,0,HY,HY-FI
170000596,5,FAB,,,0,HY,HY-FI
170000597,1,TYPE,,,0,HY,HY-FI
170000597,2,SEU,,Micrometer,1,HY,HY-FI
170000597,3,RAC,,,0,HY,HY-FI
170000597,4,DEB,,,0,HY,HY-FI
170000597,5,FAB,,,0,HY,HY-FI
170000598,1,TYPE,,,0,HY,HY-FI
170000598,2,SEU,,Micrometer,1,HY,HY-FI
170000598,3,RAC,,,0,HY,HY-FI
170000598,4,DEB,,,0,HY,HY-FI
170000598,5,FAB,,,0,HY,HY-FI
170000599,1,TYPE,,,0,HY,HY-FI
170000599,2,SEU,,Micrometer,1,HY,HY-FI
170000599,3,RAC,,,0,HY,HY-FI
170000599,4,DEB,,,0,HY,HY-FI
170000599,5,FAB,,,0,HY,HY-FI
170000600,1,TYPE,,,0,ME,ME-RO
170000600,2,DIAI,,Millimeter,1,ME,ME-RO
170000600,3,SR,,,0,ME,ME-RO
170000600,4,DIAE,,Millimeter,0,ME,ME-RO
170000600,5,EPJ,,,0,ME,ME-RO
170000601,1,TYPE,,,0,HY,HY-FI
170000601,2,SEU,,Micrometer,1,HY,HY-FI
170000601,3,RAC,,,0,HY,HY-FI
170000601,4,DEB,,,0,HY,HY-FI
170000601,5,FAB,,,0,HY,HY-FI
170000602,1,TYPE,,,0,HY,HY-FI
170000602,2,SEU,,Micrometer,1,HY,HY-FI
170000602,3,RAC,,,0,HY,HY-FI
170000602,4,DEB,,,0,HY,HY-FI
170000602,5,FAB,,,0,HY,HY-FI
170000605,1,TYPE,,,0,HY,HY-FI
170000605,2,SEU,,Micrometer,1,HY,HY-FI
170000605,3,RAC,,,0,HY,HY-FI
170000605,4,DEB,,,0,HY,HY-FI
170000605,5,FAB,,,0,HY,HY-FI
170000606,1,TYPE,,,0,HY,HY-FI
170000606,2,SEU,,Micrometer,1,HY,HY-FI
170000606,3,RAC,,,0,HY,HY-FI
170000606,4,DEB,,,0,HY,HY-FI
170000606,5,FAB,,,0,HY,HY-FI
170000607,1,TYPE,,,0,HY,HY-FI
170000607,2,SEU,,Micrometer,1,HY,HY-FI
170000607,3,RAC,,,0,HY,HY-FI
170000607,4,DEB,,,0,HY,HY-FI
170000607,5,FAB,,,0,HY,HY-FI
170000608,1,TYPE,,,0,HY,HY-FI
170000608,2,SEU,,Micrometer,1,HY,HY-FI
170000608,3,RAC,,,0,HY,HY-FI
170000608,4,DEB,,,0,HY,HY-FI
170000608,5,FAB,,,0,HY,HY-FI
170000609,1,FTT,,,1,ME,ME-VI
170000609,2,DIA,,Millimeter,0,ME,ME-VI
170000609,3,LON,,Millimeter,0,ME,ME-VI
170000609,4,MAT,,,0,ME,ME-VI
170000609,5,FIL,,,0,ME,ME-VI
170000612,1,TYPE,,,0,HY,HY-FI
170000612,2,SEU,,Micrometer,1,HY,HY-FI
170000612,3,RAC,,,0,HY,HY-FI
170000612,4,DEB,,,0,HY,HY-FI
170000612,5,FAB,,,0,HY,HY-FI
170000677,1,PRC,,,1,CS,CS-SC
170000677,2,DIA,,Millimeter,0,CS,CS-SC
170000677,3,NUA,,,0,CS,CS-SC
170000677,4,TYPE,,,0,CS,CS-SC
170000677,5,CND,,,0,CS,CS-SC
170000679,1,PRC,,,1,CS,CS-SC
170000679,2,DIA,,Millimeter,0,CS,CS-SC
170000679,3,NUA,,,0,CS,CS-SC
170000679,4,TYPE,,,0,CS,CS-SC
170000679,5,CND,,,0,CS,CS-SC
170000688,1,PRC,,,1,CS,CS-SC
170000688,2,DIA,,Millimeter,0,CS,CS-SC
170000688,3,NUA,,,0,CS,CS-SC
170000688,4,TYPE,,,0,CS,CS-SC
170000688,5,CND,,,0,CS,CS-SC
170000708,1,TYPE,,,0,EL,EL-CO
170000708,2,ICM,,AMP,1,EL,EL-CO
170000708,3,TNB,,,0,EL,EL-CO
170000708,4,NBC,,Nos,0,EL,EL-CO
170000708,5,FAB,,,0,EL,EL-CO
170000711,1,FTT,,,1,ME,ME-VI
170000711,2,DIA,,Millimeter,0,ME,ME-VI
170000711,3,LON,,Millimeter,0,ME,ME-VI
170000711,4,MAT,,,0,ME,ME-VI
170000711,5,FIL,,,0,ME,ME-VI
170000716,1,TYPE,,,0,ME,ME-JO
170000716,2,DIA,,Millimeter,1,ME,ME-JO
170000716,3,DIM,,Millimeter,0,ME,ME-JO
170000716,4,MAT,,,0,ME,ME-JO
170000716,5,USG,,,0,ME,ME-JO
170000736,1,TYPE,,,0,ME,ME-EN
170000736,2,NDR,,,1,ME,ME-EN
170000736,3,MODU,,,0,ME,ME-EN
170000736,4,DIM,,Millimeter,0,ME,ME-EN
170000736,5,MAT,,,0,ME,ME-EN
170000737,1,TYPE,,,0,ME,ME-EN
170000737,2,NDR,,,1,ME,ME-EN
170000737,3,MODU,,,0,ME,ME-EN
170000737,4,DIM,,Millimeter,0,ME,ME-EN
170000737,5,MAT,,,0,ME,ME-EN
170000738,1,TYPE,,,0,ME,ME-EN
170000738,2,NDR,,,1,ME,ME-EN
170000738,3,MODU,,,0,ME,ME-EN
170000738,4,DIM,,Millimeter,0,ME,ME-EN
170000738,5,MAT,,,0,ME,ME-EN
170000745,1,TYPE,,,0,ME,ME-JO
170000745,2,DIA,,Millimeter,1,ME,ME-JO
170000745,3,DIM,,Millimeter,0,ME,ME-JO
170000745,4,MAT,,,0,ME,ME-JO
170000745,5,USG,,,0,ME,ME-JO
170000751,1,TYPE,,,0,ME,ME-JO
170000751,2,DIA,,Millimeter,1,ME,ME-JO
170000751,3,DIM,,Millimeter,0,ME,ME-JO
170000751,4,MAT,,,0,ME,ME-JO
170000751,5,USG,,,0,ME,ME-JO
170000752,1,TYPE,,,0,ME,ME-JO
170000752,2,DIA,,Millimeter,1,ME,ME-JO
170000752,3,DIM,,Millimeter,0,ME,ME-JO
170000752,4,MAT,,,0,ME,ME-JO
170000752,5,USG,,,0,ME,ME-JO
170000753,1,TYPE,,,0,ME,ME-JO
170000753,2,DIA,,Millimeter,1,ME,ME-JO
170000753,3,DIM,,Millimeter,0,ME,ME-JO
170000753,4,MAT,,,0,ME,ME-JO
170000753,5,USG,,,0,ME,ME-JO
170000754,1,TYPE,,,0,ME,ME-JO
170000754,2,DIA,,Millimeter,1,ME,ME-JO
170000754,3,DIM,,Millimeter,0,ME,ME-JO
170000754,4,MAT,,,0,ME,ME-JO
170000754,5,USG,,,0,ME,ME-JO
170000758,1,TYPE,,,0,ME,ME-JO
170000758,2,DIA,,Millimeter,1,ME,ME-JO
170000758,3,DIM,,Millimeter,0,ME,ME-JO
170000758,4,MAT,,,0,ME,ME-JO
170000758,5,USG,,,0,ME,ME-JO
170000764,1,FON,,,0,PN,PN-EV
170000764,2,DDR,,,1,PN,PN-EV
170000764,3,FIL,,,0,PN,PN-EV
170000764,4,TNC,,,0,PN,PN-EV
170000764,5,TYPE,,,0,PN,PN-EV
170000765,1,FON,,,0,PN,PN-EV
170000765,2,DDR,,,1,PN,PN-EV
170000765,3,FIL,,,0,PN,PN-EV
170000765,4,TNC,,,0,PN,PN-EV
170000765,5,TYPE,,,0,PN,PN-EV
170000766,1,FON,,,0,PN,PN-EV
170000766,2,DDR,,,1,PN,PN-EV
170000766,3,FIL,,,0,PN,PN-EV
170000766,4,TNC,,,0,PN,PN-EV
170000766,5,TYPE,,,0,PN,PN-EV
170000768,1,FON,,,0,PN,PN-EV
170000768,2,DDR,,,1,PN,PN-EV
170000768,3,FIL,,,0,PN,PN-EV
170000768,4,TNC,,,0,PN,PN-EV
170000768,5,TYPE,,,0,PN,PN-EV
170000774,1,TYPE,,,1,CS,CS-JG
170000774,2,MAT,,,0,CS,CS-JG
170000774,3,DIM,,Millimeter,0,CS,CS-JG
170000774,4,REFERENC,,,0,CS,CS-JG
170000774,5,FAB,,,0,CS,CS-JG
170000775,1,TYPE,,,0,ME,ME-JO
170000775,2,DIA,,Millimeter,1,ME,ME-JO
170000775,3,DIM,,Millimeter,0,ME,ME-JO
170000775,4,MAT,,,0,ME,ME-JO
170000775,5,USG,,,0,ME,ME-JO
170000779,1,TYPE,,,0,IN,IN-DE
170000779,2,PDM,,,1,IN,IN-DE
170000779,3,DNR,,,0,IN,IN-DE
170000779,4,SOR,,,0,IN,IN-DE
170000779,5,FAB,,,0,IN,IN-DE
170000786,1,TCP,,,0,EE,EE-CP
170000786,2,SIG,,,1,EE,EE-CP
170000786,3,RAC,,,0,EE,EE-CP
170000786,4,ALIM,,,0,EE,EE-CP
170000786,5,PLG,,,0,EE,EE-CP
170000787,1,TYPE,,,0,EL,EL-DI
170000787,2,CAL,,AMP,1,EL,EL-DI
170000787,3,TEN,,,0,EL,EL-DI
170000787,4,NBP,,Nos,0,EL,EL-DI
170000787,5,FAB,,,0,EL,EL-DI
170000790,1,TYPE,,,0,EL,EL-DI
170000790,2,CAL,,AMP,1,EL,EL-DI
170000790,3,TEN,,,0,EL,EL-DI
170000790,4,NBP,,Nos,0,EL,EL-DI
170000790,5,FAB,,,0,EL,EL-DI
170000791,1,TYPE,,,0,EL,EL-DI
170000791,2,CAL,,AMP,1,EL,EL-DI
170000791,3,TEN,,,0,EL,EL-DI
170000791,4,NBP,,Nos,0,EL,EL-DI
170000791,5,FAB,,,0,EL,EL-DI
170000792,1,TYPE,,,0,EL,EL-DI
170000792,2,CAL,,AMP,1,EL,EL-DI
170000792,3,TEN,,,0,EL,EL-DI
170000792,4,NBP,,Nos,0,EL,EL-DI
170000792,5,FAB,,,0,EL,EL-DI
170000794,1,TYPE,,,0,EL,EL-DI
170000794,2,CAL,,AMP,1,EL,EL-DI
170000794,3,TEN,,,0,EL,EL-DI
170000794,4,NBP,,Nos,0,EL,EL-DI
170000794,5,FAB,,,0,EL,EL-DI
170000795,1,TYPE,,,0,EL,EL-DI
170000795,2,CAL,,AMP,1,EL,EL-DI
170000795,3,TEN,,,0,EL,EL-DI
170000795,4,NBP,,Nos,0,EL,EL-DI
170000795,5,FAB,,,0,EL,EL-DI
170000796,1,TYPE,,,0,EL,EL-DI
170000796,2,CAL,,AMP,1,EL,EL-DI
170000796,3,TEN,,,0,EL,EL-DI
170000796,4,NBP,,Nos,0,EL,EL-DI
170000796,5,FAB,,,0,EL,EL-DI
170000797,1,TYPE,,,0,EL,EL-DI
170000797,2,CAL,,AMP,1,EL,EL-DI
170000797,3,TEN,,,0,EL,EL-DI
170000797,4,NBP,,Nos,0,EL,EL-DI
170000797,5,FAB,,,0,EL,EL-DI
170000798,1,TYPE,,,0,EL,EL-DI
170000798,2,CAL,,AMP,1,EL,EL-DI
170000798,3,TEN,,,0,EL,EL-DI
170000798,4,NBP,,Nos,0,EL,EL-DI
170000798,5,FAB,,,0,EL,EL-DI
170000799,1,TYPE,,,0,EL,EL-CO
170000799,2,ICM,,AMP,1,EL,EL-CO
170000799,3,TNB,,,0,EL,EL-CO
170000799,4,NBC,,Nos,0,EL,EL-CO
170000799,5,FAB,,,0,EL,EL-CO
170000800,1,TYPE,,,0,EL,EL-CO
170000800,2,ICM,,AMP,1,EL,EL-CO
170000800,3,TNB,,,0,EL,EL-CO
170000800,4,NBC,,Nos,0,EL,EL-CO
170000800,5,FAB,,,0,EL,EL-CO
170000801,1,TYPE,,,0,EL,EL-CO
170000801,2,ICM,,AMP,1,EL,EL-CO
170000801,3,TNB,,,0,EL,EL-CO
170000801,4,NBC,,Nos,0,EL,EL-CO
170000801,5,FAB,,,0,EL,EL-CO
170000802,1,TYPE,,,0,EL,EL-CO
170000802,2,ICM,,AMP,1,EL,EL-CO
170000802,3,TNB,,,0,EL,EL-CO
170000802,4,NBC,,Nos,0,EL,EL-CO
170000802,5,FAB,,,0,EL,EL-CO
170000805,1,TDC,,,0,EL,EL-MO
170000805,2,PUI,,Kilowatt,1,EL,EL-MO
170000805,3,VIT,,,0,EL,EL-MO
170000805,4,FIX,,,0,EL,EL-MO
170000805,5,TEN,,,0,EL,EL-MO
170000814,1,TCP,,,0,EE,EE-CP
170000814,2,SIG,,,1,EE,EE-CP
170000814,3,RAC,,,0,EE,EE-CP
170000814,4,ALIM,,,0,EE,EE-CP
170000814,5,PLG,,,0,EE,EE-CP
170000831,1,TYPE,,,0,ME,ME-JO
170000831,2,DIA,,Millimeter,1,ME,ME-JO
170000831,3,DIM,,Millimeter,0,ME,ME-JO
170000831,4,MAT,,,0,ME,ME-JO
170000831,5,USG,,,0,ME,ME-JO
170000839,1,TYPE,,,0,IN,IN-DE
170000839,2,PDM,,,1,IN,IN-DE
170000839,3,DNR,,,0,IN,IN-DE
170000839,4,SOR,,,0,IN,IN-DE
170000839,5,FAB,,,0,IN,IN-DE
170000852,1,TYPE,,,0,HY,HY-FL
170000852,2,DN,,,1,HY,HY-FL
170000852,3,LON,,Millimeter,0,HY,HY-FL
170000852,4,EMB,,,0,HY,HY-FL
170000852,5,PRE,,Bar,0,HY,HY-FL
170000891,1,TYPE,,,0,ME,ME-JO
170000891,2,DIA,,Millimeter,1,ME,ME-JO
170000891,3,DIM,,Millimeter,0,ME,ME-JO
170000891,4,MAT,,,0,ME,ME-JO
170000891,5,USG,,,0,ME,ME-JO
170000892,1,TYPE,,,0,ME,ME-JO
170000892,2,DIA,,Millimeter,1,ME,ME-JO
170000892,3,DIM,,Millimeter,0,ME,ME-JO
170000892,4,MAT,,,0,ME,ME-JO
170000892,5,USG,,,0,ME,ME-JO
170000893,1,TYPE,,,0,ME,ME-JO
170000893,2,DIA,,Millimeter,1,ME,ME-JO
170000893,3,DIM,,Millimeter,0,ME,ME-JO
170000893,4,MAT,,,0,ME,ME-JO
170000893,5,USG,,,0,ME,ME-JO
170000894,1,TYPE,,,1,CS,CS-GC
170000894,2,GRA,,,0,CS,CS-GC
170000894,3,CND,,,0,CS,CS-GC
170000894,4,APP,,,0,CS,CS-GC
170000894,5,FAB,,,0,CS,CS-GC
170000910,1,TYPE,,,0,EL,EL-CO
170000910,2,ICM,,AMP,1,EL,EL-CO
170000910,3,TNB,,,0,EL,EL-CO
170000910,4,NBC,,Nos,0,EL,EL-CO
170000910,5,FAB,,,0,EL,EL-CO
170000970,1,TFM,,,1,EE,EE-CA
170000970,2,REF,,,0,EE,EE-CA
170000970,3,CONS,,,0,EE,EE-CA
170000970,4,ALIM,,,0,EE,EE-CA
170000970,5,VER,,,0,EE,EE-CA
170000975,1,TYPE,,,0,EL,EL-CA
170000975,2,SEC,,,1,EL,EL-CA
170000975,3,NBCD,,Nos,0,EL,EL-CA
170000975,4,MAT,,,0,EL,EL-CA
170000975,5,BLI,,,0,EL,EL-CA
170000996,1,TYPE,,,0,ME,ME-JO
170000996,2,DIA,,Millimeter,1,ME,ME-JO
170000996,3,DIM,,Millimeter,0,ME,ME-JO
170000996,4,MAT,,,0,ME,ME-JO
170000996,5,USG,,,0,ME,ME-JO
170000997,1,TYPE,,,0,HY,HY-PO
170000997,2,DEB,,,1,HY,HY-PO
170000997,3,CYL,,,0,HY,HY-PO
170000997,4,PRE,,Bar,0,HY,HY-PO
170000997,5,LIQ,,,0,HY,HY-PO
170000998,1,TYPE,,,0,ME,ME-JO
170000998,2,DIA,,Millimeter,1,ME,ME-JO
170000998,3,DIM,,Millimeter,0,ME,ME-JO
170000998,4,MAT,,,0,ME,ME-JO
170000998,5,USG,,,0,ME,ME-JO
170000999,1,TYPE,,,0,ME,ME-EN
170000999,2,NDR,,,1,ME,ME-EN
170000999,3,MODU,,,0,ME,ME-EN
170000999,4,DIM,,Millimeter,0,ME,ME-EN
170000999,5,MAT,,,0,ME,ME-EN
170001000,1,TYPE,,,0,ME,ME-JO
170001000,2,DIA,,Millimeter,1,ME,ME-JO
170001000,3,DIM,,Millimeter,0,ME,ME-JO
170001000,4,MAT,,,0,ME,ME-JO
170001000,5,USG,,,0,ME,ME-JO
170001002,1,TDC,,,0,EL,EL-MO
170001002,2,PUI,,Kilowatt,1,EL,EL-MO
170001002,3,VIT,,,0,EL,EL-MO
170001002,4,FIX,,,0,EL,EL-MO
170001002,5,TEN,,,0,EL,EL-MO
170001007,1,TYPE,,,0,IN,IN-CP
170001007,2,PME,,Bar,1,IN,IN-CP
170001007,3,SIG,,,0,IN,IN-CP
170001007,4,RAC,,,0,IN,IN-CP
170001007,5,FAB,,,0,IN,IN-CP
170001009,1,TYPE,,,0,HY,HY-PO
170001009,2,DEB,,,1,HY,HY-PO
170001009,3,CYL,,,0,HY,HY-PO
170001009,4,PRE,,Bar,0,HY,HY-PO
170001009,5,LIQ,,,0,HY,HY-PO
17000507,1,TYPE,,,0,HY,HY-PO
17000507,2,DEB,,,1,HY,HY-PO
17000507,3,CYL,,,0,HY,HY-PO
17000507,4,PRE,,Bar,0,HY,HY-PO
17000507,5,LIQ,,,0,HY,HY-PO
17000508,1,TYPE,,,0,HY,HY-PO
17000508,2,DEB,,,1,HY,HY-PO
17000508,3,CYL,,,0,HY,HY-PO
17000508,4,PRE,,Bar,0,HY,HY-PO
17000508,5,LIQ,,,0,HY,HY-PO
170101003,1,TYPE,,,0,ME,ME-JO
170101003,2,DIA,,Millimeter,1,ME,ME-JO
170101003,3,DIM,,Millimeter,0,ME,ME-JO
170101003,4,MAT,,,0,ME,ME-JO
170101003,5,USG,,,0,ME,ME-JO
170101004,1,FTT,,,1,ME,ME-VI
170101004,2,DIA,,Millimeter,0,ME,ME-VI
170101004,3,LON,,Millimeter,0,ME,ME-VI
170101004,4,MAT,,,0,ME,ME-VI
170101004,5,FIL,,,0,ME,ME-VI
170101009,1,TYPE,,,0,ME,ME-JO
170101009,2,DIA,,Millimeter,1,ME,ME-JO
170101009,3,DIM,,Millimeter,0,ME,ME-JO
170101009,4,MAT,,,0,ME,ME-JO
170101009,5,USG,,,0,ME,ME-JO
170101017,1,TCP,,,0,EE,EE-CP
170101017,2,SIG,,,1,EE,EE-CP
170101017,3,RAC,,,0,EE,EE-CP
170101017,4,ALIM,,,0,EE,EE-CP
170101017,5,PLG,,,0,EE,EE-CP
170101020,1,TYPE,,,0,HY,HY-FI
170101020,2,SEU,,Micrometer,1,HY,HY-FI
170101020,3,RAC,,,0,HY,HY-FI
170101020,4,DEB,,,0,HY,HY-FI
170101020,5,FAB,,,0,HY,HY-FI
190000035,1,TS,,,0,IN,IN-TE
190000035,2,PMEAS,,Celsius,1,IN,IN-TE
190000035,3,LON,,Millimeter,0,IN,IN-TE
190000035,4,DGT,,Millimeter,0,IN,IN-TE
190000035,5,RAC,,,0,IN,IN-TE
190000036,1,TYPE,,,0,PN,PN-RA
190000036,2,DET,,Millimeter,1,PN,PN-RA
190000036,3,FIL,,,0,PN,PN-RA
190000036,4,MAT,,,0,PN,PN-RA
190000036,5,FRM,,,0,PN,PN-RA
190000037,1,TYPE,,,0,PN,PN-RA
190000037,2,DET,,Millimeter,1,PN,PN-RA
190000037,3,FIL,,,0,PN,PN-RA
190000037,4,MAT,,,0,PN,PN-RA
190000037,5,FRM,,,0,PN,PN-RA
190000038,1,TYPE,,,0,PN,PN-RA
190000038,2,DET,,Millimeter,1,PN,PN-RA
190000038,3,FIL,,,0,PN,PN-RA
190000038,4,MAT,,,0,PN,PN-RA
190000038,5,FRM,,,0,PN,PN-RA
190000042,1,TYPE,,,0,PN,PN-RA
190000042,2,DET,,Millimeter,1,PN,PN-RA
190000042,3,FIL,,,0,PN,PN-RA
190000042,4,MAT,,,0,PN,PN-RA
190000042,5,FRM,,,0,PN,PN-RA
190000043,1,TCP,,,0,EE,EE-CP
190000043,2,SIG,,,1,EE,EE-CP
190000043,3,RAC,,,0,EE,EE-CP
190000043,4,ALIM,,,0,EE,EE-CP
190000043,5,PLG,,,0,EE,EE-CP
190000056,1,TYPE,,,0,EL,EL-FU
190000056,2,CDP,,AMP,1,EL,EL-FU
190000056,3,TAI,,,0,EL,EL-FU
190000056,4,TEN,,,0,EL,EL-FU
190000056,5,FAB,,,0,EL,EL-FU
190000058,1,TYPE,,,0,EL,EL-RE
190000058,2,TDCB,,,1,EL,EL-RE
190000058,3,CRT,,AMP,0,EL,EL-RE
190000058,4,NBC,,Nos,0,EL,EL-RE
190000058,5,FAB,,,0,EL,EL-RE
190000062,1,TYPE,,,0,PN,PN-CO
190000062,2,PMD,,,1,PN,PN-CO
190000062,3,CCU,,L,0,PN,PN-CO
190000062,4,PRE,,Bar,0,PN,PN-CO
190000062,5,FAB,,,0,PN,PN-CO
190000250,1,TYPE,,,0,ME,ME-JO
190000250,2,DIA,,Millimeter,1,ME,ME-JO
190000250,3,DIM,,Millimeter,0,ME,ME-JO
190000250,4,MAT,,,0,ME,ME-JO
190000250,5,USG,,,0,ME,ME-JO
190000251,1,TYPE,,,0,ME,ME-JO
190000251,2,DIA,,Millimeter,1,ME,ME-JO
190000251,3,DIM,,Millimeter,0,ME,ME-JO
190000251,4,MAT,,,0,ME,ME-JO
190000251,5,USG,,,0,ME,ME-JO
190000252,1,TYPE,,,0,ME,ME-JO
190000252,2,DIA,,Millimeter,1,ME,ME-JO
190000252,3,DIM,,Millimeter,0,ME,ME-JO
190000252,4,MAT,,,0,ME,ME-JO
190000252,5,USG,,,0,ME,ME-JO
190000253,1,FTT,,,1,ME,ME-VI
190000253,2,DIA,,Millimeter,0,ME,ME-VI
190000253,3,LON,,Millimeter,0,ME,ME-VI
190000253,4,MAT,,,0,ME,ME-VI
190000253,5,FIL,,,0,ME,ME-VI
190000256,1,TYPE,,,0,ME,ME-JO
190000256,2,DIA,,Millimeter,1,ME,ME-JO
190000256,3,DIM,,Millimeter,0,ME,ME-JO
190000256,4,MAT,,,0,ME,ME-JO
190000256,5,USG,,,0,ME,ME-JO
190000257,1,TYPE,,,0,ME,ME-JO
190000257,2,DIA,,Millimeter,1,ME,ME-JO
190000257,3,DIM,,Millimeter,0,ME,ME-JO
190000257,4,MAT,,,0,ME,ME-JO
190000257,5,USG,,,0,ME,ME-JO
190000265,1,TYPE,,,0,ME,ME-JO
190000265,2,DIA,,Millimeter,1,ME,ME-JO
190000265,3,DIM,,Millimeter,0,ME,ME-JO
190000265,4,MAT,,,0,ME,ME-JO
190000265,5,USG,,,0,ME,ME-JO
190000266,1,TYPE,,,0,ME,ME-JO
190000266,2,DIA,,Millimeter,1,ME,ME-JO
190000266,3,DIM,,Millimeter,0,ME,ME-JO
190000266,4,MAT,,,0,ME,ME-JO
190000266,5,USG,,,0,ME,ME-JO
190000267,1,TYPE,,,0,ME,ME-JO
190000267,2,DIA,,Millimeter,1,ME,ME-JO
190000267,3,DIM,,Millimeter,0,ME,ME-JO
190000267,4,MAT,,,0,ME,ME-JO
190000267,5,USG,,,0,ME,ME-JO
190000269,1,TYPE,,,0,ME,ME-JO
190000269,2,DIA,,Millimeter,1,ME,ME-JO
190000269,3,DIM,,Millimeter,0,ME,ME-JO
190000269,4,MAT,,,0,ME,ME-JO
190000269,5,USG,,,0,ME,ME-JO
190000271,1,TDC,,,0,EL,EL-MO
190000271,2,PUI,,Kilowatt,1,EL,EL-MO
190000271,3,VIT,,,0,EL,EL-MO
190000271,4,FIX,,,0,EL,EL-MO
190000271,5,TEN,,,0,EL,EL-MO
190000273,1,TYPE,,,0,HY,HY-PO
190000273,2,DEB,,,1,HY,HY-PO
190000273,3,CYL,,,0,HY,HY-PO
190000273,4,PRE,,Bar,0,HY,HY-PO
190000273,5,LIQ,,,0,HY,HY-PO
190000280,1,TYPE,,,0,HY,HY-FL
190000280,2,DN,,,1,HY,HY-FL
190000280,3,LON,,Millimeter,0,HY,HY-FL
190000280,4,EMB,,,0,HY,HY-FL
190000280,5,PRE,,Bar,0,HY,HY-FL
190000287,1,TYPE,,,0,SE,SE-EC
190000287,2,PEN,,Watt,1,SE,SE-EC
190000287,3,TEN,,,0,SE,SE-EC
190000287,4,FOR,,,0,SE,SE-EC
190000287,5,FAB,,,0,SE,SE-EC
190000289,1,TYPE,,,0,HY,HY-FI
190000289,2,SEU,,Micrometer,1,HY,HY-FI
190000289,3,RAC,,,0,HY,HY-FI
190000289,4,DEB,,,0,HY,HY-FI
190000289,5,FAB,,,0,HY,HY-FI
190000290,1,TYPE,,,0,HY,HY-FI
190000290,2,SEU,,Micrometer,1,HY,HY-FI
190000290,3,RAC,,,0,HY,HY-FI
190000290,4,DEB,,,0,HY,HY-FI
190000290,5,FAB,,,0,HY,HY-FI
190000293,1,TYPE,,,0,HY,HY-VE
190000293,2,DAP,,Millimeter,1,HY,HY-VE
190000293,3,DGT,,Millimeter,0,HY,HY-VE
190000293,4,COU,,Millimeter,0,HY,HY-VE
190000293,5,PRE,,Bar,0,HY,HY-VE
190000295,1,TYPE,,,0,HY,HY-VE
190000295,2,DAP,,Millimeter,1,HY,HY-VE
190000295,3,DGT,,Millimeter,0,HY,HY-VE
190000295,4,COU,,Millimeter,0,HY,HY-VE
190000295,5,PRE,,Bar,0,HY,HY-VE
210000019,1,TYPE,,,0,EL,EL-CA
210000019,2,SEC,,,1,EL,EL-CA
210000019,3,NBCD,,Nos,0,EL,EL-CA
210000019,4,MAT,,,0,EL,EL-CA
210000019,5,BLI,,,0,EL,EL-CA
250211021,1,TPR,,,0,ME,ME-CO
250211021,2,LPR,,Millimeter,1,ME,ME-CO
250211021,3,LEP,,Millimeter,0,ME,ME-CO
250211021,4,PDE,,,0,ME,ME-CO
250211021,5,MAT,,,0,ME,ME-CO
250828025,1,TYPE,,,0,EL,EL-FU
250828025,2,CDP,,AMP,1,EL,EL-FU
250828025,3,TAI,,,0,EL,EL-FU
250828025,4,TEN,,,0,EL,EL-FU
250828025,5,FAB,,,0,EL,EL-FU
270661004,1,TYPE,,,0,PN,PN-RA
270661004,2,DET,,Millimeter,1,PN,PN-RA
270661004,3,FIL,,,0,PN,PN-RA
270661004,4,MAT,,,0,PN,PN-RA
270661004,5,FRM,,,0,PN,PN-RA
270661005,1,TYPE,,,0,PN,PN-RA
270661005,2,DET,,Millimeter,1,PN,PN-RA
270661005,3,FIL,,,0,PN,PN-RA
270661005,4,MAT,,,0,PN,PN-RA
270661005,5,FRM,,,0,PN,PN-RA
270661008,1,TYPE,,,0,PN,PN-RA
270661008,2,DET,,Millimeter,1,PN,PN-RA
270661008,3,FIL,,,0,PN,PN-RA
270661008,4,MAT,,,0,PN,PN-RA
270661008,5,FRM,,,0,PN,PN-RA
270662011,1,TYPE,,,0,ME,ME-RO
270662011,2,DIAI,,Millimeter,1,ME,ME-RO
270662011,3,SR,,,0,ME,ME-RO
270662011,4,DIAE,,Millimeter,0,ME,ME-RO
270662011,5,EPJ,,,0,ME,ME-RO
270662014,1,TYPE,,,0,PN,PN-DI
270662014,2,DTC,,,1,PN,PN-DI
270662014,3,NBV,,Nos,0,PN,PN-DI
270662014,4,TIR,,,0,PN,PN-DI
270662014,5,TNB,,,0,PN,PN-DI
270662025,1,TYPE,,,0,PN,PN-RA
270662025,2,DET,,Millimeter,1,PN,PN-RA
270662025,3,FIL,,,0,PN,PN-RA
270662025,4,MAT,,,0,PN,PN-RA
270662025,5,FRM,,,0,PN,PN-RA
270662028,1,TYPE,,,0,PN,PN-RA
270662028,2,DET,,Millimeter,1,PN,PN-RA
270662028,3,FIL,,,0,PN,PN-RA
270662028,4,MAT,,,0,PN,PN-RA
270662028,5,FRM,,,0,PN,PN-RA
270662036,1,TYPE,,,0,PN,PN-RA
270662036,2,DET,,Millimeter,1,PN,PN-RA
270662036,3,FIL,,,0,PN,PN-RA
270662036,4,MAT,,,0,PN,PN-RA
270662036,5,FRM,,,0,PN,PN-RA
270662037,1,TYPE,,,0,PN,PN-RA
270662037,2,DET,,Millimeter,1,PN,PN-RA
270662037,3,FIL,,,0,PN,PN-RA
270662037,4,MAT,,,0,PN,PN-RA
270662037,5,FRM,,,0,PN,PN-RA
270662038,1,TYPE,,,0,PN,PN-RA
270662038,2,DET,,Millimeter,1,PN,PN-RA
270662038,3,FIL,,,0,PN,PN-RA
270662038,4,MAT,,,0,PN,PN-RA
270662038,5,FRM,,,0,PN,PN-RA
270662039,1,TYPE,,,0,PN,PN-RA
270662039,2,DET,,Millimeter,1,PN,PN-RA
270662039,3,FIL,,,0,PN,PN-RA
270662039,4,MAT,,,0,PN,PN-RA
270662039,5,FRM,,,0,PN,PN-RA
270662040,1,FON,,,0,PN,PN-EV
270662040,2,DDR,,,1,PN,PN-EV
270662040,3,FIL,,,0,PN,PN-EV
270662040,4,TNC,,,0,PN,PN-EV
270662040,5,TYPE,,,0,PN,PN-EV
270662043,1,TYPE,,,1,CS,CS-GC
270662043,2,GRA,,,0,CS,CS-GC
270662043,3,CND,,,0,CS,CS-GC
270662043,4,APP,,,0,CS,CS-GC
270662043,5,FAB,,,0,CS,CS-GC
270662066,1,FON,,,0,PN,PN-EV
270662066,2,DDR,,,1,PN,PN-EV
270662066,3,FIL,,,0,PN,PN-EV
270662066,4,TNC,,,0,PN,PN-EV
270662066,5,TYPE,,,0,PN,PN-EV
270662067,1,FON,,,0,PN,PN-EV
270662067,2,DDR,,,1,PN,PN-EV
270662067,3,FIL,,,0,PN,PN-EV
270662067,4,TNC,,,0,PN,PN-EV
270662067,5,TYPE,,,0,PN,PN-EV
270662068,1,FON,,,0,PN,PN-EV
270662068,2,DDR,,,1,PN,PN-EV
270662068,3,FIL,,,0,PN,PN-EV
270662068,4,TNC,,,0,PN,PN-EV
270662068,5,TYPE,,,0,PN,PN-EV
270662075,1,FIL,,,0,PN,PN-RE
270662075,2,PPM,,Bar,1,PN,PN-RE
270662075,3,OPT,,,0,PN,PN-RE
270662075,4,TYPE,,,0,PN,PN-RE
270662075,5,DEB,,,0,PN,PN-RE
270662084,1,TYPE,,,0,HY,HY-RA
270662084,2,DTF,,,1,HY,HY-RA
270662084,3,MAT,,,0,HY,HY-RA
270662084,4,FRM,,,0,HY,HY-RA
270662084,5,PRE,,Bar,0,HY,HY-RA
270662085,1,TYPE,,,0,EL,EL-CA
270662085,2,SEC,,,1,EL,EL-CA
270662085,3,NBCD,,Nos,0,EL,EL-CA
270662085,4,MAT,,,0,EL,EL-CA
270662085,5,BLI,,,0,EL,EL-CA
270662091,1,TYPE,,,0,PN,PN-RA
270662091,2,DET,,Millimeter,1,PN,PN-RA
270662091,3,FIL,,,0,PN,PN-RA
270662091,4,MAT,,,0,PN,PN-RA
270662091,5,FRM,,,0,PN,PN-RA
270662098,1,TYPE,,,0,PN,PN-RA
270662098,2,DET,,Millimeter,1,PN,PN-RA
270662098,3,FIL,,,0,PN,PN-RA
270662098,4,MAT,,,0,PN,PN-RA
270662098,5,FRM,,,0,PN,PN-RA
270662103,1,TYPE,,,0,PN,PN-DI
270662103,2,DTC,,,1,PN,PN-DI
270662103,3,NBV,,Nos,0,PN,PN-DI
270662103,4,TIR,,,0,PN,PN-DI
270662103,5,TNB,,,0,PN,PN-DI
270662104,1,TYPE,,,0,PN,PN-DI
270662104,2,DTC,,,1,PN,PN-DI
270662104,3,NBV,,Nos,0,PN,PN-DI
270662104,4,TIR,,,0,PN,PN-DI
270662104,5,TNB,,,0,PN,PN-DI
270662172,1,TYPE,,,0,PN,PN-DI
270662172,2,DTC,,,1,PN,PN-DI
270662172,3,NBV,,Nos,0,PN,PN-DI
270662172,4,TIR,,,0,PN,PN-DI
270662172,5,TNB,,,0,PN,PN-DI
270662178,1,TYPE,,,0,PN,PN-DI
270662178,2,DTC,,,1,PN,PN-DI
270662178,3,NBV,,Nos,0,PN,PN-DI
270662178,4,TIR,,,0,PN,PN-DI
270662178,5,TNB,,,0,PN,PN-DI
270662179,1,TYPE,,,0,PN,PN-DI
270662179,2,DTC,,,1,PN,PN-DI
270662179,3,NBV,,Nos,0,PN,PN-DI
270662179,4,TIR,,,0,PN,PN-DI
270662179,5,TNB,,,0,PN,PN-DI
270662310,1,TYPE,,,0,PN,PN-RA
270662310,2,DET,,Millimeter,1,PN,PN-RA
270662310,3,FIL,,,0,PN,PN-RA
270662310,4,MAT,,,0,PN,PN-RA
270662310,5,FRM,,,0,PN,PN-RA
270662312,1,TYPE,,,0,PN,PN-RA
270662312,2,DET,,Millimeter,1,PN,PN-RA
270662312,3,FIL,,,0,PN,PN-RA
270662312,4,MAT,,,0,PN,PN-RA
270662312,5,FRM,,,0,PN,PN-RA
270820003,1,TYPE,,,0,HY,HY-FI
270820003,2,SEU,,Micrometer,1,HY,HY-FI
270820003,3,RAC,,,0,HY,HY-FI
270820003,4,DEB,,,0,HY,HY-FI
270820003,5,FAB,,,0,HY,HY-FI
270828013,1,TCO,,,1,IN,IN-TH
270828013,2,LGA,,Millimeter,0,IN,IN-TH
270828013,3,DGA,,Millimeter,0,IN,IN-TH
270828013,4,RAC,,,0,IN,IN-TH
270828013,5,FAB,,,0,IN,IN-TH
270828017,1,TYPE,,,0,ME,ME-RO
270828017,2,DIAI,,Millimeter,1,ME,ME-RO
270828017,3,SR,,,0,ME,ME-RO
270828017,4,DIAE,,Millimeter,0,ME,ME-RO
270828017,5,EPJ,,,0,ME,ME-RO
270828020,1,TYPE,,,0,ME,ME-EN
270828020,2,NDR,,,1,ME,ME-EN
270828020,3,MODU,,,0,ME,ME-EN
270828020,4,DIM,,Millimeter,0,ME,ME-EN
270828020,5,MAT,,,0,ME,ME-EN
270828021,1,TYPE,,,0,ME,ME-RO
270828021,2,DIAI,,Millimeter,1,ME,ME-RO
270828021,3,SR,,,0,ME,ME-RO
270828021,4,DIAE,,Millimeter,0,ME,ME-RO
270828021,5,EPJ,,,0,ME,ME-RO
270828052,1,TYPE,,,0,ME,ME-JO
270828052,2,DIA,,Millimeter,1,ME,ME-JO
270828052,3,DIM,,Millimeter,0,ME,ME-JO
270828052,4,MAT,,,0,ME,ME-JO
270828052,5,USG,,,0,ME,ME-JO
270828110,1,TPR,,,0,ME,ME-CO
270828110,2,LPR,,Millimeter,1,ME,ME-CO
270828110,3,LEP,,Millimeter,0,ME,ME-CO
270828110,4,PDE,,,0,ME,ME-CO
270828110,5,MAT,,,0,ME,ME-CO
270828117,1,TYPE,,,0,ME,ME-JO
270828117,2,DIA,,Millimeter,1,ME,ME-JO
270828117,3,DIM,,Millimeter,0,ME,ME-JO
270828117,4,MAT,,,0,ME,ME-JO
270828117,5,USG,,,0,ME,ME-JO
270828118,1,TYPE,,,0,ME,ME-JO
270828118,2,DIA,,Millimeter,1,ME,ME-JO
270828118,3,DIM,,Millimeter,0,ME,ME-JO
270828118,4,MAT,,,0,ME,ME-JO
270828118,5,USG,,,0,ME,ME-JO
270828121,1,TCP,,,0,EE,EE-CP
270828121,2,SIG,,,1,EE,EE-CP
270828121,3,RAC,,,0,EE,EE-CP
270828121,4,ALIM,,,0,EE,EE-CP
270828121,5,PLG,,,0,EE,EE-CP
270828132,1,TFM,,,1,EE,EE-CA
270828132,2,REF,,,0,EE,EE-CA
270828132,3,CONS,,,0,EE,EE-CA
270828132,4,ALIM,,,0,EE,EE-CA
270828132,5,VER,,,0,EE,EE-CA
270828134,1,TCP,,,0,EE,EE-CP
270828134,2,SIG,,,1,EE,EE-CP
270828134,3,RAC,,,0,EE,EE-CP
270828134,4,ALIM,,,0,EE,EE-CP
270828134,5,PLG,,,0,EE,EE-CP
270828165,1,TYPE,,,0,ME,ME-EN
270828165,2,NDR,,,1,ME,ME-EN
270828165,3,MODU,,,0,ME,ME-EN
270828165,4,DIM,,Millimeter,0,ME,ME-EN
270828165,5,MAT,,,0,ME,ME-EN
270828166,1,TYPE,,,0,ME,ME-CH
270828166,2,PAS,,Millimeter,1,ME,ME-CH
270828166,3,NBM,,Nos,0,ME,ME-CH
270828166,4,LON,,Millimeter,0,ME,ME-CH
270828166,5,STD,,,0,ME,ME-CH
270828168,1,TYPE,,,0,ME,ME-CH
270828168,2,PAS,,Millimeter,1,ME,ME-CH
270828168,3,NBM,,Nos,0,ME,ME-CH
270828168,4,LON,,Millimeter,0,ME,ME-CH
270828168,5,STD,,,0,ME,ME-CH
270828192,1,TPR,,,0,ME,ME-CO
270828192,2,LPR,,Millimeter,1,ME,ME-CO
270828192,3,LEP,,Millimeter,0,ME,ME-CO
270828192,4,PDE,,,0,ME,ME-CO
270828192,5,MAT,,,0,ME,ME-CO
270828205,1,FON,,,0,PN,PN-EV
270828205,2,DDR,,,1,PN,PN-EV
270828205,3,FIL,,,0,PN,PN-EV
270828205,4,TNC,,,0,PN,PN-EV
270828205,5,TYPE,,,0,PN,PN-EV
270828206,1,TYPE,,,0,PN,PN-RA
270828206,2,DET,,Millimeter,1,PN,PN-RA
270828206,3,FIL,,,0,PN,PN-RA
270828206,4,MAT,,,0,PN,PN-RA
270828206,5,FRM,,,0,PN,PN-RA
270828209,1,TYPE,,,0,ME,ME-JO
270828209,2,DIA,,Millimeter,1,ME,ME-JO
270828209,3,DIM,,Millimeter,0,ME,ME-JO
270828209,4,MAT,,,0,ME,ME-JO
270828209,5,USG,,,0,ME,ME-JO
270828210,1,TYPE,,,0,PN,PN-VE
270828210,2,DAP,,Millimeter,1,PN,PN-VE
270828210,3,COU,,Millimeter,0,PN,PN-VE
270828210,4,AMO,,,0,PN,PN-VE
270828210,5,RAC,,,0,PN,PN-VE
270828213,1,FIL,,,0,PN,PN-RE
270828213,2,PPM,,Bar,1,PN,PN-RE
270828213,3,OPT,,,0,PN,PN-RE
270828213,4,TYPE,,,0,PN,PN-RE
270828213,5,DEB,,,0,PN,PN-RE
270828231,1,TYPE,,,0,ME,ME-JO
270828231,2,DIA,,Millimeter,1,ME,ME-JO
270828231,3,DIM,,Millimeter,0,ME,ME-JO
270828231,4,MAT,,,0,ME,ME-JO
270828231,5,USG,,,0,ME,ME-JO
270828246,1,TFM,,,1,EE,EE-CA
270828246,2,REF,,,0,EE,EE-CA
270828246,3,CONS,,,0,EE,EE-CA
270828246,4,ALIM,,,0,EE,EE-CA
270828246,5,VER,,,0,EE,EE-CA
270828267,1,TYPE,,,0,EL,EL-DI
270828267,2,CAL,,AMP,1,EL,EL-DI
270828267,3,TEN,,,0,EL,EL-DI
270828267,4,NBP,,Nos,0,EL,EL-DI
270828267,5,FAB,,,0,EL,EL-DI
270828268,1,TYPE,,,0,ME,ME-CH
270828268,2,PAS,,Millimeter,1,ME,ME-CH
270828268,3,NBM,,Nos,0,ME,ME-CH
270828268,4,LON,,Millimeter,0,ME,ME-CH
270828268,5,STD,,,0,ME,ME-CH
270828273,1,SER,,,0,EE,EE-AU
270828273,2,NES,,Nos,1,EE,EE-AU
270828273,3,ALIM,,,0,EE,EE-AU
270828273,4,CONS,,,0,EE,EE-AU
270828273,5,TMO,,,0,EE,EE-AU
270828276,1,TYPE,,,0,EL,EL-RE
270828276,2,TDCB,,,1,EL,EL-RE
270828276,3,CRT,,AMP,0,EL,EL-RE
270828276,4,NBC,,Nos,0,EL,EL-RE
270828276,5,FAB,,,0,EL,EL-RE
270828293,1,TYPE,,,0,EL,EL-CA
270828293,2,SEC,,,1,EL,EL-CA
270828293,3,NBCD,,Nos,0,EL,EL-CA
270828293,4,MAT,,,0,EL,EL-CA
270828293,5,BLI,,,0,EL,EL-CA
270828654,1,TS,,,0,IN,IN-TE
270828654,2,PMEAS,,Celsius,1,IN,IN-TE
270828654,3,LON,,Millimeter,0,IN,IN-TE
270828654,4,DGT,,Millimeter,0,IN,IN-TE
270828654,5,RAC,,,0,IN,IN-TE
270830041,1,TPR,,,0,ME,ME-CO
270830041,2,LPR,,Millimeter,1,ME,ME-CO
270830041,3,LEP,,Millimeter,0,ME,ME-CO
270830041,4,PDE,,,0,ME,ME-CO
270830041,5,MAT,,,0,ME,ME-CO
270830046,1,TYPE,,,0,EL,EL-DI
270830046,2,CAL,,AMP,1,EL,EL-DI
270830046,3,TEN,,,0,EL,EL-DI
270830046,4,NBP,,Nos,0,EL,EL-DI
270830046,5,FAB,,,0,EL,EL-DI
270830049,1,TCP,,,0,EE,EE-CP
270830049,2,SIG,,,1,EE,EE-CP
270830049,3,RAC,,,0,EE,EE-CP
270830049,4,ALIM,,,0,EE,EE-CP
270830049,5,PLG,,,0,EE,EE-CP
270830051,1,TCP,,,0,EE,EE-CP
270830051,2,SIG,,,1,EE,EE-CP
270830051,3,RAC,,,0,EE,EE-CP
270830051,4,ALIM,,,0,EE,EE-CP
270830051,5,PLG,,,0,EE,EE-CP
270830052,1,TYPE,,,0,EL,EL-CO
270830052,2,ICM,,AMP,1,EL,EL-CO
270830052,3,TNB,,,0,EL,EL-CO
270830052,4,NBC,,Nos,0,EL,EL-CO
270830052,5,FAB,,,0,EL,EL-CO
270830055,1,TCP,,,0,EE,EE-CP
270830055,2,SIG,,,1,EE,EE-CP
270830055,3,RAC,,,0,EE,EE-CP
270830055,4,ALIM,,,0,EE,EE-CP
270830055,5,PLG,,,0,EE,EE-CP
270830056,1,TYPE,,,0,SE,SE-EC
270830056,2,PEN,,Watt,1,SE,SE-EC
270830056,3,TEN,,,0,SE,SE-EC
270830056,4,FOR,,,0,SE,SE-EC
270830056,5,FAB,,,0,SE,SE-EC
270830058,1,TCP,,,0,EE,EE-CP
270830058,2,SIG,,,1,EE,EE-CP
270830058,3,RAC,,,0,EE,EE-CP
270830058,4,ALIM,,,0,EE,EE-CP
270830058,5,PLG,,,0,EE,EE-CP
270830061,1,TYPE,,,0,EL,EL-DI
270830061,2,CAL,,AMP,1,EL,EL-DI
270830061,3,TEN,,,0,EL,EL-DI
270830061,4,NBP,,Nos,0,EL,EL-DI
270830061,5,FAB,,,0,EL,EL-DI
270830062,1,TYPE,,,0,EL,EL-FU
270830062,2,CDP,,AMP,1,EL,EL-FU
270830062,3,TAI,,,0,EL,EL-FU
270830062,4,TEN,,,0,EL,EL-FU
270830062,5,FAB,,,0,EL,EL-FU
270830065,1,TCP,,,0,EE,EE-CP
270830065,2,SIG,,,1,EE,EE-CP
270830065,3,RAC,,,0,EE,EE-CP
270830065,4,ALIM,,,0,EE,EE-CP
270830065,5,PLG,,,0,EE,EE-CP
270830082,1,FTT,,,1,ME,ME-VI
270830082,2,DIA,,Millimeter,0,ME,ME-VI
270830082,3,LON,,Millimeter,0,ME,ME-VI
270830082,4,MAT,,,0,ME,ME-VI
270830082,5,FIL,,,0,ME,ME-VI
270830085,1,FIL,,,0,PN,PN-RE
270830085,2,PPM,,Bar,1,PN,PN-RE
270830085,3,OPT,,,0,PN,PN-RE
270830085,4,TYPE,,,0,PN,PN-RE
270830085,5,DEB,,,0,PN,PN-RE
270830086,1,TCP,,,0,EE,EE-CP
270830086,2,SIG,,,1,EE,EE-CP
270830086,3,RAC,,,0,EE,EE-CP
270830086,4,ALIM,,,0,EE,EE-CP
270830086,5,PLG,,,0,EE,EE-CP
270830089,1,TYPE,,,0,ME,ME-RO
270830089,2,DIAI,,Millimeter,1,ME,ME-RO
270830089,3,SR,,,0,ME,ME-RO
270830089,4,DIAE,,Millimeter,0,ME,ME-RO
270830089,5,EPJ,,,0,ME,ME-RO
270830092,1,TYPE,,,0,ME,ME-RO
270830092,2,DIAI,,Millimeter,1,ME,ME-RO
270830092,3,SR,,,0,ME,ME-RO
270830092,4,DIAE,,Millimeter,0,ME,ME-RO
270830092,5,EPJ,,,0,ME,ME-RO
270830094,1,TYPE,,,0,SE,SE-PM
270830094,2,MAF,,,1,SE,SE-PM
270830094,3,DIM,,Millimeter,0,SE,SE-PM
270830094,4,CPS,,,0,SE,SE-PM
270830094,5,TEN,,,0,SE,SE-PM
270830101,1,FTT,,,1,ME,ME-VI
270830101,2,DIA,,Millimeter,0,ME,ME-VI
270830101,3,LON,,Millimeter,0,ME,ME-VI
270830101,4,MAT,,,0,ME,ME-VI
270830101,5,FIL,,,0,ME,ME-VI
270830102,1,FTT,,,1,ME,ME-VI
270830102,2,DIA,,Millimeter,0,ME,ME-VI
270830102,3,LON,,Millimeter,0,ME,ME-VI
270830102,4,MAT,,,0,ME,ME-VI
270830102,5,FIL,,,0,ME,ME-VI
270830110,1,TFM,,,1,EE,EE-CA
270830110,2,REF,,,0,EE,EE-CA
270830110,3,CONS,,,0,EE,EE-CA
270830110,4,ALIM,,,0,EE,EE-CA
270830110,5,VER,,,0,EE,EE-CA
270830111,1,FTT,,,1,ME,ME-VI
270830111,2,DIA,,Millimeter,0,ME,ME-VI
270830111,3,LON,,Millimeter,0,ME,ME-VI
270830111,4,MAT,,,0,ME,ME-VI
270830111,5,FIL,,,0,ME,ME-VI
270830112,1,FTT,,,1,ME,ME-VI
270830112,2,DIA,,Millimeter,0,ME,ME-VI
270830112,3,LON,,Millimeter,0,ME,ME-VI
270830112,4,MAT,,,0,ME,ME-VI
270830112,5,FIL,,,0,ME,ME-VI
270830122,1,TPR,,,0,ME,ME-CO
270830122,2,LPR,,Millimeter,1,ME,ME-CO
270830122,3,LEP,,Millimeter,0,ME,ME-CO
270830122,4,PDE,,,0,ME,ME-CO
270830122,5,MAT,,,0,ME,ME-CO
270830126,1,TYPE,,,0,ME,ME-RO
270830126,2,DIAI,,Millimeter,1,ME,ME-RO
270830126,3,SR,,,0,ME,ME-RO
270830126,4,DIAE,,Millimeter,0,ME,ME-RO
270830126,5,EPJ,,,0,ME,ME-RO
270830128,1,FTT,,,1,ME,ME-VI
270830128,2,DIA,,Millimeter,0,ME,ME-VI
270830128,3,LON,,Millimeter,0,ME,ME-VI
270830128,4,MAT,,,0,ME,ME-VI
270830128,5,FIL,,,0,ME,ME-VI
270830129,1,FTT,,,1,ME,ME-VI
270830129,2,DIA,,Millimeter,0,ME,ME-VI
270830129,3,LON,,Millimeter,0,ME,ME-VI
270830129,4,MAT,,,0,ME,ME-VI
270830129,5,FIL,,,0,ME,ME-VI
270830130,1,FTT,,,1,ME,ME-VI
270830130,2,DIA,,Millimeter,0,ME,ME-VI
270830130,3,LON,,Millimeter,0,ME,ME-VI
270830130,4,MAT,,,0,ME,ME-VI
270830130,5,FIL,,,0,ME,ME-VI
270830131,1,FTT,,,1,ME,ME-VI
270830131,2,DIA,,Millimeter,0,ME,ME-VI
270830131,3,LON,,Millimeter,0,ME,ME-VI
270830131,4,MAT,,,0,ME,ME-VI
270830131,5,FIL,,,0,ME,ME-VI
270830132,1,FTT,,,1,ME,ME-VI
270830132,2,DIA,,Millimeter,0,ME,ME-VI
270830132,3,LON,,Millimeter,0,ME,ME-VI
270830132,4,MAT,,,0,ME,ME-VI
270830132,5,FIL,,,0,ME,ME-VI
270830133,1,TYPE,,,0,ME,ME-JO
270830133,2,DIA,,Millimeter,1,ME,ME-JO
270830133,3,DIM,,Millimeter,0,ME,ME-JO
270830133,4,MAT,,,0,ME,ME-JO
270830133,5,USG,,,0,ME,ME-JO
270830134,1,TDC,,,0,EL,EL-MO
270830134,2,PUI,,Kilowatt,1,EL,EL-MO
270830134,3,VIT,,,0,EL,EL-MO
270830134,4,FIX,,,0,EL,EL-MO
270830134,5,TEN,,,0,EL,EL-MO
270830135,1,TYPE,,,0,ME,ME-RO
270830135,2,DIAI,,Millimeter,1,ME,ME-RO
270830135,3,SR,,,0,ME,ME-RO
270830135,4,DIAE,,Millimeter,0,ME,ME-RO
270830135,5,EPJ,,,0,ME,ME-RO
270830139,1,TFM,,,1,EE,EE-CA
270830139,2,REF,,,0,EE,EE-CA
270830139,3,CONS,,,0,EE,EE-CA
270830139,4,ALIM,,,0,EE,EE-CA
270830139,5,VER,,,0,EE,EE-CA
270830140,1,TFM,,,1,EE,EE-CA
270830140,2,REF,,,0,EE,EE-CA
270830140,3,CONS,,,0,EE,EE-CA
270830140,4,ALIM,,,0,EE,EE-CA
270830140,5,VER,,,0,EE,EE-CA
270830141,1,TFM,,,1,EE,EE-CA
270830141,2,REF,,,0,EE,EE-CA
270830141,3,CONS,,,0,EE,EE-CA
270830141,4,ALIM,,,0,EE,EE-CA
270830141,5,VER,,,0,EE,EE-CA
270830142,1,TYPE,,,0,EL,EL-RE
270830142,2,TDCB,,,1,EL,EL-RE
270830142,3,CRT,,AMP,0,EL,EL-RE
270830142,4,NBC,,Nos,0,EL,EL-RE
270830142,5,FAB,,,0,EL,EL-RE
270830143,1,TYPE,,,0,EL,EL-RE
270830143,2,TDCB,,,1,EL,EL-RE
270830143,3,CRT,,AMP,0,EL,EL-RE
270830143,4,NBC,,Nos,0,EL,EL-RE
270830143,5,FAB,,,0,EL,EL-RE
270830145,1,TYPE,,,0,EL,EL-FU
270830145,2,CDP,,AMP,1,EL,EL-FU
270830145,3,TAI,,,0,EL,EL-FU
270830145,4,TEN,,,0,EL,EL-FU
270830145,5,FAB,,,0,EL,EL-FU
270830148,1,TCP,,,0,EE,EE-CP
270830148,2,SIG,,,1,EE,EE-CP
270830148,3,RAC,,,0,EE,EE-CP
270830148,4,ALIM,,,0,EE,EE-CP
270830148,5,PLG,,,0,EE,EE-CP
270830149,1,TYPE,,,0,EL,EL-DI
270830149,2,CAL,,AMP,1,EL,EL-DI
270830149,3,TEN,,,0,EL,EL-DI
270830149,4,NBP,,Nos,0,EL,EL-DI
270830149,5,FAB,,,0,EL,EL-DI
270830150,1,TFM,,,1,EE,EE-CA
270830150,2,REF,,,0,EE,EE-CA
270830150,3,CONS,,,0,EE,EE-CA
270830150,4,ALIM,,,0,EE,EE-CA
270830150,5,VER,,,0,EE,EE-CA
270830154,1,TCP,,,0,EE,EE-CP
270830154,2,SIG,,,1,EE,EE-CP
270830154,3,RAC,,,0,EE,EE-CP
270830154,4,ALIM,,,0,EE,EE-CP
270830154,5,PLG,,,0,EE,EE-CP
270830157,1,TYPE,,,0,ME,ME-RO
270830157,2,DIAI,,Millimeter,1,ME,ME-RO
270830157,3,SR,,,0,ME,ME-RO
270830157,4,DIAE,,Millimeter,0,ME,ME-RO
270830157,5,EPJ,,,0,ME,ME-RO
270830163,1,TCP,,,0,EE,EE-CP
270830163,2,SIG,,,1,EE,EE-CP
270830163,3,RAC,,,0,EE,EE-CP
270830163,4,ALIM,,,0,EE,EE-CP
270830163,5,PLG,,,0,EE,EE-CP
270830166,1,TFM,,,1,EE,EE-CA
270830166,2,REF,,,0,EE,EE-CA
270830166,3,CONS,,,0,EE,EE-CA
270830166,4,ALIM,,,0,EE,EE-CA
270830166,5,VER,,,0,EE,EE-CA
270830167,1,TPR,,,0,ME,ME-CO
270830167,2,LPR,,Millimeter,1,ME,ME-CO
270830167,3,LEP,,Millimeter,0,ME,ME-CO
270830167,4,PDE,,,0,ME,ME-CO
270830167,5,MAT,,,0,ME,ME-CO
270830170,1,TPR,,,0,ME,ME-CO
270830170,2,LPR,,Millimeter,1,ME,ME-CO
270830170,3,LEP,,Millimeter,0,ME,ME-CO
270830170,4,PDE,,,0,ME,ME-CO
270830170,5,MAT,,,0,ME,ME-CO
271160015,1,FIL,,,0,PN,PN-RE
271160015,2,PPM,,Bar,1,PN,PN-RE
271160015,3,OPT,,,0,PN,PN-RE
271160015,4,TYPE,,,0,PN,PN-RE
271160015,5,DEB,,,0,PN,PN-RE
271462002,1,TYPE,,,0,HY,HY-DI
271462002,2,DTC,,,1,HY,HY-DI
271462002,3,NBV,,Nos,0,HY,HY-DI
271462002,4,TIR,,,0,HY,HY-DI
271462002,5,TNB,,,0,HY,HY-DI
271462008,1,TYPE,,,0,HY,HY-PO
271462008,2,DEB,,,1,HY,HY-PO
271462008,3,CYL,,,0,HY,HY-PO
271462008,4,PRE,,Bar,0,HY,HY-PO
271462008,5,LIQ,,,0,HY,HY-PO
271462010,1,TYPE,,,0,HY,HY-FL
271462010,2,DN,,,1,HY,HY-FL
271462010,3,LON,,Millimeter,0,HY,HY-FL
271462010,4,EMB,,,0,HY,HY-FL
271462010,5,PRE,,Bar,0,HY,HY-FL
271462020,1,TYPE,,,0,HY,HY-PO
271462020,2,DEB,,,1,HY,HY-PO
271462020,3,CYL,,,0,HY,HY-PO
271462020,4,PRE,,Bar,0,HY,HY-PO
271462020,5,LIQ,,,0,HY,HY-PO
271462021,1,FON,,,0,PN,PN-EV
271462021,2,DDR,,,1,PN,PN-EV
271462021,3,FIL,,,0,PN,PN-EV
271462021,4,TNC,,,0,PN,PN-EV
271462021,5,TYPE,,,0,PN,PN-EV
271462022,1,TYPE,,,0,HY,HY-PO
271462022,2,DEB,,,1,HY,HY-PO
271462022,3,CYL,,,0,HY,HY-PO
271462022,4,PRE,,Bar,0,HY,HY-PO
271462022,5,LIQ,,,0,HY,HY-PO
271462028,1,FON,,,0,PN,PN-EV
271462028,2,DDR,,,1,PN,PN-EV
271462028,3,FIL,,,0,PN,PN-EV
271462028,4,TNC,,,0,PN,PN-EV
271462028,5,TYPE,,,0,PN,PN-EV
271462029,1,TYPE,,,0,HY,HY-PO
271462029,2,DEB,,,1,HY,HY-PO
271462029,3,CYL,,,0,HY,HY-PO
271462029,4,PRE,,Bar,0,HY,HY-PO
271462029,5,LIQ,,,0,HY,HY-PO
271462030,1,TYPE,,,0,HY,HY-PO
271462030,2,DEB,,,1,HY,HY-PO
271462030,3,CYL,,,0,HY,HY-PO
271462030,4,PRE,,Bar,0,HY,HY-PO
271462030,5,LIQ,,,0,HY,HY-PO
271462074,1,TYPE,,,0,PN,PN-DI
271462074,2,DTC,,,1,PN,PN-DI
271462074,3,NBV,,Nos,0,PN,PN-DI
271462074,4,TIR,,,0,PN,PN-DI
271462074,5,TNB,,,0,PN,PN-DI
271836008,1,TPR,,,0,ME,ME-CO
271836008,2,LPR,,Millimeter,1,ME,ME-CO
271836008,3,LEP,,Millimeter,0,ME,ME-CO
271836008,4,PDE,,,0,ME,ME-CO
271836008,5,MAT,,,0,ME,ME-CO
271836069,1,TYPE,,,0,EL,EL-RE
271836069,2,TDCB,,,1,EL,EL-RE
271836069,3,CRT,,AMP,0,EL,EL-RE
271836069,4,NBC,,Nos,0,EL,EL-RE
271836069,5,FAB,,,0,EL,EL-RE
271836093,1,FTT,,,1,ME,ME-VI
271836093,2,DIA,,Millimeter,0,ME,ME-VI
271836093,3,LON,,Millimeter,0,ME,ME-VI
271836093,4,MAT,,,0,ME,ME-VI
271836093,5,FIL,,,0,ME,ME-VI
271836126,1,TDC,,,0,EL,EL-MO
271836126,2,PUI,,Kilowatt,1,EL,EL-MO
271836126,3,VIT,,,0,EL,EL-MO
271836126,4,FIX,,,0,EL,EL-MO
271836126,5,TEN,,,0,EL,EL-MO
271836140,1,TYPE,,,0,ME,ME-RO
271836140,2,DIAI,,Millimeter,1,ME,ME-RO
271836140,3,SR,,,0,ME,ME-RO
271836140,4,DIAE,,Millimeter,0,ME,ME-RO
271836140,5,EPJ,,,0,ME,ME-RO
271836143,1,TYPE,,,0,ME,ME-RO
271836143,2,DIAI,,Millimeter,1,ME,ME-RO
271836143,3,SR,,,0,ME,ME-RO
271836143,4,DIAE,,Millimeter,0,ME,ME-RO
271836143,5,EPJ,,,0,ME,ME-RO
271836161,1,TYPE,,,0,HY,HY-FI
271836161,2,SEU,,Micrometer,1,HY,HY-FI
271836161,3,RAC,,,0,HY,HY-FI
271836161,4,DEB,,,0,HY,HY-FI
271836161,5,FAB,,,0,HY,HY-FI
271836208,1,FTT,,,1,ME,ME-VI
271836208,2,DIA,,Millimeter,0,ME,ME-VI
271836208,3,LON,,Millimeter,0,ME,ME-VI
271836208,4,MAT,,,0,ME,ME-VI
271836208,5,FIL,,,0,ME,ME-VI
271836214,1,TAL,,,0,IN,IN-VA
271836214,2,PMM,,Kilowatt,1,IN,IN-VA
271836214,3,MOD,,,0,IN,IN-VA
271836214,4,TEN,,,0,IN,IN-VA
271836214,5,FAB,,,0,IN,IN-VA
271836242,1,TAL,,,0,IN,IN-VA
271836242,2,PMM,,Kilowatt,1,IN,IN-VA
271836242,3,MOD,,,0,IN,IN-VA
271836242,4,TEN,,,0,IN,IN-VA
271836242,5,FAB,,,0,IN,IN-VA
271836243,1,TAL,,,0,IN,IN-VA
271836243,2,PMM,,Kilowatt,1,IN,IN-VA
271836243,3,MOD,,,0,IN,IN-VA
271836243,4,TEN,,,0,IN,IN-VA
271836243,5,FAB,,,0,IN,IN-VA
271836244,1,TAL,,,0,IN,IN-VA
271836244,2,PMM,,Kilowatt,1,IN,IN-VA
271836244,3,MOD,,,0,IN,IN-VA
271836244,4,TEN,,,0,IN,IN-VA
271836244,5,FAB,,,0,IN,IN-VA
271836302,1,TYPE,,,0,ME,ME-RO
271836302,2,DIAI,,Millimeter,1,ME,ME-RO
271836302,3,SR,,,0,ME,ME-RO
271836302,4,DIAE,,Millimeter,0,ME,ME-RO
271836302,5,EPJ,,,0,ME,ME-RO
271836304,1,TYPE,,,0,ME,ME-RO
271836304,2,DIAI,,Millimeter,1,ME,ME-RO
271836304,3,SR,,,0,ME,ME-RO
271836304,4,DIAE,,Millimeter,0,ME,ME-RO
271836304,5,EPJ,,,0,ME,ME-RO
271836306,1,TYPE,,,0,ME,ME-RO
271836306,2,DIAI,,Millimeter,1,ME,ME-RO
271836306,3,SR,,,0,ME,ME-RO
271836306,4,DIAE,,Millimeter,0,ME,ME-RO
271836306,5,EPJ,,,0,ME,ME-RO
271836317,1,TYPE,,,0,ME,ME-RO
271836317,2,DIAI,,Millimeter,1,ME,ME-RO
271836317,3,SR,,,0,ME,ME-RO
271836317,4,DIAE,,Millimeter,0,ME,ME-RO
271836317,5,EPJ,,,0,ME,ME-RO
271836410,1,FTT,,,1,ME,ME-VI
271836410,2,DIA,,Millimeter,0,ME,ME-VI
271836410,3,LON,,Millimeter,0,ME,ME-VI
271836410,4,MAT,,,0,ME,ME-VI
271836410,5,FIL,,,0,ME,ME-VI
271836414,1,TYPE,,,0,ME,ME-RO
271836414,2,DIAI,,Millimeter,1,ME,ME-RO
271836414,3,SR,,,0,ME,ME-RO
271836414,4,DIAE,,Millimeter,0,ME,ME-RO
271836414,5,EPJ,,,0,ME,ME-RO
271836716,1,TCO,,,1,IN,IN-TH
271836716,2,LGA,,Millimeter,0,IN,IN-TH
271836716,3,DGA,,Millimeter,0,IN,IN-TH
271836716,4,RAC,,,0,IN,IN-TH
271836716,5,FAB,,,0,IN,IN-TH
271836724,1,FTT,,,1,ME,ME-VI
271836724,2,DIA,,Millimeter,0,ME,ME-VI
271836724,3,LON,,Millimeter,0,ME,ME-VI
271836724,4,MAT,,,0,ME,ME-VI
271836724,5,FIL,,,0,ME,ME-VI
271836725,1,FTT,,,1,ME,ME-VI
271836725,2,DIA,,Millimeter,0,ME,ME-VI
271836725,3,LON,,Millimeter,0,ME,ME-VI
271836725,4,MAT,,,0,ME,ME-VI
271836725,5,FIL,,,0,ME,ME-VI
271836726,1,FTT,,,1,ME,ME-VI
271836726,2,DIA,,Millimeter,0,ME,ME-VI
271836726,3,LON,,Millimeter,0,ME,ME-VI
271836726,4,MAT,,,0,ME,ME-VI
271836726,5,FIL,,,0,ME,ME-VI
271836727,1,FTT,,,1,ME,ME-VI
271836727,2,DIA,,Millimeter,0,ME,ME-VI
271836727,3,LON,,Millimeter,0,ME,ME-VI
271836727,4,MAT,,,0,ME,ME-VI
271836727,5,FIL,,,0,ME,ME-VI
271836731,1,FTT,,,1,ME,ME-VI
271836731,2,DIA,,Millimeter,0,ME,ME-VI
271836731,3,LON,,Millimeter,0,ME,ME-VI
271836731,4,MAT,,,0,ME,ME-VI
271836731,5,FIL,,,0,ME,ME-VI
271836755,1,FTT,,,1,ME,ME-VI
271836755,2,DIA,,Millimeter,0,ME,ME-VI
271836755,3,LON,,Millimeter,0,ME,ME-VI
271836755,4,MAT,,,0,ME,ME-VI
271836755,5,FIL,,,0,ME,ME-VI
271836756,1,FTT,,,1,ME,ME-VI
271836756,2,DIA,,Millimeter,0,ME,ME-VI
271836756,3,LON,,Millimeter,0,ME,ME-VI
271836756,4,MAT,,,0,ME,ME-VI
271836756,5,FIL,,,0,ME,ME-VI
271836802,1,TYPE,,,1,CS,CS-CA
271836802,2,DIM,,Millimeter,0,CS,CS-CA
271836802,3,CND,,,0,CS,CS-CA
271836802,4,MAT,,,0,CS,CS-CA
271836802,5,FAB,,,0,CS,CS-CA
277212002,1,TYPE,,,0,EL,EL-RE
277212002,2,TDCB,,,1,EL,EL-RE
277212002,3,CRT,,AMP,0,EL,EL-RE
277212002,4,NBC,,Nos,0,EL,EL-RE
277212002,5,FAB,,,0,EL,EL-RE
277212004,1,TYPE,,,0,EL,EL-RE
277212004,2,TDCB,,,1,EL,EL-RE
277212004,3,CRT,,AMP,0,EL,EL-RE
277212004,4,NBC,,Nos,0,EL,EL-RE
277212004,5,FAB,,,0,EL,EL-RE
277212021,1,TPR,,,0,ME,ME-CO
277212021,2,LPR,,Millimeter,1,ME,ME-CO
277212021,3,LEP,,Millimeter,0,ME,ME-CO
277212021,4,PDE,,,0,ME,ME-CO
277212021,5,MAT,,,0,ME,ME-CO
277212023,1,TYPE,,,0,ME,ME-JO
277212023,2,DIA,,Millimeter,1,ME,ME-JO
277212023,3,DIM,,Millimeter,0,ME,ME-JO
277212023,4,MAT,,,0,ME,ME-JO
277212023,5,USG,,,0,ME,ME-JO
277212026,1,TYPE,,,0,ME,ME-JO
277212026,2,DIA,,Millimeter,1,ME,ME-JO
277212026,3,DIM,,Millimeter,0,ME,ME-JO
277212026,4,MAT,,,0,ME,ME-JO
277212026,5,USG,,,0,ME,ME-JO
277212027,1,TYPE,,,0,EL,EL-CA
277212027,2,SEC,,,1,EL,EL-CA
277212027,3,NBCD,,Nos,0,EL,EL-CA
277212027,4,MAT,,,0,EL,EL-CA
277212027,5,BLI,,,0,EL,EL-CA
277212042,1,TYPE,,,0,ME,ME-JO
277212042,2,DIA,,Millimeter,1,ME,ME-JO
277212042,3,DIM,,Millimeter,0,ME,ME-JO
277212042,4,MAT,,,0,ME,ME-JO
277212042,5,USG,,,0,ME,ME-JO
277212043,1,TYPE,,,0,ME,ME-JO
277212043,2,DIA,,Millimeter,1,ME,ME-JO
277212043,3,DIM,,Millimeter,0,ME,ME-JO
277212043,4,MAT,,,0,ME,ME-JO
277212043,5,USG,,,0,ME,ME-JO
277212047,1,TS,,,0,IN,IN-TE
277212047,2,PMEAS,,Celsius,1,IN,IN-TE
277212047,3,LON,,Millimeter,0,IN,IN-TE
277212047,4,DGT,,Millimeter,0,IN,IN-TE
277212047,5,RAC,,,0,IN,IN-TE
277212052,1,TYPE,,,0,SE,SE-EC
277212052,2,PEN,,Watt,1,SE,SE-EC
277212052,3,TEN,,,0,SE,SE-EC
277212052,4,FOR,,,0,SE,SE-EC
277212052,5,FAB,,,0,SE,SE-EC
277212058,1,TYPE,,,0,PN,PN-DI
277212058,2,DTC,,,1,PN,PN-DI
277212058,3,NBV,,Nos,0,PN,PN-DI
277212058,4,TIR,,,0,PN,PN-DI
277212058,5,TNB,,,0,PN,PN-DI
277212062,1,TYPE,,,0,SE,SE-PM
277212062,2,MAF,,,1,SE,SE-PM
277212062,3,DIM,,Millimeter,0,SE,SE-PM
277212062,4,CPS,,,0,SE,SE-PM
277212062,5,TEN,,,0,SE,SE-PM
277212070,1,FTT,,,1,ME,ME-VI
277212070,2,DIA,,Millimeter,0,ME,ME-VI
277212070,3,LON,,Millimeter,0,ME,ME-VI
277212070,4,MAT,,,0,ME,ME-VI
277212070,5,FIL,,,0,ME,ME-VI
277212071,1,FTT,,,1,ME,ME-VI
277212071,2,DIA,,Millimeter,0,ME,ME-VI
277212071,3,LON,,Millimeter,0,ME,ME-VI
277212071,4,MAT,,,0,ME,ME-VI
277212071,5,FIL,,,0,ME,ME-VI
277212089,1,TFM,,,1,EE,EE-CA
277212089,2,REF,,,0,EE,EE-CA
277212089,3,CONS,,,0,EE,EE-CA
277212089,4,ALIM,,,0,EE,EE-CA
277212089,5,VER,,,0,EE,EE-CA
277212090,1,TYPE,,,0,EL,EL-RE
277212090,2,TDCB,,,1,EL,EL-RE
277212090,3,CRT,,AMP,0,EL,EL-RE
277212090,4,NBC,,Nos,0,EL,EL-RE
277212090,5,FAB,,,0,EL,EL-RE
277212093,1,TYPE,,,0,ME,ME-RO
277212093,2,DIAI,,Millimeter,1,ME,ME-RO
277212093,3,SR,,,0,ME,ME-RO
277212093,4,DIAE,,Millimeter,0,ME,ME-RO
277212093,5,EPJ,,,0,ME,ME-RO
277212094,1,TPR,,,0,ME,ME-CO
277212094,2,LPR,,Millimeter,1,ME,ME-CO
277212094,3,LEP,,Millimeter,0,ME,ME-CO
277212094,4,PDE,,,0,ME,ME-CO
277212094,5,MAT,,,0,ME,ME-CO
277212095,1,TYPE,,,0,ME,ME-RO
277212095,2,DIAI,,Millimeter,1,ME,ME-RO
277212095,3,SR,,,0,ME,ME-RO
277212095,4,DIAE,,Millimeter,0,ME,ME-RO
277212095,5,EPJ,,,0,ME,ME-RO
277212097,1,TDC,,,0,EL,EL-MO
277212097,2,PUI,,Kilowatt,1,EL,EL-MO
277212097,3,VIT,,,0,EL,EL-MO
277212097,4,FIX,,,0,EL,EL-MO
277212097,5,TEN,,,0,EL,EL-MO
277212098,1,TPR,,,0,ME,ME-CO
277212098,2,LPR,,Millimeter,1,ME,ME-CO
277212098,3,LEP,,Millimeter,0,ME,ME-CO
277212098,4,PDE,,,0,ME,ME-CO
277212098,5,MAT,,,0,ME,ME-CO
277212101,1,TYPE,,,0,ME,ME-RO
277212101,2,DIAI,,Millimeter,1,ME,ME-RO
277212101,3,SR,,,0,ME,ME-RO
277212101,4,DIAE,,Millimeter,0,ME,ME-RO
277212101,5,EPJ,,,0,ME,ME-RO
277212113,1,TCP,,,0,EE,EE-CP
277212113,2,SIG,,,1,EE,EE-CP
277212113,3,RAC,,,0,EE,EE-CP
277212113,4,ALIM,,,0,EE,EE-CP
277212113,5,PLG,,,0,EE,EE-CP
277212116,1,TYPE,,,0,EL,EL-DI
277212116,2,CAL,,AMP,1,EL,EL-DI
277212116,3,TEN,,,0,EL,EL-DI
277212116,4,NBP,,Nos,0,EL,EL-DI
277212116,5,FAB,,,0,EL,EL-DI
277212117,1,TYPE,,,0,HY,HY-PO
277212117,2,DEB,,,1,HY,HY-PO
277212117,3,CYL,,,0,HY,HY-PO
277212117,4,PRE,,Bar,0,HY,HY-PO
277212117,5,LIQ,,,0,HY,HY-PO
277212118,1,FIL,,,0,PN,PN-RE
277212118,2,PPM,,Bar,1,PN,PN-RE
277212118,3,OPT,,,0,PN,PN-RE
277212118,4,TYPE,,,0,PN,PN-RE
277212118,5,DEB,,,0,PN,PN-RE
277212119,1,TYPE,,,0,EL,EL-RE
277212119,2,TDCB,,,1,EL,EL-RE
277212119,3,CRT,,AMP,0,EL,EL-RE
277212119,4,NBC,,Nos,0,EL,EL-RE
277212119,5,FAB,,,0,EL,EL-RE
277212212,1,TYPE,,,0,EL,EL-RE
277212212,2,TDCB,,,1,EL,EL-RE
277212212,3,CRT,,AMP,0,EL,EL-RE
277212212,4,NBC,,Nos,0,EL,EL-RE
277212212,5,FAB,,,0,EL,EL-RE
277212710,1,TYPE,,,0,EL,EL-CA
277212710,2,SEC,,,1,EL,EL-CA
277212710,3,NBCD,,Nos,0,EL,EL-CA
277212710,4,MAT,,,0,EL,EL-CA
277212710,5,BLI,,,0,EL,EL-CA
277212711,1,TCP,,,0,EE,EE-CP
277212711,2,SIG,,,1,EE,EE-CP
277212711,3,RAC,,,0,EE,EE-CP
277212711,4,ALIM,,,0,EE,EE-CP
277212711,5,PLG,,,0,EE,EE-CP
277212713,1,TYPE,,,0,EL,EL-RE
277212713,2,TDCB,,,1,EL,EL-RE
277212713,3,CRT,,AMP,0,EL,EL-RE
277212713,4,NBC,,Nos,0,EL,EL-RE
277212713,5,FAB,,,0,EL,EL-RE
277212714,1,TDC,,,0,EL,EL-MO
277212714,2,PUI,,Kilowatt,1,EL,EL-MO
277212714,3,VIT,,,0,EL,EL-MO
277212714,4,FIX,,,0,EL,EL-MO
277212714,5,TEN,,,0,EL,EL-MO
277212716,1,TDC,,,0,EL,EL-MO
277212716,2,PUI,,Kilowatt,1,EL,EL-MO
277212716,3,VIT,,,0,EL,EL-MO
277212716,4,FIX,,,0,EL,EL-MO
277212716,5,TEN,,,0,EL,EL-MO
277212717,1,TDC,,,0,EL,EL-MO
277212717,2,PUI,,Kilowatt,1,EL,EL-MO
277212717,3,VIT,,,0,EL,EL-MO
277212717,4,FIX,,,0,EL,EL-MO
277212717,5,TEN,,,0,EL,EL-MO
277310001,1,TFM,,,1,EE,EE-CA
277310001,2,REF,,,0,EE,EE-CA
277310001,3,CONS,,,0,EE,EE-CA
277310001,4,ALIM,,,0,EE,EE-CA
277310001,5,VER,,,0,EE,EE-CA
277310002,1,TFM,,,1,EE,EE-CA
277310002,2,REF,,,0,EE,EE-CA
277310002,3,CONS,,,0,EE,EE-CA
277310002,4,ALIM,,,0,EE,EE-CA
277310002,5,VER,,,0,EE,EE-CA
277310003,1,TFM,,,1,EE,EE-CA
277310003,2,REF,,,0,EE,EE-CA
277310003,3,CONS,,,0,EE,EE-CA
277310003,4,ALIM,,,0,EE,EE-CA
277310003,5,VER,,,0,EE,EE-CA
277310004,1,TFM,,,1,EE,EE-CA
277310004,2,REF,,,0,EE,EE-CA
277310004,3,CONS,,,0,EE,EE-CA
277310004,4,ALIM,,,0,EE,EE-CA
277310004,5,VER,,,0,EE,EE-CA
277310005,1,TCP,,,0,EE,EE-CP
277310005,2,SIG,,,1,EE,EE-CP
277310005,3,RAC,,,0,EE,EE-CP
277310005,4,ALIM,,,0,EE,EE-CP
277310005,5,PLG,,,0,EE,EE-CP
277310006,1,TYPE,,,0,EL,EL-CO
277310006,2,ICM,,AMP,1,EL,EL-CO
277310006,3,TNB,,,0,EL,EL-CO
277310006,4,NBC,,Nos,0,EL,EL-CO
277310006,5,FAB,,,0,EL,EL-CO
277310007,1,TAL,,,0,IN,IN-VA
277310007,2,PMM,,Kilowatt,1,IN,IN-VA
277310007,3,MOD,,,0,IN,IN-VA
277310007,4,TEN,,,0,IN,IN-VA
277310007,5,FAB,,,0,IN,IN-VA
277310008,1,TFM,,,1,EE,EE-CA
277310008,2,REF,,,0,EE,EE-CA
277310008,3,CONS,,,0,EE,EE-CA
277310008,4,ALIM,,,0,EE,EE-CA
277310008,5,VER,,,0,EE,EE-CA
277310009,1,TCP,,,0,EE,EE-CP
277310009,2,SIG,,,1,EE,EE-CP
277310009,3,RAC,,,0,EE,EE-CP
277310009,4,ALIM,,,0,EE,EE-CP
277310009,5,PLG,,,0,EE,EE-CP
277310010,1,TFM,,,1,EE,EE-CA
277310010,2,REF,,,0,EE,EE-CA
277310010,3,CONS,,,0,EE,EE-CA
277310010,4,ALIM,,,0,EE,EE-CA
277310010,5,VER,,,0,EE,EE-CA
277310012,1,TYPE,,,0,HY,HY-PO
277310012,2,DEB,,,1,HY,HY-PO
277310012,3,CYL,,,0,HY,HY-PO
277310012,4,PRE,,Bar,0,HY,HY-PO
277310012,5,LIQ,,,0,HY,HY-PO
277310013,1,TYPE,,,0,ME,ME-JO
277310013,2,DIA,,Millimeter,1,ME,ME-JO
277310013,3,DIM,,Millimeter,0,ME,ME-JO
277310013,4,MAT,,,0,ME,ME-JO
277310013,5,USG,,,0,ME,ME-JO
277310014,1,SER,,,0,EE,EE-AU
277310014,2,NES,,Nos,1,EE,EE-AU
277310014,3,ALIM,,,0,EE,EE-AU
277310014,4,CONS,,,0,EE,EE-AU
277310014,5,TMO,,,0,EE,EE-AU
277310015,1,TFM,,,1,EE,EE-CA
277310015,2,REF,,,0,EE,EE-CA
277310015,3,CONS,,,0,EE,EE-CA
277310015,4,ALIM,,,0,EE,EE-CA
277310015,5,VER,,,0,EE,EE-CA
277310017,1,TCP,,,0,EE,EE-CP
277310017,2,SIG,,,1,EE,EE-CP
277310017,3,RAC,,,0,EE,EE-CP
277310017,4,ALIM,,,0,EE,EE-CP
277310017,5,PLG,,,0,EE,EE-CP
277310019,1,TYPE,,,0,EL,EL-CO
277310019,2,ICM,,AMP,1,EL,EL-CO
277310019,3,TNB,,,0,EL,EL-CO
277310019,4,NBC,,Nos,0,EL,EL-CO
277310019,5,FAB,,,0,EL,EL-CO
277310020,1,TCP,,,0,EE,EE-CP
277310020,2,SIG,,,1,EE,EE-CP
277310020,3,RAC,,,0,EE,EE-CP
277310020,4,ALIM,,,0,EE,EE-CP
277310020,5,PLG,,,0,EE,EE-CP
277310021,1,TYPE,,,0,EL,EL-CO
277310021,2,ICM,,AMP,1,EL,EL-CO
277310021,3,TNB,,,0,EL,EL-CO
277310021,4,NBC,,Nos,0,EL,EL-CO
277310021,5,FAB,,,0,EL,EL-CO
277310022,1,TYPE,,,0,EL,EL-RE
277310022,2,TDCB,,,1,EL,EL-RE
277310022,3,CRT,,AMP,0,EL,EL-RE
277310022,4,NBC,,Nos,0,EL,EL-RE
277310022,5,FAB,,,0,EL,EL-RE
277310023,1,TYPE,,,1,CS,CS-GC
277310023,2,GRA,,,0,CS,CS-GC
277310023,3,CND,,,0,CS,CS-GC
277310023,4,APP,,,0,CS,CS-GC
277310023,5,FAB,,,0,CS,CS-GC
277310025,1,TDC,,,0,EL,EL-MO
277310025,2,PUI,,Kilowatt,1,EL,EL-MO
277310025,3,VIT,,,0,EL,EL-MO
277310025,4,FIX,,,0,EL,EL-MO
277310025,5,TEN,,,0,EL,EL-MO
277310028,1,TCO,,,1,IN,IN-TH
277310028,2,LGA,,Millimeter,0,IN,IN-TH
277310028,3,DGA,,Millimeter,0,IN,IN-TH
277310028,4,RAC,,,0,IN,IN-TH
277310028,5,FAB,,,0,IN,IN-TH
277310030,1,TYPE,,,0,PN,PN-VE
277310030,2,DAP,,Millimeter,1,PN,PN-VE
277310030,3,COU,,Millimeter,0,PN,PN-VE
277310030,4,AMO,,,0,PN,PN-VE
277310030,5,RAC,,,0,PN,PN-VE
277310033,1,TYPE,,,0,HY,HY-PO
277310033,2,DEB,,,1,HY,HY-PO
277310033,3,CYL,,,0,HY,HY-PO
277310033,4,PRE,,Bar,0,HY,HY-PO
277310033,5,LIQ,,,0,HY,HY-PO
277310035,1,TAL,,,0,IN,IN-VA
277310035,2,PMM,,Kilowatt,1,IN,IN-VA
277310035,3,MOD,,,0,IN,IN-VA
277310035,4,TEN,,,0,IN,IN-VA
277310035,5,FAB,,,0,IN,IN-VA
277310039,1,TCP,,,0,EE,EE-CP
277310039,2,SIG,,,1,EE,EE-CP
277310039,3,RAC,,,0,EE,EE-CP
277310039,4,ALIM,,,0,EE,EE-CP
277310039,5,PLG,,,0,EE,EE-CP
277310040,1,TCP,,,0,EE,EE-CP
277310040,2,SIG,,,1,EE,EE-CP
277310040,3,RAC,,,0,EE,EE-CP
277310040,4,ALIM,,,0,EE,EE-CP
277310040,5,PLG,,,0,EE,EE-CP
277310041,1,FON,,,0,PN,PN-EV
277310041,2,DDR,,,1,PN,PN-EV
277310041,3,FIL,,,0,PN,PN-EV
277310041,4,TNC,,,0,PN,PN-EV
277310041,5,TYPE,,,0,PN,PN-EV
277310042,1,TYPE,,,0,EL,EL-CO
277310042,2,ICM,,AMP,1,EL,EL-CO
277310042,3,TNB,,,0,EL,EL-CO
277310042,4,NBC,,Nos,0,EL,EL-CO
277310042,5,FAB,,,0,EL,EL-CO
277310046,1,TCP,,,0,EE,EE-CP
277310046,2,SIG,,,1,EE,EE-CP
277310046,3,RAC,,,0,EE,EE-CP
277310046,4,ALIM,,,0,EE,EE-CP
277310046,5,PLG,,,0,EE,EE-CP
277310048,1,FON,,,0,PN,PN-EV
277310048,2,DDR,,,1,PN,PN-EV
277310048,3,FIL,,,0,PN,PN-EV
277310048,4,TNC,,,0,PN,PN-EV
277310048,5,TYPE,,,0,PN,PN-EV
277310049,1,TCP,,,0,EE,EE-CP
277310049,2,SIG,,,1,EE,EE-CP
277310049,3,RAC,,,0,EE,EE-CP
277310049,4,ALIM,,,0,EE,EE-CP
277310049,5,PLG,,,0,EE,EE-CP
277310050,1,TCP,,,0,EE,EE-CP
277310050,2,SIG,,,1,EE,EE-CP
277310050,3,RAC,,,0,EE,EE-CP
277310050,4,ALIM,,,0,EE,EE-CP
277310050,5,PLG,,,0,EE,EE-CP
277310051,1,TS,,,0,IN,IN-TE
277310051,2,PMEAS,,Celsius,1,IN,IN-TE
277310051,3,LON,,Millimeter,0,IN,IN-TE
277310051,4,DGT,,Millimeter,0,IN,IN-TE
277310051,5,RAC,,,0,IN,IN-TE
277310052,1,TYPE,,,0,EL,EL-CA
277310052,2,SEC,,,1,EL,EL-CA
277310052,3,NBCD,,Nos,0,EL,EL-CA
277310052,4,MAT,,,0,EL,EL-CA
277310052,5,BLI,,,0,EL,EL-CA
277310053,1,TAL,,,0,IN,IN-VA
277310053,2,PMM,,Kilowatt,1,IN,IN-VA
277310053,3,MOD,,,0,IN,IN-VA
277310053,4,TEN,,,0,IN,IN-VA
277310053,5,FAB,,,0,IN,IN-VA
277310054,1,TYPE,,,0,EL,EL-CO
277310054,2,ICM,,AMP,1,EL,EL-CO
277310054,3,TNB,,,0,EL,EL-CO
277310054,4,NBC,,Nos,0,EL,EL-CO
277310054,5,FAB,,,0,EL,EL-CO
277310055,1,TYPE,,,0,HY,HY-VE
277310055,2,DAP,,Millimeter,1,HY,HY-VE
277310055,3,DGT,,Millimeter,0,HY,HY-VE
277310055,4,COU,,Millimeter,0,HY,HY-VE
277310055,5,PRE,,Bar,0,HY,HY-VE
277310056,1,TYPE,,,0,EL,EL-CA
277310056,2,SEC,,,1,EL,EL-CA
277310056,3,NBCD,,Nos,0,EL,EL-CA
277310056,4,MAT,,,0,EL,EL-CA
277310056,5,BLI,,,0,EL,EL-CA
277310057,1,TCO,,,1,IN,IN-TH
277310057,2,LGA,,Millimeter,0,IN,IN-TH
277310057,3,DGA,,Millimeter,0,IN,IN-TH
277310057,4,RAC,,,0,IN,IN-TH
277310057,5,FAB,,,0,IN,IN-TH
277310060,1,FON,,,0,PN,PN-EV
277310060,2,DDR,,,1,PN,PN-EV
277310060,3,FIL,,,0,PN,PN-EV
277310060,4,TNC,,,0,PN,PN-EV
277310060,5,TYPE,,,0,PN,PN-EV
277310093,1,TCP,,,0,EE,EE-CP
277310093,2,SIG,,,1,EE,EE-CP
277310093,3,RAC,,,0,EE,EE-CP
277310093,4,ALIM,,,0,EE,EE-CP
277310093,5,PLG,,,0,EE,EE-CP
277310096,1,TYPE,,,0,ME,ME-EN
277310096,2,NDR,,,1,ME,ME-EN
277310096,3,MODU,,,0,ME,ME-EN
277310096,4,DIM,,Millimeter,0,ME,ME-EN
277310096,5,MAT,,,0,ME,ME-EN
277310097,1,TPR,,,0,ME,ME-CO
277310097,2,LPR,,Millimeter,1,ME,ME-CO
277310097,3,LEP,,Millimeter,0,ME,ME-CO
277310097,4,PDE,,,0,ME,ME-CO
277310097,5,MAT,,,0,ME,ME-CO
277310099,1,TCP,,,0,EE,EE-CP
277310099,2,SIG,,,1,EE,EE-CP
277310099,3,RAC,,,0,EE,EE-CP
277310099,4,ALIM,,,0,EE,EE-CP
277310099,5,PLG,,,0,EE,EE-CP
277310102,1,TYPE,,,0,ME,ME-JO
277310102,2,DIA,,Millimeter,1,ME,ME-JO
277310102,3,DIM,,Millimeter,0,ME,ME-JO
277310102,4,MAT,,,0,ME,ME-JO
277310102,5,USG,,,0,ME,ME-JO
277310103,1,TPR,,,0,ME,ME-CO
277310103,2,LPR,,Millimeter,1,ME,ME-CO
277310103,3,LEP,,Millimeter,0,ME,ME-CO
277310103,4,PDE,,,0,ME,ME-CO
277310103,5,MAT,,,0,ME,ME-CO
277310104,1,TYPE,,,0,ME,ME-JO
277310104,2,DIA,,Millimeter,1,ME,ME-JO
277310104,3,DIM,,Millimeter,0,ME,ME-JO
277310104,4,MAT,,,0,ME,ME-JO
277310104,5,USG,,,0,ME,ME-JO
277310105,1,TYPE,,,0,HY,HY-FL
277310105,2,DN,,,1,HY,HY-FL
277310105,3,LON,,Millimeter,0,HY,HY-FL
277310105,4,EMB,,,0,HY,HY-FL
277310105,5,PRE,,Bar,0,HY,HY-FL
277310106,1,TYPE,,,0,ME,ME-JO
277310106,2,DIA,,Millimeter,1,ME,ME-JO
277310106,3,DIM,,Millimeter,0,ME,ME-JO
277310106,4,MAT,,,0,ME,ME-JO
277310106,5,USG,,,0,ME,ME-JO
277310108,1,TYPE,,,0,ME,ME-JO
277310108,2,DIA,,Millimeter,1,ME,ME-JO
277310108,3,DIM,,Millimeter,0,ME,ME-JO
277310108,4,MAT,,,0,ME,ME-JO
277310108,5,USG,,,0,ME,ME-JO
277310110,1,TYPE,,,0,ME,ME-JO
277310110,2,DIA,,Millimeter,1,ME,ME-JO
277310110,3,DIM,,Millimeter,0,ME,ME-JO
277310110,4,MAT,,,0,ME,ME-JO
277310110,5,USG,,,0,ME,ME-JO
277310111,1,TYPE,,,0,ME,ME-JO
277310111,2,DIA,,Millimeter,1,ME,ME-JO
277310111,3,DIM,,Millimeter,0,ME,ME-JO
277310111,4,MAT,,,0,ME,ME-JO
277310111,5,USG,,,0,ME,ME-JO
277310112,1,TYPE,,,0,PN,PN-VE
277310112,2,DAP,,Millimeter,1,PN,PN-VE
277310112,3,COU,,Millimeter,0,PN,PN-VE
277310112,4,AMO,,,0,PN,PN-VE
277310112,5,RAC,,,0,PN,PN-VE
277310115,1,TYPE,,,0,PN,PN-RA
277310115,2,DET,,Millimeter,1,PN,PN-RA
277310115,3,FIL,,,0,PN,PN-RA
277310115,4,MAT,,,0,PN,PN-RA
277310115,5,FRM,,,0,PN,PN-RA
277310118,1,TYPE,,,0,HY,HY-RA
277310118,2,DTF,,,1,HY,HY-RA
277310118,3,MAT,,,0,HY,HY-RA
277310118,4,FRM,,,0,HY,HY-RA
277310118,5,PRE,,Bar,0,HY,HY-RA
277310119,1,FON,,,0,PN,PN-EV
277310119,2,DDR,,,1,PN,PN-EV
277310119,3,FIL,,,0,PN,PN-EV
277310119,4,TNC,,,0,PN,PN-EV
277310119,5,TYPE,,,0,PN,PN-EV
277310122,1,TAL,,,0,IN,IN-VA
277310122,2,PMM,,Kilowatt,1,IN,IN-VA
277310122,3,MOD,,,0,IN,IN-VA
277310122,4,TEN,,,0,IN,IN-VA
277310122,5,FAB,,,0,IN,IN-VA
277310123,1,TDC,,,0,EL,EL-MO
277310123,2,PUI,,Kilowatt,1,EL,EL-MO
277310123,3,VIT,,,0,EL,EL-MO
277310123,4,FIX,,,0,EL,EL-MO
277310123,5,TEN,,,0,EL,EL-MO
277310124,1,TYPE,,,0,EL,EL-CO
277310124,2,ICM,,AMP,1,EL,EL-CO
277310124,3,TNB,,,0,EL,EL-CO
277310124,4,NBC,,Nos,0,EL,EL-CO
277310124,5,FAB,,,0,EL,EL-CO
277310125,1,TCP,,,0,EE,EE-CP
277310125,2,SIG,,,1,EE,EE-CP
277310125,3,RAC,,,0,EE,EE-CP
277310125,4,ALIM,,,0,EE,EE-CP
277310125,5,PLG,,,0,EE,EE-CP
277310126,1,TYPE,,,0,EL,EL-RE
277310126,2,TDCB,,,1,EL,EL-RE
277310126,3,CRT,,AMP,0,EL,EL-RE
277310126,4,NBC,,Nos,0,EL,EL-RE
277310126,5,FAB,,,0,EL,EL-RE
277310127,1,TFM,,,1,EE,EE-CA
277310127,2,REF,,,0,EE,EE-CA
277310127,3,CONS,,,0,EE,EE-CA
277310127,4,ALIM,,,0,EE,EE-CA
277310127,5,VER,,,0,EE,EE-CA
277310128,1,TYPE,,,0,EL,EL-CA
277310128,2,SEC,,,1,EL,EL-CA
277310128,3,NBCD,,Nos,0,EL,EL-CA
277310128,4,MAT,,,0,EL,EL-CA
277310128,5,BLI,,,0,EL,EL-CA
277310129,1,TYPE,,,0,EL,EL-CA
277310129,2,SEC,,,1,EL,EL-CA
277310129,3,NBCD,,Nos,0,EL,EL-CA
277310129,4,MAT,,,0,EL,EL-CA
277310129,5,BLI,,,0,EL,EL-CA
277310130,1,FTT,,,1,ME,ME-VI
277310130,2,DIA,,Millimeter,0,ME,ME-VI
277310130,3,LON,,Millimeter,0,ME,ME-VI
277310130,4,MAT,,,0,ME,ME-VI
277310130,5,FIL,,,0,ME,ME-VI
277310132,1,PRC,,,1,CS,CS-SC
277310132,2,DIA,,Millimeter,0,CS,CS-SC
277310132,3,NUA,,,0,CS,CS-SC
277310132,4,TYPE,,,0,CS,CS-SC
277310132,5,CND,,,0,CS,CS-SC
277310133,1,TYPE,,,0,ME,ME-JO
277310133,2,DIA,,Millimeter,1,ME,ME-JO
277310133,3,DIM,,Millimeter,0,ME,ME-JO
277310133,4,MAT,,,0,ME,ME-JO
277310133,5,USG,,,0,ME,ME-JO
277310135,1,TYPE,,,0,ME,ME-JO
277310135,2,DIA,,Millimeter,1,ME,ME-JO
277310135,3,DIM,,Millimeter,0,ME,ME-JO
277310135,4,MAT,,,0,ME,ME-JO
277310135,5,USG,,,0,ME,ME-JO
277310136,1,TYPE,,,0,ME,ME-JO
277310136,2,DIA,,Millimeter,1,ME,ME-JO
277310136,3,DIM,,Millimeter,0,ME,ME-JO
277310136,4,MAT,,,0,ME,ME-JO
277310136,5,USG,,,0,ME,ME-JO
277310139,1,TYPE,,,0,ME,ME-JO
277310139,2,DIA,,Millimeter,1,ME,ME-JO
277310139,3,DIM,,Millimeter,0,ME,ME-JO
277310139,4,MAT,,,0,ME,ME-JO
277310139,5,USG,,,0,ME,ME-JO
277310140,1,TYPE,,,0,ME,ME-JO
277310140,2,DIA,,Millimeter,1,ME,ME-JO
277310140,3,DIM,,Millimeter,0,ME,ME-JO
277310140,4,MAT,,,0,ME,ME-JO
277310140,5,USG,,,0,ME,ME-JO
277310141,1,TYPE,,,0,ME,ME-JO
277310141,2,DIA,,Millimeter,1,ME,ME-JO
277310141,3,DIM,,Millimeter,0,ME,ME-JO
277310141,4,MAT,,,0,ME,ME-JO
277310141,5,USG,,,0,ME,ME-JO
277310142,1,TYPE,,,0,ME,ME-JO
277310142,2,DIA,,Millimeter,1,ME,ME-JO
277310142,3,DIM,,Millimeter,0,ME,ME-JO
277310142,4,MAT,,,0,ME,ME-JO
277310142,5,USG,,,0,ME,ME-JO
277310143,1,TYPE,,,0,ME,ME-JO
277310143,2,DIA,,Millimeter,1,ME,ME-JO
277310143,3,DIM,,Millimeter,0,ME,ME-JO
277310143,4,MAT,,,0,ME,ME-JO
277310143,5,USG,,,0,ME,ME-JO
277310144,1,TYPE,,,0,ME,ME-JO
277310144,2,DIA,,Millimeter,1,ME,ME-JO
277310144,3,DIM,,Millimeter,0,ME,ME-JO
277310144,4,MAT,,,0,ME,ME-JO
277310144,5,USG,,,0,ME,ME-JO
277310145,1,TYPE,,,0,ME,ME-JO
277310145,2,DIA,,Millimeter,1,ME,ME-JO
277310145,3,DIM,,Millimeter,0,ME,ME-JO
277310145,4,MAT,,,0,ME,ME-JO
277310145,5,USG,,,0,ME,ME-JO
277310146,1,TYPE,,,0,ME,ME-JO
277310146,2,DIA,,Millimeter,1,ME,ME-JO
277310146,3,DIM,,Millimeter,0,ME,ME-JO
277310146,4,MAT,,,0,ME,ME-JO
277310146,5,USG,,,0,ME,ME-JO
277310147,1,TAL,,,0,IN,IN-VA
277310147,2,PMM,,Kilowatt,1,IN,IN-VA
277310147,3,MOD,,,0,IN,IN-VA
277310147,4,TEN,,,0,IN,IN-VA
277310147,5,FAB,,,0,IN,IN-VA
277310148,1,TAL,,,0,IN,IN-VA
277310148,2,PMM,,Kilowatt,1,IN,IN-VA
277310148,3,MOD,,,0,IN,IN-VA
277310148,4,TEN,,,0,IN,IN-VA
277310148,5,FAB,,,0,IN,IN-VA
277310149,1,TAL,,,0,IN,IN-VA
277310149,2,PMM,,Kilowatt,1,IN,IN-VA
277310149,3,MOD,,,0,IN,IN-VA
277310149,4,TEN,,,0,IN,IN-VA
277310149,5,FAB,,,0,IN,IN-VA
277310150,1,TAL,,,0,IN,IN-VA
277310150,2,PMM,,Kilowatt,1,IN,IN-VA
277310150,3,MOD,,,0,IN,IN-VA
277310150,4,TEN,,,0,IN,IN-VA
277310150,5,FAB,,,0,IN,IN-VA
277310152,1,TYPE,,,0,ME,ME-JO
277310152,2,DIA,,Millimeter,1,ME,ME-JO
277310152,3,DIM,,Millimeter,0,ME,ME-JO
277310152,4,MAT,,,0,ME,ME-JO
277310152,5,USG,,,0,ME,ME-JO
277310153,1,TYPE,,,0,ME,ME-JO
277310153,2,DIA,,Millimeter,1,ME,ME-JO
277310153,3,DIM,,Millimeter,0,ME,ME-JO
277310153,4,MAT,,,0,ME,ME-JO
277310153,5,USG,,,0,ME,ME-JO
277310154,1,TYPE,,,0,ME,ME-JO
277310154,2,DIA,,Millimeter,1,ME,ME-JO
277310154,3,DIM,,Millimeter,0,ME,ME-JO
277310154,4,MAT,,,0,ME,ME-JO
277310154,5,USG,,,0,ME,ME-JO
277310156,1,TYPE,,,0,ME,ME-JO
277310156,2,DIA,,Millimeter,1,ME,ME-JO
277310156,3,DIM,,Millimeter,0,ME,ME-JO
277310156,4,MAT,,,0,ME,ME-JO
277310156,5,USG,,,0,ME,ME-JO
277310158,1,TYPE,,,0,ME,ME-JO
277310158,2,DIA,,Millimeter,1,ME,ME-JO
277310158,3,DIM,,Millimeter,0,ME,ME-JO
277310158,4,MAT,,,0,ME,ME-JO
277310158,5,USG,,,0,ME,ME-JO
277310159,1,TYPE,,,0,ME,ME-JO
277310159,2,DIA,,Millimeter,1,ME,ME-JO
277310159,3,DIM,,Millimeter,0,ME,ME-JO
277310159,4,MAT,,,0,ME,ME-JO
277310159,5,USG,,,0,ME,ME-JO
277310160,1,TYPE,,,0,ME,ME-RO
277310160,2,DIAI,,Millimeter,1,ME,ME-RO
277310160,3,SR,,,0,ME,ME-RO
277310160,4,DIAE,,Millimeter,0,ME,ME-RO
277310160,5,EPJ,,,0,ME,ME-RO
277310161,1,TYPE,,,0,ME,ME-JO
277310161,2,DIA,,Millimeter,1,ME,ME-JO
277310161,3,DIM,,Millimeter,0,ME,ME-JO
277310161,4,MAT,,,0,ME,ME-JO
277310161,5,USG,,,0,ME,ME-JO
277310164,1,TYPE,,,0,ME,ME-RO
277310164,2,DIAI,,Millimeter,1,ME,ME-RO
277310164,3,SR,,,0,ME,ME-RO
277310164,4,DIAE,,Millimeter,0,ME,ME-RO
277310164,5,EPJ,,,0,ME,ME-RO
277310166,1,TYPE,,,0,ME,ME-JO
277310166,2,DIA,,Millimeter,1,ME,ME-JO
277310166,3,DIM,,Millimeter,0,ME,ME-JO
277310166,4,MAT,,,0,ME,ME-JO
277310166,5,USG,,,0,ME,ME-JO
277310170,1,TCP,,,0,EE,EE-CP
277310170,2,SIG,,,1,EE,EE-CP
277310170,3,RAC,,,0,EE,EE-CP
277310170,4,ALIM,,,0,EE,EE-CP
277310170,5,PLG,,,0,EE,EE-CP
277310198,1,TYPE,,,1,CS,CS-JG
277310198,2,MAT,,,0,CS,CS-JG
277310198,3,DIM,,Millimeter,0,CS,CS-JG
277310198,4,REFERENC,,,0,CS,CS-JG
277310198,5,FAB,,,0,CS,CS-JG
277310209,1,TYPE,,,0,PN,PN-RA
277310209,2,DET,,Millimeter,1,PN,PN-RA
277310209,3,FIL,,,0,PN,PN-RA
277310209,4,MAT,,,0,PN,PN-RA
277310209,5,FRM,,,0,PN,PN-RA
277310210,1,TYPE,,,0,HY,HY-FI
277310210,2,SEU,,Micrometer,1,HY,HY-FI
277310210,3,RAC,,,0,HY,HY-FI
277310210,4,DEB,,,0,HY,HY-FI
277310210,5,FAB,,,0,HY,HY-FI
277310211,1,TYPE,,,0,HY,HY-FI
277310211,2,SEU,,Micrometer,1,HY,HY-FI
277310211,3,RAC,,,0,HY,HY-FI
277310211,4,DEB,,,0,HY,HY-FI
277310211,5,FAB,,,0,HY,HY-FI
277310212,1,TYPE,,,0,PN,PN-VE
277310212,2,DAP,,Millimeter,1,PN,PN-VE
277310212,3,COU,,Millimeter,0,PN,PN-VE
277310212,4,AMO,,,0,PN,PN-VE
277310212,5,RAC,,,0,PN,PN-VE
277310214,1,TYPE,,,0,PN,PN-VE
277310214,2,DAP,,Millimeter,1,PN,PN-VE
277310214,3,COU,,Millimeter,0,PN,PN-VE
277310214,4,AMO,,,0,PN,PN-VE
277310214,5,RAC,,,0,PN,PN-VE
277310215,1,TYPE,,,0,PN,PN-VE
277310215,2,DAP,,Millimeter,1,PN,PN-VE
277310215,3,COU,,Millimeter,0,PN,PN-VE
277310215,4,AMO,,,0,PN,PN-VE
277310215,5,RAC,,,0,PN,PN-VE
277310216,1,TCP,,,0,EE,EE-CP
277310216,2,SIG,,,1,EE,EE-CP
277310216,3,RAC,,,0,EE,EE-CP
277310216,4,ALIM,,,0,EE,EE-CP
277310216,5,PLG,,,0,EE,EE-CP
277310217,1,TCP,,,0,EE,EE-CP
277310217,2,SIG,,,1,EE,EE-CP
277310217,3,RAC,,,0,EE,EE-CP
277310217,4,ALIM,,,0,EE,EE-CP
277310217,5,PLG,,,0,EE,EE-CP
277310218,1,TCP,,,0,EE,EE-CP
277310218,2,SIG,,,1,EE,EE-CP
277310218,3,RAC,,,0,EE,EE-CP
277310218,4,ALIM,,,0,EE,EE-CP
277310218,5,PLG,,,0,EE,EE-CP
277310219,1,TS,,,0,IN,IN-TE
277310219,2,PMEAS,,Celsius,1,IN,IN-TE
277310219,3,LON,,Millimeter,0,IN,IN-TE
277310219,4,DGT,,Millimeter,0,IN,IN-TE
277310219,5,RAC,,,0,IN,IN-TE
277310220,1,TYPE,,,0,EL,EL-RE
277310220,2,TDCB,,,1,EL,EL-RE
277310220,3,CRT,,AMP,0,EL,EL-RE
277310220,4,NBC,,Nos,0,EL,EL-RE
277310220,5,FAB,,,0,EL,EL-RE
277310222,1,TYPE,,,0,ME,ME-JO
277310222,2,DIA,,Millimeter,1,ME,ME-JO
277310222,3,DIM,,Millimeter,0,ME,ME-JO
277310222,4,MAT,,,0,ME,ME-JO
277310222,5,USG,,,0,ME,ME-JO
277310230,1,TYPE,,,0,PN,PN-VE
277310230,2,DAP,,Millimeter,1,PN,PN-VE
277310230,3,COU,,Millimeter,0,PN,PN-VE
277310230,4,AMO,,,0,PN,PN-VE
277310230,5,RAC,,,0,PN,PN-VE
277310234,1,TYPE,,,0,PN,PN-VE
277310234,2,DAP,,Millimeter,1,PN,PN-VE
277310234,3,COU,,Millimeter,0,PN,PN-VE
277310234,4,AMO,,,0,PN,PN-VE
277310234,5,RAC,,,0,PN,PN-VE
277311008,1,TYPE,,,0,HY,HY-PO
277311008,2,DEB,,,1,HY,HY-PO
277311008,3,CYL,,,0,HY,HY-PO
277311008,4,PRE,,Bar,0,HY,HY-PO
277311008,5,LIQ,,,0,HY,HY-PO
277311013,1,TYPE,,,0,HY,HY-FL
277311013,2,DN,,,1,HY,HY-FL
277311013,3,LON,,Millimeter,0,HY,HY-FL
277311013,4,EMB,,,0,HY,HY-FL
277311013,5,PRE,,Bar,0,HY,HY-FL
277311027,1,FTT,,,1,ME,ME-VI
277311027,2,DIA,,Millimeter,0,ME,ME-VI
277311027,3,LON,,Millimeter,0,ME,ME-VI
277311027,4,MAT,,,0,ME,ME-VI
277311027,5,FIL,,,0,ME,ME-VI
277311031,1,TYPE,,,0,ME,ME-EN
277311031,2,NDR,,,1,ME,ME-EN
277311031,3,MODU,,,0,ME,ME-EN
277311031,4,DIM,,Millimeter,0,ME,ME-EN
277311031,5,MAT,,,0,ME,ME-EN
277311035,1,TYPE,,,0,HY,HY-FL
277311035,2,DN,,,1,HY,HY-FL
277311035,3,LON,,Millimeter,0,HY,HY-FL
277311035,4,EMB,,,0,HY,HY-FL
277311035,5,PRE,,Bar,0,HY,HY-FL
277311036,1,TYPE,,,0,HY,HY-FL
277311036,2,DN,,,1,HY,HY-FL
277311036,3,LON,,Millimeter,0,HY,HY-FL
277311036,4,EMB,,,0,HY,HY-FL
277311036,5,PRE,,Bar,0,HY,HY-FL
277311037,1,TYPE,,,0,PN,PN-RA
277311037,2,DET,,Millimeter,1,PN,PN-RA
277311037,3,FIL,,,0,PN,PN-RA
277311037,4,MAT,,,0,PN,PN-RA
277311037,5,FRM,,,0,PN,PN-RA
277311038,1,TYPE,,,0,PN,PN-RA
277311038,2,DET,,Millimeter,1,PN,PN-RA
277311038,3,FIL,,,0,PN,PN-RA
277311038,4,MAT,,,0,PN,PN-RA
277311038,5,FRM,,,0,PN,PN-RA
277311039,1,TYPE,,,0,PN,PN-RA
277311039,2,DET,,Millimeter,1,PN,PN-RA
277311039,3,FIL,,,0,PN,PN-RA
277311039,4,MAT,,,0,PN,PN-RA
277311039,5,FRM,,,0,PN,PN-RA
277311040,1,TYPE,,,0,PN,PN-RA
277311040,2,DET,,Millimeter,1,PN,PN-RA
277311040,3,FIL,,,0,PN,PN-RA
277311040,4,MAT,,,0,PN,PN-RA
277311040,5,FRM,,,0,PN,PN-RA
277311041,1,TYPE,,,0,PN,PN-RA
277311041,2,DET,,Millimeter,1,PN,PN-RA
277311041,3,FIL,,,0,PN,PN-RA
277311041,4,MAT,,,0,PN,PN-RA
277311041,5,FRM,,,0,PN,PN-RA
277311042,1,TYPE,,,0,PN,PN-RA
277311042,2,DET,,Millimeter,1,PN,PN-RA
277311042,3,FIL,,,0,PN,PN-RA
277311042,4,MAT,,,0,PN,PN-RA
277311042,5,FRM,,,0,PN,PN-RA
277311043,1,TYPE,,,0,PN,PN-RA
277311043,2,DET,,Millimeter,1,PN,PN-RA
277311043,3,FIL,,,0,PN,PN-RA
277311043,4,MAT,,,0,PN,PN-RA
277311043,5,FRM,,,0,PN,PN-RA
277311044,1,TYPE,,,0,PN,PN-RA
277311044,2,DET,,Millimeter,1,PN,PN-RA
277311044,3,FIL,,,0,PN,PN-RA
277311044,4,MAT,,,0,PN,PN-RA
277311044,5,FRM,,,0,PN,PN-RA
277311045,1,TYPE,,,0,PN,PN-RA
277311045,2,DET,,Millimeter,1,PN,PN-RA
277311045,3,FIL,,,0,PN,PN-RA
277311045,4,MAT,,,0,PN,PN-RA
277311045,5,FRM,,,0,PN,PN-RA
277311046,1,TYPE,,,0,PN,PN-RA
277311046,2,DET,,Millimeter,1,PN,PN-RA
277311046,3,FIL,,,0,PN,PN-RA
277311046,4,MAT,,,0,PN,PN-RA
277311046,5,FRM,,,0,PN,PN-RA
277311047,1,TYPE,,,0,PN,PN-RA
277311047,2,DET,,Millimeter,1,PN,PN-RA
277311047,3,FIL,,,0,PN,PN-RA
277311047,4,MAT,,,0,PN,PN-RA
277311047,5,FRM,,,0,PN,PN-RA
277311048,1,TYPE,,,0,PN,PN-RA
277311048,2,DET,,Millimeter,1,PN,PN-RA
277311048,3,FIL,,,0,PN,PN-RA
277311048,4,MAT,,,0,PN,PN-RA
277311048,5,FRM,,,0,PN,PN-RA
277311049,1,TYPE,,,0,PN,PN-RA
277311049,2,DET,,Millimeter,1,PN,PN-RA
277311049,3,FIL,,,0,PN,PN-RA
277311049,4,MAT,,,0,PN,PN-RA
277311049,5,FRM,,,0,PN,PN-RA
277311050,1,TYPE,,,0,PN,PN-RA
277311050,2,DET,,Millimeter,1,PN,PN-RA
277311050,3,FIL,,,0,PN,PN-RA
277311050,4,MAT,,,0,PN,PN-RA
277311050,5,FRM,,,0,PN,PN-RA
277311051,1,TYPE,,,0,PN,PN-RA
277311051,2,DET,,Millimeter,1,PN,PN-RA
277311051,3,FIL,,,0,PN,PN-RA
277311051,4,MAT,,,0,PN,PN-RA
277311051,5,FRM,,,0,PN,PN-RA
277311055,1,FIL,,,0,PN,PN-RE
277311055,2,PPM,,Bar,1,PN,PN-RE
277311055,3,OPT,,,0,PN,PN-RE
277311055,4,TYPE,,,0,PN,PN-RE
277311055,5,DEB,,,0,PN,PN-RE
277311056,1,TYPE,,,0,HY,HY-FI
277311056,2,SEU,,Micrometer,1,HY,HY-FI
277311056,3,RAC,,,0,HY,HY-FI
277311056,4,DEB,,,0,HY,HY-FI
277311056,5,FAB,,,0,HY,HY-FI
277311058,1,TYPE,,,0,ME,ME-RO
277311058,2,DIAI,,Millimeter,1,ME,ME-RO
277311058,3,SR,,,0,ME,ME-RO
277311058,4,DIAE,,Millimeter,0,ME,ME-RO
277311058,5,EPJ,,,0,ME,ME-RO
277311060,1,TYPE,,,0,PN,PN-RA
277311060,2,DET,,Millimeter,1,PN,PN-RA
277311060,3,FIL,,,0,PN,PN-RA
277311060,4,MAT,,,0,PN,PN-RA
277311060,5,FRM,,,0,PN,PN-RA
277311061,1,TYPE,,,0,PN,PN-RA
277311061,2,DET,,Millimeter,1,PN,PN-RA
277311061,3,FIL,,,0,PN,PN-RA
277311061,4,MAT,,,0,PN,PN-RA
277311061,5,FRM,,,0,PN,PN-RA
277311062,1,TYPE,,,0,PN,PN-RA
277311062,2,DET,,Millimeter,1,PN,PN-RA
277311062,3,FIL,,,0,PN,PN-RA
277311062,4,MAT,,,0,PN,PN-RA
277311062,5,FRM,,,0,PN,PN-RA
277311063,1,TYPE,,,0,PN,PN-RA
277311063,2,DET,,Millimeter,1,PN,PN-RA
277311063,3,FIL,,,0,PN,PN-RA
277311063,4,MAT,,,0,PN,PN-RA
277311063,5,FRM,,,0,PN,PN-RA
277311064,1,TYPE,,,0,PN,PN-RA
277311064,2,DET,,Millimeter,1,PN,PN-RA
277311064,3,FIL,,,0,PN,PN-RA
277311064,4,MAT,,,0,PN,PN-RA
277311064,5,FRM,,,0,PN,PN-RA
277311065,1,TYPE,,,0,PN,PN-RA
277311065,2,DET,,Millimeter,1,PN,PN-RA
277311065,3,FIL,,,0,PN,PN-RA
277311065,4,MAT,,,0,PN,PN-RA
277311065,5,FRM,,,0,PN,PN-RA
277311066,1,TYPE,,,0,PN,PN-RA
277311066,2,DET,,Millimeter,1,PN,PN-RA
277311066,3,FIL,,,0,PN,PN-RA
277311066,4,MAT,,,0,PN,PN-RA
277311066,5,FRM,,,0,PN,PN-RA
277311067,1,TYPE,,,0,PN,PN-RA
277311067,2,DET,,Millimeter,1,PN,PN-RA
277311067,3,FIL,,,0,PN,PN-RA
277311067,4,MAT,,,0,PN,PN-RA
277311067,5,FRM,,,0,PN,PN-RA
277311068,1,TYPE,,,0,PN,PN-RA
277311068,2,DET,,Millimeter,1,PN,PN-RA
277311068,3,FIL,,,0,PN,PN-RA
277311068,4,MAT,,,0,PN,PN-RA
277311068,5,FRM,,,0,PN,PN-RA
277311074,1,FON,,,0,PN,PN-EV
277311074,2,DDR,,,1,PN,PN-EV
277311074,3,FIL,,,0,PN,PN-EV
277311074,4,TNC,,,0,PN,PN-EV
277311074,5,TYPE,,,0,PN,PN-EV
277311075,1,TYPE,,,0,ME,ME-JO
277311075,2,DIA,,Millimeter,1,ME,ME-JO
277311075,3,DIM,,Millimeter,0,ME,ME-JO
277311075,4,MAT,,,0,ME,ME-JO
277311075,5,USG,,,0,ME,ME-JO
277311079,1,TYPE,,,0,ME,ME-JO
277311079,2,DIA,,Millimeter,1,ME,ME-JO
277311079,3,DIM,,Millimeter,0,ME,ME-JO
277311079,4,MAT,,,0,ME,ME-JO
277311079,5,USG,,,0,ME,ME-JO
277311082,1,TYPE,,,0,ME,ME-EN
277311082,2,NDR,,,1,ME,ME-EN
277311082,3,MODU,,,0,ME,ME-EN
277311082,4,DIM,,Millimeter,0,ME,ME-EN
277311082,5,MAT,,,0,ME,ME-EN
277311085,1,SER,,,0,EE,EE-AU
277311085,2,NES,,Nos,1,EE,EE-AU
277311085,3,ALIM,,,0,EE,EE-AU
277311085,4,CONS,,,0,EE,EE-AU
277311085,5,TMO,,,0,EE,EE-AU
277312000,1,TPR,,,0,ME,ME-CO
277312000,2,LPR,,Millimeter,1,ME,ME-CO
277312000,3,LEP,,Millimeter,0,ME,ME-CO
277312000,4,PDE,,,0,ME,ME-CO
277312000,5,MAT,,,0,ME,ME-CO
277312001,1,TYPE,,,0,ME,ME-JO
277312001,2,DIA,,Millimeter,1,ME,ME-JO
277312001,3,DIM,,Millimeter,0,ME,ME-JO
277312001,4,MAT,,,0,ME,ME-JO
277312001,5,USG,,,0,ME,ME-JO
277312005,1,TCP,,,0,EE,EE-CP
277312005,2,SIG,,,1,EE,EE-CP
277312005,3,RAC,,,0,EE,EE-CP
277312005,4,ALIM,,,0,EE,EE-CP
277312005,5,PLG,,,0,EE,EE-CP
277312007,1,TYPE,,,0,PN,PN-DI
277312007,2,DTC,,,1,PN,PN-DI
277312007,3,NBV,,Nos,0,PN,PN-DI
277312007,4,TIR,,,0,PN,PN-DI
277312007,5,TNB,,,0,PN,PN-DI
277312014,1,SER,,,0,EE,EE-AU
277312014,2,NES,,Nos,1,EE,EE-AU
277312014,3,ALIM,,,0,EE,EE-AU
277312014,4,CONS,,,0,EE,EE-AU
277312014,5,TMO,,,0,EE,EE-AU
277312019,1,TYPE,,,0,EL,EL-RE
277312019,2,TDCB,,,1,EL,EL-RE
277312019,3,CRT,,AMP,0,EL,EL-RE
277312019,4,NBC,,Nos,0,EL,EL-RE
277312019,5,FAB,,,0,EL,EL-RE
277312039,1,TYPE,,,0,ME,ME-JO
277312039,2,DIA,,Millimeter,1,ME,ME-JO
277312039,3,DIM,,Millimeter,0,ME,ME-JO
277312039,4,MAT,,,0,ME,ME-JO
277312039,5,USG,,,0,ME,ME-JO
277312041,1,TYPE,,,0,ME,ME-CH
277312041,2,PAS,,Millimeter,1,ME,ME-CH
277312041,3,NBM,,Nos,0,ME,ME-CH
277312041,4,LON,,Millimeter,0,ME,ME-CH
277312041,5,STD,,,0,ME,ME-CH
277312043,1,TYPE,,,0,ME,ME-JO
277312043,2,DIA,,Millimeter,1,ME,ME-JO
277312043,3,DIM,,Millimeter,0,ME,ME-JO
277312043,4,MAT,,,0,ME,ME-JO
277312043,5,USG,,,0,ME,ME-JO
277312050,1,TYPE,,,0,ME,ME-JO
277312050,2,DIA,,Millimeter,1,ME,ME-JO
277312050,3,DIM,,Millimeter,0,ME,ME-JO
277312050,4,MAT,,,0,ME,ME-JO
277312050,5,USG,,,0,ME,ME-JO
277312055,1,TYPE,,,0,HY,HY-RA
277312055,2,DTF,,,1,HY,HY-RA
277312055,3,MAT,,,0,HY,HY-RA
277312055,4,FRM,,,0,HY,HY-RA
277312055,5,PRE,,Bar,0,HY,HY-RA
277312065,1,TYPE,,,0,ME,ME-JO
277312065,2,DIA,,Millimeter,1,ME,ME-JO
277312065,3,DIM,,Millimeter,0,ME,ME-JO
277312065,4,MAT,,,0,ME,ME-JO
277312065,5,USG,,,0,ME,ME-JO
277312069,1,TYPE,,,0,ME,ME-JO
277312069,2,DIA,,Millimeter,1,ME,ME-JO
277312069,3,DIM,,Millimeter,0,ME,ME-JO
277312069,4,MAT,,,0,ME,ME-JO
277312069,5,USG,,,0,ME,ME-JO
277312072,1,TYPE,,,0,ME,ME-JO
277312072,2,DIA,,Millimeter,1,ME,ME-JO
277312072,3,DIM,,Millimeter,0,ME,ME-JO
277312072,4,MAT,,,0,ME,ME-JO
277312072,5,USG,,,0,ME,ME-JO
277312075,1,TYPE,,,1,CS,CS-JG
277312075,2,MAT,,,0,CS,CS-JG
277312075,3,DIM,,Millimeter,0,CS,CS-JG
277312075,4,REFERENC,,,0,CS,CS-JG
277312075,5,FAB,,,0,CS,CS-JG
277312077,1,TYPE,,,0,ME,ME-JO
277312077,2,DIA,,Millimeter,1,ME,ME-JO
277312077,3,DIM,,Millimeter,0,ME,ME-JO
277312077,4,MAT,,,0,ME,ME-JO
277312077,5,USG,,,0,ME,ME-JO
277312093,1,TYPE,,,0,PN,PN-DI
277312093,2,DTC,,,1,PN,PN-DI
277312093,3,NBV,,Nos,0,PN,PN-DI
277312093,4,TIR,,,0,PN,PN-DI
277312093,5,TNB,,,0,PN,PN-DI
277312098,1,TYPE,,,0,ME,ME-JO
277312098,2,DIA,,Millimeter,1,ME,ME-JO
277312098,3,DIM,,Millimeter,0,ME,ME-JO
277312098,4,MAT,,,0,ME,ME-JO
277312098,5,USG,,,0,ME,ME-JO
277312106,1,FON,,,0,PN,PN-EV
277312106,2,DDR,,,1,PN,PN-EV
277312106,3,FIL,,,0,PN,PN-EV
277312106,4,TNC,,,0,PN,PN-EV
277312106,5,TYPE,,,0,PN,PN-EV
277312116,1,FON,,,0,PN,PN-EV
277312116,2,DDR,,,1,PN,PN-EV
277312116,3,FIL,,,0,PN,PN-EV
277312116,4,TNC,,,0,PN,PN-EV
277312116,5,TYPE,,,0,PN,PN-EV
277312122,1,TCP,,,0,EE,EE-CP
277312122,2,SIG,,,1,EE,EE-CP
277312122,3,RAC,,,0,EE,EE-CP
277312122,4,ALIM,,,0,EE,EE-CP
277312122,5,PLG,,,0,EE,EE-CP
277312145,1,TYPE,,,0,EL,EL-CA
277312145,2,SEC,,,1,EL,EL-CA
277312145,3,NBCD,,Nos,0,EL,EL-CA
277312145,4,MAT,,,0,EL,EL-CA
277312145,5,BLI,,,0,EL,EL-CA
277312160,1,TYPE,,,0,ME,ME-JO
277312160,2,DIA,,Millimeter,1,ME,ME-JO
277312160,3,DIM,,Millimeter,0,ME,ME-JO
277312160,4,MAT,,,0,ME,ME-JO
277312160,5,USG,,,0,ME,ME-JO
277312165,1,TYPE,,,0,ME,ME-JO
277312165,2,DIA,,Millimeter,1,ME,ME-JO
277312165,3,DIM,,Millimeter,0,ME,ME-JO
277312165,4,MAT,,,0,ME,ME-JO
277312165,5,USG,,,0,ME,ME-JO
277312176,1,TYPE,,,0,EL,EL-CA
277312176,2,SEC,,,1,EL,EL-CA
277312176,3,NBCD,,Nos,0,EL,EL-CA
277312176,4,MAT,,,0,EL,EL-CA
277312176,5,BLI,,,0,EL,EL-CA
277312182,1,TYPE,,,0,ME,ME-JO
277312182,2,DIA,,Millimeter,1,ME,ME-JO
277312182,3,DIM,,Millimeter,0,ME,ME-JO
277312182,4,MAT,,,0,ME,ME-JO
277312182,5,USG,,,0,ME,ME-JO
277312184,1,TFM,,,1,EE,EE-CA
277312184,2,REF,,,0,EE,EE-CA
277312184,3,CONS,,,0,EE,EE-CA
277312184,4,ALIM,,,0,EE,EE-CA
277312184,5,VER,,,0,EE,EE-CA
277312187,1,TCP,,,0,EE,EE-CP
277312187,2,SIG,,,1,EE,EE-CP
277312187,3,RAC,,,0,EE,EE-CP
277312187,4,ALIM,,,0,EE,EE-CP
277312187,5,PLG,,,0,EE,EE-CP
277312188,1,TCP,,,0,EE,EE-CP
277312188,2,SIG,,,1,EE,EE-CP
277312188,3,RAC,,,0,EE,EE-CP
277312188,4,ALIM,,,0,EE,EE-CP
277312188,5,PLG,,,0,EE,EE-CP
277312189,1,TYPE,,,0,ME,ME-RO
277312189,2,DIAI,,Millimeter,1,ME,ME-RO
277312189,3,SR,,,0,ME,ME-RO
277312189,4,DIAE,,Millimeter,0,ME,ME-RO
277312189,5,EPJ,,,0,ME,ME-RO
277312191,1,TYPE,,,0,ME,ME-JO
277312191,2,DIA,,Millimeter,1,ME,ME-JO
277312191,3,DIM,,Millimeter,0,ME,ME-JO
277312191,4,MAT,,,0,ME,ME-JO
277312191,5,USG,,,0,ME,ME-JO
277312192,1,TYPE,,,0,ME,ME-JO
277312192,2,DIA,,Millimeter,1,ME,ME-JO
277312192,3,DIM,,Millimeter,0,ME,ME-JO
277312192,4,MAT,,,0,ME,ME-JO
277312192,5,USG,,,0,ME,ME-JO
277312197,1,TYPE,,,0,ME,ME-JO
277312197,2,DIA,,Millimeter,1,ME,ME-JO
277312197,3,DIM,,Millimeter,0,ME,ME-JO
277312197,4,MAT,,,0,ME,ME-JO
277312197,5,USG,,,0,ME,ME-JO
277312199,1,TYPE,,,0,PN,PN-DI
277312199,2,DTC,,,1,PN,PN-DI
277312199,3,NBV,,Nos,0,PN,PN-DI
277312199,4,TIR,,,0,PN,PN-DI
277312199,5,TNB,,,0,PN,PN-DI
277312200,1,FON,,,0,PN,PN-EV
277312200,2,DDR,,,1,PN,PN-EV
277312200,3,FIL,,,0,PN,PN-EV
277312200,4,TNC,,,0,PN,PN-EV
277312200,5,TYPE,,,0,PN,PN-EV
277312202,1,TYPE,,,0,EL,EL-RE
277312202,2,TDCB,,,1,EL,EL-RE
277312202,3,CRT,,AMP,0,EL,EL-RE
277312202,4,NBC,,Nos,0,EL,EL-RE
277312202,5,FAB,,,0,EL,EL-RE
277312204,1,TAL,,,0,IN,IN-VA
277312204,2,PMM,,Kilowatt,1,IN,IN-VA
277312204,3,MOD,,,0,IN,IN-VA
277312204,4,TEN,,,0,IN,IN-VA
277312204,5,FAB,,,0,IN,IN-VA
277312213,1,PRC,,,1,CS,CS-SC
277312213,2,DIA,,Millimeter,0,CS,CS-SC
277312213,3,NUA,,,0,CS,CS-SC
277312213,4,TYPE,,,0,CS,CS-SC
277312213,5,CND,,,0,CS,CS-SC
277312222,1,TYPE,,,0,HY,HY-PO
277312222,2,DEB,,,1,HY,HY-PO
277312222,3,CYL,,,0,HY,HY-PO
277312222,4,PRE,,Bar,0,HY,HY-PO
277312222,5,LIQ,,,0,HY,HY-PO
277312225,1,TYPE,,,0,HY,HY-FI
277312225,2,SEU,,Micrometer,1,HY,HY-FI
277312225,3,RAC,,,0,HY,HY-FI
277312225,4,DEB,,,0,HY,HY-FI
277312225,5,FAB,,,0,HY,HY-FI
277312226,1,TYPE,,,0,ME,ME-CH
277312226,2,PAS,,Millimeter,1,ME,ME-CH
277312226,3,NBM,,Nos,0,ME,ME-CH
277312226,4,LON,,Millimeter,0,ME,ME-CH
277312226,5,STD,,,0,ME,ME-CH
277312227,1,TYPE,,,0,HY,HY-PO
277312227,2,DEB,,,1,HY,HY-PO
277312227,3,CYL,,,0,HY,HY-PO
277312227,4,PRE,,Bar,0,HY,HY-PO
277312227,5,LIQ,,,0,HY,HY-PO
277312228,1,TYPE,,,0,HY,HY-PO
277312228,2,DEB,,,1,HY,HY-PO
277312228,3,CYL,,,0,HY,HY-PO
277312228,4,PRE,,Bar,0,HY,HY-PO
277312228,5,LIQ,,,0,HY,HY-PO
277312229,1,FTT,,,1,ME,ME-VI
277312229,2,DIA,,Millimeter,0,ME,ME-VI
277312229,3,LON,,Millimeter,0,ME,ME-VI
277312229,4,MAT,,,0,ME,ME-VI
277312229,5,FIL,,,0,ME,ME-VI
277312243,1,TYPE,,,1,CS,CS-GC
277312243,2,GRA,,,0,CS,CS-GC
277312243,3,CND,,,0,CS,CS-GC
277312243,4,APP,,,0,CS,CS-GC
277312243,5,FAB,,,0,CS,CS-GC
277312256,1,TYPE,,,0,EL,EL-RE
277312256,2,TDCB,,,1,EL,EL-RE
277312256,3,CRT,,AMP,0,EL,EL-RE
277312256,4,NBC,,Nos,0,EL,EL-RE
277312256,5,FAB,,,0,EL,EL-RE
277312258,1,FTT,,,1,ME,ME-VI
277312258,2,DIA,,Millimeter,0,ME,ME-VI
277312258,3,LON,,Millimeter,0,ME,ME-VI
277312258,4,MAT,,,0,ME,ME-VI
277312258,5,FIL,,,0,ME,ME-VI
277312261,1,TYPE,,,0,HY,HY-PO
277312261,2,DEB,,,1,HY,HY-PO
277312261,3,CYL,,,0,HY,HY-PO
277312261,4,PRE,,Bar,0,HY,HY-PO
277312261,5,LIQ,,,0,HY,HY-PO
277312273,1,FTT,,,1,ME,ME-VI
277312273,2,DIA,,Millimeter,0,ME,ME-VI
277312273,3,LON,,Millimeter,0,ME,ME-VI
277312273,4,MAT,,,0,ME,ME-VI
277312273,5,FIL,,,0,ME,ME-VI
277312281,1,TYPE,,,0,HY,HY-FL
277312281,2,DN,,,1,HY,HY-FL
277312281,3,LON,,Millimeter,0,HY,HY-FL
277312281,4,EMB,,,0,HY,HY-FL
277312281,5,PRE,,Bar,0,HY,HY-FL
277312287,1,TYPE,,,0,ME,ME-JO
277312287,2,DIA,,Millimeter,1,ME,ME-JO
277312287,3,DIM,,Millimeter,0,ME,ME-JO
277312287,4,MAT,,,0,ME,ME-JO
277312287,5,USG,,,0,ME,ME-JO
277312296,1,TYPE,,,0,ME,ME-EN
277312296,2,NDR,,,1,ME,ME-EN
277312296,3,MODU,,,0,ME,ME-EN
277312296,4,DIM,,Millimeter,0,ME,ME-EN
277312296,5,MAT,,,0,ME,ME-EN
277312301,1,FTT,,,1,ME,ME-VI
277312301,2,DIA,,Millimeter,0,ME,ME-VI
277312301,3,LON,,Millimeter,0,ME,ME-VI
277312301,4,MAT,,,0,ME,ME-VI
277312301,5,FIL,,,0,ME,ME-VI
277312358,1,FTT,,,1,ME,ME-VI
277312358,2,DIA,,Millimeter,0,ME,ME-VI
277312358,3,LON,,Millimeter,0,ME,ME-VI
277312358,4,MAT,,,0,ME,ME-VI
277312358,5,FIL,,,0,ME,ME-VI
277312363,1,TYPE,,,0,ME,ME-JO
277312363,2,DIA,,Millimeter,1,ME,ME-JO
277312363,3,DIM,,Millimeter,0,ME,ME-JO
277312363,4,MAT,,,0,ME,ME-JO
277312363,5,USG,,,0,ME,ME-JO
277312384,1,FTT,,,1,ME,ME-VI
277312384,2,DIA,,Millimeter,0,ME,ME-VI
277312384,3,LON,,Millimeter,0,ME,ME-VI
277312384,4,MAT,,,0,ME,ME-VI
277312384,5,FIL,,,0,ME,ME-VI
277312395,1,TYPE,,,1,CS,CS-GC
277312395,2,GRA,,,0,CS,CS-GC
277312395,3,CND,,,0,CS,CS-GC
277312395,4,APP,,,0,CS,CS-GC
277312395,5,FAB,,,0,CS,CS-GC
277312396,1,FTT,,,1,ME,ME-VI
277312396,2,DIA,,Millimeter,0,ME,ME-VI
277312396,3,LON,,Millimeter,0,ME,ME-VI
277312396,4,MAT,,,0,ME,ME-VI
277312396,5,FIL,,,0,ME,ME-VI
277312401,1,FTT,,,1,ME,ME-VI
277312401,2,DIA,,Millimeter,0,ME,ME-VI
277312401,3,LON,,Millimeter,0,ME,ME-VI
277312401,4,MAT,,,0,ME,ME-VI
277312401,5,FIL,,,0,ME,ME-VI
277312498,1,TYPE,,,0,HY,HY-VE
277312498,2,DAP,,Millimeter,1,HY,HY-VE
277312498,3,DGT,,Millimeter,0,HY,HY-VE
277312498,4,COU,,Millimeter,0,HY,HY-VE
277312498,5,PRE,,Bar,0,HY,HY-VE
277312502,1,TYPE,,,0,ME,ME-RO
277312502,2,DIAI,,Millimeter,1,ME,ME-RO
277312502,3,SR,,,0,ME,ME-RO
277312502,4,DIAE,,Millimeter,0,ME,ME-RO
277312502,5,EPJ,,,0,ME,ME-RO
277312503,1,TYPE,,,0,ME,ME-EN
277312503,2,NDR,,,1,ME,ME-EN
277312503,3,MODU,,,0,ME,ME-EN
277312503,4,DIM,,Millimeter,0,ME,ME-EN
277312503,5,MAT,,,0,ME,ME-EN
277312513,1,FTT,,,1,ME,ME-VI
277312513,2,DIA,,Millimeter,0,ME,ME-VI
277312513,3,LON,,Millimeter,0,ME,ME-VI
277312513,4,MAT,,,0,ME,ME-VI
277312513,5,FIL,,,0,ME,ME-VI
277312528,1,TYPE,,,0,SE,SE-EC
277312528,2,PEN,,Watt,1,SE,SE-EC
277312528,3,TEN,,,0,SE,SE-EC
277312528,4,FOR,,,0,SE,SE-EC
277312528,5,FAB,,,0,SE,SE-EC
277312537,1,TYPE,,,0,EL,EL-RE
277312537,2,TDCB,,,1,EL,EL-RE
277312537,3,CRT,,AMP,0,EL,EL-RE
277312537,4,NBC,,Nos,0,EL,EL-RE
277312537,5,FAB,,,0,EL,EL-RE
277312538,1,TYPE,,,0,EL,EL-RE
277312538,2,TDCB,,,1,EL,EL-RE
277312538,3,CRT,,AMP,0,EL,EL-RE
277312538,4,NBC,,Nos,0,EL,EL-RE
277312538,5,FAB,,,0,EL,EL-RE
277312540,1,TYPE,,,1,CS,CS-JG
277312540,2,MAT,,,0,CS,CS-JG
277312540,3,DIM,,Millimeter,0,CS,CS-JG
277312540,4,REFERENC,,,0,CS,CS-JG
277312540,5,FAB,,,0,CS,CS-JG
277312594,1,TPR,,,0,ME,ME-CO
277312594,2,LPR,,Millimeter,1,ME,ME-CO
277312594,3,LEP,,Millimeter,0,ME,ME-CO
277312594,4,PDE,,,0,ME,ME-CO
277312594,5,MAT,,,0,ME,ME-CO
277312697,1,TYPE,,,0,ME,ME-RO
277312697,2,DIAI,,Millimeter,1,ME,ME-RO
277312697,3,SR,,,0,ME,ME-RO
277312697,4,DIAE,,Millimeter,0,ME,ME-RO
277312697,5,EPJ,,,0,ME,ME-RO
277312795,1,TS,,,0,IN,IN-TE
277312795,2,PMEAS,,Celsius,1,IN,IN-TE
277312795,3,LON,,Millimeter,0,IN,IN-TE
277312795,4,DGT,,Millimeter,0,IN,IN-TE
277312795,5,RAC,,,0,IN,IN-TE
277312914,1,TYPE,,,0,PN,PN-DI
277312914,2,DTC,,,1,PN,PN-DI
277312914,3,NBV,,Nos,0,PN,PN-DI
277312914,4,TIR,,,0,PN,PN-DI
277312914,5,TNB,,,0,PN,PN-DI
277312916,1,TYPE,,,0,PN,PN-VE
277312916,2,DAP,,Millimeter,1,PN,PN-VE
277312916,3,COU,,Millimeter,0,PN,PN-VE
277312916,4,AMO,,,0,PN,PN-VE
277312916,5,RAC,,,0,PN,PN-VE
277312917,1,FON,,,0,PN,PN-EV
277312917,2,DDR,,,1,PN,PN-EV
277312917,3,FIL,,,0,PN,PN-EV
277312917,4,TNC,,,0,PN,PN-EV
277312917,5,TYPE,,,0,PN,PN-EV
277312918,1,TYPE,,,0,ME,ME-JO
277312918,2,DIA,,Millimeter,1,ME,ME-JO
277312918,3,DIM,,Millimeter,0,ME,ME-JO
277312918,4,MAT,,,0,ME,ME-JO
277312918,5,USG,,,0,ME,ME-JO
277312976,1,TYPE,,,0,EL,EL-RE
277312976,2,TDCB,,,1,EL,EL-RE
277312976,3,CRT,,AMP,0,EL,EL-RE
277312976,4,NBC,,Nos,0,EL,EL-RE
277312976,5,FAB,,,0,EL,EL-RE
277312991,1,TYPE,,,0,ME,ME-RO
277312991,2,DIAI,,Millimeter,1,ME,ME-RO
277312991,3,SR,,,0,ME,ME-RO
277312991,4,DIAE,,Millimeter,0,ME,ME-RO
277312991,5,EPJ,,,0,ME,ME-RO
277313001,1,TYPE,,,0,EL,EL-CO
277313001,2,ICM,,AMP,1,EL,EL-CO
277313001,3,TNB,,,0,EL,EL-CO
277313001,4,NBC,,Nos,0,EL,EL-CO
277313001,5,FAB,,,0,EL,EL-CO
277313002,1,TYPE,,,0,EL,EL-CO
277313002,2,ICM,,AMP,1,EL,EL-CO
277313002,3,TNB,,,0,EL,EL-CO
277313002,4,NBC,,Nos,0,EL,EL-CO
277313002,5,FAB,,,0,EL,EL-CO
277313003,1,TYPE,,,0,PN,PN-VE
277313003,2,DAP,,Millimeter,1,PN,PN-VE
277313003,3,COU,,Millimeter,0,PN,PN-VE
277313003,4,AMO,,,0,PN,PN-VE
277313003,5,RAC,,,0,PN,PN-VE
277313019,1,TYPE,,,0,ME,ME-JO
277313019,2,DIA,,Millimeter,1,ME,ME-JO
277313019,3,DIM,,Millimeter,0,ME,ME-JO
277313019,4,MAT,,,0,ME,ME-JO
277313019,5,USG,,,0,ME,ME-JO
277313020,1,TYPE,,,0,PN,PN-VE
277313020,2,DAP,,Millimeter,1,PN,PN-VE
277313020,3,COU,,Millimeter,0,PN,PN-VE
277313020,4,AMO,,,0,PN,PN-VE
277313020,5,RAC,,,0,PN,PN-VE
277313021,1,TYPE,,,0,PN,PN-VE
277313021,2,DAP,,Millimeter,1,PN,PN-VE
277313021,3,COU,,Millimeter,0,PN,PN-VE
277313021,4,AMO,,,0,PN,PN-VE
277313021,5,RAC,,,0,PN,PN-VE
277314006,1,FTT,,,1,ME,ME-VI
277314006,2,DIA,,Millimeter,0,ME,ME-VI
277314006,3,LON,,Millimeter,0,ME,ME-VI
277314006,4,MAT,,,0,ME,ME-VI
277314006,5,FIL,,,0,ME,ME-VI
277314007,1,FTT,,,1,ME,ME-VI
277314007,2,DIA,,Millimeter,0,ME,ME-VI
277314007,3,LON,,Millimeter,0,ME,ME-VI
277314007,4,MAT,,,0,ME,ME-VI
277314007,5,FIL,,,0,ME,ME-VI
277314009,1,TYPE,,,0,ME,ME-JO
277314009,2,DIA,,Millimeter,1,ME,ME-JO
277314009,3,DIM,,Millimeter,0,ME,ME-JO
277314009,4,MAT,,,0,ME,ME-JO
277314009,5,USG,,,0,ME,ME-JO
277314012,1,TYPE,,,0,ME,ME-JO
277314012,2,DIA,,Millimeter,1,ME,ME-JO
277314012,3,DIM,,Millimeter,0,ME,ME-JO
277314012,4,MAT,,,0,ME,ME-JO
277314012,5,USG,,,0,ME,ME-JO
277314015,1,TCP,,,0,EE,EE-CP
277314015,2,SIG,,,1,EE,EE-CP
277314015,3,RAC,,,0,EE,EE-CP
277314015,4,ALIM,,,0,EE,EE-CP
277314015,5,PLG,,,0,EE,EE-CP
277314016,1,TYPE,,,0,ME,ME-JO
277314016,2,DIA,,Millimeter,1,ME,ME-JO
277314016,3,DIM,,Millimeter,0,ME,ME-JO
277314016,4,MAT,,,0,ME,ME-JO
277314016,5,USG,,,0,ME,ME-JO
277314017,1,TYPE,,,0,ME,ME-JO
277314017,2,DIA,,Millimeter,1,ME,ME-JO
277314017,3,DIM,,Millimeter,0,ME,ME-JO
277314017,4,MAT,,,0,ME,ME-JO
277314017,5,USG,,,0,ME,ME-JO
277314018,1,TCP,,,0,EE,EE-CP
277314018,2,SIG,,,1,EE,EE-CP
277314018,3,RAC,,,0,EE,EE-CP
277314018,4,ALIM,,,0,EE,EE-CP
277314018,5,PLG,,,0,EE,EE-CP
277314022,1,TYPE,,,0,ME,ME-JO
277314022,2,DIA,,Millimeter,1,ME,ME-JO
277314022,3,DIM,,Millimeter,0,ME,ME-JO
277314022,4,MAT,,,0,ME,ME-JO
277314022,5,USG,,,0,ME,ME-JO
277314025,1,TYPE,,,0,ME,ME-RO
277314025,2,DIAI,,Millimeter,1,ME,ME-RO
277314025,3,SR,,,0,ME,ME-RO
277314025,4,DIAE,,Millimeter,0,ME,ME-RO
277314025,5,EPJ,,,0,ME,ME-RO
277314033,1,TYPE,,,0,ME,ME-JO
277314033,2,DIA,,Millimeter,1,ME,ME-JO
277314033,3,DIM,,Millimeter,0,ME,ME-JO
277314033,4,MAT,,,0,ME,ME-JO
277314033,5,USG,,,0,ME,ME-JO
277314041,1,TYPE,,,0,ME,ME-JO
277314041,2,DIA,,Millimeter,1,ME,ME-JO
277314041,3,DIM,,Millimeter,0,ME,ME-JO
277314041,4,MAT,,,0,ME,ME-JO
277314041,5,USG,,,0,ME,ME-JO
277314042,1,TYPE,,,0,ME,ME-JO
277314042,2,DIA,,Millimeter,1,ME,ME-JO
277314042,3,DIM,,Millimeter,0,ME,ME-JO
277314042,4,MAT,,,0,ME,ME-JO
277314042,5,USG,,,0,ME,ME-JO
277314043,1,TYPE,,,0,HY,HY-VE
277314043,2,DAP,,Millimeter,1,HY,HY-VE
277314043,3,DGT,,Millimeter,0,HY,HY-VE
277314043,4,COU,,Millimeter,0,HY,HY-VE
277314043,5,PRE,,Bar,0,HY,HY-VE
277314046,1,TYPE,,,0,ME,ME-JO
277314046,2,DIA,,Millimeter,1,ME,ME-JO
277314046,3,DIM,,Millimeter,0,ME,ME-JO
277314046,4,MAT,,,0,ME,ME-JO
277314046,5,USG,,,0,ME,ME-JO
277314053,1,TYPE,,,0,SE,SE-EC
277314053,2,PEN,,Watt,1,SE,SE-EC
277314053,3,TEN,,,0,SE,SE-EC
277314053,4,FOR,,,0,SE,SE-EC
277314053,5,FAB,,,0,SE,SE-EC
277314054,1,TYPE,,,0,ME,ME-JO
277314054,2,DIA,,Millimeter,1,ME,ME-JO
277314054,3,DIM,,Millimeter,0,ME,ME-JO
277314054,4,MAT,,,0,ME,ME-JO
277314054,5,USG,,,0,ME,ME-JO
277314055,1,TYPE,,,0,ME,ME-RO
277314055,2,DIAI,,Millimeter,1,ME,ME-RO
277314055,3,SR,,,0,ME,ME-RO
277314055,4,DIAE,,Millimeter,0,ME,ME-RO
277314055,5,EPJ,,,0,ME,ME-RO
277314056,1,TYPE,,,0,ME,ME-RO
277314056,2,DIAI,,Millimeter,1,ME,ME-RO
277314056,3,SR,,,0,ME,ME-RO
277314056,4,DIAE,,Millimeter,0,ME,ME-RO
277314056,5,EPJ,,,0,ME,ME-RO
277314057,1,TYPE,,,0,ME,ME-JO
277314057,2,DIA,,Millimeter,1,ME,ME-JO
277314057,3,DIM,,Millimeter,0,ME,ME-JO
277314057,4,MAT,,,0,ME,ME-JO
277314057,5,USG,,,0,ME,ME-JO
277314058,1,TYPE,,,0,ME,ME-JO
277314058,2,DIA,,Millimeter,1,ME,ME-JO
277314058,3,DIM,,Millimeter,0,ME,ME-JO
277314058,4,MAT,,,0,ME,ME-JO
277314058,5,USG,,,0,ME,ME-JO
277314067,1,TYPE,,,0,ME,ME-JO
277314067,2,DIA,,Millimeter,1,ME,ME-JO
277314067,3,DIM,,Millimeter,0,ME,ME-JO
277314067,4,MAT,,,0,ME,ME-JO
277314067,5,USG,,,0,ME,ME-JO
277314069,1,TYPE,,,1,CS,CS-GC
277314069,2,GRA,,,0,CS,CS-GC
277314069,3,CND,,,0,CS,CS-GC
277314069,4,APP,,,0,CS,CS-GC
277314069,5,FAB,,,0,CS,CS-GC
277316001,1,TYPE,,,0,ME,ME-JO
277316001,2,DIA,,Millimeter,1,ME,ME-JO
277316001,3,DIM,,Millimeter,0,ME,ME-JO
277316001,4,MAT,,,0,ME,ME-JO
277316001,5,USG,,,0,ME,ME-JO
277316002,1,TYPE,,,0,ME,ME-JO
277316002,2,DIA,,Millimeter,1,ME,ME-JO
277316002,3,DIM,,Millimeter,0,ME,ME-JO
277316002,4,MAT,,,0,ME,ME-JO
277316002,5,USG,,,0,ME,ME-JO
277316004,1,TYPE,,,0,ME,ME-JO
277316004,2,DIA,,Millimeter,1,ME,ME-JO
277316004,3,DIM,,Millimeter,0,ME,ME-JO
277316004,4,MAT,,,0,ME,ME-JO
277316004,5,USG,,,0,ME,ME-JO
277316008,1,TYPE,,,0,ME,ME-JO
277316008,2,DIA,,Millimeter,1,ME,ME-JO
277316008,3,DIM,,Millimeter,0,ME,ME-JO
277316008,4,MAT,,,0,ME,ME-JO
277316008,5,USG,,,0,ME,ME-JO
277316009,1,TYPE,,,0,ME,ME-JO
277316009,2,DIA,,Millimeter,1,ME,ME-JO
277316009,3,DIM,,Millimeter,0,ME,ME-JO
277316009,4,MAT,,,0,ME,ME-JO
277316009,5,USG,,,0,ME,ME-JO
277316014,1,FTT,,,1,ME,ME-VI
277316014,2,DIA,,Millimeter,0,ME,ME-VI
277316014,3,LON,,Millimeter,0,ME,ME-VI
277316014,4,MAT,,,0,ME,ME-VI
277316014,5,FIL,,,0,ME,ME-VI
277316017,1,TYPE,,,0,ME,ME-RO
277316017,2,DIAI,,Millimeter,1,ME,ME-RO
277316017,3,SR,,,0,ME,ME-RO
277316017,4,DIAE,,Millimeter,0,ME,ME-RO
277316017,5,EPJ,,,0,ME,ME-RO
277316032,1,TYPE,,,0,ME,ME-RO
277316032,2,DIAI,,Millimeter,1,ME,ME-RO
277316032,3,SR,,,0,ME,ME-RO
277316032,4,DIAE,,Millimeter,0,ME,ME-RO
277316032,5,EPJ,,,0,ME,ME-RO
277316033,1,TYPE,,,0,ME,ME-JO
277316033,2,DIA,,Millimeter,1,ME,ME-JO
277316033,3,DIM,,Millimeter,0,ME,ME-JO
277316033,4,MAT,,,0,ME,ME-JO
277316033,5,USG,,,0,ME,ME-JO
277316034,1,TYPE,,,0,ME,ME-RO
277316034,2,DIAI,,Millimeter,1,ME,ME-RO
277316034,3,SR,,,0,ME,ME-RO
277316034,4,DIAE,,Millimeter,0,ME,ME-RO
277316034,5,EPJ,,,0,ME,ME-RO
277316035,1,TYPE,,,0,ME,ME-JO
277316035,2,DIA,,Millimeter,1,ME,ME-JO
277316035,3,DIM,,Millimeter,0,ME,ME-JO
277316035,4,MAT,,,0,ME,ME-JO
277316035,5,USG,,,0,ME,ME-JO
277316039,1,TYPE,,,0,ME,ME-JO
277316039,2,DIA,,Millimeter,1,ME,ME-JO
277316039,3,DIM,,Millimeter,0,ME,ME-JO
277316039,4,MAT,,,0,ME,ME-JO
277316039,5,USG,,,0,ME,ME-JO
277316040,1,TYPE,,,0,ME,ME-JO
277316040,2,DIA,,Millimeter,1,ME,ME-JO
277316040,3,DIM,,Millimeter,0,ME,ME-JO
277316040,4,MAT,,,0,ME,ME-JO
277316040,5,USG,,,0,ME,ME-JO
277316041,1,TYPE,,,0,ME,ME-EN
277316041,2,NDR,,,1,ME,ME-EN
277316041,3,MODU,,,0,ME,ME-EN
277316041,4,DIM,,Millimeter,0,ME,ME-EN
277316041,5,MAT,,,0,ME,ME-EN
277316043,1,FON,,,0,PN,PN-EV
277316043,2,DDR,,,1,PN,PN-EV
277316043,3,FIL,,,0,PN,PN-EV
277316043,4,TNC,,,0,PN,PN-EV
277316043,5,TYPE,,,0,PN,PN-EV
277316044,1,FON,,,0,PN,PN-EV
277316044,2,DDR,,,1,PN,PN-EV
277316044,3,FIL,,,0,PN,PN-EV
277316044,4,TNC,,,0,PN,PN-EV
277316044,5,TYPE,,,0,PN,PN-EV
277316045,1,FON,,,0,PN,PN-EV
277316045,2,DDR,,,1,PN,PN-EV
277316045,3,FIL,,,0,PN,PN-EV
277316045,4,TNC,,,0,PN,PN-EV
277316045,5,TYPE,,,0,PN,PN-EV
277316048,1,FON,,,0,PN,PN-EV
277316048,2,DDR,,,1,PN,PN-EV
277316048,3,FIL,,,0,PN,PN-EV
277316048,4,TNC,,,0,PN,PN-EV
277316048,5,TYPE,,,0,PN,PN-EV
277316049,1,FON,,,0,PN,PN-EV
277316049,2,DDR,,,1,PN,PN-EV
277316049,3,FIL,,,0,PN,PN-EV
277316049,4,TNC,,,0,PN,PN-EV
277316049,5,TYPE,,,0,PN,PN-EV
277316050,1,TYPE,,,0,ME,ME-EN
277316050,2,NDR,,,1,ME,ME-EN
277316050,3,MODU,,,0,ME,ME-EN
277316050,4,DIM,,Millimeter,0,ME,ME-EN
277316050,5,MAT,,,0,ME,ME-EN
277316052,1,TYPE,,,0,ME,ME-EN
277316052,2,NDR,,,1,ME,ME-EN
277316052,3,MODU,,,0,ME,ME-EN
277316052,4,DIM,,Millimeter,0,ME,ME-EN
277316052,5,MAT,,,0,ME,ME-EN
277316054,1,TYPE,,,0,ME,ME-JO
277316054,2,DIA,,Millimeter,1,ME,ME-JO
277316054,3,DIM,,Millimeter,0,ME,ME-JO
277316054,4,MAT,,,0,ME,ME-JO
277316054,5,USG,,,0,ME,ME-JO
277316056,1,TYPE,,,0,ME,ME-JO
277316056,2,DIA,,Millimeter,1,ME,ME-JO
277316056,3,DIM,,Millimeter,0,ME,ME-JO
277316056,4,MAT,,,0,ME,ME-JO
277316056,5,USG,,,0,ME,ME-JO
277316059,1,TYPE,,,0,ME,ME-JO
277316059,2,DIA,,Millimeter,1,ME,ME-JO
277316059,3,DIM,,Millimeter,0,ME,ME-JO
277316059,4,MAT,,,0,ME,ME-JO
277316059,5,USG,,,0,ME,ME-JO
277316062,1,TYPE,,,1,CS,CS-GC
277316062,2,GRA,,,0,CS,CS-GC
277316062,3,CND,,,0,CS,CS-GC
277316062,4,APP,,,0,CS,CS-GC
277316062,5,FAB,,,0,CS,CS-GC
277316063,1,TYPE,,,0,ME,ME-JO
277316063,2,DIA,,Millimeter,1,ME,ME-JO
277316063,3,DIM,,Millimeter,0,ME,ME-JO
277316063,4,MAT,,,0,ME,ME-JO
277316063,5,USG,,,0,ME,ME-JO
277316064,1,TAL,,,0,IN,IN-VA
277316064,2,PMM,,Kilowatt,1,IN,IN-VA
277316064,3,MOD,,,0,IN,IN-VA
277316064,4,TEN,,,0,IN,IN-VA
277316064,5,FAB,,,0,IN,IN-VA
277316067,1,FTT,,,1,ME,ME-VI
277316067,2,DIA,,Millimeter,0,ME,ME-VI
277316067,3,LON,,Millimeter,0,ME,ME-VI
277316067,4,MAT,,,0,ME,ME-VI
277316067,5,FIL,,,0,ME,ME-VI
277316310,1,TYPE,,,0,ME,ME-JO
277316310,2,DIA,,Millimeter,1,ME,ME-JO
277316310,3,DIM,,Millimeter,0,ME,ME-JO
277316310,4,MAT,,,0,ME,ME-JO
277316310,5,USG,,,0,ME,ME-JO
277316311,1,TYPE,,,0,ME,ME-JO
277316311,2,DIA,,Millimeter,1,ME,ME-JO
277316311,3,DIM,,Millimeter,0,ME,ME-JO
277316311,4,MAT,,,0,ME,ME-JO
277316311,5,USG,,,0,ME,ME-JO
277317005,1,TS,,,0,IN,IN-TE
277317005,2,PMEAS,,Celsius,1,IN,IN-TE
277317005,3,LON,,Millimeter,0,IN,IN-TE
277317005,4,DGT,,Millimeter,0,IN,IN-TE
277317005,5,RAC,,,0,IN,IN-TE
277317043,1,TYPE,,,0,ME,ME-CH
277317043,2,PAS,,Millimeter,1,ME,ME-CH
277317043,3,NBM,,Nos,0,ME,ME-CH
277317043,4,LON,,Millimeter,0,ME,ME-CH
277317043,5,STD,,,0,ME,ME-CH
277317048,1,TYPE,,,0,HY,HY-PO
277317048,2,DEB,,,1,HY,HY-PO
277317048,3,CYL,,,0,HY,HY-PO
277317048,4,PRE,,Bar,0,HY,HY-PO
277317048,5,LIQ,,,0,HY,HY-PO
277317051,1,TCO,,,1,IN,IN-TH
277317051,2,LGA,,Millimeter,0,IN,IN-TH
277317051,3,DGA,,Millimeter,0,IN,IN-TH
277317051,4,RAC,,,0,IN,IN-TH
277317051,5,FAB,,,0,IN,IN-TH
277317052,1,TYPE,,,0,HY,HY-PO
277317052,2,DEB,,,1,HY,HY-PO
277317052,3,CYL,,,0,HY,HY-PO
277317052,4,PRE,,Bar,0,HY,HY-PO
277317052,5,LIQ,,,0,HY,HY-PO
277317061,1,TYPE,,,0,EL,EL-RE
277317061,2,TDCB,,,1,EL,EL-RE
277317061,3,CRT,,AMP,0,EL,EL-RE
277317061,4,NBC,,Nos,0,EL,EL-RE
277317061,5,FAB,,,0,EL,EL-RE
277317062,1,TYPE,,,0,EL,EL-RE
277317062,2,TDCB,,,1,EL,EL-RE
277317062,3,CRT,,AMP,0,EL,EL-RE
277317062,4,NBC,,Nos,0,EL,EL-RE
277317062,5,FAB,,,0,EL,EL-RE
277317065,1,TYPE,,,0,EL,EL-RE
277317065,2,TDCB,,,1,EL,EL-RE
277317065,3,CRT,,AMP,0,EL,EL-RE
277317065,4,NBC,,Nos,0,EL,EL-RE
277317065,5,FAB,,,0,EL,EL-RE
277317066,1,TYPE,,,0,EL,EL-RE
277317066,2,TDCB,,,1,EL,EL-RE
277317066,3,CRT,,AMP,0,EL,EL-RE
277317066,4,NBC,,Nos,0,EL,EL-RE
277317066,5,FAB,,,0,EL,EL-RE
277317078,1,TCO,,,1,IN,IN-TH
277317078,2,LGA,,Millimeter,0,IN,IN-TH
277317078,3,DGA,,Millimeter,0,IN,IN-TH
277317078,4,RAC,,,0,IN,IN-TH
277317078,5,FAB,,,0,IN,IN-TH
277317087,1,TCO,,,1,IN,IN-TH
277317087,2,LGA,,Millimeter,0,IN,IN-TH
277317087,3,DGA,,Millimeter,0,IN,IN-TH
277317087,4,RAC,,,0,IN,IN-TH
277317087,5,FAB,,,0,IN,IN-TH
277317093,1,TCP,,,0,EE,EE-CP
277317093,2,SIG,,,1,EE,EE-CP
277317093,3,RAC,,,0,EE,EE-CP
277317093,4,ALIM,,,0,EE,EE-CP
277317093,5,PLG,,,0,EE,EE-CP
277317116,1,FTT,,,1,ME,ME-VI
277317116,2,DIA,,Millimeter,0,ME,ME-VI
277317116,3,LON,,Millimeter,0,ME,ME-VI
277317116,4,MAT,,,0,ME,ME-VI
277317116,5,FIL,,,0,ME,ME-VI
277317336,1,TDC,,,0,EL,EL-MO
277317336,2,PUI,,Kilowatt,1,EL,EL-MO
277317336,3,VIT,,,0,EL,EL-MO
277317336,4,FIX,,,0,EL,EL-MO
277317336,5,TEN,,,0,EL,EL-MO
277317548,1,TCP,,,0,EE,EE-CP
277317548,2,SIG,,,1,EE,EE-CP
277317548,3,RAC,,,0,EE,EE-CP
277317548,4,ALIM,,,0,EE,EE-CP
277317548,5,PLG,,,0,EE,EE-CP
277317549,1,TYPE,,,0,PN,PN-RA
277317549,2,DET,,Millimeter,1,PN,PN-RA
277317549,3,FIL,,,0,PN,PN-RA
277317549,4,MAT,,,0,PN,PN-RA
277317549,5,FRM,,,0,PN,PN-RA
277317551,1,TYPE,,,0,ME,ME-JO
277317551,2,DIA,,Millimeter,1,ME,ME-JO
277317551,3,DIM,,Millimeter,0,ME,ME-JO
277317551,4,MAT,,,0,ME,ME-JO
277317551,5,USG,,,0,ME,ME-JO
277317553,1,TYPE,,,1,CS,CS-AM
277317553,2,RES,,,0,CS,CS-AM
277317553,3,CND,,,0,CS,CS-AM
277317553,4,APP,,,0,CS,CS-AM
277317553,5,FAB,,,0,CS,CS-AM
277317557,1,TYPE,,,0,EL,EL-RE
277317557,2,TDCB,,,1,EL,EL-RE
277317557,3,CRT,,AMP,0,EL,EL-RE
277317557,4,NBC,,Nos,0,EL,EL-RE
277317557,5,FAB,,,0,EL,EL-RE
277317558,1,TYPE,,,0,EL,EL-CO
277317558,2,ICM,,AMP,1,EL,EL-CO
277317558,3,TNB,,,0,EL,EL-CO
277317558,4,NBC,,Nos,0,EL,EL-CO
277317558,5,FAB,,,0,EL,EL-CO
277317559,1,TYPE,,,0,EL,EL-CO
277317559,2,ICM,,AMP,1,EL,EL-CO
277317559,3,TNB,,,0,EL,EL-CO
277317559,4,NBC,,Nos,0,EL,EL-CO
277317559,5,FAB,,,0,EL,EL-CO
277317561,1,TYPE,,,0,EL,EL-CA
277317561,2,SEC,,,1,EL,EL-CA
277317561,3,NBCD,,Nos,0,EL,EL-CA
277317561,4,MAT,,,0,EL,EL-CA
277317561,5,BLI,,,0,EL,EL-CA
277317569,1,TYPE,,,0,PN,PN-RA
277317569,2,DET,,Millimeter,1,PN,PN-RA
277317569,3,FIL,,,0,PN,PN-RA
277317569,4,MAT,,,0,PN,PN-RA
277317569,5,FRM,,,0,PN,PN-RA
277317571,1,FON,,,0,PN,PN-EV
277317571,2,DDR,,,1,PN,PN-EV
277317571,3,FIL,,,0,PN,PN-EV
277317571,4,TNC,,,0,PN,PN-EV
277317571,5,TYPE,,,0,PN,PN-EV
277317574,1,TPR,,,0,ME,ME-CO
277317574,2,LPR,,Millimeter,1,ME,ME-CO
277317574,3,LEP,,Millimeter,0,ME,ME-CO
277317574,4,PDE,,,0,ME,ME-CO
277317574,5,MAT,,,0,ME,ME-CO
277417001,1,TYPE,,,0,PN,PN-CO
277417001,2,PMD,,,1,PN,PN-CO
277417001,3,CCU,,L,0,PN,PN-CO
277417001,4,PRE,,Bar,0,PN,PN-CO
277417001,5,FAB,,,0,PN,PN-CO
277417081,1,TCO,,,1,IN,IN-TH
277417081,2,LGA,,Millimeter,0,IN,IN-TH
277417081,3,DGA,,Millimeter,0,IN,IN-TH
277417081,4,RAC,,,0,IN,IN-TH
277417081,5,FAB,,,0,IN,IN-TH
300102016,1,TYPE,,,0,EL,EL-CO
300102016,2,ICM,,AMP,1,EL,EL-CO
300102016,3,TNB,,,0,EL,EL-CO
300102016,4,NBC,,Nos,0,EL,EL-CO
300102016,5,FAB,,,0,EL,EL-CO
300102017,1,TYPE,,,0,HY,HY-FL
300102017,2,DN,,,1,HY,HY-FL
300102017,3,LON,,Millimeter,0,HY,HY-FL
300102017,4,EMB,,,0,HY,HY-FL
300102017,5,PRE,,Bar,0,HY,HY-FL
300102018,1,TYPE,,,1,CS,CS-GC
300102018,2,GRA,,,0,CS,CS-GC
300102018,3,CND,,,0,CS,CS-GC
300102018,4,APP,,,0,CS,CS-GC
300102018,5,FAB,,,0,CS,CS-GC
300102021,1,TYPE,,,0,ME,ME-JO
300102021,2,DIA,,Millimeter,1,ME,ME-JO
300102021,3,DIM,,Millimeter,0,ME,ME-JO
300102021,4,MAT,,,0,ME,ME-JO
300102021,5,USG,,,0,ME,ME-JO
300102031,1,TCP,,,0,EE,EE-CP
300102031,2,SIG,,,1,EE,EE-CP
300102031,3,RAC,,,0,EE,EE-CP
300102031,4,ALIM,,,0,EE,EE-CP
300102031,5,PLG,,,0,EE,EE-CP
300102041,1,TYPE,,,1,CS,CS-GC
300102041,2,GRA,,,0,CS,CS-GC
300102041,3,CND,,,0,CS,CS-GC
300102041,4,APP,,,0,CS,CS-GC
300102041,5,FAB,,,0,CS,CS-GC
300102053,1,TYPE,,,0,EL,EL-DI
300102053,2,CAL,,AMP,1,EL,EL-DI
300102053,3,TEN,,,0,EL,EL-DI
300102053,4,NBP,,Nos,0,EL,EL-DI
300102053,5,FAB,,,0,EL,EL-DI
300102055,1,TYPE,,,0,EL,EL-DI
300102055,2,CAL,,AMP,1,EL,EL-DI
300102055,3,TEN,,,0,EL,EL-DI
300102055,4,NBP,,Nos,0,EL,EL-DI
300102055,5,FAB,,,0,EL,EL-DI
300102086,1,TYPE,,,0,EL,EL-DI
300102086,2,CAL,,AMP,1,EL,EL-DI
300102086,3,TEN,,,0,EL,EL-DI
300102086,4,NBP,,Nos,0,EL,EL-DI
300102086,5,FAB,,,0,EL,EL-DI
300102102,1,TYPE,,,0,EL,EL-DI
300102102,2,CAL,,AMP,1,EL,EL-DI
300102102,3,TEN,,,0,EL,EL-DI
300102102,4,NBP,,Nos,0,EL,EL-DI
300102102,5,FAB,,,0,EL,EL-DI
300102103,1,TYPE,,,0,EL,EL-DI
300102103,2,CAL,,AMP,1,EL,EL-DI
300102103,3,TEN,,,0,EL,EL-DI
300102103,4,NBP,,Nos,0,EL,EL-DI
300102103,5,FAB,,,0,EL,EL-DI
300102104,1,TYPE,,,0,EL,EL-DI
300102104,2,CAL,,AMP,1,EL,EL-DI
300102104,3,TEN,,,0,EL,EL-DI
300102104,4,NBP,,Nos,0,EL,EL-DI
300102104,5,FAB,,,0,EL,EL-DI
300102112,1,TPR,,,0,ME,ME-CO
300102112,2,LPR,,Millimeter,1,ME,ME-CO
300102112,3,LEP,,Millimeter,0,ME,ME-CO
300102112,4,PDE,,,0,ME,ME-CO
300102112,5,MAT,,,0,ME,ME-CO
300102149,1,FTT,,,1,ME,ME-VI
300102149,2,DIA,,Millimeter,0,ME,ME-VI
300102149,3,LON,,Millimeter,0,ME,ME-VI
300102149,4,MAT,,,0,ME,ME-VI
300102149,5,FIL,,,0,ME,ME-VI
300102151,1,TYPE,,,0,ME,ME-CH
300102151,2,PAS,,Millimeter,1,ME,ME-CH
300102151,3,NBM,,Nos,0,ME,ME-CH
300102151,4,LON,,Millimeter,0,ME,ME-CH
300102151,5,STD,,,0,ME,ME-CH
300102158,1,TDC,,,0,EL,EL-MO
300102158,2,PUI,,Kilowatt,1,EL,EL-MO
300102158,3,VIT,,,0,EL,EL-MO
300102158,4,FIX,,,0,EL,EL-MO
300102158,5,TEN,,,0,EL,EL-MO
300102197,1,TCP,,,0,EE,EE-CP
300102197,2,SIG,,,1,EE,EE-CP
300102197,3,RAC,,,0,EE,EE-CP
300102197,4,ALIM,,,0,EE,EE-CP
300102197,5,PLG,,,0,EE,EE-CP
300102199,1,FTT,,,1,ME,ME-VI
300102199,2,DIA,,Millimeter,0,ME,ME-VI
300102199,3,LON,,Millimeter,0,ME,ME-VI
300102199,4,MAT,,,0,ME,ME-VI
300102199,5,FIL,,,0,ME,ME-VI
300102205,1,TYPE,,,0,HY,HY-FL
300102205,2,DN,,,1,HY,HY-FL
300102205,3,LON,,Millimeter,0,HY,HY-FL
300102205,4,EMB,,,0,HY,HY-FL
300102205,5,PRE,,Bar,0,HY,HY-FL
300102213,1,TYPE,,,0,HY,HY-FL
300102213,2,DN,,,1,HY,HY-FL
300102213,3,LON,,Millimeter,0,HY,HY-FL
300102213,4,EMB,,,0,HY,HY-FL
300102213,5,PRE,,Bar,0,HY,HY-FL
300102220,1,TYPE,,,0,ME,ME-JO
300102220,2,DIA,,Millimeter,1,ME,ME-JO
300102220,3,DIM,,Millimeter,0,ME,ME-JO
300102220,4,MAT,,,0,ME,ME-JO
300102220,5,USG,,,0,ME,ME-JO
300102244,1,TYPE,,,0,ME,ME-JO
300102244,2,DIA,,Millimeter,1,ME,ME-JO
300102244,3,DIM,,Millimeter,0,ME,ME-JO
300102244,4,MAT,,,0,ME,ME-JO
300102244,5,USG,,,0,ME,ME-JO
300102270,1,TYPE,,,0,EL,EL-CA
300102270,2,SEC,,,1,EL,EL-CA
300102270,3,NBCD,,Nos,0,EL,EL-CA
300102270,4,MAT,,,0,EL,EL-CA
300102270,5,BLI,,,0,EL,EL-CA
300102356,1,TYPE,,,0,HY,HY-VE
300102356,2,DAP,,Millimeter,1,HY,HY-VE
300102356,3,DGT,,Millimeter,0,HY,HY-VE
300102356,4,COU,,Millimeter,0,HY,HY-VE
300102356,5,PRE,,Bar,0,HY,HY-VE
300102358,1,FTT,,,1,ME,ME-VI
300102358,2,DIA,,Millimeter,0,ME,ME-VI
300102358,3,LON,,Millimeter,0,ME,ME-VI
300102358,4,MAT,,,0,ME,ME-VI
300102358,5,FIL,,,0,ME,ME-VI
300102363,1,FTT,,,1,ME,ME-VI
300102363,2,DIA,,Millimeter,0,ME,ME-VI
300102363,3,LON,,Millimeter,0,ME,ME-VI
300102363,4,MAT,,,0,ME,ME-VI
300102363,5,FIL,,,0,ME,ME-VI
300102375,1,TYPE,,,0,ME,ME-CH
300102375,2,PAS,,Millimeter,1,ME,ME-CH
300102375,3,NBM,,Nos,0,ME,ME-CH
300102375,4,LON,,Millimeter,0,ME,ME-CH
300102375,5,STD,,,0,ME,ME-CH
300102396,1,TYPE,,,0,ME,ME-CH
300102396,2,PAS,,Millimeter,1,ME,ME-CH
300102396,3,NBM,,Nos,0,ME,ME-CH
300102396,4,LON,,Millimeter,0,ME,ME-CH
300102396,5,STD,,,0,ME,ME-CH
300102400,1,TCP,,,0,EE,EE-CP
300102400,2,SIG,,,1,EE,EE-CP
300102400,3,RAC,,,0,EE,EE-CP
300102400,4,ALIM,,,0,EE,EE-CP
300102400,5,PLG,,,0,EE,EE-CP
300102464,1,TDC,,,0,EL,EL-MO
300102464,2,PUI,,Kilowatt,1,EL,EL-MO
300102464,3,VIT,,,0,EL,EL-MO
300102464,4,FIX,,,0,EL,EL-MO
300102464,5,TEN,,,0,EL,EL-MO
300102533,1,FTT,,,1,ME,ME-VI
300102533,2,DIA,,Millimeter,0,ME,ME-VI
300102533,3,LON,,Millimeter,0,ME,ME-VI
300102533,4,MAT,,,0,ME,ME-VI
300102533,5,FIL,,,0,ME,ME-VI
300102538,1,FTT,,,1,ME,ME-VI
300102538,2,DIA,,Millimeter,0,ME,ME-VI
300102538,3,LON,,Millimeter,0,ME,ME-VI
300102538,4,MAT,,,0,ME,ME-VI
300102538,5,FIL,,,0,ME,ME-VI
300102603,1,TYPE,,,0,ME,ME-CH
300102603,2,PAS,,Millimeter,1,ME,ME-CH
300102603,3,NBM,,Nos,0,ME,ME-CH
300102603,4,LON,,Millimeter,0,ME,ME-CH
300102603,5,STD,,,0,ME,ME-CH
300102634,1,TYPE,,,0,HY,HY-VE
300102634,2,DAP,,Millimeter,1,HY,HY-VE
300102634,3,DGT,,Millimeter,0,HY,HY-VE
300102634,4,COU,,Millimeter,0,HY,HY-VE
300102634,5,PRE,,Bar,0,HY,HY-VE
300102636,1,TYPE,,,0,ME,ME-JO
300102636,2,DIA,,Millimeter,1,ME,ME-JO
300102636,3,DIM,,Millimeter,0,ME,ME-JO
300102636,4,MAT,,,0,ME,ME-JO
300102636,5,USG,,,0,ME,ME-JO
300102643,1,TYPE,,,0,HY,HY-FL
300102643,2,DN,,,1,HY,HY-FL
300102643,3,LON,,Millimeter,0,HY,HY-FL
300102643,4,EMB,,,0,HY,HY-FL
300102643,5,PRE,,Bar,0,HY,HY-FL
300102644,1,TYPE,,,0,ME,ME-EN
300102644,2,NDR,,,1,ME,ME-EN
300102644,3,MODU,,,0,ME,ME-EN
300102644,4,DIM,,Millimeter,0,ME,ME-EN
300102644,5,MAT,,,0,ME,ME-EN
300102665,1,TFM,,,1,EE,EE-CA
300102665,2,REF,,,0,EE,EE-CA
300102665,3,CONS,,,0,EE,EE-CA
300102665,4,ALIM,,,0,EE,EE-CA
300102665,5,VER,,,0,EE,EE-CA
300102696,1,TYPE,,,0,ME,ME-RO
300102696,2,DIAI,,Millimeter,1,ME,ME-RO
300102696,3,SR,,,0,ME,ME-RO
300102696,4,DIAE,,Millimeter,0,ME,ME-RO
300102696,5,EPJ,,,0,ME,ME-RO
300102722,1,TYPE,,,0,ME,ME-JO
300102722,2,DIA,,Millimeter,1,ME,ME-JO
300102722,3,DIM,,Millimeter,0,ME,ME-JO
300102722,4,MAT,,,0,ME,ME-JO
300102722,5,USG,,,0,ME,ME-JO
300102758,1,FTT,,,1,ME,ME-VI
300102758,2,DIA,,Millimeter,0,ME,ME-VI
300102758,3,LON,,Millimeter,0,ME,ME-VI
300102758,4,MAT,,,0,ME,ME-VI
300102758,5,FIL,,,0,ME,ME-VI
300102793,1,TCP,,,0,EE,EE-CP
300102793,2,SIG,,,1,EE,EE-CP
300102793,3,RAC,,,0,EE,EE-CP
300102793,4,ALIM,,,0,EE,EE-CP
300102793,5,PLG,,,0,EE,EE-CP
300102800,1,TYPE,,,0,ME,ME-JO
300102800,2,DIA,,Millimeter,1,ME,ME-JO
300102800,3,DIM,,Millimeter,0,ME,ME-JO
300102800,4,MAT,,,0,ME,ME-JO
300102800,5,USG,,,0,ME,ME-JO
300102846,1,TYPE,,,0,ME,ME-CH
300102846,2,PAS,,Millimeter,1,ME,ME-CH
300102846,3,NBM,,Nos,0,ME,ME-CH
300102846,4,LON,,Millimeter,0,ME,ME-CH
300102846,5,STD,,,0,ME,ME-CH
300102850,1,TYPE,,,0,ME,ME-CH
300102850,2,PAS,,Millimeter,1,ME,ME-CH
300102850,3,NBM,,Nos,0,ME,ME-CH
300102850,4,LON,,Millimeter,0,ME,ME-CH
300102850,5,STD,,,0,ME,ME-CH
300102938,1,TPR,,,0,ME,ME-CO
300102938,2,LPR,,Millimeter,1,ME,ME-CO
300102938,3,LEP,,Millimeter,0,ME,ME-CO
300102938,4,PDE,,,0,ME,ME-CO
300102938,5,MAT,,,0,ME,ME-CO
311505197,1,FIL,,,0,PN,PN-RE
311505197,2,PPM,,Bar,1,PN,PN-RE
311505197,3,OPT,,,0,PN,PN-RE
311505197,4,TYPE,,,0,PN,PN-RE
311505197,5,DEB,,,0,PN,PN-RE
312002033,1,TYPE,,,0,ME,ME-JO
312002033,2,DIA,,Millimeter,1,ME,ME-JO
312002033,3,DIM,,Millimeter,0,ME,ME-JO
312002033,4,MAT,,,0,ME,ME-JO
312002033,5,USG,,,0,ME,ME-JO
312002034,1,TDC,,,0,EL,EL-MO
312002034,2,PUI,,Kilowatt,1,EL,EL-MO
312002034,3,VIT,,,0,EL,EL-MO
312002034,4,FIX,,,0,EL,EL-MO
312002034,5,TEN,,,0,EL,EL-MO
312002043,1,FTT,,,1,ME,ME-VI
312002043,2,DIA,,Millimeter,0,ME,ME-VI
312002043,3,LON,,Millimeter,0,ME,ME-VI
312002043,4,MAT,,,0,ME,ME-VI
312002043,5,FIL,,,0,ME,ME-VI
312002048,1,TYPE,,,0,ME,ME-JO
312002048,2,DIA,,Millimeter,1,ME,ME-JO
312002048,3,DIM,,Millimeter,0,ME,ME-JO
312002048,4,MAT,,,0,ME,ME-JO
312002048,5,USG,,,0,ME,ME-JO
312002052,1,TYPE,,,0,ME,ME-JO
312002052,2,DIA,,Millimeter,1,ME,ME-JO
312002052,3,DIM,,Millimeter,0,ME,ME-JO
312002052,4,MAT,,,0,ME,ME-JO
312002052,5,USG,,,0,ME,ME-JO
312002053,1,TYPE,,,0,ME,ME-JO
312002053,2,DIA,,Millimeter,1,ME,ME-JO
312002053,3,DIM,,Millimeter,0,ME,ME-JO
312002053,4,MAT,,,0,ME,ME-JO
312002053,5,USG,,,0,ME,ME-JO
312002054,1,TYPE,,,0,EL,EL-DI
312002054,2,CAL,,AMP,1,EL,EL-DI
312002054,3,TEN,,,0,EL,EL-DI
312002054,4,NBP,,Nos,0,EL,EL-DI
312002054,5,FAB,,,0,EL,EL-DI
312002055,1,TYPE,,,1,CS,CS-GC
312002055,2,GRA,,,0,CS,CS-GC
312002055,3,CND,,,0,CS,CS-GC
312002055,4,APP,,,0,CS,CS-GC
312002055,5,FAB,,,0,CS,CS-GC
312002056,1,TYPE,,,1,CS,CS-GC
312002056,2,GRA,,,0,CS,CS-GC
312002056,3,CND,,,0,CS,CS-GC
312002056,4,APP,,,0,CS,CS-GC
312002056,5,FAB,,,0,CS,CS-GC
312002057,1,TYPE,,,1,CS,CS-GC
312002057,2,GRA,,,0,CS,CS-GC
312002057,3,CND,,,0,CS,CS-GC
312002057,4,APP,,,0,CS,CS-GC
312002057,5,FAB,,,0,CS,CS-GC
312002058,1,TYPE,,,1,CS,CS-GC
312002058,2,GRA,,,0,CS,CS-GC
312002058,3,CND,,,0,CS,CS-GC
312002058,4,APP,,,0,CS,CS-GC
312002058,5,FAB,,,0,CS,CS-GC
312002059,1,TYPE,,,1,CS,CS-GC
312002059,2,GRA,,,0,CS,CS-GC
312002059,3,CND,,,0,CS,CS-GC
312002059,4,APP,,,0,CS,CS-GC
312002059,5,FAB,,,0,CS,CS-GC
312002064,1,TYPE,,,0,ME,ME-JO
312002064,2,DIA,,Millimeter,1,ME,ME-JO
312002064,3,DIM,,Millimeter,0,ME,ME-JO
312002064,4,MAT,,,0,ME,ME-JO
312002064,5,USG,,,0,ME,ME-JO
312002069,1,TYPE,,,0,ME,ME-EN
312002069,2,NDR,,,1,ME,ME-EN
312002069,3,MODU,,,0,ME,ME-EN
312002069,4,DIM,,Millimeter,0,ME,ME-EN
312002069,5,MAT,,,0,ME,ME-EN
312002070,1,TYPE,,,0,ME,ME-JO
312002070,2,DIA,,Millimeter,1,ME,ME-JO
312002070,3,DIM,,Millimeter,0,ME,ME-JO
312002070,4,MAT,,,0,ME,ME-JO
312002070,5,USG,,,0,ME,ME-JO
312002071,1,TYPE,,,0,IN,IN-DE
312002071,2,PDM,,,1,IN,IN-DE
312002071,3,DNR,,,0,IN,IN-DE
312002071,4,SOR,,,0,IN,IN-DE
312002071,5,FAB,,,0,IN,IN-DE
312002073,1,TYPE,,,0,ME,ME-JO
312002073,2,DIA,,Millimeter,1,ME,ME-JO
312002073,3,DIM,,Millimeter,0,ME,ME-JO
312002073,4,MAT,,,0,ME,ME-JO
312002073,5,USG,,,0,ME,ME-JO
312002084,1,TYPE,,,1,CS,CS-GC
312002084,2,GRA,,,0,CS,CS-GC
312002084,3,CND,,,0,CS,CS-GC
312002084,4,APP,,,0,CS,CS-GC
312002084,5,FAB,,,0,CS,CS-GC
312002108,1,TYPE,,,1,CS,CS-GC
312002108,2,GRA,,,0,CS,CS-GC
312002108,3,CND,,,0,CS,CS-GC
312002108,4,APP,,,0,CS,CS-GC
312002108,5,FAB,,,0,CS,CS-GC
312003008,1,TYPE,,,1,CS,CS-GC
312003008,2,GRA,,,0,CS,CS-GC
312003008,3,CND,,,0,CS,CS-GC
312003008,4,APP,,,0,CS,CS-GC
312003008,5,FAB,,,0,CS,CS-GC
312003010,1,PRC,,,1,CS,CS-SC
312003010,2,DIA,,Millimeter,0,CS,CS-SC
312003010,3,NUA,,,0,CS,CS-SC
312003010,4,TYPE,,,0,CS,CS-SC
312003010,5,CND,,,0,CS,CS-SC
312003013,1,TYPE,,,1,CS,CS-GC
312003013,2,GRA,,,0,CS,CS-GC
312003013,3,CND,,,0,CS,CS-GC
312003013,4,APP,,,0,CS,CS-GC
312003013,5,FAB,,,0,CS,CS-GC
312003014,1,TYPE,,,1,CS,CS-GC
312003014,2,GRA,,,0,CS,CS-GC
312003014,3,CND,,,0,CS,CS-GC
312003014,4,APP,,,0,CS,CS-GC
312003014,5,FAB,,,0,CS,CS-GC
312003015,1,TYPE,,,1,CS,CS-GC
312003015,2,GRA,,,0,CS,CS-GC
312003015,3,CND,,,0,CS,CS-GC
312003015,4,APP,,,0,CS,CS-GC
312003015,5,FAB,,,0,CS,CS-GC
312003016,1,TYPE,,,1,CS,CS-GC
312003016,2,GRA,,,0,CS,CS-GC
312003016,3,CND,,,0,CS,CS-GC
312003016,4,APP,,,0,CS,CS-GC
312003016,5,FAB,,,0,CS,CS-GC
312005003,1,TYPE,,,0,ME,ME-JO
312005003,2,DIA,,Millimeter,1,ME,ME-JO
312005003,3,DIM,,Millimeter,0,ME,ME-JO
312005003,4,MAT,,,0,ME,ME-JO
312005003,5,USG,,,0,ME,ME-JO
312005004,1,TYPE,,,0,ME,ME-JO
312005004,2,DIA,,Millimeter,1,ME,ME-JO
312005004,3,DIM,,Millimeter,0,ME,ME-JO
312005004,4,MAT,,,0,ME,ME-JO
312005004,5,USG,,,0,ME,ME-JO
312005005,1,TYPE,,,0,ME,ME-JO
312005005,2,DIA,,Millimeter,1,ME,ME-JO
312005005,3,DIM,,Millimeter,0,ME,ME-JO
312005005,4,MAT,,,0,ME,ME-JO
312005005,5,USG,,,0,ME,ME-JO
312005006,1,TYPE,,,0,ME,ME-JO
312005006,2,DIA,,Millimeter,1,ME,ME-JO
312005006,3,DIM,,Millimeter,0,ME,ME-JO
312005006,4,MAT,,,0,ME,ME-JO
312005006,5,USG,,,0,ME,ME-JO
312005007,1,TYPE,,,0,ME,ME-JO
312005007,2,DIA,,Millimeter,1,ME,ME-JO
312005007,3,DIM,,Millimeter,0,ME,ME-JO
312005007,4,MAT,,,0,ME,ME-JO
312005007,5,USG,,,0,ME,ME-JO
312005008,1,TYPE,,,0,EL,EL-RE
312005008,2,TDCB,,,1,EL,EL-RE
312005008,3,CRT,,AMP,0,EL,EL-RE
312005008,4,NBC,,Nos,0,EL,EL-RE
312005008,5,FAB,,,0,EL,EL-RE
312005016,1,TYPE,,,0,EL,EL-RE
312005016,2,TDCB,,,1,EL,EL-RE
312005016,3,CRT,,AMP,0,EL,EL-RE
312005016,4,NBC,,Nos,0,EL,EL-RE
312005016,5,FAB,,,0,EL,EL-RE
312005018,1,TYPE,,,0,SE,SE-AL
312005018,2,PAC,,,1,SE,SE-AL
312005018,3,TEN,,,0,SE,SE-AL
312005018,4,MDS,,,0,SE,SE-AL
312005018,5,FAB,,,0,SE,SE-AL
312005020,1,FTT,,,1,ME,ME-VI
312005020,2,DIA,,Millimeter,0,ME,ME-VI
312005020,3,LON,,Millimeter,0,ME,ME-VI
312005020,4,MAT,,,0,ME,ME-VI
312005020,5,FIL,,,0,ME,ME-VI
312005021,1,FTT,,,1,ME,ME-VI
312005021,2,DIA,,Millimeter,0,ME,ME-VI
312005021,3,LON,,Millimeter,0,ME,ME-VI
312005021,4,MAT,,,0,ME,ME-VI
312005021,5,FIL,,,0,ME,ME-VI
312005025,1,TYPE,,,0,PN,PN-RA
312005025,2,DET,,Millimeter,1,PN,PN-RA
312005025,3,FIL,,,0,PN,PN-RA
312005025,4,MAT,,,0,PN,PN-RA
312005025,5,FRM,,,0,PN,PN-RA
312005031,1,TYPE,,,1,CS,CS-GC
312005031,2,GRA,,,0,CS,CS-GC
312005031,3,CND,,,0,CS,CS-GC
312005031,4,APP,,,0,CS,CS-GC
312005031,5,FAB,,,0,CS,CS-GC
312005038,1,TYPE,,,0,HY,HY-PO
312005038,2,DEB,,,1,HY,HY-PO
312005038,3,CYL,,,0,HY,HY-PO
312005038,4,PRE,,Bar,0,HY,HY-PO
312005038,5,LIQ,,,0,HY,HY-PO
312005058,1,TYPE,,,0,ME,ME-RO
312005058,2,DIAI,,Millimeter,1,ME,ME-RO
312005058,3,SR,,,0,ME,ME-RO
312005058,4,DIAE,,Millimeter,0,ME,ME-RO
312005058,5,EPJ,,,0,ME,ME-RO
312005059,1,TYPE,,,0,HY,HY-PO
312005059,2,DEB,,,1,HY,HY-PO
312005059,3,CYL,,,0,HY,HY-PO
312005059,4,PRE,,Bar,0,HY,HY-PO
312005059,5,LIQ,,,0,HY,HY-PO
312005070,1,TYPE,,,0,ME,ME-JO
312005070,2,DIA,,Millimeter,1,ME,ME-JO
312005070,3,DIM,,Millimeter,0,ME,ME-JO
312005070,4,MAT,,,0,ME,ME-JO
312005070,5,USG,,,0,ME,ME-JO
312005071,1,TYPE,,,1,CS,CS-GC
312005071,2,GRA,,,0,CS,CS-GC
312005071,3,CND,,,0,CS,CS-GC
312005071,4,APP,,,0,CS,CS-GC
312005071,5,FAB,,,0,CS,CS-GC
312005090,1,PRC,,,1,CS,CS-SC
312005090,2,DIA,,Millimeter,0,CS,CS-SC
312005090,3,NUA,,,0,CS,CS-SC
312005090,4,TYPE,,,0,CS,CS-SC
312005090,5,CND,,,0,CS,CS-SC
312005092,1,TS,,,0,IN,IN-TE
312005092,2,PMEAS,,Celsius,1,IN,IN-TE
312005092,3,LON,,Millimeter,0,IN,IN-TE
312005092,4,DGT,,Millimeter,0,IN,IN-TE
312005092,5,RAC,,,0,IN,IN-TE
312005096,1,TYPE,,,0,ME,ME-RO
312005096,2,DIAI,,Millimeter,1,ME,ME-RO
312005096,3,SR,,,0,ME,ME-RO
312005096,4,DIAE,,Millimeter,0,ME,ME-RO
312005096,5,EPJ,,,0,ME,ME-RO
312005097,1,TCP,,,0,EE,EE-CP
312005097,2,SIG,,,1,EE,EE-CP
312005097,3,RAC,,,0,EE,EE-CP
312005097,4,ALIM,,,0,EE,EE-CP
312005097,5,PLG,,,0,EE,EE-CP
312005098,1,TCP,,,0,EE,EE-CP
312005098,2,SIG,,,1,EE,EE-CP
312005098,3,RAC,,,0,EE,EE-CP
312005098,4,ALIM,,,0,EE,EE-CP
312005098,5,PLG,,,0,EE,EE-CP
312005102,1,TYPE,,,0,ME,ME-JO
312005102,2,DIA,,Millimeter,1,ME,ME-JO
312005102,3,DIM,,Millimeter,0,ME,ME-JO
312005102,4,MAT,,,0,ME,ME-JO
312005102,5,USG,,,0,ME,ME-JO
312005105,1,FTT,,,1,ME,ME-VI
312005105,2,DIA,,Millimeter,0,ME,ME-VI
312005105,3,LON,,Millimeter,0,ME,ME-VI
312005105,4,MAT,,,0,ME,ME-VI
312005105,5,FIL,,,0,ME,ME-VI
312005111,1,FTT,,,1,ME,ME-VI
312005111,2,DIA,,Millimeter,0,ME,ME-VI
312005111,3,LON,,Millimeter,0,ME,ME-VI
312005111,4,MAT,,,0,ME,ME-VI
312005111,5,FIL,,,0,ME,ME-VI
312005115,1,TYPE,,,0,EL,EL-RE
312005115,2,TDCB,,,1,EL,EL-RE
312005115,3,CRT,,AMP,0,EL,EL-RE
312005115,4,NBC,,Nos,0,EL,EL-RE
312005115,5,FAB,,,0,EL,EL-RE
312005118,1,TYPE,,,0,SE,SE-PM
312005118,2,MAF,,,1,SE,SE-PM
312005118,3,DIM,,Millimeter,0,SE,SE-PM
312005118,4,CPS,,,0,SE,SE-PM
312005118,5,TEN,,,0,SE,SE-PM
312005151,1,TYPE,,,0,ME,ME-RO
312005151,2,DIAI,,Millimeter,1,ME,ME-RO
312005151,3,SR,,,0,ME,ME-RO
312005151,4,DIAE,,Millimeter,0,ME,ME-RO
312005151,5,EPJ,,,0,ME,ME-RO
312005153,1,TYPE,,,0,ME,ME-JO
312005153,2,DIA,,Millimeter,1,ME,ME-JO
312005153,3,DIM,,Millimeter,0,ME,ME-JO
312005153,4,MAT,,,0,ME,ME-JO
312005153,5,USG,,,0,ME,ME-JO
312005156,1,TYPE,,,0,ME,ME-JO
312005156,2,DIA,,Millimeter,1,ME,ME-JO
312005156,3,DIM,,Millimeter,0,ME,ME-JO
312005156,4,MAT,,,0,ME,ME-JO
312005156,5,USG,,,0,ME,ME-JO
312005164,1,TYPE,,,0,SE,SE-PM
312005164,2,MAF,,,1,SE,SE-PM
312005164,3,DIM,,Millimeter,0,SE,SE-PM
312005164,4,CPS,,,0,SE,SE-PM
312005164,5,TEN,,,0,SE,SE-PM
312005170,1,TYPE,,,0,SE,SE-PM
312005170,2,MAF,,,1,SE,SE-PM
312005170,3,DIM,,Millimeter,0,SE,SE-PM
312005170,4,CPS,,,0,SE,SE-PM
312005170,5,TEN,,,0,SE,SE-PM
312005171,1,TYPE,,,0,SE,SE-PM
312005171,2,MAF,,,1,SE,SE-PM
312005171,3,DIM,,Millimeter,0,SE,SE-PM
312005171,4,CPS,,,0,SE,SE-PM
312005171,5,TEN,,,0,SE,SE-PM
312005173,1,TYPE,,,1,CS,CS-JG
312005173,2,MAT,,,0,CS,CS-JG
312005173,3,DIM,,Millimeter,0,CS,CS-JG
312005173,4,REFERENC,,,0,CS,CS-JG
312005173,5,FAB,,,0,CS,CS-JG
312005191,1,TYPE,,,0,SE,SE-PM
312005191,2,MAF,,,1,SE,SE-PM
312005191,3,DIM,,Millimeter,0,SE,SE-PM
312005191,4,CPS,,,0,SE,SE-PM
312005191,5,TEN,,,0,SE,SE-PM
312005194,1,TYPE,,,0,HY,HY-FL
312005194,2,DN,,,1,HY,HY-FL
312005194,3,LON,,Millimeter,0,HY,HY-FL
312005194,4,EMB,,,0,HY,HY-FL
312005194,5,PRE,,Bar,0,HY,HY-FL
312005202,1,FTT,,,1,ME,ME-VI
312005202,2,DIA,,Millimeter,0,ME,ME-VI
312005202,3,LON,,Millimeter,0,ME,ME-VI
312005202,4,MAT,,,0,ME,ME-VI
312005202,5,FIL,,,0,ME,ME-VI
312005204,1,TYPE,,,0,ME,ME-JO
312005204,2,DIA,,Millimeter,1,ME,ME-JO
312005204,3,DIM,,Millimeter,0,ME,ME-JO
312005204,4,MAT,,,0,ME,ME-JO
312005204,5,USG,,,0,ME,ME-JO
312005206,1,TYPE,,,0,ME,ME-JO
312005206,2,DIA,,Millimeter,1,ME,ME-JO
312005206,3,DIM,,Millimeter,0,ME,ME-JO
312005206,4,MAT,,,0,ME,ME-JO
312005206,5,USG,,,0,ME,ME-JO
312005229,1,TYPE,,,0,EL,EL-CA
312005229,2,SEC,,,1,EL,EL-CA
312005229,3,NBCD,,Nos,0,EL,EL-CA
312005229,4,MAT,,,0,EL,EL-CA
312005229,5,BLI,,,0,EL,EL-CA
312005301,1,TAL,,,0,IN,IN-VA
312005301,2,PMM,,Kilowatt,1,IN,IN-VA
312005301,3,MOD,,,0,IN,IN-VA
312005301,4,TEN,,,0,IN,IN-VA
312005301,5,FAB,,,0,IN,IN-VA
312005621,1,TYPE,,,0,SE,SE-EC
312005621,2,PEN,,Watt,1,SE,SE-EC
312005621,3,TEN,,,0,SE,SE-EC
312005621,4,FOR,,,0,SE,SE-EC
312005621,5,FAB,,,0,SE,SE-EC
312005724,1,TCP,,,0,EE,EE-CP
312005724,2,SIG,,,1,EE,EE-CP
312005724,3,RAC,,,0,EE,EE-CP
312005724,4,ALIM,,,0,EE,EE-CP
312005724,5,PLG,,,0,EE,EE-CP
312005789,1,PRC,,,1,CS,CS-SC
312005789,2,DIA,,Millimeter,0,CS,CS-SC
312005789,3,NUA,,,0,CS,CS-SC
312005789,4,TYPE,,,0,CS,CS-SC
312005789,5,CND,,,0,CS,CS-SC
312005793,1,TYPE,,,1,CS,CS-JG
312005793,2,MAT,,,0,CS,CS-JG
312005793,3,DIM,,Millimeter,0,CS,CS-JG
312005793,4,REFERENC,,,0,CS,CS-JG
312005793,5,FAB,,,0,CS,CS-JG
312006038,1,TYPE,,,0,ME,ME-RO
312006038,2,DIAI,,Millimeter,1,ME,ME-RO
312006038,3,SR,,,0,ME,ME-RO
312006038,4,DIAE,,Millimeter,0,ME,ME-RO
312006038,5,EPJ,,,0,ME,ME-RO
312006039,1,TYPE,,,0,ME,ME-RO
312006039,2,DIAI,,Millimeter,1,ME,ME-RO
312006039,3,SR,,,0,ME,ME-RO
312006039,4,DIAE,,Millimeter,0,ME,ME-RO
312006039,5,EPJ,,,0,ME,ME-RO
312050159,1,FIL,,,0,PN,PN-RE
312050159,2,PPM,,Bar,1,PN,PN-RE
312050159,3,OPT,,,0,PN,PN-RE
312050159,4,TYPE,,,0,PN,PN-RE
312050159,5,DEB,,,0,PN,PN-RE
329010001,1,TYPE,,,0,HY,HY-PO
329010001,2,DEB,,,1,HY,HY-PO
329010001,3,CYL,,,0,HY,HY-PO
329010001,4,PRE,,Bar,0,HY,HY-PO
329010001,5,LIQ,,,0,HY,HY-PO
329012002,1,TYPE,,,0,HY,HY-PO
329012002,2,DEB,,,1,HY,HY-PO
329012002,3,CYL,,,0,HY,HY-PO
329012002,4,PRE,,Bar,0,HY,HY-PO
329012002,5,LIQ,,,0,HY,HY-PO
329012003,1,TYPE,,,0,HY,HY-PO
329012003,2,DEB,,,1,HY,HY-PO
329012003,3,CYL,,,0,HY,HY-PO
329012003,4,PRE,,Bar,0,HY,HY-PO
329012003,5,LIQ,,,0,HY,HY-PO
329020001,1,TYPE,,,0,HY,HY-PO
329020001,2,DEB,,,1,HY,HY-PO
329020001,3,CYL,,,0,HY,HY-PO
329020001,4,PRE,,Bar,0,HY,HY-PO
329020001,5,LIQ,,,0,HY,HY-PO
329601014,1,TYPE,,,0,ME,ME-JO
329601014,2,DIA,,Millimeter,1,ME,ME-JO
329601014,3,DIM,,Millimeter,0,ME,ME-JO
329601014,4,MAT,,,0,ME,ME-JO
329601014,5,USG,,,0,ME,ME-JO
329601018,1,TYPE,,,0,ME,ME-JO
329601018,2,DIA,,Millimeter,1,ME,ME-JO
329601018,3,DIM,,Millimeter,0,ME,ME-JO
329601018,4,MAT,,,0,ME,ME-JO
329601018,5,USG,,,0,ME,ME-JO
329601020,1,TYPE,,,0,HY,HY-PO
329601020,2,DEB,,,1,HY,HY-PO
329601020,3,CYL,,,0,HY,HY-PO
329601020,4,PRE,,Bar,0,HY,HY-PO
329601020,5,LIQ,,,0,HY,HY-PO
329608022,1,TYPE,,,0,ME,ME-RO
329608022,2,DIAI,,Millimeter,1,ME,ME-RO
329608022,3,SR,,,0,ME,ME-RO
329608022,4,DIAE,,Millimeter,0,ME,ME-RO
329608022,5,EPJ,,,0,ME,ME-RO
329608025,1,TYPE,,,0,HY,HY-PO
329608025,2,DEB,,,1,HY,HY-PO
329608025,3,CYL,,,0,HY,HY-PO
329608025,4,PRE,,Bar,0,HY,HY-PO
329608025,5,LIQ,,,0,HY,HY-PO
329608028,1,TYPE,,,0,HY,HY-PO
329608028,2,DEB,,,1,HY,HY-PO
329608028,3,CYL,,,0,HY,HY-PO
329608028,4,PRE,,Bar,0,HY,HY-PO
329608028,5,LIQ,,,0,HY,HY-PO
329608029,1,TYPE,,,0,HY,HY-PO
329608029,2,DEB,,,1,HY,HY-PO
329608029,3,CYL,,,0,HY,HY-PO
329608029,4,PRE,,Bar,0,HY,HY-PO
329608029,5,LIQ,,,0,HY,HY-PO
329608036,1,TYPE,,,0,ME,ME-JO
329608036,2,DIA,,Millimeter,1,ME,ME-JO
329608036,3,DIM,,Millimeter,0,ME,ME-JO
329608036,4,MAT,,,0,ME,ME-JO
329608036,5,USG,,,0,ME,ME-JO
329608037,1,TYPE,,,0,HY,HY-PO
329608037,2,DEB,,,1,HY,HY-PO
329608037,3,CYL,,,0,HY,HY-PO
329608037,4,PRE,,Bar,0,HY,HY-PO
329608037,5,LIQ,,,0,HY,HY-PO
329608046,1,TYPE,,,0,HY,HY-PO
329608046,2,DEB,,,1,HY,HY-PO
329608046,3,CYL,,,0,HY,HY-PO
329608046,4,PRE,,Bar,0,HY,HY-PO
329608046,5,LIQ,,,0,HY,HY-PO
329608047,1,FTT,,,1,ME,ME-VI
329608047,2,DIA,,Millimeter,0,ME,ME-VI
329608047,3,LON,,Millimeter,0,ME,ME-VI
329608047,4,MAT,,,0,ME,ME-VI
329608047,5,FIL,,,0,ME,ME-VI
329608056,1,FTT,,,1,ME,ME-VI
329608056,2,DIA,,Millimeter,0,ME,ME-VI
329608056,3,LON,,Millimeter,0,ME,ME-VI
329608056,4,MAT,,,0,ME,ME-VI
329608056,5,FIL,,,0,ME,ME-VI
329608062,1,TYPE,,,0,ME,ME-JO
329608062,2,DIA,,Millimeter,1,ME,ME-JO
329608062,3,DIM,,Millimeter,0,ME,ME-JO
329608062,4,MAT,,,0,ME,ME-JO
329608062,5,USG,,,0,ME,ME-JO
329608063,1,TYPE,,,0,ME,ME-JO
329608063,2,DIA,,Millimeter,1,ME,ME-JO
329608063,3,DIM,,Millimeter,0,ME,ME-JO
329608063,4,MAT,,,0,ME,ME-JO
329608063,5,USG,,,0,ME,ME-JO
329608064,1,TYPE,,,0,HY,HY-PO
329608064,2,DEB,,,1,HY,HY-PO
329608064,3,CYL,,,0,HY,HY-PO
329608064,4,PRE,,Bar,0,HY,HY-PO
329608064,5,LIQ,,,0,HY,HY-PO
329608065,1,TYPE,,,0,HY,HY-PO
329608065,2,DEB,,,1,HY,HY-PO
329608065,3,CYL,,,0,HY,HY-PO
329608065,4,PRE,,Bar,0,HY,HY-PO
329608065,5,LIQ,,,0,HY,HY-PO
329608069,1,TYPE,,,0,HY,HY-PO
329608069,2,DEB,,,1,HY,HY-PO
329608069,3,CYL,,,0,HY,HY-PO
329608069,4,PRE,,Bar,0,HY,HY-PO
329608069,5,LIQ,,,0,HY,HY-PO
329608071,1,TYPE,,,0,HY,HY-PO
329608071,2,DEB,,,1,HY,HY-PO
329608071,3,CYL,,,0,HY,HY-PO
329608071,4,PRE,,Bar,0,HY,HY-PO
329608071,5,LIQ,,,0,HY,HY-PO
329608072,1,TYPE,,,0,HY,HY-PO
329608072,2,DEB,,,1,HY,HY-PO
329608072,3,CYL,,,0,HY,HY-PO
329608072,4,PRE,,Bar,0,HY,HY-PO
329608072,5,LIQ,,,0,HY,HY-PO
329608073,1,TYPE,,,0,HY,HY-PO
329608073,2,DEB,,,1,HY,HY-PO
329608073,3,CYL,,,0,HY,HY-PO
329608073,4,PRE,,Bar,0,HY,HY-PO
329608073,5,LIQ,,,0,HY,HY-PO
329608078,1,TYPE,,,0,HY,HY-PO
329608078,2,DEB,,,1,HY,HY-PO
329608078,3,CYL,,,0,HY,HY-PO
329608078,4,PRE,,Bar,0,HY,HY-PO
329608078,5,LIQ,,,0,HY,HY-PO
329608080,1,TYPE,,,0,HY,HY-PO
329608080,2,DEB,,,1,HY,HY-PO
329608080,3,CYL,,,0,HY,HY-PO
329608080,4,PRE,,Bar,0,HY,HY-PO
329608080,5,LIQ,,,0,HY,HY-PO
329608084,1,FTT,,,1,ME,ME-VI
329608084,2,DIA,,Millimeter,0,ME,ME-VI
329608084,3,LON,,Millimeter,0,ME,ME-VI
329608084,4,MAT,,,0,ME,ME-VI
329608084,5,FIL,,,0,ME,ME-VI
329608089,1,TYPE,,,0,HY,HY-PO
329608089,2,DEB,,,1,HY,HY-PO
329608089,3,CYL,,,0,HY,HY-PO
329608089,4,PRE,,Bar,0,HY,HY-PO
329608089,5,LIQ,,,0,HY,HY-PO
329608090,1,TYPE,,,0,SE,SE-PM
329608090,2,MAF,,,1,SE,SE-PM
329608090,3,DIM,,Millimeter,0,SE,SE-PM
329608090,4,CPS,,,0,SE,SE-PM
329608090,5,TEN,,,0,SE,SE-PM
329608092,1,TYPE,,,0,ME,ME-JO
329608092,2,DIA,,Millimeter,1,ME,ME-JO
329608092,3,DIM,,Millimeter,0,ME,ME-JO
329608092,4,MAT,,,0,ME,ME-JO
329608092,5,USG,,,0,ME,ME-JO
329608094,1,TYPE,,,0,SE,SE-PM
329608094,2,MAF,,,1,SE,SE-PM
329608094,3,DIM,,Millimeter,0,SE,SE-PM
329608094,4,CPS,,,0,SE,SE-PM
329608094,5,TEN,,,0,SE,SE-PM
329608097,1,TYPE,,,0,ME,ME-JO
329608097,2,DIA,,Millimeter,1,ME,ME-JO
329608097,3,DIM,,Millimeter,0,ME,ME-JO
329608097,4,MAT,,,0,ME,ME-JO
329608097,5,USG,,,0,ME,ME-JO
329608099,1,TYPE,,,0,ME,ME-RO
329608099,2,DIAI,,Millimeter,1,ME,ME-RO
329608099,3,SR,,,0,ME,ME-RO
329608099,4,DIAE,,Millimeter,0,ME,ME-RO
329608099,5,EPJ,,,0,ME,ME-RO
329608101,1,TYPE,,,0,ME,ME-RO
329608101,2,DIAI,,Millimeter,1,ME,ME-RO
329608101,3,SR,,,0,ME,ME-RO
329608101,4,DIAE,,Millimeter,0,ME,ME-RO
329608101,5,EPJ,,,0,ME,ME-RO
329608103,1,TYPE,,,0,ME,ME-RO
329608103,2,DIAI,,Millimeter,1,ME,ME-RO
329608103,3,SR,,,0,ME,ME-RO
329608103,4,DIAE,,Millimeter,0,ME,ME-RO
329608103,5,EPJ,,,0,ME,ME-RO
329701012,1,TYPE,,,0,SE,SE-PM
329701012,2,MAF,,,1,SE,SE-PM
329701012,3,DIM,,Millimeter,0,SE,SE-PM
329701012,4,CPS,,,0,SE,SE-PM
329701012,5,TEN,,,0,SE,SE-PM
340201009,1,FIL,,,0,PN,PN-RE
340201009,2,PPM,,Bar,1,PN,PN-RE
340201009,3,OPT,,,0,PN,PN-RE
340201009,4,TYPE,,,0,PN,PN-RE
340201009,5,DEB,,,0,PN,PN-RE
340401001,1,TYPE,,,0,ME,ME-JO
340401001,2,DIA,,Millimeter,1,ME,ME-JO
340401001,3,DIM,,Millimeter,0,ME,ME-JO
340401001,4,MAT,,,0,ME,ME-JO
340401001,5,USG,,,0,ME,ME-JO
340401008,1,TYPE,,,0,ME,ME-JO
340401008,2,DIA,,Millimeter,1,ME,ME-JO
340401008,3,DIM,,Millimeter,0,ME,ME-JO
340401008,4,MAT,,,0,ME,ME-JO
340401008,5,USG,,,0,ME,ME-JO
340401018,1,TYPE,,,0,ME,ME-JO
340401018,2,DIA,,Millimeter,1,ME,ME-JO
340401018,3,DIM,,Millimeter,0,ME,ME-JO
340401018,4,MAT,,,0,ME,ME-JO
340401018,5,USG,,,0,ME,ME-JO
340401023,1,TYPE,,,0,HY,HY-VE
340401023,2,DAP,,Millimeter,1,HY,HY-VE
340401023,3,DGT,,Millimeter,0,HY,HY-VE
340401023,4,COU,,Millimeter,0,HY,HY-VE
340401023,5,PRE,,Bar,0,HY,HY-VE
340401024,1,TYPE,,,0,HY,HY-VE
340401024,2,DAP,,Millimeter,1,HY,HY-VE
340401024,3,DGT,,Millimeter,0,HY,HY-VE
340401024,4,COU,,Millimeter,0,HY,HY-VE
340401024,5,PRE,,Bar,0,HY,HY-VE
340401030,1,TYPE,,,1,CS,CS-GC
340401030,2,GRA,,,0,CS,CS-GC
340401030,3,CND,,,0,CS,CS-GC
340401030,4,APP,,,0,CS,CS-GC
340401030,5,FAB,,,0,CS,CS-GC
340401031,1,TYPE,,,0,HY,HY-FI
340401031,2,SEU,,Micrometer,1,HY,HY-FI
340401031,3,RAC,,,0,HY,HY-FI
340401031,4,DEB,,,0,HY,HY-FI
340401031,5,FAB,,,0,HY,HY-FI
340401032,1,TYPE,,,0,HY,HY-FI
340401032,2,SEU,,Micrometer,1,HY,HY-FI
340401032,3,RAC,,,0,HY,HY-FI
340401032,4,DEB,,,0,HY,HY-FI
340401032,5,FAB,,,0,HY,HY-FI
340401035,1,TYPE,,,1,CS,CS-GC
340401035,2,GRA,,,0,CS,CS-GC
340401035,3,CND,,,0,CS,CS-GC
340401035,4,APP,,,0,CS,CS-GC
340401035,5,FAB,,,0,CS,CS-GC
340401036,1,TYPE,,,0,ME,ME-JO
340401036,2,DIA,,Millimeter,1,ME,ME-JO
340401036,3,DIM,,Millimeter,0,ME,ME-JO
340401036,4,MAT,,,0,ME,ME-JO
340401036,5,USG,,,0,ME,ME-JO
340662043,1,TFM,,,1,EE,EE-CA
340662043,2,REF,,,0,EE,EE-CA
340662043,3,CONS,,,0,EE,EE-CA
340662043,4,ALIM,,,0,EE,EE-CA
340662043,5,VER,,,0,EE,EE-CA
341505088,1,TYPE,,,0,HY,HY-FI
341505088,2,SEU,,Micrometer,1,HY,HY-FI
341505088,3,RAC,,,0,HY,HY-FI
341505088,4,DEB,,,0,HY,HY-FI
341505088,5,FAB,,,0,HY,HY-FI
346702007,1,TS,,,0,IN,IN-TE
346702007,2,PMEAS,,Celsius,1,IN,IN-TE
346702007,3,LON,,Millimeter,0,IN,IN-TE
346702007,4,DGT,,Millimeter,0,IN,IN-TE
346702007,5,RAC,,,0,IN,IN-TE
347603001,1,TYPE,,,0,HY,HY-PO
347603001,2,DEB,,,1,HY,HY-PO
347603001,3,CYL,,,0,HY,HY-PO
347603001,4,PRE,,Bar,0,HY,HY-PO
347603001,5,LIQ,,,0,HY,HY-PO
347603019,1,TYPE,,,0,EL,EL-CA
347603019,2,SEC,,,1,EL,EL-CA
347603019,3,NBCD,,Nos,0,EL,EL-CA
347603019,4,MAT,,,0,EL,EL-CA
347603019,5,BLI,,,0,EL,EL-CA
347603050,1,TYPE,,,0,PN,PN-CO
347603050,2,PMD,,,1,PN,PN-CO
347603050,3,CCU,,L,0,PN,PN-CO
347603050,4,PRE,,Bar,0,PN,PN-CO
347603050,5,FAB,,,0,PN,PN-CO
347603102,1,TFM,,,1,EE,EE-CA
347603102,2,REF,,,0,EE,EE-CA
347603102,3,CONS,,,0,EE,EE-CA
347603102,4,ALIM,,,0,EE,EE-CA
347603102,5,VER,,,0,EE,EE-CA
347603124,1,TYPE,,,1,CS,CS-GC
347603124,2,GRA,,,0,CS,CS-GC
347603124,3,CND,,,0,CS,CS-GC
347603124,4,APP,,,0,CS,CS-GC
347603124,5,FAB,,,0,CS,CS-GC
347603129,1,TYPE,,,0,EL,EL-RE
347603129,2,TDCB,,,1,EL,EL-RE
347603129,3,CRT,,AMP,0,EL,EL-RE
347603129,4,NBC,,Nos,0,EL,EL-RE
347603129,5,FAB,,,0,EL,EL-RE
347603142,1,TFM,,,1,EE,EE-CA
347603142,2,REF,,,0,EE,EE-CA
347603142,3,CONS,,,0,EE,EE-CA
347603142,4,ALIM,,,0,EE,EE-CA
347603142,5,VER,,,0,EE,EE-CA
347603155,1,TYPE,,,0,EL,EL-CA
347603155,2,SEC,,,1,EL,EL-CA
347603155,3,NBCD,,Nos,0,EL,EL-CA
347603155,4,MAT,,,0,EL,EL-CA
347603155,5,BLI,,,0,EL,EL-CA
347603168,1,TYPE,,,1,CS,CS-GC
347603168,2,GRA,,,0,CS,CS-GC
347603168,3,CND,,,0,CS,CS-GC
347603168,4,APP,,,0,CS,CS-GC
347603168,5,FAB,,,0,CS,CS-GC
347603169,1,TYPE,,,1,CS,CS-GC
347603169,2,GRA,,,0,CS,CS-GC
347603169,3,CND,,,0,CS,CS-GC
347603169,4,APP,,,0,CS,CS-GC
347603169,5,FAB,,,0,CS,CS-GC
347603170,1,TYPE,,,0,EL,EL-CA
347603170,2,SEC,,,1,EL,EL-CA
347603170,3,NBCD,,Nos,0,EL,EL-CA
347603170,4,MAT,,,0,EL,EL-CA
347603170,5,BLI,,,0,EL,EL-CA
347603262,1,TYPE,,,0,EL,EL-RE
347603262,2,TDCB,,,1,EL,EL-RE
347603262,3,CRT,,AMP,0,EL,EL-RE
347603262,4,NBC,,Nos,0,EL,EL-RE
347603262,5,FAB,,,0,EL,EL-RE
347603289,1,TYPE,,,0,EL,EL-CO
347603289,2,ICM,,AMP,1,EL,EL-CO
347603289,3,TNB,,,0,EL,EL-CO
347603289,4,NBC,,Nos,0,EL,EL-CO
347603289,5,FAB,,,0,EL,EL-CO
347603291,1,TYPE,,,0,EL,EL-CO
347603291,2,ICM,,AMP,1,EL,EL-CO
347603291,3,TNB,,,0,EL,EL-CO
347603291,4,NBC,,Nos,0,EL,EL-CO
347603291,5,FAB,,,0,EL,EL-CO
347603292,1,TYPE,,,0,EL,EL-CO
347603292,2,ICM,,AMP,1,EL,EL-CO
347603292,3,TNB,,,0,EL,EL-CO
347603292,4,NBC,,Nos,0,EL,EL-CO
347603292,5,FAB,,,0,EL,EL-CO
347603295,1,TYPE,,,0,EL,EL-CO
347603295,2,ICM,,AMP,1,EL,EL-CO
347603295,3,TNB,,,0,EL,EL-CO
347603295,4,NBC,,Nos,0,EL,EL-CO
347603295,5,FAB,,,0,EL,EL-CO
347603314,1,TS,,,0,IN,IN-TE
347603314,2,PMEAS,,Celsius,1,IN,IN-TE
347603314,3,LON,,Millimeter,0,IN,IN-TE
347603314,4,DGT,,Millimeter,0,IN,IN-TE
347603314,5,RAC,,,0,IN,IN-TE
347603317,1,TYPE,,,0,HY,HY-FI
347603317,2,SEU,,Micrometer,1,HY,HY-FI
347603317,3,RAC,,,0,HY,HY-FI
347603317,4,DEB,,,0,HY,HY-FI
347603317,5,FAB,,,0,HY,HY-FI
347603329,1,TCP,,,0,EE,EE-CP
347603329,2,SIG,,,1,EE,EE-CP
347603329,3,RAC,,,0,EE,EE-CP
347603329,4,ALIM,,,0,EE,EE-CP
347603329,5,PLG,,,0,EE,EE-CP
347603331,1,TFM,,,1,EE,EE-CA
347603331,2,REF,,,0,EE,EE-CA
347603331,3,CONS,,,0,EE,EE-CA
347603331,4,ALIM,,,0,EE,EE-CA
347603331,5,VER,,,0,EE,EE-CA
347603332,1,TFM,,,1,EE,EE-CA
347603332,2,REF,,,0,EE,EE-CA
347603332,3,CONS,,,0,EE,EE-CA
347603332,4,ALIM,,,0,EE,EE-CA
347603332,5,VER,,,0,EE,EE-CA
347603333,1,TS,,,0,IN,IN-TE
347603333,2,PMEAS,,Celsius,1,IN,IN-TE
347603333,3,LON,,Millimeter,0,IN,IN-TE
347603333,4,DGT,,Millimeter,0,IN,IN-TE
347603333,5,RAC,,,0,IN,IN-TE
347603334,1,TCP,,,0,EE,EE-CP
347603334,2,SIG,,,1,EE,EE-CP
347603334,3,RAC,,,0,EE,EE-CP
347603334,4,ALIM,,,0,EE,EE-CP
347603334,5,PLG,,,0,EE,EE-CP
347603339,1,TYPE,,,0,IN,IN-CP
347603339,2,PME,,Bar,1,IN,IN-CP
347603339,3,SIG,,,0,IN,IN-CP
347603339,4,RAC,,,0,IN,IN-CP
347603339,5,FAB,,,0,IN,IN-CP
347603343,1,TYPE,,,0,EL,EL-CO
347603343,2,ICM,,AMP,1,EL,EL-CO
347603343,3,TNB,,,0,EL,EL-CO
347603343,4,NBC,,Nos,0,EL,EL-CO
347603343,5,FAB,,,0,EL,EL-CO
347603354,1,TCP,,,0,EE,EE-CP
347603354,2,SIG,,,1,EE,EE-CP
347603354,3,RAC,,,0,EE,EE-CP
347603354,4,ALIM,,,0,EE,EE-CP
347603354,5,PLG,,,0,EE,EE-CP
347603357,1,FON,,,0,PN,PN-EV
347603357,2,DDR,,,1,PN,PN-EV
347603357,3,FIL,,,0,PN,PN-EV
347603357,4,TNC,,,0,PN,PN-EV
347603357,5,TYPE,,,0,PN,PN-EV
347603362,1,TYPE,,,1,CS,CS-GC
347603362,2,GRA,,,0,CS,CS-GC
347603362,3,CND,,,0,CS,CS-GC
347603362,4,APP,,,0,CS,CS-GC
347603362,5,FAB,,,0,CS,CS-GC
347603363,1,TCP,,,0,EE,EE-CP
347603363,2,SIG,,,1,EE,EE-CP
347603363,3,RAC,,,0,EE,EE-CP
347603363,4,ALIM,,,0,EE,EE-CP
347603363,5,PLG,,,0,EE,EE-CP
347603364,1,TFM,,,1,EE,EE-CA
347603364,2,REF,,,0,EE,EE-CA
347603364,3,CONS,,,0,EE,EE-CA
347603364,4,ALIM,,,0,EE,EE-CA
347603364,5,VER,,,0,EE,EE-CA
347603365,1,TFM,,,1,EE,EE-CA
347603365,2,REF,,,0,EE,EE-CA
347603365,3,CONS,,,0,EE,EE-CA
347603365,4,ALIM,,,0,EE,EE-CA
347603365,5,VER,,,0,EE,EE-CA
347603367,1,TYPE,,,0,ME,ME-JO
347603367,2,DIA,,Millimeter,1,ME,ME-JO
347603367,3,DIM,,Millimeter,0,ME,ME-JO
347603367,4,MAT,,,0,ME,ME-JO
347603367,5,USG,,,0,ME,ME-JO
347603369,1,TDC,,,0,EL,EL-MO
347603369,2,PUI,,Kilowatt,1,EL,EL-MO
347603369,3,VIT,,,0,EL,EL-MO
347603369,4,FIX,,,0,EL,EL-MO
347603369,5,TEN,,,0,EL,EL-MO
347603370,1,TCP,,,0,EE,EE-CP
347603370,2,SIG,,,1,EE,EE-CP
347603370,3,RAC,,,0,EE,EE-CP
347603370,4,ALIM,,,0,EE,EE-CP
347603370,5,PLG,,,0,EE,EE-CP
347603398,1,TYPE,,,0,EL,EL-FU
347603398,2,CDP,,AMP,1,EL,EL-FU
347603398,3,TAI,,,0,EL,EL-FU
347603398,4,TEN,,,0,EL,EL-FU
347603398,5,FAB,,,0,EL,EL-FU
347603407,1,TYPE,,,0,HY,HY-FI
347603407,2,SEU,,Micrometer,1,HY,HY-FI
347603407,3,RAC,,,0,HY,HY-FI
347603407,4,DEB,,,0,HY,HY-FI
347603407,5,FAB,,,0,HY,HY-FI
347603409,1,TCP,,,0,EE,EE-CP
347603409,2,SIG,,,1,EE,EE-CP
347603409,3,RAC,,,0,EE,EE-CP
347603409,4,ALIM,,,0,EE,EE-CP
347603409,5,PLG,,,0,EE,EE-CP
347603412,1,TFM,,,1,EE,EE-CA
347603412,2,REF,,,0,EE,EE-CA
347603412,3,CONS,,,0,EE,EE-CA
347603412,4,ALIM,,,0,EE,EE-CA
347603412,5,VER,,,0,EE,EE-CA
347603417,1,TYPE,,,0,IN,IN-CP
347603417,2,PME,,Bar,1,IN,IN-CP
347603417,3,SIG,,,0,IN,IN-CP
347603417,4,RAC,,,0,IN,IN-CP
347603417,5,FAB,,,0,IN,IN-CP
347603418,1,TYPE,,,0,HY,HY-FI
347603418,2,SEU,,Micrometer,1,HY,HY-FI
347603418,3,RAC,,,0,HY,HY-FI
347603418,4,DEB,,,0,HY,HY-FI
347603418,5,FAB,,,0,HY,HY-FI
347603420,1,TYPE,,,1,CS,CS-GC
347603420,2,GRA,,,0,CS,CS-GC
347603420,3,CND,,,0,CS,CS-GC
347603420,4,APP,,,0,CS,CS-GC
347603420,5,FAB,,,0,CS,CS-GC
347603422,1,TS,,,0,IN,IN-TE
347603422,2,PMEAS,,Celsius,1,IN,IN-TE
347603422,3,LON,,Millimeter,0,IN,IN-TE
347603422,4,DGT,,Millimeter,0,IN,IN-TE
347603422,5,RAC,,,0,IN,IN-TE
347603424,1,TFM,,,1,EE,EE-CA
347603424,2,REF,,,0,EE,EE-CA
347603424,3,CONS,,,0,EE,EE-CA
347603424,4,ALIM,,,0,EE,EE-CA
347603424,5,VER,,,0,EE,EE-CA
347603425,1,TCP,,,0,EE,EE-CP
347603425,2,SIG,,,1,EE,EE-CP
347603425,3,RAC,,,0,EE,EE-CP
347603425,4,ALIM,,,0,EE,EE-CP
347603425,5,PLG,,,0,EE,EE-CP
347603426,1,TYPE,,,0,EL,EL-RE
347603426,2,TDCB,,,1,EL,EL-RE
347603426,3,CRT,,AMP,0,EL,EL-RE
347603426,4,NBC,,Nos,0,EL,EL-RE
347603426,5,FAB,,,0,EL,EL-RE
347603427,1,TFM,,,1,EE,EE-CA
347603427,2,REF,,,0,EE,EE-CA
347603427,3,CONS,,,0,EE,EE-CA
347603427,4,ALIM,,,0,EE,EE-CA
347603427,5,VER,,,0,EE,EE-CA
347603428,1,TYPE,,,0,EL,EL-RE
347603428,2,TDCB,,,1,EL,EL-RE
347603428,3,CRT,,AMP,0,EL,EL-RE
347603428,4,NBC,,Nos,0,EL,EL-RE
347603428,5,FAB,,,0,EL,EL-RE
347603430,1,TYPE,,,0,HY,HY-FI
347603430,2,SEU,,Micrometer,1,HY,HY-FI
347603430,3,RAC,,,0,HY,HY-FI
347603430,4,DEB,,,0,HY,HY-FI
347603430,5,FAB,,,0,HY,HY-FI
347603432,1,TYPE,,,0,EL,EL-RE
347603432,2,TDCB,,,1,EL,EL-RE
347603432,3,CRT,,AMP,0,EL,EL-RE
347603432,4,NBC,,Nos,0,EL,EL-RE
347603432,5,FAB,,,0,EL,EL-RE
347603434,1,TYPE,,,0,EL,EL-DI
347603434,2,CAL,,AMP,1,EL,EL-DI
347603434,3,TEN,,,0,EL,EL-DI
347603434,4,NBP,,Nos,0,EL,EL-DI
347603434,5,FAB,,,0,EL,EL-DI
347603435,1,TYPE,,,0,SE,SE-PM
347603435,2,MAF,,,1,SE,SE-PM
347603435,3,DIM,,Millimeter,0,SE,SE-PM
347603435,4,CPS,,,0,SE,SE-PM
347603435,5,TEN,,,0,SE,SE-PM
347603436,1,TYPE,,,1,CS,CS-GC
347603436,2,GRA,,,0,CS,CS-GC
347603436,3,CND,,,0,CS,CS-GC
347603436,4,APP,,,0,CS,CS-GC
347603436,5,FAB,,,0,CS,CS-GC
347603437,1,TCP,,,0,EE,EE-CP
347603437,2,SIG,,,1,EE,EE-CP
347603437,3,RAC,,,0,EE,EE-CP
347603437,4,ALIM,,,0,EE,EE-CP
347603437,5,PLG,,,0,EE,EE-CP
347603438,1,TYPE,,,0,EL,EL-DI
347603438,2,CAL,,AMP,1,EL,EL-DI
347603438,3,TEN,,,0,EL,EL-DI
347603438,4,NBP,,Nos,0,EL,EL-DI
347603438,5,FAB,,,0,EL,EL-DI
347603446,1,TYPE,,,0,EL,EL-DI
347603446,2,CAL,,AMP,1,EL,EL-DI
347603446,3,TEN,,,0,EL,EL-DI
347603446,4,NBP,,Nos,0,EL,EL-DI
347603446,5,FAB,,,0,EL,EL-DI
347603455,1,TYPE,,,0,ME,ME-JO
347603455,2,DIA,,Millimeter,1,ME,ME-JO
347603455,3,DIM,,Millimeter,0,ME,ME-JO
347603455,4,MAT,,,0,ME,ME-JO
347603455,5,USG,,,0,ME,ME-JO
347603456,1,TYPE,,,0,EL,EL-DI
347603456,2,CAL,,AMP,1,EL,EL-DI
347603456,3,TEN,,,0,EL,EL-DI
347603456,4,NBP,,Nos,0,EL,EL-DI
347603456,5,FAB,,,0,EL,EL-DI
347603457,1,FTT,,,1,ME,ME-VI
347603457,2,DIA,,Millimeter,0,ME,ME-VI
347603457,3,LON,,Millimeter,0,ME,ME-VI
347603457,4,MAT,,,0,ME,ME-VI
347603457,5,FIL,,,0,ME,ME-VI
347603460,1,TYPE,,,0,HY,HY-FL
347603460,2,DN,,,1,HY,HY-FL
347603460,3,LON,,Millimeter,0,HY,HY-FL
347603460,4,EMB,,,0,HY,HY-FL
347603460,5,PRE,,Bar,0,HY,HY-FL
347603461,1,TDC,,,0,EL,EL-MO
347603461,2,PUI,,Kilowatt,1,EL,EL-MO
347603461,3,VIT,,,0,EL,EL-MO
347603461,4,FIX,,,0,EL,EL-MO
347603461,5,TEN,,,0,EL,EL-MO
347603471,1,TYPE,,,1,CS,CS-GC
347603471,2,GRA,,,0,CS,CS-GC
347603471,3,CND,,,0,CS,CS-GC
347603471,4,APP,,,0,CS,CS-GC
347603471,5,FAB,,,0,CS,CS-GC
347603490,1,TFM,,,1,EE,EE-CA
347603490,2,REF,,,0,EE,EE-CA
347603490,3,CONS,,,0,EE,EE-CA
347603490,4,ALIM,,,0,EE,EE-CA
347603490,5,VER,,,0,EE,EE-CA
347603715,1,TYPE,,,0,EL,EL-DI
347603715,2,CAL,,AMP,1,EL,EL-DI
347603715,3,TEN,,,0,EL,EL-DI
347603715,4,NBP,,Nos,0,EL,EL-DI
347603715,5,FAB,,,0,EL,EL-DI
347603946,1,TFM,,,1,EE,EE-CA
347603946,2,REF,,,0,EE,EE-CA
347603946,3,CONS,,,0,EE,EE-CA
347603946,4,ALIM,,,0,EE,EE-CA
347603946,5,VER,,,0,EE,EE-CA
347603953,1,TYPE,,,0,ME,ME-JO
347603953,2,DIA,,Millimeter,1,ME,ME-JO
347603953,3,DIM,,Millimeter,0,ME,ME-JO
347603953,4,MAT,,,0,ME,ME-JO
347603953,5,USG,,,0,ME,ME-JO
347603956,1,FTT,,,1,ME,ME-VI
347603956,2,DIA,,Millimeter,0,ME,ME-VI
347603956,3,LON,,Millimeter,0,ME,ME-VI
347603956,4,MAT,,,0,ME,ME-VI
347603956,5,FIL,,,0,ME,ME-VI
347603973,1,TYPE,,,0,EL,EL-CA
347603973,2,SEC,,,1,EL,EL-CA
347603973,3,NBCD,,Nos,0,EL,EL-CA
347603973,4,MAT,,,0,EL,EL-CA
347603973,5,BLI,,,0,EL,EL-CA
347603974,1,TYPE,,,0,EL,EL-CA
347603974,2,SEC,,,1,EL,EL-CA
347603974,3,NBCD,,Nos,0,EL,EL-CA
347603974,4,MAT,,,0,EL,EL-CA
347603974,5,BLI,,,0,EL,EL-CA
347603975,1,TYPE,,,0,ME,ME-JO
347603975,2,DIA,,Millimeter,1,ME,ME-JO
347603975,3,DIM,,Millimeter,0,ME,ME-JO
347603975,4,MAT,,,0,ME,ME-JO
347603975,5,USG,,,0,ME,ME-JO
347603978,1,TS,,,0,IN,IN-TE
347603978,2,PMEAS,,Celsius,1,IN,IN-TE
347603978,3,LON,,Millimeter,0,IN,IN-TE
347603978,4,DGT,,Millimeter,0,IN,IN-TE
347603978,5,RAC,,,0,IN,IN-TE
347603979,1,TYPE,,,0,EL,EL-CA
347603979,2,SEC,,,1,EL,EL-CA
347603979,3,NBCD,,Nos,0,EL,EL-CA
347603979,4,MAT,,,0,EL,EL-CA
347603979,5,BLI,,,0,EL,EL-CA
349608010,1,FTT,,,1,ME,ME-VI
349608010,2,DIA,,Millimeter,0,ME,ME-VI
349608010,3,LON,,Millimeter,0,ME,ME-VI
349608010,4,MAT,,,0,ME,ME-VI
349608010,5,FIL,,,0,ME,ME-VI
349608014,1,TYPE,,,0,ME,ME-RO
349608014,2,DIAI,,Millimeter,1,ME,ME-RO
349608014,3,SR,,,0,ME,ME-RO
349608014,4,DIAE,,Millimeter,0,ME,ME-RO
349608014,5,EPJ,,,0,ME,ME-RO
349608034,1,TYPE,,,0,ME,ME-EN
349608034,2,NDR,,,1,ME,ME-EN
349608034,3,MODU,,,0,ME,ME-EN
349608034,4,DIM,,Millimeter,0,ME,ME-EN
349608034,5,MAT,,,0,ME,ME-EN
350109000,1,TYPE,,,0,HY,HY-FL
350109000,2,DN,,,1,HY,HY-FL
350109000,3,LON,,Millimeter,0,HY,HY-FL
350109000,4,EMB,,,0,HY,HY-FL
350109000,5,PRE,,Bar,0,HY,HY-FL
350109003,1,TYPE,,,0,HY,HY-FI
350109003,2,SEU,,Micrometer,1,HY,HY-FI
350109003,3,RAC,,,0,HY,HY-FI
350109003,4,DEB,,,0,HY,HY-FI
350109003,5,FAB,,,0,HY,HY-FI
350109007,1,FON,,,0,PN,PN-EV
350109007,2,DDR,,,1,PN,PN-EV
350109007,3,FIL,,,0,PN,PN-EV
350109007,4,TNC,,,0,PN,PN-EV
350109007,5,TYPE,,,0,PN,PN-EV
350109015,1,TYPE,,,0,HY,HY-FI
350109015,2,SEU,,Micrometer,1,HY,HY-FI
350109015,3,RAC,,,0,HY,HY-FI
350109015,4,DEB,,,0,HY,HY-FI
350109015,5,FAB,,,0,HY,HY-FI
350109023,1,TS,,,0,IN,IN-TE
350109023,2,PMEAS,,Celsius,1,IN,IN-TE
350109023,3,LON,,Millimeter,0,IN,IN-TE
350109023,4,DGT,,Millimeter,0,IN,IN-TE
350109023,5,RAC,,,0,IN,IN-TE
350109024,1,TYPE,,,0,HY,HY-FL
350109024,2,DN,,,1,HY,HY-FL
350109024,3,LON,,Millimeter,0,HY,HY-FL
350109024,4,EMB,,,0,HY,HY-FL
350109024,5,PRE,,Bar,0,HY,HY-FL
350109029,1,TYPE,,,0,ME,ME-JO
350109029,2,DIA,,Millimeter,1,ME,ME-JO
350109029,3,DIM,,Millimeter,0,ME,ME-JO
350109029,4,MAT,,,0,ME,ME-JO
350109029,5,USG,,,0,ME,ME-JO
350109032,1,TYPE,,,0,PN,PN-CO
350109032,2,PMD,,,1,PN,PN-CO
350109032,3,CCU,,L,0,PN,PN-CO
350109032,4,PRE,,Bar,0,PN,PN-CO
350109032,5,FAB,,,0,PN,PN-CO
350109035,1,TYPE,,,0,PN,PN-CO
350109035,2,PMD,,,1,PN,PN-CO
350109035,3,CCU,,L,0,PN,PN-CO
350109035,4,PRE,,Bar,0,PN,PN-CO
350109035,5,FAB,,,0,PN,PN-CO
350109038,1,TYPE,,,0,PN,PN-CO
350109038,2,PMD,,,1,PN,PN-CO
350109038,3,CCU,,L,0,PN,PN-CO
350109038,4,PRE,,Bar,0,PN,PN-CO
350109038,5,FAB,,,0,PN,PN-CO
350109039,1,TYPE,,,0,PN,PN-CO
350109039,2,PMD,,,1,PN,PN-CO
350109039,3,CCU,,L,0,PN,PN-CO
350109039,4,PRE,,Bar,0,PN,PN-CO
350109039,5,FAB,,,0,PN,PN-CO
350109040,1,TYPE,,,0,ME,ME-EN
350109040,2,NDR,,,1,ME,ME-EN
350109040,3,MODU,,,0,ME,ME-EN
350109040,4,DIM,,Millimeter,0,ME,ME-EN
350109040,5,MAT,,,0,ME,ME-EN
350109062,1,TYPE,,,1,CS,CS-GC
350109062,2,GRA,,,0,CS,CS-GC
350109062,3,CND,,,0,CS,CS-GC
350109062,4,APP,,,0,CS,CS-GC
350109062,5,FAB,,,0,CS,CS-GC
350109063,1,TYPE,,,1,CS,CS-GC
350109063,2,GRA,,,0,CS,CS-GC
350109063,3,CND,,,0,CS,CS-GC
350109063,4,APP,,,0,CS,CS-GC
350109063,5,FAB,,,0,CS,CS-GC
350109065,1,TS,,,0,IN,IN-TE
350109065,2,PMEAS,,Celsius,1,IN,IN-TE
350109065,3,LON,,Millimeter,0,IN,IN-TE
350109065,4,DGT,,Millimeter,0,IN,IN-TE
350109065,5,RAC,,,0,IN,IN-TE
350109073,1,TYPE,,,1,CS,CS-GC
350109073,2,GRA,,,0,CS,CS-GC
350109073,3,CND,,,0,CS,CS-GC
350109073,4,APP,,,0,CS,CS-GC
350109073,5,FAB,,,0,CS,CS-GC
350109080,1,FTT,,,1,ME,ME-VI
350109080,2,DIA,,Millimeter,0,ME,ME-VI
350109080,3,LON,,Millimeter,0,ME,ME-VI
350109080,4,MAT,,,0,ME,ME-VI
350109080,5,FIL,,,0,ME,ME-VI
350109102,1,FON,,,0,PN,PN-EV
350109102,2,DDR,,,1,PN,PN-EV
350109102,3,FIL,,,0,PN,PN-EV
350109102,4,TNC,,,0,PN,PN-EV
350109102,5,TYPE,,,0,PN,PN-EV
350109103,1,FON,,,0,PN,PN-EV
350109103,2,DDR,,,1,PN,PN-EV
350109103,3,FIL,,,0,PN,PN-EV
350109103,4,TNC,,,0,PN,PN-EV
350109103,5,TYPE,,,0,PN,PN-EV
350109109,1,TYPE,,,0,ME,ME-JO
350109109,2,DIA,,Millimeter,1,ME,ME-JO
350109109,3,DIM,,Millimeter,0,ME,ME-JO
350109109,4,MAT,,,0,ME,ME-JO
350109109,5,USG,,,0,ME,ME-JO
350109110,1,TYPE,,,0,HY,HY-FI
350109110,2,SEU,,Micrometer,1,HY,HY-FI
350109110,3,RAC,,,0,HY,HY-FI
350109110,4,DEB,,,0,HY,HY-FI
350109110,5,FAB,,,0,HY,HY-FI
350109114,1,TCP,,,0,EE,EE-CP
350109114,2,SIG,,,1,EE,EE-CP
350109114,3,RAC,,,0,EE,EE-CP
350109114,4,ALIM,,,0,EE,EE-CP
350109114,5,PLG,,,0,EE,EE-CP
350109115,1,TCP,,,0,EE,EE-CP
350109115,2,SIG,,,1,EE,EE-CP
350109115,3,RAC,,,0,EE,EE-CP
350109115,4,ALIM,,,0,EE,EE-CP
350109115,5,PLG,,,0,EE,EE-CP
350109120,1,TYPE,,,1,CS,CS-GC
350109120,2,GRA,,,0,CS,CS-GC
350109120,3,CND,,,0,CS,CS-GC
350109120,4,APP,,,0,CS,CS-GC
350109120,5,FAB,,,0,CS,CS-GC
350109121,1,TYPE,,,0,PN,PN-CO
350109121,2,PMD,,,1,PN,PN-CO
350109121,3,CCU,,L,0,PN,PN-CO
350109121,4,PRE,,Bar,0,PN,PN-CO
350109121,5,FAB,,,0,PN,PN-CO
350109123,1,TYPE,,,0,PN,PN-CO
350109123,2,PMD,,,1,PN,PN-CO
350109123,3,CCU,,L,0,PN,PN-CO
350109123,4,PRE,,Bar,0,PN,PN-CO
350109123,5,FAB,,,0,PN,PN-CO
350109124,1,TPR,,,0,ME,ME-CO
350109124,2,LPR,,Millimeter,1,ME,ME-CO
350109124,3,LEP,,Millimeter,0,ME,ME-CO
350109124,4,PDE,,,0,ME,ME-CO
350109124,5,MAT,,,0,ME,ME-CO
350109126,1,TYPE,,,0,PN,PN-CO
350109126,2,PMD,,,1,PN,PN-CO
350109126,3,CCU,,L,0,PN,PN-CO
350109126,4,PRE,,Bar,0,PN,PN-CO
350109126,5,FAB,,,0,PN,PN-CO
350109127,1,TYPE,,,0,PN,PN-CO
350109127,2,PMD,,,1,PN,PN-CO
350109127,3,CCU,,L,0,PN,PN-CO
350109127,4,PRE,,Bar,0,PN,PN-CO
350109127,5,FAB,,,0,PN,PN-CO
350109136,1,TYPE,,,1,CS,CS-GC
350109136,2,GRA,,,0,CS,CS-GC
350109136,3,CND,,,0,CS,CS-GC
350109136,4,APP,,,0,CS,CS-GC
350109136,5,FAB,,,0,CS,CS-GC
350109137,1,TYPE,,,0,ME,ME-JO
350109137,2,DIA,,Millimeter,1,ME,ME-JO
350109137,3,DIM,,Millimeter,0,ME,ME-JO
350109137,4,MAT,,,0,ME,ME-JO
350109137,5,USG,,,0,ME,ME-JO
350109138,1,TYPE,,,0,ME,ME-JO
350109138,2,DIA,,Millimeter,1,ME,ME-JO
350109138,3,DIM,,Millimeter,0,ME,ME-JO
350109138,4,MAT,,,0,ME,ME-JO
350109138,5,USG,,,0,ME,ME-JO
350109141,1,TYPE,,,0,HY,HY-FI
350109141,2,SEU,,Micrometer,1,HY,HY-FI
350109141,3,RAC,,,0,HY,HY-FI
350109141,4,DEB,,,0,HY,HY-FI
350109141,5,FAB,,,0,HY,HY-FI
350109144,1,TYPE,,,0,HY,HY-FL
350109144,2,DN,,,1,HY,HY-FL
350109144,3,LON,,Millimeter,0,HY,HY-FL
350109144,4,EMB,,,0,HY,HY-FL
350109144,5,PRE,,Bar,0,HY,HY-FL
350109147,1,TYPE,,,0,HY,HY-FL
350109147,2,DN,,,1,HY,HY-FL
350109147,3,LON,,Millimeter,0,HY,HY-FL
350109147,4,EMB,,,0,HY,HY-FL
350109147,5,PRE,,Bar,0,HY,HY-FL
350109149,1,FTT,,,1,ME,ME-VI
350109149,2,DIA,,Millimeter,0,ME,ME-VI
350109149,3,LON,,Millimeter,0,ME,ME-VI
350109149,4,MAT,,,0,ME,ME-VI
350109149,5,FIL,,,0,ME,ME-VI
350109151,1,TYPE,,,0,ME,ME-JO
350109151,2,DIA,,Millimeter,1,ME,ME-JO
350109151,3,DIM,,Millimeter,0,ME,ME-JO
350109151,4,MAT,,,0,ME,ME-JO
350109151,5,USG,,,0,ME,ME-JO
350109155,1,TYPE,,,0,ME,ME-JO
350109155,2,DIA,,Millimeter,1,ME,ME-JO
350109155,3,DIM,,Millimeter,0,ME,ME-JO
350109155,4,MAT,,,0,ME,ME-JO
350109155,5,USG,,,0,ME,ME-JO
350109160,1,TYPE,,,1,CS,CS-GC
350109160,2,GRA,,,0,CS,CS-GC
350109160,3,CND,,,0,CS,CS-GC
350109160,4,APP,,,0,CS,CS-GC
350109160,5,FAB,,,0,CS,CS-GC
350109168,1,TYPE,,,0,HY,HY-FL
350109168,2,DN,,,1,HY,HY-FL
350109168,3,LON,,Millimeter,0,HY,HY-FL
350109168,4,EMB,,,0,HY,HY-FL
350109168,5,PRE,,Bar,0,HY,HY-FL
350109170,1,TYPE,,,0,ME,ME-JO
350109170,2,DIA,,Millimeter,1,ME,ME-JO
350109170,3,DIM,,Millimeter,0,ME,ME-JO
350109170,4,MAT,,,0,ME,ME-JO
350109170,5,USG,,,0,ME,ME-JO
350109172,1,TYPE,,,0,ME,ME-JO
350109172,2,DIA,,Millimeter,1,ME,ME-JO
350109172,3,DIM,,Millimeter,0,ME,ME-JO
350109172,4,MAT,,,0,ME,ME-JO
350109172,5,USG,,,0,ME,ME-JO
350109173,1,TYPE,,,0,ME,ME-JO
350109173,2,DIA,,Millimeter,1,ME,ME-JO
350109173,3,DIM,,Millimeter,0,ME,ME-JO
350109173,4,MAT,,,0,ME,ME-JO
350109173,5,USG,,,0,ME,ME-JO
350109182,1,TYPE,,,0,ME,ME-JO
350109182,2,DIA,,Millimeter,1,ME,ME-JO
350109182,3,DIM,,Millimeter,0,ME,ME-JO
350109182,4,MAT,,,0,ME,ME-JO
350109182,5,USG,,,0,ME,ME-JO
350109184,1,TYPE,,,0,ME,ME-JO
350109184,2,DIA,,Millimeter,1,ME,ME-JO
350109184,3,DIM,,Millimeter,0,ME,ME-JO
350109184,4,MAT,,,0,ME,ME-JO
350109184,5,USG,,,0,ME,ME-JO
350109185,1,TCP,,,0,EE,EE-CP
350109185,2,SIG,,,1,EE,EE-CP
350109185,3,RAC,,,0,EE,EE-CP
350109185,4,ALIM,,,0,EE,EE-CP
350109185,5,PLG,,,0,EE,EE-CP
350109187,1,TDC,,,0,EL,EL-MO
350109187,2,PUI,,Kilowatt,1,EL,EL-MO
350109187,3,VIT,,,0,EL,EL-MO
350109187,4,FIX,,,0,EL,EL-MO
350109187,5,TEN,,,0,EL,EL-MO
350109193,1,FTT,,,1,ME,ME-VI
350109193,2,DIA,,Millimeter,0,ME,ME-VI
350109193,3,LON,,Millimeter,0,ME,ME-VI
350109193,4,MAT,,,0,ME,ME-VI
350109193,5,FIL,,,0,ME,ME-VI
350109206,1,TYPE,,,0,ME,ME-JO
350109206,2,DIA,,Millimeter,1,ME,ME-JO
350109206,3,DIM,,Millimeter,0,ME,ME-JO
350109206,4,MAT,,,0,ME,ME-JO
350109206,5,USG,,,0,ME,ME-JO
350109208,1,TYPE,,,0,ME,ME-JO
350109208,2,DIA,,Millimeter,1,ME,ME-JO
350109208,3,DIM,,Millimeter,0,ME,ME-JO
350109208,4,MAT,,,0,ME,ME-JO
350109208,5,USG,,,0,ME,ME-JO
350109209,1,TYPE,,,0,ME,ME-JO
350109209,2,DIA,,Millimeter,1,ME,ME-JO
350109209,3,DIM,,Millimeter,0,ME,ME-JO
350109209,4,MAT,,,0,ME,ME-JO
350109209,5,USG,,,0,ME,ME-JO
350109211,1,TYPE,,,0,ME,ME-JO
350109211,2,DIA,,Millimeter,1,ME,ME-JO
350109211,3,DIM,,Millimeter,0,ME,ME-JO
350109211,4,MAT,,,0,ME,ME-JO
350109211,5,USG,,,0,ME,ME-JO
350109212,1,TYPE,,,0,ME,ME-JO
350109212,2,DIA,,Millimeter,1,ME,ME-JO
350109212,3,DIM,,Millimeter,0,ME,ME-JO
350109212,4,MAT,,,0,ME,ME-JO
350109212,5,USG,,,0,ME,ME-JO
350109213,1,TYPE,,,0,ME,ME-JO
350109213,2,DIA,,Millimeter,1,ME,ME-JO
350109213,3,DIM,,Millimeter,0,ME,ME-JO
350109213,4,MAT,,,0,ME,ME-JO
350109213,5,USG,,,0,ME,ME-JO
350109215,1,TYPE,,,0,PN,PN-CO
350109215,2,PMD,,,1,PN,PN-CO
350109215,3,CCU,,L,0,PN,PN-CO
350109215,4,PRE,,Bar,0,PN,PN-CO
350109215,5,FAB,,,0,PN,PN-CO
350109216,1,TYPE,,,0,PN,PN-CO
350109216,2,PMD,,,1,PN,PN-CO
350109216,3,CCU,,L,0,PN,PN-CO
350109216,4,PRE,,Bar,0,PN,PN-CO
350109216,5,FAB,,,0,PN,PN-CO
350109220,1,TYPE,,,0,PN,PN-CO
350109220,2,PMD,,,1,PN,PN-CO
350109220,3,CCU,,L,0,PN,PN-CO
350109220,4,PRE,,Bar,0,PN,PN-CO
350109220,5,FAB,,,0,PN,PN-CO
350109226,1,TYPE,,,0,PN,PN-CO
350109226,2,PMD,,,1,PN,PN-CO
350109226,3,CCU,,L,0,PN,PN-CO
350109226,4,PRE,,Bar,0,PN,PN-CO
350109226,5,FAB,,,0,PN,PN-CO
350109234,1,TYPE,,,0,PN,PN-CO
350109234,2,PMD,,,1,PN,PN-CO
350109234,3,CCU,,L,0,PN,PN-CO
350109234,4,PRE,,Bar,0,PN,PN-CO
350109234,5,FAB,,,0,PN,PN-CO
350109236,1,TYPE,,,0,PN,PN-CO
350109236,2,PMD,,,1,PN,PN-CO
350109236,3,CCU,,L,0,PN,PN-CO
350109236,4,PRE,,Bar,0,PN,PN-CO
350109236,5,FAB,,,0,PN,PN-CO
350109237,1,TYPE,,,0,PN,PN-CO
350109237,2,PMD,,,1,PN,PN-CO
350109237,3,CCU,,L,0,PN,PN-CO
350109237,4,PRE,,Bar,0,PN,PN-CO
350109237,5,FAB,,,0,PN,PN-CO
350109238,1,TYPE,,,0,HY,HY-FI
350109238,2,SEU,,Micrometer,1,HY,HY-FI
350109238,3,RAC,,,0,HY,HY-FI
350109238,4,DEB,,,0,HY,HY-FI
350109238,5,FAB,,,0,HY,HY-FI
350201012,1,TYPE,,,0,HY,HY-FI
350201012,2,SEU,,Micrometer,1,HY,HY-FI
350201012,3,RAC,,,0,HY,HY-FI
350201012,4,DEB,,,0,HY,HY-FI
350201012,5,FAB,,,0,HY,HY-FI
350201013,1,TYPE,,,0,ME,ME-JO
350201013,2,DIA,,Millimeter,1,ME,ME-JO
350201013,3,DIM,,Millimeter,0,ME,ME-JO
350201013,4,MAT,,,0,ME,ME-JO
350201013,5,USG,,,0,ME,ME-JO
350201045,1,TYPE,,,0,ME,ME-JO
350201045,2,DIA,,Millimeter,1,ME,ME-JO
350201045,3,DIM,,Millimeter,0,ME,ME-JO
350201045,4,MAT,,,0,ME,ME-JO
350201045,5,USG,,,0,ME,ME-JO
350201049,1,FTT,,,1,ME,ME-VI
350201049,2,DIA,,Millimeter,0,ME,ME-VI
350201049,3,LON,,Millimeter,0,ME,ME-VI
350201049,4,MAT,,,0,ME,ME-VI
350201049,5,FIL,,,0,ME,ME-VI
350201050,1,TYPE,,,0,HY,HY-FI
350201050,2,SEU,,Micrometer,1,HY,HY-FI
350201050,3,RAC,,,0,HY,HY-FI
350201050,4,DEB,,,0,HY,HY-FI
350201050,5,FAB,,,0,HY,HY-FI
350201053,1,FTT,,,1,ME,ME-VI
350201053,2,DIA,,Millimeter,0,ME,ME-VI
350201053,3,LON,,Millimeter,0,ME,ME-VI
350201053,4,MAT,,,0,ME,ME-VI
350201053,5,FIL,,,0,ME,ME-VI
350201054,1,TYPE,,,1,CS,CS-GC
350201054,2,GRA,,,0,CS,CS-GC
350201054,3,CND,,,0,CS,CS-GC
350201054,4,APP,,,0,CS,CS-GC
350201054,5,FAB,,,0,CS,CS-GC
350201056,1,TYPE,,,1,CS,CS-MS
350201056,2,CAP,,,0,CS,CS-MS
350201056,3,CLS,,,0,CS,CS-MS
350201056,4,DIM,,Millimeter,0,CS,CS-MS
350201056,5,NOR,,,0,CS,CS-MS
350201059,1,FON,,,0,PN,PN-EV
350201059,2,DDR,,,1,PN,PN-EV
350201059,3,FIL,,,0,PN,PN-EV
350201059,4,TNC,,,0,PN,PN-EV
350201059,5,TYPE,,,0,PN,PN-EV
350201060,1,FON,,,0,PN,PN-EV
350201060,2,DDR,,,1,PN,PN-EV
350201060,3,FIL,,,0,PN,PN-EV
350201060,4,TNC,,,0,PN,PN-EV
350201060,5,TYPE,,,0,PN,PN-EV
350201061,1,FON,,,0,PN,PN-EV
350201061,2,DDR,,,1,PN,PN-EV
350201061,3,FIL,,,0,PN,PN-EV
350201061,4,TNC,,,0,PN,PN-EV
350201061,5,TYPE,,,0,PN,PN-EV
350201063,1,TYPE,,,1,CS,CS-MS
350201063,2,CAP,,,0,CS,CS-MS
350201063,3,CLS,,,0,CS,CS-MS
350201063,4,DIM,,Millimeter,0,CS,CS-MS
350201063,5,NOR,,,0,CS,CS-MS
350201064,1,FON,,,0,PN,PN-EV
350201064,2,DDR,,,1,PN,PN-EV
350201064,3,FIL,,,0,PN,PN-EV
350201064,4,TNC,,,0,PN,PN-EV
350201064,5,TYPE,,,0,PN,PN-EV
350201069,1,TYPE,,,1,CS,CS-GC
350201069,2,GRA,,,0,CS,CS-GC
350201069,3,CND,,,0,CS,CS-GC
350201069,4,APP,,,0,CS,CS-GC
350201069,5,FAB,,,0,CS,CS-GC
350201071,1,FTT,,,1,ME,ME-VI
350201071,2,DIA,,Millimeter,0,ME,ME-VI
350201071,3,LON,,Millimeter,0,ME,ME-VI
350201071,4,MAT,,,0,ME,ME-VI
350201071,5,FIL,,,0,ME,ME-VI
350201074,1,TYPE,,,0,ME,ME-RO
350201074,2,DIAI,,Millimeter,1,ME,ME-RO
350201074,3,SR,,,0,ME,ME-RO
350201074,4,DIAE,,Millimeter,0,ME,ME-RO
350201074,5,EPJ,,,0,ME,ME-RO
350201076,1,TYPE,,,0,ME,ME-JO
350201076,2,DIA,,Millimeter,1,ME,ME-JO
350201076,3,DIM,,Millimeter,0,ME,ME-JO
350201076,4,MAT,,,0,ME,ME-JO
350201076,5,USG,,,0,ME,ME-JO
350201077,1,TPR,,,0,ME,ME-CO
350201077,2,LPR,,Millimeter,1,ME,ME-CO
350201077,3,LEP,,Millimeter,0,ME,ME-CO
350201077,4,PDE,,,0,ME,ME-CO
350201077,5,MAT,,,0,ME,ME-CO
350201080,1,TYPE,,,0,ME,ME-RO
350201080,2,DIAI,,Millimeter,1,ME,ME-RO
350201080,3,SR,,,0,ME,ME-RO
350201080,4,DIAE,,Millimeter,0,ME,ME-RO
350201080,5,EPJ,,,0,ME,ME-RO
350201081,1,TYPE,,,1,CS,CS-MS
350201081,2,CAP,,,0,CS,CS-MS
350201081,3,CLS,,,0,CS,CS-MS
350201081,4,DIM,,Millimeter,0,CS,CS-MS
350201081,5,NOR,,,0,CS,CS-MS
350201087,1,TYPE,,,0,ME,ME-JO
350201087,2,DIA,,Millimeter,1,ME,ME-JO
350201087,3,DIM,,Millimeter,0,ME,ME-JO
350201087,4,MAT,,,0,ME,ME-JO
350201087,5,USG,,,0,ME,ME-JO
350201088,1,TYPE,,,0,ME,ME-JO
350201088,2,DIA,,Millimeter,1,ME,ME-JO
350201088,3,DIM,,Millimeter,0,ME,ME-JO
350201088,4,MAT,,,0,ME,ME-JO
350201088,5,USG,,,0,ME,ME-JO
350201090,1,TYPE,,,0,ME,ME-RO
350201090,2,DIAI,,Millimeter,1,ME,ME-RO
350201090,3,SR,,,0,ME,ME-RO
350201090,4,DIAE,,Millimeter,0,ME,ME-RO
350201090,5,EPJ,,,0,ME,ME-RO
350201094,1,TYPE,,,0,ME,ME-JO
350201094,2,DIA,,Millimeter,1,ME,ME-JO
350201094,3,DIM,,Millimeter,0,ME,ME-JO
350201094,4,MAT,,,0,ME,ME-JO
350201094,5,USG,,,0,ME,ME-JO
350201099,1,TYPE,,,1,CS,CS-GC
350201099,2,GRA,,,0,CS,CS-GC
350201099,3,CND,,,0,CS,CS-GC
350201099,4,APP,,,0,CS,CS-GC
350201099,5,FAB,,,0,CS,CS-GC
350201103,1,TYPE,,,0,ME,ME-JO
350201103,2,DIA,,Millimeter,1,ME,ME-JO
350201103,3,DIM,,Millimeter,0,ME,ME-JO
350201103,4,MAT,,,0,ME,ME-JO
350201103,5,USG,,,0,ME,ME-JO
350201107,1,TYPE,,,1,CS,CS-GC
350201107,2,GRA,,,0,CS,CS-GC
350201107,3,CND,,,0,CS,CS-GC
350201107,4,APP,,,0,CS,CS-GC
350201107,5,FAB,,,0,CS,CS-GC
350201109,1,TYPE,,,0,ME,ME-RO
350201109,2,DIAI,,Millimeter,1,ME,ME-RO
350201109,3,SR,,,0,ME,ME-RO
350201109,4,DIAE,,Millimeter,0,ME,ME-RO
350201109,5,EPJ,,,0,ME,ME-RO
350201111,1,TYPE,,,0,ME,ME-RO
350201111,2,DIAI,,Millimeter,1,ME,ME-RO
350201111,3,SR,,,0,ME,ME-RO
350201111,4,DIAE,,Millimeter,0,ME,ME-RO
350201111,5,EPJ,,,0,ME,ME-RO
350201112,1,TYPE,,,0,ME,ME-JO
350201112,2,DIA,,Millimeter,1,ME,ME-JO
350201112,3,DIM,,Millimeter,0,ME,ME-JO
350201112,4,MAT,,,0,ME,ME-JO
350201112,5,USG,,,0,ME,ME-JO
350201114,1,TYPE,,,0,ME,ME-JO
350201114,2,DIA,,Millimeter,1,ME,ME-JO
350201114,3,DIM,,Millimeter,0,ME,ME-JO
350201114,4,MAT,,,0,ME,ME-JO
350201114,5,USG,,,0,ME,ME-JO
350201115,1,TYPE,,,0,HY,HY-PO
350201115,2,DEB,,,1,HY,HY-PO
350201115,3,CYL,,,0,HY,HY-PO
350201115,4,PRE,,Bar,0,HY,HY-PO
350201115,5,LIQ,,,0,HY,HY-PO
350201116,1,FON,,,0,PN,PN-EV
350201116,2,DDR,,,1,PN,PN-EV
350201116,3,FIL,,,0,PN,PN-EV
350201116,4,TNC,,,0,PN,PN-EV
350201116,5,TYPE,,,0,PN,PN-EV
351320108,1,TYPE,,,0,HY,HY-FL
351320108,2,DN,,,1,HY,HY-FL
351320108,3,LON,,Millimeter,0,HY,HY-FL
351320108,4,EMB,,,0,HY,HY-FL
351320108,5,PRE,,Bar,0,HY,HY-FL
351320109,1,TYPE,,,0,HY,HY-FL
351320109,2,DN,,,1,HY,HY-FL
351320109,3,LON,,Millimeter,0,HY,HY-FL
351320109,4,EMB,,,0,HY,HY-FL
351320109,5,PRE,,Bar,0,HY,HY-FL
351320110,1,TYPE,,,0,HY,HY-FL
351320110,2,DN,,,1,HY,HY-FL
351320110,3,LON,,Millimeter,0,HY,HY-FL
351320110,4,EMB,,,0,HY,HY-FL
351320110,5,PRE,,Bar,0,HY,HY-FL
351320111,1,TYPE,,,0,HY,HY-FL
351320111,2,DN,,,1,HY,HY-FL
351320111,3,LON,,Millimeter,0,HY,HY-FL
351320111,4,EMB,,,0,HY,HY-FL
351320111,5,PRE,,Bar,0,HY,HY-FL
351320114,1,TYPE,,,0,HY,HY-FL
351320114,2,DN,,,1,HY,HY-FL
351320114,3,LON,,Millimeter,0,HY,HY-FL
351320114,4,EMB,,,0,HY,HY-FL
351320114,5,PRE,,Bar,0,HY,HY-FL
351320117,1,TYPE,,,0,ME,ME-RO
351320117,2,DIAI,,Millimeter,1,ME,ME-RO
351320117,3,SR,,,0,ME,ME-RO
351320117,4,DIAE,,Millimeter,0,ME,ME-RO
351320117,5,EPJ,,,0,ME,ME-RO
351320118,1,TYPE,,,1,CS,CS-GC
351320118,2,GRA,,,0,CS,CS-GC
351320118,3,CND,,,0,CS,CS-GC
351320118,4,APP,,,0,CS,CS-GC
351320118,5,FAB,,,0,CS,CS-GC
351320121,1,TDC,,,0,EL,EL-MO
351320121,2,PUI,,Kilowatt,1,EL,EL-MO
351320121,3,VIT,,,0,EL,EL-MO
351320121,4,FIX,,,0,EL,EL-MO
351320121,5,TEN,,,0,EL,EL-MO
356801119,1,TYPE,,,0,HY,HY-PO
356801119,2,DEB,,,1,HY,HY-PO
356801119,3,CYL,,,0,HY,HY-PO
356801119,4,PRE,,Bar,0,HY,HY-PO
356801119,5,LIQ,,,0,HY,HY-PO
356801122,1,TYPE,,,0,ME,ME-EN
356801122,2,NDR,,,1,ME,ME-EN
356801122,3,MODU,,,0,ME,ME-EN
356801122,4,DIM,,Millimeter,0,ME,ME-EN
356801122,5,MAT,,,0,ME,ME-EN
356801128,1,TYPE,,,0,SE,SE-PM
356801128,2,MAF,,,1,SE,SE-PM
356801128,3,DIM,,Millimeter,0,SE,SE-PM
356801128,4,CPS,,,0,SE,SE-PM
356801128,5,TEN,,,0,SE,SE-PM
357767060,1,TYPE,,,0,ME,ME-RO
357767060,2,DIAI,,Millimeter,1,ME,ME-RO
357767060,3,SR,,,0,ME,ME-RO
357767060,4,DIAE,,Millimeter,0,ME,ME-RO
357767060,5,EPJ,,,0,ME,ME-RO
364502047,1,TYPE,,,0,ME,ME-JO
364502047,2,DIA,,Millimeter,1,ME,ME-JO
364502047,3,DIM,,Millimeter,0,ME,ME-JO
364502047,4,MAT,,,0,ME,ME-JO
364502047,5,USG,,,0,ME,ME-JO
366801007,1,TYPE,,,0,ME,ME-JO
366801007,2,DIA,,Millimeter,1,ME,ME-JO
366801007,3,DIM,,Millimeter,0,ME,ME-JO
366801007,4,MAT,,,0,ME,ME-JO
366801007,5,USG,,,0,ME,ME-JO
366801025,1,TYPE,,,0,HY,HY-PO
366801025,2,DEB,,,1,HY,HY-PO
366801025,3,CYL,,,0,HY,HY-PO
366801025,4,PRE,,Bar,0,HY,HY-PO
366801025,5,LIQ,,,0,HY,HY-PO
366801035,1,PRC,,,1,CS,CS-SC
366801035,2,DIA,,Millimeter,0,CS,CS-SC
366801035,3,NUA,,,0,CS,CS-SC
366801035,4,TYPE,,,0,CS,CS-SC
366801035,5,CND,,,0,CS,CS-SC
366801040,1,PRC,,,1,CS,CS-SC
366801040,2,DIA,,Millimeter,0,CS,CS-SC
366801040,3,NUA,,,0,CS,CS-SC
366801040,4,TYPE,,,0,CS,CS-SC
366801040,5,CND,,,0,CS,CS-SC
366801041,1,TYPE,,,0,SE,SE-EC
366801041,2,PEN,,Watt,1,SE,SE-EC
366801041,3,TEN,,,0,SE,SE-EC
366801041,4,FOR,,,0,SE,SE-EC
366801041,5,FAB,,,0,SE,SE-EC
366801042,1,TYPE,,,0,SE,SE-EC
366801042,2,PEN,,Watt,1,SE,SE-EC
366801042,3,TEN,,,0,SE,SE-EC
366801042,4,FOR,,,0,SE,SE-EC
366801042,5,FAB,,,0,SE,SE-EC
366801048,1,TYPE,,,0,ME,ME-JO
366801048,2,DIA,,Millimeter,1,ME,ME-JO
366801048,3,DIM,,Millimeter,0,ME,ME-JO
366801048,4,MAT,,,0,ME,ME-JO
366801048,5,USG,,,0,ME,ME-JO
366801049,1,TYPE,,,0,ME,ME-JO
366801049,2,DIA,,Millimeter,1,ME,ME-JO
366801049,3,DIM,,Millimeter,0,ME,ME-JO
366801049,4,MAT,,,0,ME,ME-JO
366801049,5,USG,,,0,ME,ME-JO
366801051,1,TYPE,,,0,HY,HY-PO
366801051,2,DEB,,,1,HY,HY-PO
366801051,3,CYL,,,0,HY,HY-PO
366801051,4,PRE,,Bar,0,HY,HY-PO
366801051,5,LIQ,,,0,HY,HY-PO
366801052,1,TYPE,,,0,HY,HY-PO
366801052,2,DEB,,,1,HY,HY-PO
366801052,3,CYL,,,0,HY,HY-PO
366801052,4,PRE,,Bar,0,HY,HY-PO
366801052,5,LIQ,,,0,HY,HY-PO
366801055,1,TYPE,,,0,ME,ME-JO
366801055,2,DIA,,Millimeter,1,ME,ME-JO
366801055,3,DIM,,Millimeter,0,ME,ME-JO
366801055,4,MAT,,,0,ME,ME-JO
366801055,5,USG,,,0,ME,ME-JO
366801056,1,TYPE,,,0,SE,SE-EC
366801056,2,PEN,,Watt,1,SE,SE-EC
366801056,3,TEN,,,0,SE,SE-EC
366801056,4,FOR,,,0,SE,SE-EC
366801056,5,FAB,,,0,SE,SE-EC
366801072,1,TYPE,,,0,SE,SE-EC
366801072,2,PEN,,Watt,1,SE,SE-EC
366801072,3,TEN,,,0,SE,SE-EC
366801072,4,FOR,,,0,SE,SE-EC
366801072,5,FAB,,,0,SE,SE-EC
366802022,1,TYPE,,,0,ME,ME-JO
366802022,2,DIA,,Millimeter,1,ME,ME-JO
366802022,3,DIM,,Millimeter,0,ME,ME-JO
366802022,4,MAT,,,0,ME,ME-JO
366802022,5,USG,,,0,ME,ME-JO
366802028,1,TYPE,,,0,ME,ME-JO
366802028,2,DIA,,Millimeter,1,ME,ME-JO
366802028,3,DIM,,Millimeter,0,ME,ME-JO
366802028,4,MAT,,,0,ME,ME-JO
366802028,5,USG,,,0,ME,ME-JO
366802030,1,TYPE,,,0,ME,ME-JO
366802030,2,DIA,,Millimeter,1,ME,ME-JO
366802030,3,DIM,,Millimeter,0,ME,ME-JO
366802030,4,MAT,,,0,ME,ME-JO
366802030,5,USG,,,0,ME,ME-JO
366802032,1,TYPE,,,0,ME,ME-JO
366802032,2,DIA,,Millimeter,1,ME,ME-JO
366802032,3,DIM,,Millimeter,0,ME,ME-JO
366802032,4,MAT,,,0,ME,ME-JO
366802032,5,USG,,,0,ME,ME-JO
366802033,1,TYPE,,,0,ME,ME-JO
366802033,2,DIA,,Millimeter,1,ME,ME-JO
366802033,3,DIM,,Millimeter,0,ME,ME-JO
366802033,4,MAT,,,0,ME,ME-JO
366802033,5,USG,,,0,ME,ME-JO
366802035,1,TYPE,,,0,ME,ME-JO
366802035,2,DIA,,Millimeter,1,ME,ME-JO
366802035,3,DIM,,Millimeter,0,ME,ME-JO
366802035,4,MAT,,,0,ME,ME-JO
366802035,5,USG,,,0,ME,ME-JO
366802036,1,TYPE,,,0,ME,ME-JO
366802036,2,DIA,,Millimeter,1,ME,ME-JO
366802036,3,DIM,,Millimeter,0,ME,ME-JO
366802036,4,MAT,,,0,ME,ME-JO
366802036,5,USG,,,0,ME,ME-JO
366802039,1,TYPE,,,0,ME,ME-JO
366802039,2,DIA,,Millimeter,1,ME,ME-JO
366802039,3,DIM,,Millimeter,0,ME,ME-JO
366802039,4,MAT,,,0,ME,ME-JO
366802039,5,USG,,,0,ME,ME-JO
366802040,1,TYPE,,,0,ME,ME-JO
366802040,2,DIA,,Millimeter,1,ME,ME-JO
366802040,3,DIM,,Millimeter,0,ME,ME-JO
366802040,4,MAT,,,0,ME,ME-JO
366802040,5,USG,,,0,ME,ME-JO
366820031,1,TYPE,,,0,HY,HY-PO
366820031,2,DEB,,,1,HY,HY-PO
366820031,3,CYL,,,0,HY,HY-PO
366820031,4,PRE,,Bar,0,HY,HY-PO
366820031,5,LIQ,,,0,HY,HY-PO
366820035,1,FTT,,,1,ME,ME-VI
366820035,2,DIA,,Millimeter,0,ME,ME-VI
366820035,3,LON,,Millimeter,0,ME,ME-VI
366820035,4,MAT,,,0,ME,ME-VI
366820035,5,FIL,,,0,ME,ME-VI
366820073,1,TYPE,,,0,HY,HY-PO
366820073,2,DEB,,,1,HY,HY-PO
366820073,3,CYL,,,0,HY,HY-PO
366820073,4,PRE,,Bar,0,HY,HY-PO
366820073,5,LIQ,,,0,HY,HY-PO
366820074,1,TYPE,,,0,ME,ME-RO
366820074,2,DIAI,,Millimeter,1,ME,ME-RO
366820074,3,SR,,,0,ME,ME-RO
366820074,4,DIAE,,Millimeter,0,ME,ME-RO
366820074,5,EPJ,,,0,ME,ME-RO
366820075,1,TYPE,,,0,HY,HY-PO
366820075,2,DEB,,,1,HY,HY-PO
366820075,3,CYL,,,0,HY,HY-PO
366820075,4,PRE,,Bar,0,HY,HY-PO
366820075,5,LIQ,,,0,HY,HY-PO
366820076,1,TYPE,,,0,HY,HY-PO
366820076,2,DEB,,,1,HY,HY-PO
366820076,3,CYL,,,0,HY,HY-PO
366820076,4,PRE,,Bar,0,HY,HY-PO
366820076,5,LIQ,,,0,HY,HY-PO
366820077,1,TYPE,,,0,HY,HY-PO
366820077,2,DEB,,,1,HY,HY-PO
366820077,3,CYL,,,0,HY,HY-PO
366820077,4,PRE,,Bar,0,HY,HY-PO
366820077,5,LIQ,,,0,HY,HY-PO
366820080,1,TYPE,,,0,HY,HY-PO
366820080,2,DEB,,,1,HY,HY-PO
366820080,3,CYL,,,0,HY,HY-PO
366820080,4,PRE,,Bar,0,HY,HY-PO
366820080,5,LIQ,,,0,HY,HY-PO
366820081,1,TYPE,,,0,HY,HY-PO
366820081,2,DEB,,,1,HY,HY-PO
366820081,3,CYL,,,0,HY,HY-PO
366820081,4,PRE,,Bar,0,HY,HY-PO
366820081,5,LIQ,,,0,HY,HY-PO
366820082,1,TYPE,,,0,HY,HY-PO
366820082,2,DEB,,,1,HY,HY-PO
366820082,3,CYL,,,0,HY,HY-PO
366820082,4,PRE,,Bar,0,HY,HY-PO
366820082,5,LIQ,,,0,HY,HY-PO
366820083,1,TYPE,,,0,HY,HY-PO
366820083,2,DEB,,,1,HY,HY-PO
366820083,3,CYL,,,0,HY,HY-PO
366820083,4,PRE,,Bar,0,HY,HY-PO
366820083,5,LIQ,,,0,HY,HY-PO
366820084,1,TYPE,,,0,HY,HY-PO
366820084,2,DEB,,,1,HY,HY-PO
366820084,3,CYL,,,0,HY,HY-PO
366820084,4,PRE,,Bar,0,HY,HY-PO
366820084,5,LIQ,,,0,HY,HY-PO
366820085,1,TYPE,,,0,HY,HY-PO
366820085,2,DEB,,,1,HY,HY-PO
366820085,3,CYL,,,0,HY,HY-PO
366820085,4,PRE,,Bar,0,HY,HY-PO
366820085,5,LIQ,,,0,HY,HY-PO
366820086,1,TYPE,,,0,HY,HY-PO
366820086,2,DEB,,,1,HY,HY-PO
366820086,3,CYL,,,0,HY,HY-PO
366820086,4,PRE,,Bar,0,HY,HY-PO
366820086,5,LIQ,,,0,HY,HY-PO
366820087,1,TYPE,,,0,ME,ME-RO
366820087,2,DIAI,,Millimeter,1,ME,ME-RO
366820087,3,SR,,,0,ME,ME-RO
366820087,4,DIAE,,Millimeter,0,ME,ME-RO
366820087,5,EPJ,,,0,ME,ME-RO
366820088,1,TYPE,,,0,HY,HY-PO
366820088,2,DEB,,,1,HY,HY-PO
366820088,3,CYL,,,0,HY,HY-PO
366820088,4,PRE,,Bar,0,HY,HY-PO
366820088,5,LIQ,,,0,HY,HY-PO
366820089,1,TYPE,,,0,ME,ME-JO
366820089,2,DIA,,Millimeter,1,ME,ME-JO
366820089,3,DIM,,Millimeter,0,ME,ME-JO
366820089,4,MAT,,,0,ME,ME-JO
366820089,5,USG,,,0,ME,ME-JO
366820090,1,TYPE,,,0,ME,ME-JO
366820090,2,DIA,,Millimeter,1,ME,ME-JO
366820090,3,DIM,,Millimeter,0,ME,ME-JO
366820090,4,MAT,,,0,ME,ME-JO
366820090,5,USG,,,0,ME,ME-JO
366820092,1,TYPE,,,0,ME,ME-JO
366820092,2,DIA,,Millimeter,1,ME,ME-JO
366820092,3,DIM,,Millimeter,0,ME,ME-JO
366820092,4,MAT,,,0,ME,ME-JO
366820092,5,USG,,,0,ME,ME-JO
366820094,1,FTT,,,1,ME,ME-VI
366820094,2,DIA,,Millimeter,0,ME,ME-VI
366820094,3,LON,,Millimeter,0,ME,ME-VI
366820094,4,MAT,,,0,ME,ME-VI
366820094,5,FIL,,,0,ME,ME-VI
366820095,1,FTT,,,1,ME,ME-VI
366820095,2,DIA,,Millimeter,0,ME,ME-VI
366820095,3,LON,,Millimeter,0,ME,ME-VI
366820095,4,MAT,,,0,ME,ME-VI
366820095,5,FIL,,,0,ME,ME-VI
366820099,1,TYPE,,,0,HY,HY-PO
366820099,2,DEB,,,1,HY,HY-PO
366820099,3,CYL,,,0,HY,HY-PO
366820099,4,PRE,,Bar,0,HY,HY-PO
366820099,5,LIQ,,,0,HY,HY-PO
369606003,1,TYPE,,,1,CS,CS-JG
369606003,2,MAT,,,0,CS,CS-JG
369606003,3,DIM,,Millimeter,0,CS,CS-JG
369606003,4,REFERENC,,,0,CS,CS-JG
369606003,5,FAB,,,0,CS,CS-JG
369606006,1,TYPE,,,0,ME,ME-JO
369606006,2,DIA,,Millimeter,1,ME,ME-JO
369606006,3,DIM,,Millimeter,0,ME,ME-JO
369606006,4,MAT,,,0,ME,ME-JO
369606006,5,USG,,,0,ME,ME-JO
369608050,1,TYPE,,,1,CS,CS-JG
369608050,2,MAT,,,0,CS,CS-JG
369608050,3,DIM,,Millimeter,0,CS,CS-JG
369608050,4,REFERENC,,,0,CS,CS-JG
369608050,5,FAB,,,0,CS,CS-JG
376010013,1,TYPE,,,0,ME,ME-RO
376010013,2,DIAI,,Millimeter,1,ME,ME-RO
376010013,3,SR,,,0,ME,ME-RO
376010013,4,DIAE,,Millimeter,0,ME,ME-RO
376010013,5,EPJ,,,0,ME,ME-RO
376010014,1,TYPE,,,0,ME,ME-RO
376010014,2,DIAI,,Millimeter,1,ME,ME-RO
376010014,3,SR,,,0,ME,ME-RO
376010014,4,DIAE,,Millimeter,0,ME,ME-RO
376010014,5,EPJ,,,0,ME,ME-RO
376010019,1,TYPE,,,0,ME,ME-JO
376010019,2,DIA,,Millimeter,1,ME,ME-JO
376010019,3,DIM,,Millimeter,0,ME,ME-JO
376010019,4,MAT,,,0,ME,ME-JO
376010019,5,USG,,,0,ME,ME-JO
376010031,1,TYPE,,,0,ME,ME-RO
376010031,2,DIAI,,Millimeter,1,ME,ME-RO
376010031,3,SR,,,0,ME,ME-RO
376010031,4,DIAE,,Millimeter,0,ME,ME-RO
376010031,5,EPJ,,,0,ME,ME-RO
376402012,1,TYPE,,,0,HY,HY-PO
376402012,2,DEB,,,1,HY,HY-PO
376402012,3,CYL,,,0,HY,HY-PO
376402012,4,PRE,,Bar,0,HY,HY-PO
376402012,5,LIQ,,,0,HY,HY-PO
376751005,1,TYPE,,,1,CS,CS-JG
376751005,2,MAT,,,0,CS,CS-JG
376751005,3,DIM,,Millimeter,0,CS,CS-JG
376751005,4,REFERENC,,,0,CS,CS-JG
376751005,5,FAB,,,0,CS,CS-JG
376751006,1,TYPE,,,1,CS,CS-JG
376751006,2,MAT,,,0,CS,CS-JG
376751006,3,DIM,,Millimeter,0,CS,CS-JG
376751006,4,REFERENC,,,0,CS,CS-JG
376751006,5,FAB,,,0,CS,CS-JG
386101021,1,TYPE,,,0,ME,ME-JO
386101021,2,DIA,,Millimeter,1,ME,ME-JO
386101021,3,DIM,,Millimeter,0,ME,ME-JO
386101021,4,MAT,,,0,ME,ME-JO
386101021,5,USG,,,0,ME,ME-JO
386101022,1,TYPE,,,0,ME,ME-JO
386101022,2,DIA,,Millimeter,1,ME,ME-JO
386101022,3,DIM,,Millimeter,0,ME,ME-JO
386101022,4,MAT,,,0,ME,ME-JO
386101022,5,USG,,,0,ME,ME-JO
386102013,1,TYPE,,,0,ME,ME-JO
386102013,2,DIA,,Millimeter,1,ME,ME-JO
386102013,3,DIM,,Millimeter,0,ME,ME-JO
386102013,4,MAT,,,0,ME,ME-JO
386102013,5,USG,,,0,ME,ME-JO
386102016,1,TYPE,,,0,HY,HY-PO
386102016,2,DEB,,,1,HY,HY-PO
386102016,3,CYL,,,0,HY,HY-PO
386102016,4,PRE,,Bar,0,HY,HY-PO
386102016,5,LIQ,,,0,HY,HY-PO
386102017,1,TYPE,,,0,HY,HY-PO
386102017,2,DEB,,,1,HY,HY-PO
386102017,3,CYL,,,0,HY,HY-PO
386102017,4,PRE,,Bar,0,HY,HY-PO
386102017,5,LIQ,,,0,HY,HY-PO
386102018,1,TYPE,,,0,HY,HY-PO
386102018,2,DEB,,,1,HY,HY-PO
386102018,3,CYL,,,0,HY,HY-PO
386102018,4,PRE,,Bar,0,HY,HY-PO
386102018,5,LIQ,,,0,HY,HY-PO
386102019,1,TYPE,,,0,HY,HY-PO
386102019,2,DEB,,,1,HY,HY-PO
386102019,3,CYL,,,0,HY,HY-PO
386102019,4,PRE,,Bar,0,HY,HY-PO
386102019,5,LIQ,,,0,HY,HY-PO
386102022,1,TYPE,,,0,HY,HY-PO
386102022,2,DEB,,,1,HY,HY-PO
386102022,3,CYL,,,0,HY,HY-PO
386102022,4,PRE,,Bar,0,HY,HY-PO
386102022,5,LIQ,,,0,HY,HY-PO
386102023,1,TYPE,,,0,HY,HY-PO
386102023,2,DEB,,,1,HY,HY-PO
386102023,3,CYL,,,0,HY,HY-PO
386102023,4,PRE,,Bar,0,HY,HY-PO
386102023,5,LIQ,,,0,HY,HY-PO
386102032,1,TYPE,,,1,CS,CS-GC
386102032,2,GRA,,,0,CS,CS-GC
386102032,3,CND,,,0,CS,CS-GC
386102032,4,APP,,,0,CS,CS-GC
386102032,5,FAB,,,0,CS,CS-GC
386102033,1,TYPE,,,1,CS,CS-GC
386102033,2,GRA,,,0,CS,CS-GC
386102033,3,CND,,,0,CS,CS-GC
386102033,4,APP,,,0,CS,CS-GC
386102033,5,FAB,,,0,CS,CS-GC
386102034,1,TYPE,,,1,CS,CS-GC
386102034,2,GRA,,,0,CS,CS-GC
386102034,3,CND,,,0,CS,CS-GC
386102034,4,APP,,,0,CS,CS-GC
386102034,5,FAB,,,0,CS,CS-GC
386102036,1,TYPE,,,1,CS,CS-GC
386102036,2,GRA,,,0,CS,CS-GC
386102036,3,CND,,,0,CS,CS-GC
386102036,4,APP,,,0,CS,CS-GC
386102036,5,FAB,,,0,CS,CS-GC
386102037,1,TYPE,,,1,CS,CS-GC
386102037,2,GRA,,,0,CS,CS-GC
386102037,3,CND,,,0,CS,CS-GC
386102037,4,APP,,,0,CS,CS-GC
386102037,5,FAB,,,0,CS,CS-GC
386102050,1,TYPE,,,0,HY,HY-PO
386102050,2,DEB,,,1,HY,HY-PO
386102050,3,CYL,,,0,HY,HY-PO
386102050,4,PRE,,Bar,0,HY,HY-PO
386102050,5,LIQ,,,0,HY,HY-PO
386102051,1,FTT,,,1,ME,ME-VI
386102051,2,DIA,,Millimeter,0,ME,ME-VI
386102051,3,LON,,Millimeter,0,ME,ME-VI
386102051,4,MAT,,,0,ME,ME-VI
386102051,5,FIL,,,0,ME,ME-VI
386102052,1,TYPE,,,0,ME,ME-RO
386102052,2,DIAI,,Millimeter,1,ME,ME-RO
386102052,3,SR,,,0,ME,ME-RO
386102052,4,DIAE,,Millimeter,0,ME,ME-RO
386102052,5,EPJ,,,0,ME,ME-RO
386102055,1,TYPE,,,0,ME,ME-JO
386102055,2,DIA,,Millimeter,1,ME,ME-JO
386102055,3,DIM,,Millimeter,0,ME,ME-JO
386102055,4,MAT,,,0,ME,ME-JO
386102055,5,USG,,,0,ME,ME-JO
386102057,1,TYPE,,,0,ME,ME-JO
386102057,2,DIA,,Millimeter,1,ME,ME-JO
386102057,3,DIM,,Millimeter,0,ME,ME-JO
386102057,4,MAT,,,0,ME,ME-JO
386102057,5,USG,,,0,ME,ME-JO
386102058,1,TYPE,,,0,ME,ME-JO
386102058,2,DIA,,Millimeter,1,ME,ME-JO
386102058,3,DIM,,Millimeter,0,ME,ME-JO
386102058,4,MAT,,,0,ME,ME-JO
386102058,5,USG,,,0,ME,ME-JO
386102059,1,TYPE,,,0,ME,ME-JO
386102059,2,DIA,,Millimeter,1,ME,ME-JO
386102059,3,DIM,,Millimeter,0,ME,ME-JO
386102059,4,MAT,,,0,ME,ME-JO
386102059,5,USG,,,0,ME,ME-JO
386701001,1,TYPE,,,0,ME,ME-EN
386701001,2,NDR,,,1,ME,ME-EN
386701001,3,MODU,,,0,ME,ME-EN
386701001,4,DIM,,Millimeter,0,ME,ME-EN
386701001,5,MAT,,,0,ME,ME-EN
387001006,1,TYPE,,,0,HY,HY-PO
387001006,2,DEB,,,1,HY,HY-PO
387001006,3,CYL,,,0,HY,HY-PO
387001006,4,PRE,,Bar,0,HY,HY-PO
387001006,5,LIQ,,,0,HY,HY-PO
387001009,1,TYPE,,,0,ME,ME-JO
387001009,2,DIA,,Millimeter,1,ME,ME-JO
387001009,3,DIM,,Millimeter,0,ME,ME-JO
387001009,4,MAT,,,0,ME,ME-JO
387001009,5,USG,,,0,ME,ME-JO
387002001,1,TYPE,,,0,HY,HY-PO
387002001,2,DEB,,,1,HY,HY-PO
387002001,3,CYL,,,0,HY,HY-PO
387002001,4,PRE,,Bar,0,HY,HY-PO
387002001,5,LIQ,,,0,HY,HY-PO
387002003,1,TYPE,,,0,HY,HY-PO
387002003,2,DEB,,,1,HY,HY-PO
387002003,3,CYL,,,0,HY,HY-PO
387002003,4,PRE,,Bar,0,HY,HY-PO
387002003,5,LIQ,,,0,HY,HY-PO
387002004,1,TYPE,,,0,HY,HY-PO
387002004,2,DEB,,,1,HY,HY-PO
387002004,3,CYL,,,0,HY,HY-PO
387002004,4,PRE,,Bar,0,HY,HY-PO
387002004,5,LIQ,,,0,HY,HY-PO
387002005,1,TYPE,,,0,HY,HY-PO
387002005,2,DEB,,,1,HY,HY-PO
387002005,3,CYL,,,0,HY,HY-PO
387002005,4,PRE,,Bar,0,HY,HY-PO
387002005,5,LIQ,,,0,HY,HY-PO
387002006,1,TYPE,,,0,HY,HY-PO
387002006,2,DEB,,,1,HY,HY-PO
387002006,3,CYL,,,0,HY,HY-PO
387002006,4,PRE,,Bar,0,HY,HY-PO
387002006,5,LIQ,,,0,HY,HY-PO
387002007,1,TYPE,,,0,HY,HY-PO
387002007,2,DEB,,,1,HY,HY-PO
387002007,3,CYL,,,0,HY,HY-PO
387002007,4,PRE,,Bar,0,HY,HY-PO
387002007,5,LIQ,,,0,HY,HY-PO
387002008,1,TYPE,,,0,HY,HY-PO
387002008,2,DEB,,,1,HY,HY-PO
387002008,3,CYL,,,0,HY,HY-PO
387002008,4,PRE,,Bar,0,HY,HY-PO
387002008,5,LIQ,,,0,HY,HY-PO
387002009,1,TYPE,,,0,HY,HY-PO
387002009,2,DEB,,,1,HY,HY-PO
387002009,3,CYL,,,0,HY,HY-PO
387002009,4,PRE,,Bar,0,HY,HY-PO
387002009,5,LIQ,,,0,HY,HY-PO
392000008,1,TYPE,,,0,ME,ME-JO
392000008,2,DIA,,Millimeter,1,ME,ME-JO
392000008,3,DIM,,Millimeter,0,ME,ME-JO
392000008,4,MAT,,,0,ME,ME-JO
392000008,5,USG,,,0,ME,ME-JO
392000009,1,TYPE,,,0,ME,ME-JO
392000009,2,DIA,,Millimeter,1,ME,ME-JO
392000009,3,DIM,,Millimeter,0,ME,ME-JO
392000009,4,MAT,,,0,ME,ME-JO
392000009,5,USG,,,0,ME,ME-JO
392000010,1,TYPE,,,0,ME,ME-JO
392000010,2,DIA,,Millimeter,1,ME,ME-JO
392000010,3,DIM,,Millimeter,0,ME,ME-JO
392000010,4,MAT,,,0,ME,ME-JO
392000010,5,USG,,,0,ME,ME-JO
392000018,1,TYPE,,,0,ME,ME-JO
392000018,2,DIA,,Millimeter,1,ME,ME-JO
392000018,3,DIM,,Millimeter,0,ME,ME-JO
392000018,4,MAT,,,0,ME,ME-JO
392000018,5,USG,,,0,ME,ME-JO
392000027,1,TYPE,,,0,HY,HY-VE
392000027,2,DAP,,Millimeter,1,HY,HY-VE
392000027,3,DGT,,Millimeter,0,HY,HY-VE
392000027,4,COU,,Millimeter,0,HY,HY-VE
392000027,5,PRE,,Bar,0,HY,HY-VE
392000028,1,TYPE,,,0,HY,HY-VE
392000028,2,DAP,,Millimeter,1,HY,HY-VE
392000028,3,DGT,,Millimeter,0,HY,HY-VE
392000028,4,COU,,Millimeter,0,HY,HY-VE
392000028,5,PRE,,Bar,0,HY,HY-VE
392000029,1,TYPE,,,0,HY,HY-VE
392000029,2,DAP,,Millimeter,1,HY,HY-VE
392000029,3,DGT,,Millimeter,0,HY,HY-VE
392000029,4,COU,,Millimeter,0,HY,HY-VE
392000029,5,PRE,,Bar,0,HY,HY-VE
392000030,1,TYPE,,,0,HY,HY-VE
392000030,2,DAP,,Millimeter,1,HY,HY-VE
392000030,3,DGT,,Millimeter,0,HY,HY-VE
392000030,4,COU,,Millimeter,0,HY,HY-VE
392000030,5,PRE,,Bar,0,HY,HY-VE
392000034,1,TYPE,,,0,IN,IN-DE
392000034,2,PDM,,,1,IN,IN-DE
392000034,3,DNR,,,0,IN,IN-DE
392000034,4,SOR,,,0,IN,IN-DE
392000034,5,FAB,,,0,IN,IN-DE
392000036,1,TYPE,,,0,ME,ME-JO
392000036,2,DIA,,Millimeter,1,ME,ME-JO
392000036,3,DIM,,Millimeter,0,ME,ME-JO
392000036,4,MAT,,,0,ME,ME-JO
392000036,5,USG,,,0,ME,ME-JO
392000038,1,TYPE,,,0,HY,HY-PO
392000038,2,DEB,,,1,HY,HY-PO
392000038,3,CYL,,,0,HY,HY-PO
392000038,4,PRE,,Bar,0,HY,HY-PO
392000038,5,LIQ,,,0,HY,HY-PO
392000039,1,TYPE,,,0,HY,HY-PO
392000039,2,DEB,,,1,HY,HY-PO
392000039,3,CYL,,,0,HY,HY-PO
392000039,4,PRE,,Bar,0,HY,HY-PO
392000039,5,LIQ,,,0,HY,HY-PO
392000046,1,TYPE,,,0,ME,ME-JO
392000046,2,DIA,,Millimeter,1,ME,ME-JO
392000046,3,DIM,,Millimeter,0,ME,ME-JO
392000046,4,MAT,,,0,ME,ME-JO
392000046,5,USG,,,0,ME,ME-JO
392000047,1,TYPE,,,0,ME,ME-JO
392000047,2,DIA,,Millimeter,1,ME,ME-JO
392000047,3,DIM,,Millimeter,0,ME,ME-JO
392000047,4,MAT,,,0,ME,ME-JO
392000047,5,USG,,,0,ME,ME-JO
392000049,1,TYPE,,,0,HY,HY-PO
392000049,2,DEB,,,1,HY,HY-PO
392000049,3,CYL,,,0,HY,HY-PO
392000049,4,PRE,,Bar,0,HY,HY-PO
392000049,5,LIQ,,,0,HY,HY-PO
392000053,1,TDC,,,0,EL,EL-MO
392000053,2,PUI,,Kilowatt,1,EL,EL-MO
392000053,3,VIT,,,0,EL,EL-MO
392000053,4,FIX,,,0,EL,EL-MO
392000053,5,TEN,,,0,EL,EL-MO
392000054,1,TYPE,,,0,HY,HY-PO
392000054,2,DEB,,,1,HY,HY-PO
392000054,3,CYL,,,0,HY,HY-PO
392000054,4,PRE,,Bar,0,HY,HY-PO
392000054,5,LIQ,,,0,HY,HY-PO
393820024,1,TYPE,,,0,ME,ME-JO
393820024,2,DIA,,Millimeter,1,ME,ME-JO
393820024,3,DIM,,Millimeter,0,ME,ME-JO
393820024,4,MAT,,,0,ME,ME-JO
393820024,5,USG,,,0,ME,ME-JO
436004022,1,TYPE,,,0,HY,HY-FI
436004022,2,SEU,,Micrometer,1,HY,HY-FI
436004022,3,RAC,,,0,HY,HY-FI
436004022,4,DEB,,,0,HY,HY-FI
436004022,5,FAB,,,0,HY,HY-FI
436004028,1,TYPE,,,0,HY,HY-PO
436004028,2,DEB,,,1,HY,HY-PO
436004028,3,CYL,,,0,HY,HY-PO
436004028,4,PRE,,Bar,0,HY,HY-PO
436004028,5,LIQ,,,0,HY,HY-PO
436004029,1,TYPE,,,0,HY,HY-FI
436004029,2,SEU,,Micrometer,1,HY,HY-FI
436004029,3,RAC,,,0,HY,HY-FI
436004029,4,DEB,,,0,HY,HY-FI
436004029,5,FAB,,,0,HY,HY-FI
436004031,1,TYPE,,,0,HY,HY-PO
436004031,2,DEB,,,1,HY,HY-PO
436004031,3,CYL,,,0,HY,HY-PO
436004031,4,PRE,,Bar,0,HY,HY-PO
436004031,5,LIQ,,,0,HY,HY-PO
436004032,1,TEC,,Inch,1,EE,EE-HM
436004032,2,RET,,,0,EE,EE-HM
436004032,3,ALIM,,,0,EE,EE-HM
436004032,4,CONS,,,0,EE,EE-HM
436004032,5,COM,,,0,EE,EE-HM
436004289,1,TYPE,,,0,HY,HY-FI
436004289,2,SEU,,Micrometer,1,HY,HY-FI
436004289,3,RAC,,,0,HY,HY-FI
436004289,4,DEB,,,0,HY,HY-FI
436004289,5,FAB,,,0,HY,HY-FI
436107011,1,TDC,,,0,EL,EL-MO
436107011,2,PUI,,Kilowatt,1,EL,EL-MO
436107011,3,VIT,,,0,EL,EL-MO
436107011,4,FIX,,,0,EL,EL-MO
436107011,5,TEN,,,0,EL,EL-MO
436107105,1,TYPE,,,0,PN,PN-CO
436107105,2,PMD,,,1,PN,PN-CO
436107105,3,CCU,,L,0,PN,PN-CO
436107105,4,PRE,,Bar,0,PN,PN-CO
436107105,5,FAB,,,0,PN,PN-CO
436107108,1,TYPE,,,0,PN,PN-CO
436107108,2,PMD,,,1,PN,PN-CO
436107108,3,CCU,,L,0,PN,PN-CO
436107108,4,PRE,,Bar,0,PN,PN-CO
436107108,5,FAB,,,0,PN,PN-CO
436107111,1,TYPE,,,0,HY,HY-FL
436107111,2,DN,,,1,HY,HY-FL
436107111,3,LON,,Millimeter,0,HY,HY-FL
436107111,4,EMB,,,0,HY,HY-FL
436107111,5,PRE,,Bar,0,HY,HY-FL
436107115,1,TYPE,,,0,PN,PN-CO
436107115,2,PMD,,,1,PN,PN-CO
436107115,3,CCU,,L,0,PN,PN-CO
436107115,4,PRE,,Bar,0,PN,PN-CO
436107115,5,FAB,,,0,PN,PN-CO
440200005,1,TYPE,,,0,EL,EL-DI
440200005,2,CAL,,AMP,1,EL,EL-DI
440200005,3,TEN,,,0,EL,EL-DI
440200005,4,NBP,,Nos,0,EL,EL-DI
440200005,5,FAB,,,0,EL,EL-DI
440200008,1,TYPE,,,0,HY,HY-FI
440200008,2,SEU,,Micrometer,1,HY,HY-FI
440200008,3,RAC,,,0,HY,HY-FI
440200008,4,DEB,,,0,HY,HY-FI
440200008,5,FAB,,,0,HY,HY-FI
440200009,1,TYPE,,,0,HY,HY-FI
440200009,2,SEU,,Micrometer,1,HY,HY-FI
440200009,3,RAC,,,0,HY,HY-FI
440200009,4,DEB,,,0,HY,HY-FI
440200009,5,FAB,,,0,HY,HY-FI
440200013,1,TYPE,,,0,HY,HY-FI
440200013,2,SEU,,Micrometer,1,HY,HY-FI
440200013,3,RAC,,,0,HY,HY-FI
440200013,4,DEB,,,0,HY,HY-FI
440200013,5,FAB,,,0,HY,HY-FI
440200018,1,TYPE,,,0,HY,HY-FI
440200018,2,SEU,,Micrometer,1,HY,HY-FI
440200018,3,RAC,,,0,HY,HY-FI
440200018,4,DEB,,,0,HY,HY-FI
440200018,5,FAB,,,0,HY,HY-FI
440300004,1,TYPE,,,0,HY,HY-FL
440300004,2,DN,,,1,HY,HY-FL
440300004,3,LON,,Millimeter,0,HY,HY-FL
440300004,4,EMB,,,0,HY,HY-FL
440300004,5,PRE,,Bar,0,HY,HY-FL
440300010,1,FTT,,,1,ME,ME-VI
440300010,2,DIA,,Millimeter,0,ME,ME-VI
440300010,3,LON,,Millimeter,0,ME,ME-VI
440300010,4,MAT,,,0,ME,ME-VI
440300010,5,FIL,,,0,ME,ME-VI
440300012,1,FTT,,,1,ME,ME-VI
440300012,2,DIA,,Millimeter,0,ME,ME-VI
440300012,3,LON,,Millimeter,0,ME,ME-VI
440300012,4,MAT,,,0,ME,ME-VI
440300012,5,FIL,,,0,ME,ME-VI
440300017,1,FTT,,,1,ME,ME-VI
440300017,2,DIA,,Millimeter,0,ME,ME-VI
440300017,3,LON,,Millimeter,0,ME,ME-VI
440300017,4,MAT,,,0,ME,ME-VI
440300017,5,FIL,,,0,ME,ME-VI
478001003,1,TYPE,,,0,ME,ME-JO
478001003,2,DIA,,Millimeter,1,ME,ME-JO
478001003,3,DIM,,Millimeter,0,ME,ME-JO
478001003,4,MAT,,,0,ME,ME-JO
478001003,5,USG,,,0,ME,ME-JO
478001008,1,TYPE,,,0,ME,ME-JO
478001008,2,DIA,,Millimeter,1,ME,ME-JO
478001008,3,DIM,,Millimeter,0,ME,ME-JO
478001008,4,MAT,,,0,ME,ME-JO
478001008,5,USG,,,0,ME,ME-JO
478001009,1,TYPE,,,0,ME,ME-JO
478001009,2,DIA,,Millimeter,1,ME,ME-JO
478001009,3,DIM,,Millimeter,0,ME,ME-JO
478001009,4,MAT,,,0,ME,ME-JO
478001009,5,USG,,,0,ME,ME-JO
478001013,1,TYPE,,,0,ME,ME-JO
478001013,2,DIA,,Millimeter,1,ME,ME-JO
478001013,3,DIM,,Millimeter,0,ME,ME-JO
478001013,4,MAT,,,0,ME,ME-JO
478001013,5,USG,,,0,ME,ME-JO
478001018,1,FTT,,,1,ME,ME-VI
478001018,2,DIA,,Millimeter,0,ME,ME-VI
478001018,3,LON,,Millimeter,0,ME,ME-VI
478001018,4,MAT,,,0,ME,ME-VI
478001018,5,FIL,,,0,ME,ME-VI
478001019,1,TYPE,,,0,SE,SE-PM
478001019,2,MAF,,,1,SE,SE-PM
478001019,3,DIM,,Millimeter,0,SE,SE-PM
478001019,4,CPS,,,0,SE,SE-PM
478001019,5,TEN,,,0,SE,SE-PM
478001020,1,FTT,,,1,ME,ME-VI
478001020,2,DIA,,Millimeter,0,ME,ME-VI
478001020,3,LON,,Millimeter,0,ME,ME-VI
478001020,4,MAT,,,0,ME,ME-VI
478001020,5,FIL,,,0,ME,ME-VI
478001024,1,TYPE,,,0,HY,HY-PO
478001024,2,DEB,,,1,HY,HY-PO
478001024,3,CYL,,,0,HY,HY-PO
478001024,4,PRE,,Bar,0,HY,HY-PO
478001024,5,LIQ,,,0,HY,HY-PO
478001025,1,TYPE,,,0,HY,HY-PO
478001025,2,DEB,,,1,HY,HY-PO
478001025,3,CYL,,,0,HY,HY-PO
478001025,4,PRE,,Bar,0,HY,HY-PO
478001025,5,LIQ,,,0,HY,HY-PO
478001026,1,TYPE,,,0,HY,HY-PO
478001026,2,DEB,,,1,HY,HY-PO
478001026,3,CYL,,,0,HY,HY-PO
478001026,4,PRE,,Bar,0,HY,HY-PO
478001026,5,LIQ,,,0,HY,HY-PO
478001027,1,TYPE,,,0,HY,HY-PO
478001027,2,DEB,,,1,HY,HY-PO
478001027,3,CYL,,,0,HY,HY-PO
478001027,4,PRE,,Bar,0,HY,HY-PO
478001027,5,LIQ,,,0,HY,HY-PO
478001030,1,TYPE,,,0,HY,HY-PO
478001030,2,DEB,,,1,HY,HY-PO
478001030,3,CYL,,,0,HY,HY-PO
478001030,4,PRE,,Bar,0,HY,HY-PO
478001030,5,LIQ,,,0,HY,HY-PO
478001031,1,TYPE,,,0,HY,HY-PO
478001031,2,DEB,,,1,HY,HY-PO
478001031,3,CYL,,,0,HY,HY-PO
478001031,4,PRE,,Bar,0,HY,HY-PO
478001031,5,LIQ,,,0,HY,HY-PO
478001032,1,TYPE,,,0,HY,HY-PO
478001032,2,DEB,,,1,HY,HY-PO
478001032,3,CYL,,,0,HY,HY-PO
478001032,4,PRE,,Bar,0,HY,HY-PO
478001032,5,LIQ,,,0,HY,HY-PO
478001033,1,TYPE,,,0,HY,HY-PO
478001033,2,DEB,,,1,HY,HY-PO
478001033,3,CYL,,,0,HY,HY-PO
478001033,4,PRE,,Bar,0,HY,HY-PO
478001033,5,LIQ,,,0,HY,HY-PO
49000001,1,TYPE,,,0,HY,HY-PO
49000001,2,DEB,,,1,HY,HY-PO
49000001,3,CYL,,,0,HY,HY-PO
49000001,4,PRE,,Bar,0,HY,HY-PO
49000001,5,LIQ,,,0,HY,HY-PO
49000002,1,TYPE,,,0,SE,SE-EC
49000002,2,PEN,,Watt,1,SE,SE-EC
49000002,3,TEN,,,0,SE,SE-EC
49000002,4,FOR,,,0,SE,SE-EC
49000002,5,FAB,,,0,SE,SE-EC
49000003,1,TYPE,,,0,SE,SE-EC
49000003,2,PEN,,Watt,1,SE,SE-EC
49000003,3,TEN,,,0,SE,SE-EC
49000003,4,FOR,,,0,SE,SE-EC
49000003,5,FAB,,,0,SE,SE-EC
490101001,1,TYPE,,,0,SE,SE-EC
490101001,2,PEN,,Watt,1,SE,SE-EC
490101001,3,TEN,,,0,SE,SE-EC
490101001,4,FOR,,,0,SE,SE-EC
490101001,5,FAB,,,0,SE,SE-EC
490101002,1,TYPE,,,0,SE,SE-EC
490101002,2,PEN,,Watt,1,SE,SE-EC
490101002,3,TEN,,,0,SE,SE-EC
490101002,4,FOR,,,0,SE,SE-EC
490101002,5,FAB,,,0,SE,SE-EC
490101018,1,TDC,,,0,EL,EL-MO
490101018,2,PUI,,Kilowatt,1,EL,EL-MO
490101018,3,VIT,,,0,EL,EL-MO
490101018,4,FIX,,,0,EL,EL-MO
490101018,5,TEN,,,0,EL,EL-MO
490101025,1,TYPE,,,1,CS,CS-JG
490101025,2,MAT,,,0,CS,CS-JG
490101025,3,DIM,,Millimeter,0,CS,CS-JG
490101025,4,REFERENC,,,0,CS,CS-JG
490101025,5,FAB,,,0,CS,CS-JG
490110031,1,TYPE,,,0,HY,HY-FL
490110031,2,DN,,,1,HY,HY-FL
490110031,3,LON,,Millimeter,0,HY,HY-FL
490110031,4,EMB,,,0,HY,HY-FL
490110031,5,PRE,,Bar,0,HY,HY-FL
490110045,1,TYPE,,,0,HY,HY-FL
490110045,2,DN,,,1,HY,HY-FL
490110045,3,LON,,Millimeter,0,HY,HY-FL
490110045,4,EMB,,,0,HY,HY-FL
490110045,5,PRE,,Bar,0,HY,HY-FL
490110046,1,TYPE,,,0,HY,HY-FL
490110046,2,DN,,,1,HY,HY-FL
490110046,3,LON,,Millimeter,0,HY,HY-FL
490110046,4,EMB,,,0,HY,HY-FL
490110046,5,PRE,,Bar,0,HY,HY-FL
490201008,1,TYPE,,,0,HY,HY-FL
490201008,2,DN,,,1,HY,HY-FL
490201008,3,LON,,Millimeter,0,HY,HY-FL
490201008,4,EMB,,,0,HY,HY-FL
490201008,5,PRE,,Bar,0,HY,HY-FL
490201012,1,TYPE,,,0,HY,HY-FL
490201012,2,DN,,,1,HY,HY-FL
490201012,3,LON,,Millimeter,0,HY,HY-FL
490201012,4,EMB,,,0,HY,HY-FL
490201012,5,PRE,,Bar,0,HY,HY-FL
490201018,1,TYPE,,,0,HY,HY-FL
490201018,2,DN,,,1,HY,HY-FL
490201018,3,LON,,Millimeter,0,HY,HY-FL
490201018,4,EMB,,,0,HY,HY-FL
490201018,5,PRE,,Bar,0,HY,HY-FL
490210007,1,TYPE,,,0,HY,HY-FL
490210007,2,DN,,,1,HY,HY-FL
490210007,3,LON,,Millimeter,0,HY,HY-FL
490210007,4,EMB,,,0,HY,HY-FL
490210007,5,PRE,,Bar,0,HY,HY-FL
490210008,1,TYPE,,,0,ME,ME-JO
490210008,2,DIA,,Millimeter,1,ME,ME-JO
490210008,3,DIM,,Millimeter,0,ME,ME-JO
490210008,4,MAT,,,0,ME,ME-JO
490210008,5,USG,,,0,ME,ME-JO
490210016,1,TYPE,,,0,HY,HY-VE
490210016,2,DAP,,Millimeter,1,HY,HY-VE
490210016,3,DGT,,Millimeter,0,HY,HY-VE
490210016,4,COU,,Millimeter,0,HY,HY-VE
490210016,5,PRE,,Bar,0,HY,HY-VE
490210035,1,TYPE,,,0,HY,HY-FL
490210035,2,DN,,,1,HY,HY-FL
490210035,3,LON,,Millimeter,0,HY,HY-FL
490210035,4,EMB,,,0,HY,HY-FL
490210035,5,PRE,,Bar,0,HY,HY-FL
490210038,1,TYPE,,,0,HY,HY-FL
490210038,2,DN,,,1,HY,HY-FL
490210038,3,LON,,Millimeter,0,HY,HY-FL
490210038,4,EMB,,,0,HY,HY-FL
490210038,5,PRE,,Bar,0,HY,HY-FL
491001001,1,TYPE,,,0,HY,HY-RA
491001001,2,DTF,,,1,HY,HY-RA
491001001,3,MAT,,,0,HY,HY-RA
491001001,4,FRM,,,0,HY,HY-RA
491001001,5,PRE,,Bar,0,HY,HY-RA
492500001,1,TDC,,,0,EL,EL-MO
492500001,2,PUI,,Kilowatt,1,EL,EL-MO
492500001,3,VIT,,,0,EL,EL-MO
492500001,4,FIX,,,0,EL,EL-MO
492500001,5,TEN,,,0,EL,EL-MO
492500002,1,TYPE,,,0,ME,ME-RO
492500002,2,DIAI,,Millimeter,1,ME,ME-RO
492500002,3,SR,,,0,ME,ME-RO
492500002,4,DIAE,,Millimeter,0,ME,ME-RO
492500002,5,EPJ,,,0,ME,ME-RO
492500004,1,TDC,,,0,EL,EL-MO
492500004,2,PUI,,Kilowatt,1,EL,EL-MO
492500004,3,VIT,,,0,EL,EL-MO
492500004,4,FIX,,,0,EL,EL-MO
492500004,5,TEN,,,0,EL,EL-MO
492500007,1,TYPE,,,0,EL,EL-CO
492500007,2,ICM,,AMP,1,EL,EL-CO
492500007,3,TNB,,,0,EL,EL-CO
492500007,4,NBC,,Nos,0,EL,EL-CO
492500007,5,FAB,,,0,EL,EL-CO
492500009,1,TCP,,,0,EE,EE-CP
492500009,2,SIG,,,1,EE,EE-CP
492500009,3,RAC,,,0,EE,EE-CP
492500009,4,ALIM,,,0,EE,EE-CP
492500009,5,PLG,,,0,EE,EE-CP
492500010,1,TYPE,,,0,EL,EL-DI
492500010,2,CAL,,AMP,1,EL,EL-DI
492500010,3,TEN,,,0,EL,EL-DI
492500010,4,NBP,,Nos,0,EL,EL-DI
492500010,5,FAB,,,0,EL,EL-DI
492500011,1,TYPE,,,0,HY,HY-FI
492500011,2,SEU,,Micrometer,1,HY,HY-FI
492500011,3,RAC,,,0,HY,HY-FI
492500011,4,DEB,,,0,HY,HY-FI
492500011,5,FAB,,,0,HY,HY-FI
492500012,1,TCP,,,0,EE,EE-CP
492500012,2,SIG,,,1,EE,EE-CP
492500012,3,RAC,,,0,EE,EE-CP
492500012,4,ALIM,,,0,EE,EE-CP
492500012,5,PLG,,,0,EE,EE-CP
492500017,1,TYPE,,,0,HY,HY-VE
492500017,2,DAP,,Millimeter,1,HY,HY-VE
492500017,3,DGT,,Millimeter,0,HY,HY-VE
492500017,4,COU,,Millimeter,0,HY,HY-VE
492500017,5,PRE,,Bar,0,HY,HY-VE
492500019,1,TYPE,,,0,HY,HY-FL
492500019,2,DN,,,1,HY,HY-FL
492500019,3,LON,,Millimeter,0,HY,HY-FL
492500019,4,EMB,,,0,HY,HY-FL
492500019,5,PRE,,Bar,0,HY,HY-FL
492500020,1,TAL,,,0,IN,IN-VA
492500020,2,PMM,,Kilowatt,1,IN,IN-VA
492500020,3,MOD,,,0,IN,IN-VA
492500020,4,TEN,,,0,IN,IN-VA
492500020,5,FAB,,,0,IN,IN-VA
492500021,1,TYPE,,,0,HY,HY-FL
492500021,2,DN,,,1,HY,HY-FL
492500021,3,LON,,Millimeter,0,HY,HY-FL
492500021,4,EMB,,,0,HY,HY-FL
492500021,5,PRE,,Bar,0,HY,HY-FL
492608035,1,TYPE,,,0,PN,PN-DI
492608035,2,DTC,,,1,PN,PN-DI
492608035,3,NBV,,Nos,0,PN,PN-DI
492608035,4,TIR,,,0,PN,PN-DI
492608035,5,TNB,,,0,PN,PN-DI
492608129,1,TYPE,,,0,ME,ME-JO
492608129,2,DIA,,Millimeter,1,ME,ME-JO
492608129,3,DIM,,Millimeter,0,ME,ME-JO
492608129,4,MAT,,,0,ME,ME-JO
492608129,5,USG,,,0,ME,ME-JO
492608163,1,TYPE,,,0,ME,ME-EN
492608163,2,NDR,,,1,ME,ME-EN
492608163,3,MODU,,,0,ME,ME-EN
492608163,4,DIM,,Millimeter,0,ME,ME-EN
492608163,5,MAT,,,0,ME,ME-EN
492608233,1,TYPE,,,0,ME,ME-RO
492608233,2,DIAI,,Millimeter,1,ME,ME-RO
492608233,3,SR,,,0,ME,ME-RO
492608233,4,DIAE,,Millimeter,0,ME,ME-RO
492608233,5,EPJ,,,0,ME,ME-RO
492608272,1,TYPE,,,0,EL,EL-CO
492608272,2,ICM,,AMP,1,EL,EL-CO
492608272,3,TNB,,,0,EL,EL-CO
492608272,4,NBC,,Nos,0,EL,EL-CO
492608272,5,FAB,,,0,EL,EL-CO
492608340,1,TYPE,,,0,ME,ME-RO
492608340,2,DIAI,,Millimeter,1,ME,ME-RO
492608340,3,SR,,,0,ME,ME-RO
492608340,4,DIAE,,Millimeter,0,ME,ME-RO
492608340,5,EPJ,,,0,ME,ME-RO
492608365,1,TYPE,,,0,ME,ME-JO
492608365,2,DIA,,Millimeter,1,ME,ME-JO
492608365,3,DIM,,Millimeter,0,ME,ME-JO
492608365,4,MAT,,,0,ME,ME-JO
492608365,5,USG,,,0,ME,ME-JO
492608487,1,TYPE,,,0,HY,HY-RA
492608487,2,DTF,,,1,HY,HY-RA
492608487,3,MAT,,,0,HY,HY-RA
492608487,4,FRM,,,0,HY,HY-RA
492608487,5,PRE,,Bar,0,HY,HY-RA
492608499,1,TYPE,,,0,ME,ME-JO
492608499,2,DIA,,Millimeter,1,ME,ME-JO
492608499,3,DIM,,Millimeter,0,ME,ME-JO
492608499,4,MAT,,,0,ME,ME-JO
492608499,5,USG,,,0,ME,ME-JO
492608513,1,TYPE,,,0,HY,HY-FL
492608513,2,DN,,,1,HY,HY-FL
492608513,3,LON,,Millimeter,0,HY,HY-FL
492608513,4,EMB,,,0,HY,HY-FL
492608513,5,PRE,,Bar,0,HY,HY-FL
492608529,1,FTT,,,1,ME,ME-VI
492608529,2,DIA,,Millimeter,0,ME,ME-VI
492608529,3,LON,,Millimeter,0,ME,ME-VI
492608529,4,MAT,,,0,ME,ME-VI
492608529,5,FIL,,,0,ME,ME-VI
492608542,1,TYPE,,,1,CS,CS-GC
492608542,2,GRA,,,0,CS,CS-GC
492608542,3,CND,,,0,CS,CS-GC
492608542,4,APP,,,0,CS,CS-GC
492608542,5,FAB,,,0,CS,CS-GC
492608555,1,TFM,,,1,EE,EE-CA
492608555,2,REF,,,0,EE,EE-CA
492608555,3,CONS,,,0,EE,EE-CA
492608555,4,ALIM,,,0,EE,EE-CA
492608555,5,VER,,,0,EE,EE-CA
492608806,1,TYPE,,,0,ME,ME-RO
492608806,2,DIAI,,Millimeter,1,ME,ME-RO
492608806,3,SR,,,0,ME,ME-RO
492608806,4,DIAE,,Millimeter,0,ME,ME-RO
492608806,5,EPJ,,,0,ME,ME-RO
492608819,1,TYPE,,,0,ME,ME-RO
492608819,2,DIAI,,Millimeter,1,ME,ME-RO
492608819,3,SR,,,0,ME,ME-RO
492608819,4,DIAE,,Millimeter,0,ME,ME-RO
492608819,5,EPJ,,,0,ME,ME-RO
492608822,1,TYPE,,,0,ME,ME-RO
492608822,2,DIAI,,Millimeter,1,ME,ME-RO
492608822,3,SR,,,0,ME,ME-RO
492608822,4,DIAE,,Millimeter,0,ME,ME-RO
492608822,5,EPJ,,,0,ME,ME-RO
492608889,1,TYPE,,,0,ME,ME-RO
492608889,2,DIAI,,Millimeter,1,ME,ME-RO
492608889,3,SR,,,0,ME,ME-RO
492608889,4,DIAE,,Millimeter,0,ME,ME-RO
492608889,5,EPJ,,,0,ME,ME-RO
492800008,1,TYPE,,,1,CS,CS-GC
492800008,2,GRA,,,0,CS,CS-GC
492800008,3,CND,,,0,CS,CS-GC
492800008,4,APP,,,0,CS,CS-GC
492800008,5,FAB,,,0,CS,CS-GC
492800019,1,FTT,,,1,ME,ME-VI
492800019,2,DIA,,Millimeter,0,ME,ME-VI
492800019,3,LON,,Millimeter,0,ME,ME-VI
492800019,4,MAT,,,0,ME,ME-VI
492800019,5,FIL,,,0,ME,ME-VI
492800020,1,FTT,,,1,ME,ME-VI
492800020,2,DIA,,Millimeter,0,ME,ME-VI
492800020,3,LON,,Millimeter,0,ME,ME-VI
492800020,4,MAT,,,0,ME,ME-VI
492800020,5,FIL,,,0,ME,ME-VI
492800021,1,FTT,,,1,ME,ME-VI
492800021,2,DIA,,Millimeter,0,ME,ME-VI
492800021,3,LON,,Millimeter,0,ME,ME-VI
492800021,4,MAT,,,0,ME,ME-VI
492800021,5,FIL,,,0,ME,ME-VI
492800039,1,FTT,,,1,ME,ME-VI
492800039,2,DIA,,Millimeter,0,ME,ME-VI
492800039,3,LON,,Millimeter,0,ME,ME-VI
492800039,4,MAT,,,0,ME,ME-VI
492800039,5,FIL,,,0,ME,ME-VI
492800041,1,FTT,,,1,ME,ME-VI
492800041,2,DIA,,Millimeter,0,ME,ME-VI
492800041,3,LON,,Millimeter,0,ME,ME-VI
492800041,4,MAT,,,0,ME,ME-VI
492800041,5,FIL,,,0,ME,ME-VI
492800042,1,TYPE,,,0,ME,ME-RO
492800042,2,DIAI,,Millimeter,1,ME,ME-RO
492800042,3,SR,,,0,ME,ME-RO
492800042,4,DIAE,,Millimeter,0,ME,ME-RO
492800042,5,EPJ,,,0,ME,ME-RO
492800045,1,FTT,,,1,ME,ME-VI
492800045,2,DIA,,Millimeter,0,ME,ME-VI
492800045,3,LON,,Millimeter,0,ME,ME-VI
492800045,4,MAT,,,0,ME,ME-VI
492800045,5,FIL,,,0,ME,ME-VI
492800046,1,FTT,,,1,ME,ME-VI
492800046,2,DIA,,Millimeter,0,ME,ME-VI
492800046,3,LON,,Millimeter,0,ME,ME-VI
492800046,4,MAT,,,0,ME,ME-VI
492800046,5,FIL,,,0,ME,ME-VI
492800047,1,FTT,,,1,ME,ME-VI
492800047,2,DIA,,Millimeter,0,ME,ME-VI
492800047,3,LON,,Millimeter,0,ME,ME-VI
492800047,4,MAT,,,0,ME,ME-VI
492800047,5,FIL,,,0,ME,ME-VI
492800050,1,FTT,,,1,ME,ME-VI
492800050,2,DIA,,Millimeter,0,ME,ME-VI
492800050,3,LON,,Millimeter,0,ME,ME-VI
492800050,4,MAT,,,0,ME,ME-VI
492800050,5,FIL,,,0,ME,ME-VI
492800053,1,TYPE,,,0,ME,ME-JO
492800053,2,DIA,,Millimeter,1,ME,ME-JO
492800053,3,DIM,,Millimeter,0,ME,ME-JO
492800053,4,MAT,,,0,ME,ME-JO
492800053,5,USG,,,0,ME,ME-JO
492800054,1,TYPE,,,0,ME,ME-JO
492800054,2,DIA,,Millimeter,1,ME,ME-JO
492800054,3,DIM,,Millimeter,0,ME,ME-JO
492800054,4,MAT,,,0,ME,ME-JO
492800054,5,USG,,,0,ME,ME-JO
492800056,1,TYPE,,,0,ME,ME-JO
492800056,2,DIA,,Millimeter,1,ME,ME-JO
492800056,3,DIM,,Millimeter,0,ME,ME-JO
492800056,4,MAT,,,0,ME,ME-JO
492800056,5,USG,,,0,ME,ME-JO
492800057,1,FTT,,,1,ME,ME-VI
492800057,2,DIA,,Millimeter,0,ME,ME-VI
492800057,3,LON,,Millimeter,0,ME,ME-VI
492800057,4,MAT,,,0,ME,ME-VI
492800057,5,FIL,,,0,ME,ME-VI
492800168,1,TYPE,,,0,PN,PN-RA
492800168,2,DET,,Millimeter,1,PN,PN-RA
492800168,3,FIL,,,0,PN,PN-RA
492800168,4,MAT,,,0,PN,PN-RA
492800168,5,FRM,,,0,PN,PN-RA
492800354,1,TS,,,0,IN,IN-TE
492800354,2,PMEAS,,Celsius,1,IN,IN-TE
492800354,3,LON,,Millimeter,0,IN,IN-TE
492800354,4,DGT,,Millimeter,0,IN,IN-TE
492800354,5,RAC,,,0,IN,IN-TE
492800522,1,FTT,,,1,ME,ME-VI
492800522,2,DIA,,Millimeter,0,ME,ME-VI
492800522,3,LON,,Millimeter,0,ME,ME-VI
492800522,4,MAT,,,0,ME,ME-VI
492800522,5,FIL,,,0,ME,ME-VI
492801010,1,TYPE,,,0,HY,HY-FL
492801010,2,DN,,,1,HY,HY-FL
492801010,3,LON,,Millimeter,0,HY,HY-FL
492801010,4,EMB,,,0,HY,HY-FL
492801010,5,PRE,,Bar,0,HY,HY-FL
492802755,1,FTT,,,1,ME,ME-VI
492802755,2,DIA,,Millimeter,0,ME,ME-VI
492802755,3,LON,,Millimeter,0,ME,ME-VI
492802755,4,MAT,,,0,ME,ME-VI
492802755,5,FIL,,,0,ME,ME-VI
492804141,1,TYPE,,,0,ME,ME-RO
492804141,2,DIAI,,Millimeter,1,ME,ME-RO
492804141,3,SR,,,0,ME,ME-RO
492804141,4,DIAE,,Millimeter,0,ME,ME-RO
492804141,5,EPJ,,,0,ME,ME-RO
492804149,1,FTT,,,1,ME,ME-VI
492804149,2,DIA,,Millimeter,0,ME,ME-VI
492804149,3,LON,,Millimeter,0,ME,ME-VI
492804149,4,MAT,,,0,ME,ME-VI
492804149,5,FIL,,,0,ME,ME-VI
492804151,1,TYPE,,,0,HY,HY-FI
492804151,2,SEU,,Micrometer,1,HY,HY-FI
492804151,3,RAC,,,0,HY,HY-FI
492804151,4,DEB,,,0,HY,HY-FI
492804151,5,FAB,,,0,HY,HY-FI
492804902,1,TYPE,,,0,HY,HY-VE
492804902,2,DAP,,Millimeter,1,HY,HY-VE
492804902,3,DGT,,Millimeter,0,HY,HY-VE
492804902,4,COU,,Millimeter,0,HY,HY-VE
492804902,5,PRE,,Bar,0,HY,HY-VE
492804903,1,TYPE,,,0,HY,HY-VE
492804903,2,DAP,,Millimeter,1,HY,HY-VE
492804903,3,DGT,,Millimeter,0,HY,HY-VE
492804903,4,COU,,Millimeter,0,HY,HY-VE
492804903,5,PRE,,Bar,0,HY,HY-VE
492805000,1,TYPE,,,0,HY,HY-VE
492805000,2,DAP,,Millimeter,1,HY,HY-VE
492805000,3,DGT,,Millimeter,0,HY,HY-VE
492805000,4,COU,,Millimeter,0,HY,HY-VE
492805000,5,PRE,,Bar,0,HY,HY-VE
492806590,1,FON,,,0,PN,PN-EV
492806590,2,DDR,,,1,PN,PN-EV
492806590,3,FIL,,,0,PN,PN-EV
492806590,4,TNC,,,0,PN,PN-EV
492806590,5,TYPE,,,0,PN,PN-EV
492808003,1,TYPE,,,0,EL,EL-CA
492808003,2,SEC,,,1,EL,EL-CA
492808003,3,NBCD,,Nos,0,EL,EL-CA
492808003,4,MAT,,,0,EL,EL-CA
492808003,5,BLI,,,0,EL,EL-CA
492808007,1,TYPE,,,0,HY,HY-VE
492808007,2,DAP,,Millimeter,1,HY,HY-VE
492808007,3,DGT,,Millimeter,0,HY,HY-VE
492808007,4,COU,,Millimeter,0,HY,HY-VE
492808007,5,PRE,,Bar,0,HY,HY-VE
492808008,1,TYPE,,,0,HY,HY-FI
492808008,2,SEU,,Micrometer,1,HY,HY-FI
492808008,3,RAC,,,0,HY,HY-FI
492808008,4,DEB,,,0,HY,HY-FI
492808008,5,FAB,,,0,HY,HY-FI
492808011,1,TYPE,,,0,ME,ME-JO
492808011,2,DIA,,Millimeter,1,ME,ME-JO
492808011,3,DIM,,Millimeter,0,ME,ME-JO
492808011,4,MAT,,,0,ME,ME-JO
492808011,5,USG,,,0,ME,ME-JO
492808012,1,TAL,,,0,IN,IN-VA
492808012,2,PMM,,Kilowatt,1,IN,IN-VA
492808012,3,MOD,,,0,IN,IN-VA
492808012,4,TEN,,,0,IN,IN-VA
492808012,5,FAB,,,0,IN,IN-VA
492808015,1,TYPE,,,0,EL,EL-CO
492808015,2,ICM,,AMP,1,EL,EL-CO
492808015,3,TNB,,,0,EL,EL-CO
492808015,4,NBC,,Nos,0,EL,EL-CO
492808015,5,FAB,,,0,EL,EL-CO
492808016,1,TYPE,,,0,HY,HY-VE
492808016,2,DAP,,Millimeter,1,HY,HY-VE
492808016,3,DGT,,Millimeter,0,HY,HY-VE
492808016,4,COU,,Millimeter,0,HY,HY-VE
492808016,5,PRE,,Bar,0,HY,HY-VE
492808017,1,TYPE,,,0,HY,HY-PO
492808017,2,DEB,,,1,HY,HY-PO
492808017,3,CYL,,,0,HY,HY-PO
492808017,4,PRE,,Bar,0,HY,HY-PO
492808017,5,LIQ,,,0,HY,HY-PO
492808018,1,TYPE,,,0,ME,ME-JO
492808018,2,DIA,,Millimeter,1,ME,ME-JO
492808018,3,DIM,,Millimeter,0,ME,ME-JO
492808018,4,MAT,,,0,ME,ME-JO
492808018,5,USG,,,0,ME,ME-JO
492808019,1,TYPE,,,0,EL,EL-CO
492808019,2,ICM,,AMP,1,EL,EL-CO
492808019,3,TNB,,,0,EL,EL-CO
492808019,4,NBC,,Nos,0,EL,EL-CO
492808019,5,FAB,,,0,EL,EL-CO
492808023,1,TYPE,,,0,HY,HY-PO
492808023,2,DEB,,,1,HY,HY-PO
492808023,3,CYL,,,0,HY,HY-PO
492808023,4,PRE,,Bar,0,HY,HY-PO
492808023,5,LIQ,,,0,HY,HY-PO
492808024,1,TYPE,,,1,CS,CS-GC
492808024,2,GRA,,,0,CS,CS-GC
492808024,3,CND,,,0,CS,CS-GC
492808024,4,APP,,,0,CS,CS-GC
492808024,5,FAB,,,0,CS,CS-GC
492808032,1,TYPE,,,0,EL,EL-FU
492808032,2,CDP,,AMP,1,EL,EL-FU
492808032,3,TAI,,,0,EL,EL-FU
492808032,4,TEN,,,0,EL,EL-FU
492808032,5,FAB,,,0,EL,EL-FU
492808033,1,TYPE,,,0,ME,ME-RO
492808033,2,DIAI,,Millimeter,1,ME,ME-RO
492808033,3,SR,,,0,ME,ME-RO
492808033,4,DIAE,,Millimeter,0,ME,ME-RO
492808033,5,EPJ,,,0,ME,ME-RO
492808034,1,TYPE,,,0,ME,ME-RO
492808034,2,DIAI,,Millimeter,1,ME,ME-RO
492808034,3,SR,,,0,ME,ME-RO
492808034,4,DIAE,,Millimeter,0,ME,ME-RO
492808034,5,EPJ,,,0,ME,ME-RO
492808035,1,TYPE,,,0,ME,ME-RO
492808035,2,DIAI,,Millimeter,1,ME,ME-RO
492808035,3,SR,,,0,ME,ME-RO
492808035,4,DIAE,,Millimeter,0,ME,ME-RO
492808035,5,EPJ,,,0,ME,ME-RO
492808076,1,TYPE,,,0,ME,ME-JO
492808076,2,DIA,,Millimeter,1,ME,ME-JO
492808076,3,DIM,,Millimeter,0,ME,ME-JO
492808076,4,MAT,,,0,ME,ME-JO
492808076,5,USG,,,0,ME,ME-JO
492808081,1,TYPE,,,0,EL,EL-CA
492808081,2,SEC,,,1,EL,EL-CA
492808081,3,NBCD,,Nos,0,EL,EL-CA
492808081,4,MAT,,,0,EL,EL-CA
492808081,5,BLI,,,0,EL,EL-CA
492808085,1,TYPE,,,0,ME,ME-JO
492808085,2,DIA,,Millimeter,1,ME,ME-JO
492808085,3,DIM,,Millimeter,0,ME,ME-JO
492808085,4,MAT,,,0,ME,ME-JO
492808085,5,USG,,,0,ME,ME-JO
492808088,1,TYPE,,,0,ME,ME-JO
492808088,2,DIA,,Millimeter,1,ME,ME-JO
492808088,3,DIM,,Millimeter,0,ME,ME-JO
492808088,4,MAT,,,0,ME,ME-JO
492808088,5,USG,,,0,ME,ME-JO
492808101,1,FTT,,,1,ME,ME-VI
492808101,2,DIA,,Millimeter,0,ME,ME-VI
492808101,3,LON,,Millimeter,0,ME,ME-VI
492808101,4,MAT,,,0,ME,ME-VI
492808101,5,FIL,,,0,ME,ME-VI
492808103,1,FTT,,,1,ME,ME-VI
492808103,2,DIA,,Millimeter,0,ME,ME-VI
492808103,3,LON,,Millimeter,0,ME,ME-VI
492808103,4,MAT,,,0,ME,ME-VI
492808103,5,FIL,,,0,ME,ME-VI
492808104,1,TYPE,,,0,ME,ME-JO
492808104,2,DIA,,Millimeter,1,ME,ME-JO
492808104,3,DIM,,Millimeter,0,ME,ME-JO
492808104,4,MAT,,,0,ME,ME-JO
492808104,5,USG,,,0,ME,ME-JO
492808105,1,TYPE,,,0,ME,ME-JO
492808105,2,DIA,,Millimeter,1,ME,ME-JO
492808105,3,DIM,,Millimeter,0,ME,ME-JO
492808105,4,MAT,,,0,ME,ME-JO
492808105,5,USG,,,0,ME,ME-JO
492808110,1,TYPE,,,0,HY,HY-PO
492808110,2,DEB,,,1,HY,HY-PO
492808110,3,CYL,,,0,HY,HY-PO
492808110,4,PRE,,Bar,0,HY,HY-PO
492808110,5,LIQ,,,0,HY,HY-PO
492808140,1,TYPE,,,0,HY,HY-FL
492808140,2,DN,,,1,HY,HY-FL
492808140,3,LON,,Millimeter,0,HY,HY-FL
492808140,4,EMB,,,0,HY,HY-FL
492808140,5,PRE,,Bar,0,HY,HY-FL
492808150,1,TYPE,,,0,HY,HY-FL
492808150,2,DN,,,1,HY,HY-FL
492808150,3,LON,,Millimeter,0,HY,HY-FL
492808150,4,EMB,,,0,HY,HY-FL
492808150,5,PRE,,Bar,0,HY,HY-FL
492808153,1,TYPE,,,0,HY,HY-FL
492808153,2,DN,,,1,HY,HY-FL
492808153,3,LON,,Millimeter,0,HY,HY-FL
492808153,4,EMB,,,0,HY,HY-FL
492808153,5,PRE,,Bar,0,HY,HY-FL
492808154,1,TYPE,,,0,ME,ME-JO
492808154,2,DIA,,Millimeter,1,ME,ME-JO
492808154,3,DIM,,Millimeter,0,ME,ME-JO
492808154,4,MAT,,,0,ME,ME-JO
492808154,5,USG,,,0,ME,ME-JO
492808157,1,TYPE,,,0,EL,EL-CA
492808157,2,SEC,,,1,EL,EL-CA
492808157,3,NBCD,,Nos,0,EL,EL-CA
492808157,4,MAT,,,0,EL,EL-CA
492808157,5,BLI,,,0,EL,EL-CA
492808160,1,TYPE,,,0,ME,ME-JO
492808160,2,DIA,,Millimeter,1,ME,ME-JO
492808160,3,DIM,,Millimeter,0,ME,ME-JO
492808160,4,MAT,,,0,ME,ME-JO
492808160,5,USG,,,0,ME,ME-JO
492808164,1,TYPE,,,0,HY,HY-FL
492808164,2,DN,,,1,HY,HY-FL
492808164,3,LON,,Millimeter,0,HY,HY-FL
492808164,4,EMB,,,0,HY,HY-FL
492808164,5,PRE,,Bar,0,HY,HY-FL
492808166,1,TYPE,,,0,HY,HY-PO
492808166,2,DEB,,,1,HY,HY-PO
492808166,3,CYL,,,0,HY,HY-PO
492808166,4,PRE,,Bar,0,HY,HY-PO
492808166,5,LIQ,,,0,HY,HY-PO
492808171,1,TYPE,,,0,HY,HY-FL
492808171,2,DN,,,1,HY,HY-FL
492808171,3,LON,,Millimeter,0,HY,HY-FL
492808171,4,EMB,,,0,HY,HY-FL
492808171,5,PRE,,Bar,0,HY,HY-FL
492808172,1,TYPE,,,0,HY,HY-FL
492808172,2,DN,,,1,HY,HY-FL
492808172,3,LON,,Millimeter,0,HY,HY-FL
492808172,4,EMB,,,0,HY,HY-FL
492808172,5,PRE,,Bar,0,HY,HY-FL
492808173,1,TYPE,,,0,HY,HY-FL
492808173,2,DN,,,1,HY,HY-FL
492808173,3,LON,,Millimeter,0,HY,HY-FL
492808173,4,EMB,,,0,HY,HY-FL
492808173,5,PRE,,Bar,0,HY,HY-FL
492808174,1,TCP,,,0,EE,EE-CP
492808174,2,SIG,,,1,EE,EE-CP
492808174,3,RAC,,,0,EE,EE-CP
492808174,4,ALIM,,,0,EE,EE-CP
492808174,5,PLG,,,0,EE,EE-CP
492808175,1,TCP,,,0,EE,EE-CP
492808175,2,SIG,,,1,EE,EE-CP
492808175,3,RAC,,,0,EE,EE-CP
492808175,4,ALIM,,,0,EE,EE-CP
492808175,5,PLG,,,0,EE,EE-CP
492808176,1,TYPE,,,0,HY,HY-VE
492808176,2,DAP,,Millimeter,1,HY,HY-VE
492808176,3,DGT,,Millimeter,0,HY,HY-VE
492808176,4,COU,,Millimeter,0,HY,HY-VE
492808176,5,PRE,,Bar,0,HY,HY-VE
492808177,1,TYPE,,,0,HY,HY-VE
492808177,2,DAP,,Millimeter,1,HY,HY-VE
492808177,3,DGT,,Millimeter,0,HY,HY-VE
492808177,4,COU,,Millimeter,0,HY,HY-VE
492808177,5,PRE,,Bar,0,HY,HY-VE
492808182,1,TYPE,,,0,HY,HY-FI
492808182,2,SEU,,Micrometer,1,HY,HY-FI
492808182,3,RAC,,,0,HY,HY-FI
492808182,4,DEB,,,0,HY,HY-FI
492808182,5,FAB,,,0,HY,HY-FI
492808184,1,TYPE,,,0,SE,SE-EC
492808184,2,PEN,,Watt,1,SE,SE-EC
492808184,3,TEN,,,0,SE,SE-EC
492808184,4,FOR,,,0,SE,SE-EC
492808184,5,FAB,,,0,SE,SE-EC
492808189,1,TYPE,,,0,HY,HY-PO
492808189,2,DEB,,,1,HY,HY-PO
492808189,3,CYL,,,0,HY,HY-PO
492808189,4,PRE,,Bar,0,HY,HY-PO
492808189,5,LIQ,,,0,HY,HY-PO
492808191,1,TDC,,,0,EL,EL-MO
492808191,2,PUI,,Kilowatt,1,EL,EL-MO
492808191,3,VIT,,,0,EL,EL-MO
492808191,4,FIX,,,0,EL,EL-MO
492808191,5,TEN,,,0,EL,EL-MO
492808195,1,TYPE,,,0,HY,HY-FI
492808195,2,SEU,,Micrometer,1,HY,HY-FI
492808195,3,RAC,,,0,HY,HY-FI
492808195,4,DEB,,,0,HY,HY-FI
492808195,5,FAB,,,0,HY,HY-FI
492808199,1,MAT,,,0,PN,PN-TU
492808199,2,DXI,,Millimeter,1,PN,PN-TU
492808199,3,CLR,,,0,PN,PN-TU
492808199,4,PRE,,Bar,0,PN,PN-TU
492808199,5,LON,,Millimeter,0,PN,PN-TU
492808208,1,TYPE,,,0,HY,HY-FL
492808208,2,DN,,,1,HY,HY-FL
492808208,3,LON,,Millimeter,0,HY,HY-FL
492808208,4,EMB,,,0,HY,HY-FL
492808208,5,PRE,,Bar,0,HY,HY-FL
492808210,1,TYPE,,,0,ME,ME-JO
492808210,2,DIA,,Millimeter,1,ME,ME-JO
492808210,3,DIM,,Millimeter,0,ME,ME-JO
492808210,4,MAT,,,0,ME,ME-JO
492808210,5,USG,,,0,ME,ME-JO
492808211,1,TYPE,,,0,ME,ME-JO
492808211,2,DIA,,Millimeter,1,ME,ME-JO
492808211,3,DIM,,Millimeter,0,ME,ME-JO
492808211,4,MAT,,,0,ME,ME-JO
492808211,5,USG,,,0,ME,ME-JO
492808212,1,TYPE,,,0,ME,ME-JO
492808212,2,DIA,,Millimeter,1,ME,ME-JO
492808212,3,DIM,,Millimeter,0,ME,ME-JO
492808212,4,MAT,,,0,ME,ME-JO
492808212,5,USG,,,0,ME,ME-JO
492808241,1,TYPE,,,0,HY,HY-PO
492808241,2,DEB,,,1,HY,HY-PO
492808241,3,CYL,,,0,HY,HY-PO
492808241,4,PRE,,Bar,0,HY,HY-PO
492808241,5,LIQ,,,0,HY,HY-PO
492808249,1,TYPE,,,0,ME,ME-EN
492808249,2,NDR,,,1,ME,ME-EN
492808249,3,MODU,,,0,ME,ME-EN
492808249,4,DIM,,Millimeter,0,ME,ME-EN
492808249,5,MAT,,,0,ME,ME-EN
492808258,1,TYPE,,,0,HY,HY-VE
492808258,2,DAP,,Millimeter,1,HY,HY-VE
492808258,3,DGT,,Millimeter,0,HY,HY-VE
492808258,4,COU,,Millimeter,0,HY,HY-VE
492808258,5,PRE,,Bar,0,HY,HY-VE
492808259,1,FTT,,,1,ME,ME-VI
492808259,2,DIA,,Millimeter,0,ME,ME-VI
492808259,3,LON,,Millimeter,0,ME,ME-VI
492808259,4,MAT,,,0,ME,ME-VI
492808259,5,FIL,,,0,ME,ME-VI
492808260,1,TYPE,,,0,HY,HY-FL
492808260,2,DN,,,1,HY,HY-FL
492808260,3,LON,,Millimeter,0,HY,HY-FL
492808260,4,EMB,,,0,HY,HY-FL
492808260,5,PRE,,Bar,0,HY,HY-FL
492808385,1,TYPE,,,0,HY,HY-FL
492808385,2,DN,,,1,HY,HY-FL
492808385,3,LON,,Millimeter,0,HY,HY-FL
492808385,4,EMB,,,0,HY,HY-FL
492808385,5,PRE,,Bar,0,HY,HY-FL
492808391,1,TYPE,,,0,ME,ME-JO
492808391,2,DIA,,Millimeter,1,ME,ME-JO
492808391,3,DIM,,Millimeter,0,ME,ME-JO
492808391,4,MAT,,,0,ME,ME-JO
492808391,5,USG,,,0,ME,ME-JO
492808406,1,TYPE,,,0,HY,HY-FL
492808406,2,DN,,,1,HY,HY-FL
492808406,3,LON,,Millimeter,0,HY,HY-FL
492808406,4,EMB,,,0,HY,HY-FL
492808406,5,PRE,,Bar,0,HY,HY-FL
492808433,1,TYPE,,,0,ME,ME-EN
492808433,2,NDR,,,1,ME,ME-EN
492808433,3,MODU,,,0,ME,ME-EN
492808433,4,DIM,,Millimeter,0,ME,ME-EN
492808433,5,MAT,,,0,ME,ME-EN
492808552,1,TYPE,,,0,HY,HY-RA
492808552,2,DTF,,,1,HY,HY-RA
492808552,3,MAT,,,0,HY,HY-RA
492808552,4,FRM,,,0,HY,HY-RA
492808552,5,PRE,,Bar,0,HY,HY-RA
492808626,1,FTT,,,1,ME,ME-VI
492808626,2,DIA,,Millimeter,0,ME,ME-VI
492808626,3,LON,,Millimeter,0,ME,ME-VI
492808626,4,MAT,,,0,ME,ME-VI
492808626,5,FIL,,,0,ME,ME-VI
492808629,1,TYPE,,,0,ME,ME-JO
492808629,2,DIA,,Millimeter,1,ME,ME-JO
492808629,3,DIM,,Millimeter,0,ME,ME-JO
492808629,4,MAT,,,0,ME,ME-JO
492808629,5,USG,,,0,ME,ME-JO
492808646,1,TYPE,,,0,ME,ME-JO
492808646,2,DIA,,Millimeter,1,ME,ME-JO
492808646,3,DIM,,Millimeter,0,ME,ME-JO
492808646,4,MAT,,,0,ME,ME-JO
492808646,5,USG,,,0,ME,ME-JO
492808676,1,TPR,,,0,ME,ME-CO
492808676,2,LPR,,Millimeter,1,ME,ME-CO
492808676,3,LEP,,Millimeter,0,ME,ME-CO
492808676,4,PDE,,,0,ME,ME-CO
492808676,5,MAT,,,0,ME,ME-CO
492808697,1,TYPE,,,0,ME,ME-JO
492808697,2,DIA,,Millimeter,1,ME,ME-JO
492808697,3,DIM,,Millimeter,0,ME,ME-JO
492808697,4,MAT,,,0,ME,ME-JO
492808697,5,USG,,,0,ME,ME-JO
492808766,1,TYPE,,,0,HY,HY-FL
492808766,2,DN,,,1,HY,HY-FL
492808766,3,LON,,Millimeter,0,HY,HY-FL
492808766,4,EMB,,,0,HY,HY-FL
492808766,5,PRE,,Bar,0,HY,HY-FL
492808767,1,TYPE,,,0,ME,ME-JO
492808767,2,DIA,,Millimeter,1,ME,ME-JO
492808767,3,DIM,,Millimeter,0,ME,ME-JO
492808767,4,MAT,,,0,ME,ME-JO
492808767,5,USG,,,0,ME,ME-JO
492808784,1,TYPE,,,0,ME,ME-JO
492808784,2,DIA,,Millimeter,1,ME,ME-JO
492808784,3,DIM,,Millimeter,0,ME,ME-JO
492808784,4,MAT,,,0,ME,ME-JO
492808784,5,USG,,,0,ME,ME-JO
492808831,1,TYPE,,,0,HY,HY-VE
492808831,2,DAP,,Millimeter,1,HY,HY-VE
492808831,3,DGT,,Millimeter,0,HY,HY-VE
492808831,4,COU,,Millimeter,0,HY,HY-VE
492808831,5,PRE,,Bar,0,HY,HY-VE
492808873,1,TYPE,,,0,HY,HY-PO
492808873,2,DEB,,,1,HY,HY-PO
492808873,3,CYL,,,0,HY,HY-PO
492808873,4,PRE,,Bar,0,HY,HY-PO
492808873,5,LIQ,,,0,HY,HY-PO
492808888,1,TYPE,,,0,ME,ME-JO
492808888,2,DIA,,Millimeter,1,ME,ME-JO
492808888,3,DIM,,Millimeter,0,ME,ME-JO
492808888,4,MAT,,,0,ME,ME-JO
492808888,5,USG,,,0,ME,ME-JO
492808894,1,TYPE,,,0,ME,ME-JO
492808894,2,DIA,,Millimeter,1,ME,ME-JO
492808894,3,DIM,,Millimeter,0,ME,ME-JO
492808894,4,MAT,,,0,ME,ME-JO
492808894,5,USG,,,0,ME,ME-JO
492808901,1,TYPE,,,0,HY,HY-VE
492808901,2,DAP,,Millimeter,1,HY,HY-VE
492808901,3,DGT,,Millimeter,0,HY,HY-VE
492808901,4,COU,,Millimeter,0,HY,HY-VE
492808901,5,PRE,,Bar,0,HY,HY-VE
492808902,1,TPR,,,0,ME,ME-CO
492808902,2,LPR,,Millimeter,1,ME,ME-CO
492808902,3,LEP,,Millimeter,0,ME,ME-CO
492808902,4,PDE,,,0,ME,ME-CO
492808902,5,MAT,,,0,ME,ME-CO
492808917,1,TYPE,,,0,ME,ME-JO
492808917,2,DIA,,Millimeter,1,ME,ME-JO
492808917,3,DIM,,Millimeter,0,ME,ME-JO
492808917,4,MAT,,,0,ME,ME-JO
492808917,5,USG,,,0,ME,ME-JO
492808944,1,TYPE,,,0,ME,ME-JO
492808944,2,DIA,,Millimeter,1,ME,ME-JO
492808944,3,DIM,,Millimeter,0,ME,ME-JO
492808944,4,MAT,,,0,ME,ME-JO
492808944,5,USG,,,0,ME,ME-JO
492808981,1,TYPE,,,0,HY,HY-PO
492808981,2,DEB,,,1,HY,HY-PO
492808981,3,CYL,,,0,HY,HY-PO
492808981,4,PRE,,Bar,0,HY,HY-PO
492808981,5,LIQ,,,0,HY,HY-PO
492808988,1,TYPE,,,0,HY,HY-PO
492808988,2,DEB,,,1,HY,HY-PO
492808988,3,CYL,,,0,HY,HY-PO
492808988,4,PRE,,Bar,0,HY,HY-PO
492808988,5,LIQ,,,0,HY,HY-PO
492808999,1,TYPE,,,0,ME,ME-RO
492808999,2,DIAI,,Millimeter,1,ME,ME-RO
492808999,3,SR,,,0,ME,ME-RO
492808999,4,DIAE,,Millimeter,0,ME,ME-RO
492808999,5,EPJ,,,0,ME,ME-RO
492809000,1,TYPE,,,0,ME,ME-JO
492809000,2,DIA,,Millimeter,1,ME,ME-JO
492809000,3,DIM,,Millimeter,0,ME,ME-JO
492809000,4,MAT,,,0,ME,ME-JO
492809000,5,USG,,,0,ME,ME-JO
492809002,1,TYPE,,,0,HY,HY-PO
492809002,2,DEB,,,1,HY,HY-PO
492809002,3,CYL,,,0,HY,HY-PO
492809002,4,PRE,,Bar,0,HY,HY-PO
492809002,5,LIQ,,,0,HY,HY-PO
492809003,1,FTT,,,1,ME,ME-VI
492809003,2,DIA,,Millimeter,0,ME,ME-VI
492809003,3,LON,,Millimeter,0,ME,ME-VI
492809003,4,MAT,,,0,ME,ME-VI
492809003,5,FIL,,,0,ME,ME-VI
492809005,1,TYPE,,,0,EL,EL-RE
492809005,2,TDCB,,,1,EL,EL-RE
492809005,3,CRT,,AMP,0,EL,EL-RE
492809005,4,NBC,,Nos,0,EL,EL-RE
492809005,5,FAB,,,0,EL,EL-RE
492809007,1,TYPE,,,0,HY,HY-VE
492809007,2,DAP,,Millimeter,1,HY,HY-VE
492809007,3,DGT,,Millimeter,0,HY,HY-VE
492809007,4,COU,,Millimeter,0,HY,HY-VE
492809007,5,PRE,,Bar,0,HY,HY-VE
496610053,1,TYPE,,,0,HY,HY-FI
496610053,2,SEU,,Micrometer,1,HY,HY-FI
496610053,3,RAC,,,0,HY,HY-FI
496610053,4,DEB,,,0,HY,HY-FI
496610053,5,FAB,,,0,HY,HY-FI
496610056,1,TYPE,,,0,HY,HY-FI
496610056,2,SEU,,Micrometer,1,HY,HY-FI
496610056,3,RAC,,,0,HY,HY-FI
496610056,4,DEB,,,0,HY,HY-FI
496610056,5,FAB,,,0,HY,HY-FI
496610057,1,TYPE,,,0,HY,HY-FI
496610057,2,SEU,,Micrometer,1,HY,HY-FI
496610057,3,RAC,,,0,HY,HY-FI
496610057,4,DEB,,,0,HY,HY-FI
496610057,5,FAB,,,0,HY,HY-FI
496610058,1,TYPE,,,0,HY,HY-FI
496610058,2,SEU,,Micrometer,1,HY,HY-FI
496610058,3,RAC,,,0,HY,HY-FI
496610058,4,DEB,,,0,HY,HY-FI
496610058,5,FAB,,,0,HY,HY-FI
496801052,1,TYPE,,,0,HY,HY-FI
496801052,2,SEU,,Micrometer,1,HY,HY-FI
496801052,3,RAC,,,0,HY,HY-FI
496801052,4,DEB,,,0,HY,HY-FI
496801052,5,FAB,,,0,HY,HY-FI
496801053,1,TYPE,,,0,HY,HY-FI
496801053,2,SEU,,Micrometer,1,HY,HY-FI
496801053,3,RAC,,,0,HY,HY-FI
496801053,4,DEB,,,0,HY,HY-FI
496801053,5,FAB,,,0,HY,HY-FI
496801065,1,FTT,,,1,ME,ME-VI
496801065,2,DIA,,Millimeter,0,ME,ME-VI
496801065,3,LON,,Millimeter,0,ME,ME-VI
496801065,4,MAT,,,0,ME,ME-VI
496801065,5,FIL,,,0,ME,ME-VI
496801066,1,FTT,,,1,ME,ME-VI
496801066,2,DIA,,Millimeter,0,ME,ME-VI
496801066,3,LON,,Millimeter,0,ME,ME-VI
496801066,4,MAT,,,0,ME,ME-VI
496801066,5,FIL,,,0,ME,ME-VI
496801068,1,TYPE,,,0,HY,HY-PO
496801068,2,DEB,,,1,HY,HY-PO
496801068,3,CYL,,,0,HY,HY-PO
496801068,4,PRE,,Bar,0,HY,HY-PO
496801068,5,LIQ,,,0,HY,HY-PO
496801072,1,TDC,,,0,EL,EL-MO
496801072,2,PUI,,Kilowatt,1,EL,EL-MO
496801072,3,VIT,,,0,EL,EL-MO
496801072,4,FIX,,,0,EL,EL-MO
496801072,5,TEN,,,0,EL,EL-MO
496801073,1,TYPE,,,0,HY,HY-FI
496801073,2,SEU,,Micrometer,1,HY,HY-FI
496801073,3,RAC,,,0,HY,HY-FI
496801073,4,DEB,,,0,HY,HY-FI
496801073,5,FAB,,,0,HY,HY-FI
496801077,1,TYPE,,,0,EL,EL-CA
496801077,2,SEC,,,1,EL,EL-CA
496801077,3,NBCD,,Nos,0,EL,EL-CA
496801077,4,MAT,,,0,EL,EL-CA
496801077,5,BLI,,,0,EL,EL-CA
496801078,1,TYPE,,,0,HY,HY-FI
496801078,2,SEU,,Micrometer,1,HY,HY-FI
496801078,3,RAC,,,0,HY,HY-FI
496801078,4,DEB,,,0,HY,HY-FI
496801078,5,FAB,,,0,HY,HY-FI
496801082,1,TCP,,,0,EE,EE-CP
496801082,2,SIG,,,1,EE,EE-CP
496801082,3,RAC,,,0,EE,EE-CP
496801082,4,ALIM,,,0,EE,EE-CP
496801082,5,PLG,,,0,EE,EE-CP
496801084,1,TYPE,,,0,EL,EL-CA
496801084,2,SEC,,,1,EL,EL-CA
496801084,3,NBCD,,Nos,0,EL,EL-CA
496801084,4,MAT,,,0,EL,EL-CA
496801084,5,BLI,,,0,EL,EL-CA
496801085,1,TYPE,,,0,ME,ME-EN
496801085,2,NDR,,,1,ME,ME-EN
496801085,3,MODU,,,0,ME,ME-EN
496801085,4,DIM,,Millimeter,0,ME,ME-EN
496801085,5,MAT,,,0,ME,ME-EN
498024008,1,TYPE,,,0,PN,PN-CO
498024008,2,PMD,,,1,PN,PN-CO
498024008,3,CCU,,L,0,PN,PN-CO
498024008,4,PRE,,Bar,0,PN,PN-CO
498024008,5,FAB,,,0,PN,PN-CO
498024094,1,TYPE,,,0,ME,ME-JO
498024094,2,DIA,,Millimeter,1,ME,ME-JO
498024094,3,DIM,,Millimeter,0,ME,ME-JO
498024094,4,MAT,,,0,ME,ME-JO
498024094,5,USG,,,0,ME,ME-JO
498024176,1,TYPE,,,0,EL,EL-FU
498024176,2,CDP,,AMP,1,EL,EL-FU
498024176,3,TAI,,,0,EL,EL-FU
498024176,4,TEN,,,0,EL,EL-FU
498024176,5,FAB,,,0,EL,EL-FU
498024687,1,TYPE,,,0,ME,ME-JO
498024687,2,DIA,,Millimeter,1,ME,ME-JO
498024687,3,DIM,,Millimeter,0,ME,ME-JO
498024687,4,MAT,,,0,ME,ME-JO
498024687,5,USG,,,0,ME,ME-JO
498024881,1,TYPE,,,0,HY,HY-FL
498024881,2,DN,,,1,HY,HY-FL
498024881,3,LON,,Millimeter,0,HY,HY-FL
498024881,4,EMB,,,0,HY,HY-FL
498024881,5,PRE,,Bar,0,HY,HY-FL
498024882,1,TYPE,,,0,PN,PN-CO
498024882,2,PMD,,,1,PN,PN-CO
498024882,3,CCU,,L,0,PN,PN-CO
498024882,4,PRE,,Bar,0,PN,PN-CO
498024882,5,FAB,,,0,PN,PN-CO
498301006,1,TYPE,,,0,HY,HY-FL
498301006,2,DN,,,1,HY,HY-FL
498301006,3,LON,,Millimeter,0,HY,HY-FL
498301006,4,EMB,,,0,HY,HY-FL
498301006,5,PRE,,Bar,0,HY,HY-FL
498301007,1,TYPE,,,0,HY,HY-FL
498301007,2,DN,,,1,HY,HY-FL
498301007,3,LON,,Millimeter,0,HY,HY-FL
498301007,4,EMB,,,0,HY,HY-FL
498301007,5,PRE,,Bar,0,HY,HY-FL
499968004,1,FON,,,0,PN,PN-EV
499968004,2,DDR,,,1,PN,PN-EV
499968004,3,FIL,,,0,PN,PN-EV
499968004,4,TNC,,,0,PN,PN-EV
499968004,5,TYPE,,,0,PN,PN-EV
499968007,1,TYPE,,,0,EL,EL-FU
499968007,2,CDP,,AMP,1,EL,EL-FU
499968007,3,TAI,,,0,EL,EL-FU
499968007,4,TEN,,,0,EL,EL-FU
499968007,5,FAB,,,0,EL,EL-FU
499968008,1,TYPE,,,0,EL,EL-FU
499968008,2,CDP,,AMP,1,EL,EL-FU
499968008,3,TAI,,,0,EL,EL-FU
499968008,4,TEN,,,0,EL,EL-FU
499968008,5,FAB,,,0,EL,EL-FU
499968009,1,TYPE,,,0,EL,EL-FU
499968009,2,CDP,,AMP,1,EL,EL-FU
499968009,3,TAI,,,0,EL,EL-FU
499968009,4,TEN,,,0,EL,EL-FU
499968009,5,FAB,,,0,EL,EL-FU
499968010,1,TYPE,,,0,EL,EL-FU
499968010,2,CDP,,AMP,1,EL,EL-FU
499968010,3,TAI,,,0,EL,EL-FU
499968010,4,TEN,,,0,EL,EL-FU
499968010,5,FAB,,,0,EL,EL-FU
499968011,1,TYPE,,,0,EL,EL-FU
499968011,2,CDP,,AMP,1,EL,EL-FU
499968011,3,TAI,,,0,EL,EL-FU
499968011,4,TEN,,,0,EL,EL-FU
499968011,5,FAB,,,0,EL,EL-FU
499970201,1,TYPE,,,0,EL,EL-DI
499970201,2,CAL,,AMP,1,EL,EL-DI
499970201,3,TEN,,,0,EL,EL-DI
499970201,4,NBP,,Nos,0,EL,EL-DI
499970201,5,FAB,,,0,EL,EL-DI
499970240,1,TYPE,,,0,EL,EL-CA
499970240,2,SEC,,,1,EL,EL-CA
499970240,3,NBCD,,Nos,0,EL,EL-CA
499970240,4,MAT,,,0,EL,EL-CA
499970240,5,BLI,,,0,EL,EL-CA
499970358,1,TDC,,,0,EL,EL-MO
499970358,2,PUI,,Kilowatt,1,EL,EL-MO
499970358,3,VIT,,,0,EL,EL-MO
499970358,4,FIX,,,0,EL,EL-MO
499970358,5,TEN,,,0,EL,EL-MO
499970443,1,TYPE,,,0,ME,ME-RO
499970443,2,DIAI,,Millimeter,1,ME,ME-RO
499970443,3,SR,,,0,ME,ME-RO
499970443,4,DIAE,,Millimeter,0,ME,ME-RO
499970443,5,EPJ,,,0,ME,ME-RO
499980028,1,TYPE,,,0,ME,ME-RO
499980028,2,DIAI,,Millimeter,1,ME,ME-RO
499980028,3,SR,,,0,ME,ME-RO
499980028,4,DIAE,,Millimeter,0,ME,ME-RO
499980028,5,EPJ,,,0,ME,ME-RO
499980029,1,FTT,,,1,ME,ME-VI
499980029,2,DIA,,Millimeter,0,ME,ME-VI
499980029,3,LON,,Millimeter,0,ME,ME-VI
499980029,4,MAT,,,0,ME,ME-VI
499980029,5,FIL,,,0,ME,ME-VI
499980030,1,TYPE,,,0,HY,HY-FI
499980030,2,SEU,,Micrometer,1,HY,HY-FI
499980030,3,RAC,,,0,HY,HY-FI
499980030,4,DEB,,,0,HY,HY-FI
499980030,5,FAB,,,0,HY,HY-FI
499980031,1,TYPE,,,0,HY,HY-FI
499980031,2,SEU,,Micrometer,1,HY,HY-FI
499980031,3,RAC,,,0,HY,HY-FI
499980031,4,DEB,,,0,HY,HY-FI
499980031,5,FAB,,,0,HY,HY-FI
499980033,1,TYPE,,,0,ME,ME-RO
499980033,2,DIAI,,Millimeter,1,ME,ME-RO
499980033,3,SR,,,0,ME,ME-RO
499980033,4,DIAE,,Millimeter,0,ME,ME-RO
499980033,5,EPJ,,,0,ME,ME-RO
499980035,1,TYPE,,,0,ME,ME-RO
499980035,2,DIAI,,Millimeter,1,ME,ME-RO
499980035,3,SR,,,0,ME,ME-RO
499980035,4,DIAE,,Millimeter,0,ME,ME-RO
499980035,5,EPJ,,,0,ME,ME-RO
499980037,1,TYPE,,,0,HY,HY-VE
499980037,2,DAP,,Millimeter,1,HY,HY-VE
499980037,3,DGT,,Millimeter,0,HY,HY-VE
499980037,4,COU,,Millimeter,0,HY,HY-VE
499980037,5,PRE,,Bar,0,HY,HY-VE
499980038,1,TYPE,,,0,HY,HY-FL
499980038,2,DN,,,1,HY,HY-FL
499980038,3,LON,,Millimeter,0,HY,HY-FL
499980038,4,EMB,,,0,HY,HY-FL
499980038,5,PRE,,Bar,0,HY,HY-FL
499980039,1,TYPE,,,0,ME,ME-RO
499980039,2,DIAI,,Millimeter,1,ME,ME-RO
499980039,3,SR,,,0,ME,ME-RO
499980039,4,DIAE,,Millimeter,0,ME,ME-RO
499980039,5,EPJ,,,0,ME,ME-RO
571005014,1,TYPE,,,1,CS,CS-GC
571005014,2,GRA,,,0,CS,CS-GC
571005014,3,CND,,,0,CS,CS-GC
571005014,4,APP,,,0,CS,CS-GC
571005014,5,FAB,,,0,CS,CS-GC
573010012,1,TYPE,,,1,CS,CS-AM
573010012,2,RES,,,0,CS,CS-AM
573010012,3,CND,,,0,CS,CS-AM
573010012,4,APP,,,0,CS,CS-AM
573010012,5,FAB,,,0,CS,CS-AM
590000002,1,TYPE,,,0,ME,ME-RO
590000002,2,DIAI,,Millimeter,1,ME,ME-RO
590000002,3,SR,,,0,ME,ME-RO
590000002,4,DIAE,,Millimeter,0,ME,ME-RO
590000002,5,EPJ,,,0,ME,ME-RO
590000003,1,SER,,,0,EE,EE-AU
590000003,2,NES,,Nos,1,EE,EE-AU
590000003,3,ALIM,,,0,EE,EE-AU
590000003,4,CONS,,,0,EE,EE-AU
590000003,5,TMO,,,0,EE,EE-AU
590000005,1,TCP,,,0,EE,EE-CP
590000005,2,SIG,,,1,EE,EE-CP
590000005,3,RAC,,,0,EE,EE-CP
590000005,4,ALIM,,,0,EE,EE-CP
590000005,5,PLG,,,0,EE,EE-CP
590000007,1,TYPE,,,0,ME,ME-RO
590000007,2,DIAI,,Millimeter,1,ME,ME-RO
590000007,3,SR,,,0,ME,ME-RO
590000007,4,DIAE,,Millimeter,0,ME,ME-RO
590000007,5,EPJ,,,0,ME,ME-RO
590000008,1,TCP,,,0,EE,EE-CP
590000008,2,SIG,,,1,EE,EE-CP
590000008,3,RAC,,,0,EE,EE-CP
590000008,4,ALIM,,,0,EE,EE-CP
590000008,5,PLG,,,0,EE,EE-CP
590000010,1,TAL,,,0,IN,IN-VA
590000010,2,PMM,,Kilowatt,1,IN,IN-VA
590000010,3,MOD,,,0,IN,IN-VA
590000010,4,TEN,,,0,IN,IN-VA
590000010,5,FAB,,,0,IN,IN-VA
590000011,1,SER,,,0,EE,EE-AU
590000011,2,NES,,Nos,1,EE,EE-AU
590000011,3,ALIM,,,0,EE,EE-AU
590000011,4,CONS,,,0,EE,EE-AU
590000011,5,TMO,,,0,EE,EE-AU
590000012,1,SER,,,0,EE,EE-AU
590000012,2,NES,,Nos,1,EE,EE-AU
590000012,3,ALIM,,,0,EE,EE-AU
590000012,4,CONS,,,0,EE,EE-AU
590000012,5,TMO,,,0,EE,EE-AU
590000013,1,SER,,,0,EE,EE-AU
590000013,2,NES,,Nos,1,EE,EE-AU
590000013,3,ALIM,,,0,EE,EE-AU
590000013,4,CONS,,,0,EE,EE-AU
590000013,5,TMO,,,0,EE,EE-AU
590000014,1,TAL,,,0,IN,IN-VA
590000014,2,PMM,,Kilowatt,1,IN,IN-VA
590000014,3,MOD,,,0,IN,IN-VA
590000014,4,TEN,,,0,IN,IN-VA
590000014,5,FAB,,,0,IN,IN-VA
590000015,1,SER,,,0,EE,EE-AU
590000015,2,NES,,Nos,1,EE,EE-AU
590000015,3,ALIM,,,0,EE,EE-AU
590000015,4,CONS,,,0,EE,EE-AU
590000015,5,TMO,,,0,EE,EE-AU
590000016,1,TCP,,,0,EE,EE-CP
590000016,2,SIG,,,1,EE,EE-CP
590000016,3,RAC,,,0,EE,EE-CP
590000016,4,ALIM,,,0,EE,EE-CP
590000016,5,PLG,,,0,EE,EE-CP
590000017,1,TCP,,,0,EE,EE-CP
590000017,2,SIG,,,1,EE,EE-CP
590000017,3,RAC,,,0,EE,EE-CP
590000017,4,ALIM,,,0,EE,EE-CP
590000017,5,PLG,,,0,EE,EE-CP
590000018,1,TCP,,,0,EE,EE-CP
590000018,2,SIG,,,1,EE,EE-CP
590000018,3,RAC,,,0,EE,EE-CP
590000018,4,ALIM,,,0,EE,EE-CP
590000018,5,PLG,,,0,EE,EE-CP
590000019,1,TCP,,,0,EE,EE-CP
590000019,2,SIG,,,1,EE,EE-CP
590000019,3,RAC,,,0,EE,EE-CP
590000019,4,ALIM,,,0,EE,EE-CP
590000019,5,PLG,,,0,EE,EE-CP
590000024,1,TYPE,,,0,ME,ME-JO
590000024,2,DIA,,Millimeter,1,ME,ME-JO
590000024,3,DIM,,Millimeter,0,ME,ME-JO
590000024,4,MAT,,,0,ME,ME-JO
590000024,5,USG,,,0,ME,ME-JO
590000027,1,TPR,,,0,ME,ME-CO
590000027,2,LPR,,Millimeter,1,ME,ME-CO
590000027,3,LEP,,Millimeter,0,ME,ME-CO
590000027,4,PDE,,,0,ME,ME-CO
590000027,5,MAT,,,0,ME,ME-CO
590000028,1,TPR,,,0,ME,ME-CO
590000028,2,LPR,,Millimeter,1,ME,ME-CO
590000028,3,LEP,,Millimeter,0,ME,ME-CO
590000028,4,PDE,,,0,ME,ME-CO
590000028,5,MAT,,,0,ME,ME-CO
590000038,1,TEC,,Inch,1,EE,EE-HM
590000038,2,RET,,,0,EE,EE-HM
590000038,3,ALIM,,,0,EE,EE-HM
590000038,4,CONS,,,0,EE,EE-HM
590000038,5,COM,,,0,EE,EE-HM
590000039,1,TYPE,,,1,CS,CS-JG
590000039,2,MAT,,,0,CS,CS-JG
590000039,3,DIM,,Millimeter,0,CS,CS-JG
590000039,4,REFERENC,,,0,CS,CS-JG
590000039,5,FAB,,,0,CS,CS-JG
590000040,1,TPR,,,0,ME,ME-CO
590000040,2,LPR,,Millimeter,1,ME,ME-CO
590000040,3,LEP,,Millimeter,0,ME,ME-CO
590000040,4,PDE,,,0,ME,ME-CO
590000040,5,MAT,,,0,ME,ME-CO
590000041,1,TYPE,,,0,ME,ME-JO
590000041,2,DIA,,Millimeter,1,ME,ME-JO
590000041,3,DIM,,Millimeter,0,ME,ME-JO
590000041,4,MAT,,,0,ME,ME-JO
590000041,5,USG,,,0,ME,ME-JO
590000042,1,TYPE,,,0,ME,ME-JO
590000042,2,DIA,,Millimeter,1,ME,ME-JO
590000042,3,DIM,,Millimeter,0,ME,ME-JO
590000042,4,MAT,,,0,ME,ME-JO
590000042,5,USG,,,0,ME,ME-JO
590000043,1,TYPE,,,0,ME,ME-JO
590000043,2,DIA,,Millimeter,1,ME,ME-JO
590000043,3,DIM,,Millimeter,0,ME,ME-JO
590000043,4,MAT,,,0,ME,ME-JO
590000043,5,USG,,,0,ME,ME-JO
590000044,1,TYPE,,,0,ME,ME-JO
590000044,2,DIA,,Millimeter,1,ME,ME-JO
590000044,3,DIM,,Millimeter,0,ME,ME-JO
590000044,4,MAT,,,0,ME,ME-JO
590000044,5,USG,,,0,ME,ME-JO
590000045,1,TYPE,,,0,ME,ME-JO
590000045,2,DIA,,Millimeter,1,ME,ME-JO
590000045,3,DIM,,Millimeter,0,ME,ME-JO
590000045,4,MAT,,,0,ME,ME-JO
590000045,5,USG,,,0,ME,ME-JO
590000046,1,TYPE,,,0,ME,ME-JO
590000046,2,DIA,,Millimeter,1,ME,ME-JO
590000046,3,DIM,,Millimeter,0,ME,ME-JO
590000046,4,MAT,,,0,ME,ME-JO
590000046,5,USG,,,0,ME,ME-JO
590000047,1,TPR,,,0,ME,ME-CO
590000047,2,LPR,,Millimeter,1,ME,ME-CO
590000047,3,LEP,,Millimeter,0,ME,ME-CO
590000047,4,PDE,,,0,ME,ME-CO
590000047,5,MAT,,,0,ME,ME-CO
590000048,1,TPR,,,0,ME,ME-CO
590000048,2,LPR,,Millimeter,1,ME,ME-CO
590000048,3,LEP,,Millimeter,0,ME,ME-CO
590000048,4,PDE,,,0,ME,ME-CO
590000048,5,MAT,,,0,ME,ME-CO
590000049,1,TYPE,,,1,CS,CS-JG
590000049,2,MAT,,,0,CS,CS-JG
590000049,3,DIM,,Millimeter,0,CS,CS-JG
590000049,4,REFERENC,,,0,CS,CS-JG
590000049,5,FAB,,,0,CS,CS-JG
590000051,1,TYPE,,,1,CS,CS-JG
590000051,2,MAT,,,0,CS,CS-JG
590000051,3,DIM,,Millimeter,0,CS,CS-JG
590000051,4,REFERENC,,,0,CS,CS-JG
590000051,5,FAB,,,0,CS,CS-JG
590000053,1,TYPE,,,1,CS,CS-JG
590000053,2,MAT,,,0,CS,CS-JG
590000053,3,DIM,,Millimeter,0,CS,CS-JG
590000053,4,REFERENC,,,0,CS,CS-JG
590000053,5,FAB,,,0,CS,CS-JG
590000054,1,TPR,,,0,ME,ME-CO
590000054,2,LPR,,Millimeter,1,ME,ME-CO
590000054,3,LEP,,Millimeter,0,ME,ME-CO
590000054,4,PDE,,,0,ME,ME-CO
590000054,5,MAT,,,0,ME,ME-CO
590000055,1,TYPE,,,0,ME,ME-JO
590000055,2,DIA,,Millimeter,1,ME,ME-JO
590000055,3,DIM,,Millimeter,0,ME,ME-JO
590000055,4,MAT,,,0,ME,ME-JO
590000055,5,USG,,,0,ME,ME-JO
590000056,1,TPR,,,0,ME,ME-CO
590000056,2,LPR,,Millimeter,1,ME,ME-CO
590000056,3,LEP,,Millimeter,0,ME,ME-CO
590000056,4,PDE,,,0,ME,ME-CO
590000056,5,MAT,,,0,ME,ME-CO
590000057,1,TCP,,,0,EE,EE-CP
590000057,2,SIG,,,1,EE,EE-CP
590000057,3,RAC,,,0,EE,EE-CP
590000057,4,ALIM,,,0,EE,EE-CP
590000057,5,PLG,,,0,EE,EE-CP
590000066,1,TYPE,,,0,ME,ME-EN
590000066,2,NDR,,,1,ME,ME-EN
590000066,3,MODU,,,0,ME,ME-EN
590000066,4,DIM,,Millimeter,0,ME,ME-EN
590000066,5,MAT,,,0,ME,ME-EN
590000070,1,TCO,,,1,IN,IN-TH
590000070,2,LGA,,Millimeter,0,IN,IN-TH
590000070,3,DGA,,Millimeter,0,IN,IN-TH
590000070,4,RAC,,,0,IN,IN-TH
590000070,5,FAB,,,0,IN,IN-TH
590000071,1,TCP,,,0,EE,EE-CP
590000071,2,SIG,,,1,EE,EE-CP
590000071,3,RAC,,,0,EE,EE-CP
590000071,4,ALIM,,,0,EE,EE-CP
590000071,5,PLG,,,0,EE,EE-CP
590000072,1,TCP,,,0,EE,EE-CP
590000072,2,SIG,,,1,EE,EE-CP
590000072,3,RAC,,,0,EE,EE-CP
590000072,4,ALIM,,,0,EE,EE-CP
590000072,5,PLG,,,0,EE,EE-CP
590000074,1,TYPE,,,0,HY,HY-FL
590000074,2,DN,,,1,HY,HY-FL
590000074,3,LON,,Millimeter,0,HY,HY-FL
590000074,4,EMB,,,0,HY,HY-FL
590000074,5,PRE,,Bar,0,HY,HY-FL
590000075,1,TPR,,,0,ME,ME-CO
590000075,2,LPR,,Millimeter,1,ME,ME-CO
590000075,3,LEP,,Millimeter,0,ME,ME-CO
590000075,4,PDE,,,0,ME,ME-CO
590000075,5,MAT,,,0,ME,ME-CO
590000076,1,TPR,,,0,ME,ME-CO
590000076,2,LPR,,Millimeter,1,ME,ME-CO
590000076,3,LEP,,Millimeter,0,ME,ME-CO
590000076,4,PDE,,,0,ME,ME-CO
590000076,5,MAT,,,0,ME,ME-CO
590000077,1,TPR,,,0,ME,ME-CO
590000077,2,LPR,,Millimeter,1,ME,ME-CO
590000077,3,LEP,,Millimeter,0,ME,ME-CO
590000077,4,PDE,,,0,ME,ME-CO
590000077,5,MAT,,,0,ME,ME-CO
590000078,1,TPR,,,0,ME,ME-CO
590000078,2,LPR,,Millimeter,1,ME,ME-CO
590000078,3,LEP,,Millimeter,0,ME,ME-CO
590000078,4,PDE,,,0,ME,ME-CO
590000078,5,MAT,,,0,ME,ME-CO
590000096,1,TFM,,,1,EE,EE-CA
590000096,2,REF,,,0,EE,EE-CA
590000096,3,CONS,,,0,EE,EE-CA
590000096,4,ALIM,,,0,EE,EE-CA
590000096,5,VER,,,0,EE,EE-CA
590000098,1,TPR,,,0,ME,ME-CO
590000098,2,LPR,,Millimeter,1,ME,ME-CO
590000098,3,LEP,,Millimeter,0,ME,ME-CO
590000098,4,PDE,,,0,ME,ME-CO
590000098,5,MAT,,,0,ME,ME-CO
590000099,1,TAL,,,0,IN,IN-VA
590000099,2,PMM,,Kilowatt,1,IN,IN-VA
590000099,3,MOD,,,0,IN,IN-VA
590000099,4,TEN,,,0,IN,IN-VA
590000099,5,FAB,,,0,IN,IN-VA
590000100,1,TDC,,,0,EL,EL-MO
590000100,2,PUI,,Kilowatt,1,EL,EL-MO
590000100,3,VIT,,,0,EL,EL-MO
590000100,4,FIX,,,0,EL,EL-MO
590000100,5,TEN,,,0,EL,EL-MO
590000101,1,TYPE,,,0,EL,EL-RE
590000101,2,TDCB,,,1,EL,EL-RE
590000101,3,CRT,,AMP,0,EL,EL-RE
590000101,4,NBC,,Nos,0,EL,EL-RE
590000101,5,FAB,,,0,EL,EL-RE
590000103,1,TPR,,,0,ME,ME-CO
590000103,2,LPR,,Millimeter,1,ME,ME-CO
590000103,3,LEP,,Millimeter,0,ME,ME-CO
590000103,4,PDE,,,0,ME,ME-CO
590000103,5,MAT,,,0,ME,ME-CO
590000106,1,TPR,,,0,ME,ME-CO
590000106,2,LPR,,Millimeter,1,ME,ME-CO
590000106,3,LEP,,Millimeter,0,ME,ME-CO
590000106,4,PDE,,,0,ME,ME-CO
590000106,5,MAT,,,0,ME,ME-CO
590000107,1,TPR,,,0,ME,ME-CO
590000107,2,LPR,,Millimeter,1,ME,ME-CO
590000107,3,LEP,,Millimeter,0,ME,ME-CO
590000107,4,PDE,,,0,ME,ME-CO
590000107,5,MAT,,,0,ME,ME-CO
590000108,1,TPR,,,0,ME,ME-CO
590000108,2,LPR,,Millimeter,1,ME,ME-CO
590000108,3,LEP,,Millimeter,0,ME,ME-CO
590000108,4,PDE,,,0,ME,ME-CO
590000108,5,MAT,,,0,ME,ME-CO
590000110,1,TYPE,,,0,HY,HY-FL
590000110,2,DN,,,1,HY,HY-FL
590000110,3,LON,,Millimeter,0,HY,HY-FL
590000110,4,EMB,,,0,HY,HY-FL
590000110,5,PRE,,Bar,0,HY,HY-FL
590000115,1,TCO,,,1,IN,IN-TH
590000115,2,LGA,,Millimeter,0,IN,IN-TH
590000115,3,DGA,,Millimeter,0,IN,IN-TH
590000115,4,RAC,,,0,IN,IN-TH
590000115,5,FAB,,,0,IN,IN-TH
590000116,1,TYPE,,,0,ME,ME-JO
590000116,2,DIA,,Millimeter,1,ME,ME-JO
590000116,3,DIM,,Millimeter,0,ME,ME-JO
590000116,4,MAT,,,0,ME,ME-JO
590000116,5,USG,,,0,ME,ME-JO
590000117,1,TCP,,,0,EE,EE-CP
590000117,2,SIG,,,1,EE,EE-CP
590000117,3,RAC,,,0,EE,EE-CP
590000117,4,ALIM,,,0,EE,EE-CP
590000117,5,PLG,,,0,EE,EE-CP
590000119,1,TYPE,,,0,HY,HY-PO
590000119,2,DEB,,,1,HY,HY-PO
590000119,3,CYL,,,0,HY,HY-PO
590000119,4,PRE,,Bar,0,HY,HY-PO
590000119,5,LIQ,,,0,HY,HY-PO
590000120,1,TCP,,,0,EE,EE-CP
590000120,2,SIG,,,1,EE,EE-CP
590000120,3,RAC,,,0,EE,EE-CP
590000120,4,ALIM,,,0,EE,EE-CP
590000120,5,PLG,,,0,EE,EE-CP
590000125,1,TPR,,,0,ME,ME-CO
590000125,2,LPR,,Millimeter,1,ME,ME-CO
590000125,3,LEP,,Millimeter,0,ME,ME-CO
590000125,4,PDE,,,0,ME,ME-CO
590000125,5,MAT,,,0,ME,ME-CO
590000128,1,TPR,,,0,ME,ME-CO
590000128,2,LPR,,Millimeter,1,ME,ME-CO
590000128,3,LEP,,Millimeter,0,ME,ME-CO
590000128,4,PDE,,,0,ME,ME-CO
590000128,5,MAT,,,0,ME,ME-CO
590000129,1,TDC,,,0,EL,EL-MO
590000129,2,PUI,,Kilowatt,1,EL,EL-MO
590000129,3,VIT,,,0,EL,EL-MO
590000129,4,FIX,,,0,EL,EL-MO
590000129,5,TEN,,,0,EL,EL-MO
590000130,1,TCP,,,0,EE,EE-CP
590000130,2,SIG,,,1,EE,EE-CP
590000130,3,RAC,,,0,EE,EE-CP
590000130,4,ALIM,,,0,EE,EE-CP
590000130,5,PLG,,,0,EE,EE-CP
590000131,1,TDC,,,0,EL,EL-MO
590000131,2,PUI,,Kilowatt,1,EL,EL-MO
590000131,3,VIT,,,0,EL,EL-MO
590000131,4,FIX,,,0,EL,EL-MO
590000131,5,TEN,,,0,EL,EL-MO
590000132,1,TYPE,,,0,HY,HY-PO
590000132,2,DEB,,,1,HY,HY-PO
590000132,3,CYL,,,0,HY,HY-PO
590000132,4,PRE,,Bar,0,HY,HY-PO
590000132,5,LIQ,,,0,HY,HY-PO
590000133,1,TAL,,,0,IN,IN-VA
590000133,2,PMM,,Kilowatt,1,IN,IN-VA
590000133,3,MOD,,,0,IN,IN-VA
590000133,4,TEN,,,0,IN,IN-VA
590000133,5,FAB,,,0,IN,IN-VA
590000134,1,TDC,,,0,EL,EL-MO
590000134,2,PUI,,Kilowatt,1,EL,EL-MO
590000134,3,VIT,,,0,EL,EL-MO
590000134,4,FIX,,,0,EL,EL-MO
590000134,5,TEN,,,0,EL,EL-MO
590000135,1,TDC,,,0,EL,EL-MO
590000135,2,PUI,,Kilowatt,1,EL,EL-MO
590000135,3,VIT,,,0,EL,EL-MO
590000135,4,FIX,,,0,EL,EL-MO
590000135,5,TEN,,,0,EL,EL-MO
590000136,1,TYPE,,,0,ME,ME-EN
590000136,2,NDR,,,1,ME,ME-EN
590000136,3,MODU,,,0,ME,ME-EN
590000136,4,DIM,,Millimeter,0,ME,ME-EN
590000136,5,MAT,,,0,ME,ME-EN
590000137,1,TYPE,,,0,HY,HY-VE
590000137,2,DAP,,Millimeter,1,HY,HY-VE
590000137,3,DGT,,Millimeter,0,HY,HY-VE
590000137,4,COU,,Millimeter,0,HY,HY-VE
590000137,5,PRE,,Bar,0,HY,HY-VE
590000138,1,TCP,,,0,EE,EE-CP
590000138,2,SIG,,,1,EE,EE-CP
590000138,3,RAC,,,0,EE,EE-CP
590000138,4,ALIM,,,0,EE,EE-CP
590000138,5,PLG,,,0,EE,EE-CP
590000139,1,TYPE,,,0,ME,ME-EN
590000139,2,NDR,,,1,ME,ME-EN
590000139,3,MODU,,,0,ME,ME-EN
590000139,4,DIM,,Millimeter,0,ME,ME-EN
590000139,5,MAT,,,0,ME,ME-EN
590000140,1,TYPE,,,0,SE,SE-EC
590000140,2,PEN,,Watt,1,SE,SE-EC
590000140,3,TEN,,,0,SE,SE-EC
590000140,4,FOR,,,0,SE,SE-EC
590000140,5,FAB,,,0,SE,SE-EC
590000141,1,TYPE,,,0,ME,ME-JO
590000141,2,DIA,,Millimeter,1,ME,ME-JO
590000141,3,DIM,,Millimeter,0,ME,ME-JO
590000141,4,MAT,,,0,ME,ME-JO
590000141,5,USG,,,0,ME,ME-JO
590000142,1,TYPE,,,0,ME,ME-JO
590000142,2,DIA,,Millimeter,1,ME,ME-JO
590000142,3,DIM,,Millimeter,0,ME,ME-JO
590000142,4,MAT,,,0,ME,ME-JO
590000142,5,USG,,,0,ME,ME-JO
590000144,1,TYPE,,,0,ME,ME-JO
590000144,2,DIA,,Millimeter,1,ME,ME-JO
590000144,3,DIM,,Millimeter,0,ME,ME-JO
590000144,4,MAT,,,0,ME,ME-JO
590000144,5,USG,,,0,ME,ME-JO
590000145,1,TCP,,,0,EE,EE-CP
590000145,2,SIG,,,1,EE,EE-CP
590000145,3,RAC,,,0,EE,EE-CP
590000145,4,ALIM,,,0,EE,EE-CP
590000145,5,PLG,,,0,EE,EE-CP
590000147,1,TCP,,,0,EE,EE-CP
590000147,2,SIG,,,1,EE,EE-CP
590000147,3,RAC,,,0,EE,EE-CP
590000147,4,ALIM,,,0,EE,EE-CP
590000147,5,PLG,,,0,EE,EE-CP
590000148,1,TYPE,,,0,ME,ME-EN
590000148,2,NDR,,,1,ME,ME-EN
590000148,3,MODU,,,0,ME,ME-EN
590000148,4,DIM,,Millimeter,0,ME,ME-EN
590000148,5,MAT,,,0,ME,ME-EN
590000149,1,TCP,,,0,EE,EE-CP
590000149,2,SIG,,,1,EE,EE-CP
590000149,3,RAC,,,0,EE,EE-CP
590000149,4,ALIM,,,0,EE,EE-CP
590000149,5,PLG,,,0,EE,EE-CP
590000150,1,TYPE,,,0,ME,ME-JO
590000150,2,DIA,,Millimeter,1,ME,ME-JO
590000150,3,DIM,,Millimeter,0,ME,ME-JO
590000150,4,MAT,,,0,ME,ME-JO
590000150,5,USG,,,0,ME,ME-JO
590000151,1,TYPE,,,0,ME,ME-RO
590000151,2,DIAI,,Millimeter,1,ME,ME-RO
590000151,3,SR,,,0,ME,ME-RO
590000151,4,DIAE,,Millimeter,0,ME,ME-RO
590000151,5,EPJ,,,0,ME,ME-RO
590000153,1,TCP,,,0,EE,EE-CP
590000153,2,SIG,,,1,EE,EE-CP
590000153,3,RAC,,,0,EE,EE-CP
590000153,4,ALIM,,,0,EE,EE-CP
590000153,5,PLG,,,0,EE,EE-CP
590000154,1,TYPE,,,0,ME,ME-JO
590000154,2,DIA,,Millimeter,1,ME,ME-JO
590000154,3,DIM,,Millimeter,0,ME,ME-JO
590000154,4,MAT,,,0,ME,ME-JO
590000154,5,USG,,,0,ME,ME-JO
590000156,1,TYPE,,,0,HY,HY-VE
590000156,2,DAP,,Millimeter,1,HY,HY-VE
590000156,3,DGT,,Millimeter,0,HY,HY-VE
590000156,4,COU,,Millimeter,0,HY,HY-VE
590000156,5,PRE,,Bar,0,HY,HY-VE
590000160,1,TPR,,,0,ME,ME-CO
590000160,2,LPR,,Millimeter,1,ME,ME-CO
590000160,3,LEP,,Millimeter,0,ME,ME-CO
590000160,4,PDE,,,0,ME,ME-CO
590000160,5,MAT,,,0,ME,ME-CO
590000163,1,TYPE,,,1,CS,CS-JG
590000163,2,MAT,,,0,CS,CS-JG
590000163,3,DIM,,Millimeter,0,CS,CS-JG
590000163,4,REFERENC,,,0,CS,CS-JG
590000163,5,FAB,,,0,CS,CS-JG
590000164,1,FON,,,0,PN,PN-EV
590000164,2,DDR,,,1,PN,PN-EV
590000164,3,FIL,,,0,PN,PN-EV
590000164,4,TNC,,,0,PN,PN-EV
590000164,5,TYPE,,,0,PN,PN-EV
590000165,1,TYPE,,,0,HY,HY-FI
590000165,2,SEU,,Micrometer,1,HY,HY-FI
590000165,3,RAC,,,0,HY,HY-FI
590000165,4,DEB,,,0,HY,HY-FI
590000165,5,FAB,,,0,HY,HY-FI
590000168,1,TYPE,,,0,HY,HY-FI
590000168,2,SEU,,Micrometer,1,HY,HY-FI
590000168,3,RAC,,,0,HY,HY-FI
590000168,4,DEB,,,0,HY,HY-FI
590000168,5,FAB,,,0,HY,HY-FI
590000175,1,TYPE,,,0,ME,ME-CH
590000175,2,PAS,,Millimeter,1,ME,ME-CH
590000175,3,NBM,,Nos,0,ME,ME-CH
590000175,4,LON,,Millimeter,0,ME,ME-CH
590000175,5,STD,,,0,ME,ME-CH
590000177,1,TYPE,,,0,HY,HY-FI
590000177,2,SEU,,Micrometer,1,HY,HY-FI
590000177,3,RAC,,,0,HY,HY-FI
590000177,4,DEB,,,0,HY,HY-FI
590000177,5,FAB,,,0,HY,HY-FI
590000178,1,TYPE,,,0,ME,ME-RO
590000178,2,DIAI,,Millimeter,1,ME,ME-RO
590000178,3,SR,,,0,ME,ME-RO
590000178,4,DIAE,,Millimeter,0,ME,ME-RO
590000178,5,EPJ,,,0,ME,ME-RO
590000186,1,TYPE,,,0,ME,ME-CH
590000186,2,PAS,,Millimeter,1,ME,ME-CH
590000186,3,NBM,,Nos,0,ME,ME-CH
590000186,4,LON,,Millimeter,0,ME,ME-CH
590000186,5,STD,,,0,ME,ME-CH
590000187,1,TYPE,,,0,EL,EL-CO
590000187,2,ICM,,AMP,1,EL,EL-CO
590000187,3,TNB,,,0,EL,EL-CO
590000187,4,NBC,,Nos,0,EL,EL-CO
590000187,5,FAB,,,0,EL,EL-CO
590000190,1,TPR,,,0,ME,ME-CO
590000190,2,LPR,,Millimeter,1,ME,ME-CO
590000190,3,LEP,,Millimeter,0,ME,ME-CO
590000190,4,PDE,,,0,ME,ME-CO
590000190,5,MAT,,,0,ME,ME-CO
590000192,1,TYPE,,,0,ME,ME-JO
590000192,2,DIA,,Millimeter,1,ME,ME-JO
590000192,3,DIM,,Millimeter,0,ME,ME-JO
590000192,4,MAT,,,0,ME,ME-JO
590000192,5,USG,,,0,ME,ME-JO
590000215,1,TYPE,,,0,ME,ME-EN
590000215,2,NDR,,,1,ME,ME-EN
590000215,3,MODU,,,0,ME,ME-EN
590000215,4,DIM,,Millimeter,0,ME,ME-EN
590000215,5,MAT,,,0,ME,ME-EN
590000216,1,TYPE,,,0,ME,ME-RO
590000216,2,DIAI,,Millimeter,1,ME,ME-RO
590000216,3,SR,,,0,ME,ME-RO
590000216,4,DIAE,,Millimeter,0,ME,ME-RO
590000216,5,EPJ,,,0,ME,ME-RO
590300001,1,TCP,,,0,EE,EE-CP
590300001,2,SIG,,,1,EE,EE-CP
590300001,3,RAC,,,0,EE,EE-CP
590300001,4,ALIM,,,0,EE,EE-CP
590300001,5,PLG,,,0,EE,EE-CP
590300002,1,TCP,,,0,EE,EE-CP
590300002,2,SIG,,,1,EE,EE-CP
590300002,3,RAC,,,0,EE,EE-CP
590300002,4,ALIM,,,0,EE,EE-CP
590300002,5,PLG,,,0,EE,EE-CP
610101002,1,TYPE,,,0,ME,ME-JO
610101002,2,DIA,,Millimeter,1,ME,ME-JO
610101002,3,DIM,,Millimeter,0,ME,ME-JO
610101002,4,MAT,,,0,ME,ME-JO
610101002,5,USG,,,0,ME,ME-JO
612011007,1,TYPE,,,0,HY,HY-RA
612011007,2,DTF,,,1,HY,HY-RA
612011007,3,MAT,,,0,HY,HY-RA
612011007,4,FRM,,,0,HY,HY-RA
612011007,5,PRE,,Bar,0,HY,HY-RA
612011031,1,TYPE,,,0,SE,SE-EC
612011031,2,PEN,,Watt,1,SE,SE-EC
612011031,3,TEN,,,0,SE,SE-EC
612011031,4,FOR,,,0,SE,SE-EC
612011031,5,FAB,,,0,SE,SE-EC
612011041,1,TYPE,,,0,ME,ME-RO
612011041,2,DIAI,,Millimeter,1,ME,ME-RO
612011041,3,SR,,,0,ME,ME-RO
612011041,4,DIAE,,Millimeter,0,ME,ME-RO
612011041,5,EPJ,,,0,ME,ME-RO
612011046,1,TYPE,,,0,EL,EL-CA
612011046,2,SEC,,,1,EL,EL-CA
612011046,3,NBCD,,Nos,0,EL,EL-CA
612011046,4,MAT,,,0,EL,EL-CA
612011046,5,BLI,,,0,EL,EL-CA
612011049,1,TFM,,,1,EE,EE-CA
612011049,2,REF,,,0,EE,EE-CA
612011049,3,CONS,,,0,EE,EE-CA
612011049,4,ALIM,,,0,EE,EE-CA
612011049,5,VER,,,0,EE,EE-CA
612011053,1,TYPE,,,1,CS,CS-GC
612011053,2,GRA,,,0,CS,CS-GC
612011053,3,CND,,,0,CS,CS-GC
612011053,4,APP,,,0,CS,CS-GC
612011053,5,FAB,,,0,CS,CS-GC
612011067,1,TYPE,,,0,SE,SE-EC
612011067,2,PEN,,Watt,1,SE,SE-EC
612011067,3,TEN,,,0,SE,SE-EC
612011067,4,FOR,,,0,SE,SE-EC
612011067,5,FAB,,,0,SE,SE-EC
612011068,1,TYPE,,,0,ME,ME-RO
612011068,2,DIAI,,Millimeter,1,ME,ME-RO
612011068,3,SR,,,0,ME,ME-RO
612011068,4,DIAE,,Millimeter,0,ME,ME-RO
612011068,5,EPJ,,,0,ME,ME-RO
612012008,1,TYPE,,,1,CS,CS-GC
612012008,2,GRA,,,0,CS,CS-GC
612012008,3,CND,,,0,CS,CS-GC
612012008,4,APP,,,0,CS,CS-GC
612012008,5,FAB,,,0,CS,CS-GC
612012055,1,TYPE,,,0,ME,ME-EN
612012055,2,NDR,,,1,ME,ME-EN
612012055,3,MODU,,,0,ME,ME-EN
612012055,4,DIM,,Millimeter,0,ME,ME-EN
612012055,5,MAT,,,0,ME,ME-EN
612012201,1,TCP,,,0,EE,EE-CP
612012201,2,SIG,,,1,EE,EE-CP
612012201,3,RAC,,,0,EE,EE-CP
612012201,4,ALIM,,,0,EE,EE-CP
612012201,5,PLG,,,0,EE,EE-CP
619601301,1,TDC,,,0,EL,EL-MO
619601301,2,PUI,,Kilowatt,1,EL,EL-MO
619601301,3,VIT,,,0,EL,EL-MO
619601301,4,FIX,,,0,EL,EL-MO
619601301,5,TEN,,,0,EL,EL-MO
619601302,1,TDC,,,0,EL,EL-MO
619601302,2,PUI,,Kilowatt,1,EL,EL-MO
619601302,3,VIT,,,0,EL,EL-MO
619601302,4,FIX,,,0,EL,EL-MO
619601302,5,TEN,,,0,EL,EL-MO
619601304,1,TDC,,,0,EL,EL-MO
619601304,2,PUI,,Kilowatt,1,EL,EL-MO
619601304,3,VIT,,,0,EL,EL-MO
619601304,4,FIX,,,0,EL,EL-MO
619601304,5,TEN,,,0,EL,EL-MO
630101183,1,TYPE,,,0,ME,ME-EN
630101183,2,NDR,,,1,ME,ME-EN
630101183,3,MODU,,,0,ME,ME-EN
630101183,4,DIM,,Millimeter,0,ME,ME-EN
630101183,5,MAT,,,0,ME,ME-EN
632913001,1,TDC,,,0,EL,EL-MO
632913001,2,PUI,,Kilowatt,1,EL,EL-MO
632913001,3,VIT,,,0,EL,EL-MO
632913001,4,FIX,,,0,EL,EL-MO
632913001,5,TEN,,,0,EL,EL-MO
632954240,1,TDC,,,0,EL,EL-MO
632954240,2,PUI,,Kilowatt,1,EL,EL-MO
632954240,3,VIT,,,0,EL,EL-MO
632954240,4,FIX,,,0,EL,EL-MO
632954240,5,TEN,,,0,EL,EL-MO
632954270,1,TDC,,,0,EL,EL-MO
632954270,2,PUI,,Kilowatt,1,EL,EL-MO
632954270,3,VIT,,,0,EL,EL-MO
632954270,4,FIX,,,0,EL,EL-MO
632954270,5,TEN,,,0,EL,EL-MO
632954280,1,TDC,,,0,EL,EL-MO
632954280,2,PUI,,Kilowatt,1,EL,EL-MO
632954280,3,VIT,,,0,EL,EL-MO
632954280,4,FIX,,,0,EL,EL-MO
632954280,5,TEN,,,0,EL,EL-MO
632954292,1,TDC,,,0,EL,EL-MO
632954292,2,PUI,,Kilowatt,1,EL,EL-MO
632954292,3,VIT,,,0,EL,EL-MO
632954292,4,FIX,,,0,EL,EL-MO
632954292,5,TEN,,,0,EL,EL-MO
632954293,1,TDC,,,0,EL,EL-MO
632954293,2,PUI,,Kilowatt,1,EL,EL-MO
632954293,3,VIT,,,0,EL,EL-MO
632954293,4,FIX,,,0,EL,EL-MO
632954293,5,TEN,,,0,EL,EL-MO
632954294,1,TDC,,,0,EL,EL-MO
632954294,2,PUI,,Kilowatt,1,EL,EL-MO
632954294,3,VIT,,,0,EL,EL-MO
632954294,4,FIX,,,0,EL,EL-MO
632954294,5,TEN,,,0,EL,EL-MO
632954317,1,TDC,,,0,EL,EL-MO
632954317,2,PUI,,Kilowatt,1,EL,EL-MO
632954317,3,VIT,,,0,EL,EL-MO
632954317,4,FIX,,,0,EL,EL-MO
632954317,5,TEN,,,0,EL,EL-MO
632954323,1,TDC,,,0,EL,EL-MO
632954323,2,PUI,,Kilowatt,1,EL,EL-MO
632954323,3,VIT,,,0,EL,EL-MO
632954323,4,FIX,,,0,EL,EL-MO
632954323,5,TEN,,,0,EL,EL-MO
632954329,1,TDC,,,0,EL,EL-MO
632954329,2,PUI,,Kilowatt,1,EL,EL-MO
632954329,3,VIT,,,0,EL,EL-MO
632954329,4,FIX,,,0,EL,EL-MO
632954329,5,TEN,,,0,EL,EL-MO
632954339,1,TDC,,,0,EL,EL-MO
632954339,2,PUI,,Kilowatt,1,EL,EL-MO
632954339,3,VIT,,,0,EL,EL-MO
632954339,4,FIX,,,0,EL,EL-MO
632954339,5,TEN,,,0,EL,EL-MO
632954353,1,TDC,,,0,EL,EL-MO
632954353,2,PUI,,Kilowatt,1,EL,EL-MO
632954353,3,VIT,,,0,EL,EL-MO
632954353,4,FIX,,,0,EL,EL-MO
632954353,5,TEN,,,0,EL,EL-MO
632954396,1,TDC,,,0,EL,EL-MO
632954396,2,PUI,,Kilowatt,1,EL,EL-MO
632954396,3,VIT,,,0,EL,EL-MO
632954396,4,FIX,,,0,EL,EL-MO
632954396,5,TEN,,,0,EL,EL-MO
632954397,1,TDC,,,0,EL,EL-MO
632954397,2,PUI,,Kilowatt,1,EL,EL-MO
632954397,3,VIT,,,0,EL,EL-MO
632954397,4,FIX,,,0,EL,EL-MO
632954397,5,TEN,,,0,EL,EL-MO
632954398,1,TYPE,,,1,CS,CS-GC
632954398,2,GRA,,,0,CS,CS-GC
632954398,3,CND,,,0,CS,CS-GC
632954398,4,APP,,,0,CS,CS-GC
632954398,5,FAB,,,0,CS,CS-GC
632954421,1,TDC,,,0,EL,EL-MO
632954421,2,PUI,,Kilowatt,1,EL,EL-MO
632954421,3,VIT,,,0,EL,EL-MO
632954421,4,FIX,,,0,EL,EL-MO
632954421,5,TEN,,,0,EL,EL-MO
632954424,1,TDC,,,0,EL,EL-MO
632954424,2,PUI,,Kilowatt,1,EL,EL-MO
632954424,3,VIT,,,0,EL,EL-MO
632954424,4,FIX,,,0,EL,EL-MO
632954424,5,TEN,,,0,EL,EL-MO
632954428,1,TDC,,,0,EL,EL-MO
632954428,2,PUI,,Kilowatt,1,EL,EL-MO
632954428,3,VIT,,,0,EL,EL-MO
632954428,4,FIX,,,0,EL,EL-MO
632954428,5,TEN,,,0,EL,EL-MO
632954437,1,TDC,,,0,EL,EL-MO
632954437,2,PUI,,Kilowatt,1,EL,EL-MO
632954437,3,VIT,,,0,EL,EL-MO
632954437,4,FIX,,,0,EL,EL-MO
632954437,5,TEN,,,0,EL,EL-MO
632954472,1,TDC,,,0,EL,EL-MO
632954472,2,PUI,,Kilowatt,1,EL,EL-MO
632954472,3,VIT,,,0,EL,EL-MO
632954472,4,FIX,,,0,EL,EL-MO
632954472,5,TEN,,,0,EL,EL-MO
632954474,1,TDC,,,0,EL,EL-MO
632954474,2,PUI,,Kilowatt,1,EL,EL-MO
632954474,3,VIT,,,0,EL,EL-MO
632954474,4,FIX,,,0,EL,EL-MO
632954474,5,TEN,,,0,EL,EL-MO
632954480,1,TDC,,,0,EL,EL-MO
632954480,2,PUI,,Kilowatt,1,EL,EL-MO
632954480,3,VIT,,,0,EL,EL-MO
632954480,4,FIX,,,0,EL,EL-MO
632954480,5,TEN,,,0,EL,EL-MO
632954485,1,TDC,,,0,EL,EL-MO
632954485,2,PUI,,Kilowatt,1,EL,EL-MO
632954485,3,VIT,,,0,EL,EL-MO
632954485,4,FIX,,,0,EL,EL-MO
632954485,5,TEN,,,0,EL,EL-MO
632954498,1,TDC,,,0,EL,EL-MO
632954498,2,PUI,,Kilowatt,1,EL,EL-MO
632954498,3,VIT,,,0,EL,EL-MO
632954498,4,FIX,,,0,EL,EL-MO
632954498,5,TEN,,,0,EL,EL-MO
632954499,1,TDC,,,0,EL,EL-MO
632954499,2,PUI,,Kilowatt,1,EL,EL-MO
632954499,3,VIT,,,0,EL,EL-MO
632954499,4,FIX,,,0,EL,EL-MO
632954499,5,TEN,,,0,EL,EL-MO
632954508,1,TDC,,,0,EL,EL-MO
632954508,2,PUI,,Kilowatt,1,EL,EL-MO
632954508,3,VIT,,,0,EL,EL-MO
632954508,4,FIX,,,0,EL,EL-MO
632954508,5,TEN,,,0,EL,EL-MO
632954525,1,TDC,,,0,EL,EL-MO
632954525,2,PUI,,Kilowatt,1,EL,EL-MO
632954525,3,VIT,,,0,EL,EL-MO
632954525,4,FIX,,,0,EL,EL-MO
632954525,5,TEN,,,0,EL,EL-MO
632954536,1,TDC,,,0,EL,EL-MO
632954536,2,PUI,,Kilowatt,1,EL,EL-MO
632954536,3,VIT,,,0,EL,EL-MO
632954536,4,FIX,,,0,EL,EL-MO
632954536,5,TEN,,,0,EL,EL-MO
632955973,1,TDC,,,0,EL,EL-MO
632955973,2,PUI,,Kilowatt,1,EL,EL-MO
632955973,3,VIT,,,0,EL,EL-MO
632955973,4,FIX,,,0,EL,EL-MO
632955973,5,TEN,,,0,EL,EL-MO
632997218,1,TDC,,,0,EL,EL-MO
632997218,2,PUI,,Kilowatt,1,EL,EL-MO
632997218,3,VIT,,,0,EL,EL-MO
632997218,4,FIX,,,0,EL,EL-MO
632997218,5,TEN,,,0,EL,EL-MO
632997235,1,TDC,,,0,EL,EL-MO
632997235,2,PUI,,Kilowatt,1,EL,EL-MO
632997235,3,VIT,,,0,EL,EL-MO
632997235,4,FIX,,,0,EL,EL-MO
632997235,5,TEN,,,0,EL,EL-MO
632997249,1,TDC,,,0,EL,EL-MO
632997249,2,PUI,,Kilowatt,1,EL,EL-MO
632997249,3,VIT,,,0,EL,EL-MO
632997249,4,FIX,,,0,EL,EL-MO
632997249,5,TEN,,,0,EL,EL-MO
632997278,1,TDC,,,0,EL,EL-MO
632997278,2,PUI,,Kilowatt,1,EL,EL-MO
632997278,3,VIT,,,0,EL,EL-MO
632997278,4,FIX,,,0,EL,EL-MO
632997278,5,TEN,,,0,EL,EL-MO
632997281,1,TDC,,,0,EL,EL-MO
632997281,2,PUI,,Kilowatt,1,EL,EL-MO
632997281,3,VIT,,,0,EL,EL-MO
632997281,4,FIX,,,0,EL,EL-MO
632997281,5,TEN,,,0,EL,EL-MO
632997287,1,TDC,,,0,EL,EL-MO
632997287,2,PUI,,Kilowatt,1,EL,EL-MO
632997287,3,VIT,,,0,EL,EL-MO
632997287,4,FIX,,,0,EL,EL-MO
632997287,5,TEN,,,0,EL,EL-MO
632997305,1,TDC,,,0,EL,EL-MO
632997305,2,PUI,,Kilowatt,1,EL,EL-MO
632997305,3,VIT,,,0,EL,EL-MO
632997305,4,FIX,,,0,EL,EL-MO
632997305,5,TEN,,,0,EL,EL-MO
632997315,1,TDC,,,0,EL,EL-MO
632997315,2,PUI,,Kilowatt,1,EL,EL-MO
632997315,3,VIT,,,0,EL,EL-MO
632997315,4,FIX,,,0,EL,EL-MO
632997315,5,TEN,,,0,EL,EL-MO
632997333,1,TDC,,,0,EL,EL-MO
632997333,2,PUI,,Kilowatt,1,EL,EL-MO
632997333,3,VIT,,,0,EL,EL-MO
632997333,4,FIX,,,0,EL,EL-MO
632997333,5,TEN,,,0,EL,EL-MO
641631066,1,TYPE,,,0,SE,SE-SI
641631066,2,CTA,,,1,SE,SE-SI
641631066,3,TEN,,,0,SE,SE-SI
641631066,4,FRM,,,0,SE,SE-SI
641631066,5,FAB,,,0,SE,SE-SI
641631067,1,TYPE,,,0,SE,SE-SI
641631067,2,CTA,,,1,SE,SE-SI
641631067,3,TEN,,,0,SE,SE-SI
641631067,4,FRM,,,0,SE,SE-SI
641631067,5,FAB,,,0,SE,SE-SI
641631068,1,TYPE,,,0,SE,SE-SI
641631068,2,CTA,,,1,SE,SE-SI
641631068,3,TEN,,,0,SE,SE-SI
641631068,4,FRM,,,0,SE,SE-SI
641631068,5,FAB,,,0,SE,SE-SI
641631069,1,TYPE,,,0,SE,SE-SI
641631069,2,CTA,,,1,SE,SE-SI
641631069,3,TEN,,,0,SE,SE-SI
641631069,4,FRM,,,0,SE,SE-SI
641631069,5,FAB,,,0,SE,SE-SI
641631250,1,TYPE,,,0,EL,EL-CO
641631250,2,ICM,,AMP,1,EL,EL-CO
641631250,3,TNB,,,0,EL,EL-CO
641631250,4,NBC,,Nos,0,EL,EL-CO
641631250,5,FAB,,,0,EL,EL-CO
641633112,1,TYPE,,,0,EL,EL-CO
641633112,2,ICM,,AMP,1,EL,EL-CO
641633112,3,TNB,,,0,EL,EL-CO
641633112,4,NBC,,Nos,0,EL,EL-CO
641633112,5,FAB,,,0,EL,EL-CO
641633115,1,TYPE,,,0,EL,EL-CA
641633115,2,SEC,,,1,EL,EL-CA
641633115,3,NBCD,,Nos,0,EL,EL-CA
641633115,4,MAT,,,0,EL,EL-CA
641633115,5,BLI,,,0,EL,EL-CA
643610004,1,TYPE,,,0,EL,EL-DI
643610004,2,CAL,,AMP,1,EL,EL-DI
643610004,3,TEN,,,0,EL,EL-DI
643610004,4,NBP,,Nos,0,EL,EL-DI
643610004,5,FAB,,,0,EL,EL-DI
643610008,1,TYPE,,,0,EL,EL-DI
643610008,2,CAL,,AMP,1,EL,EL-DI
643610008,3,TEN,,,0,EL,EL-DI
643610008,4,NBP,,Nos,0,EL,EL-DI
643610008,5,FAB,,,0,EL,EL-DI
643610010,1,TYPE,,,0,EL,EL-DI
643610010,2,CAL,,AMP,1,EL,EL-DI
643610010,3,TEN,,,0,EL,EL-DI
643610010,4,NBP,,Nos,0,EL,EL-DI
643610010,5,FAB,,,0,EL,EL-DI
643610019,1,TYPE,,,0,EL,EL-DI
643610019,2,CAL,,AMP,1,EL,EL-DI
643610019,3,TEN,,,0,EL,EL-DI
643610019,4,NBP,,Nos,0,EL,EL-DI
643610019,5,FAB,,,0,EL,EL-DI
643610020,1,TYPE,,,0,EL,EL-DI
643610020,2,CAL,,AMP,1,EL,EL-DI
643610020,3,TEN,,,0,EL,EL-DI
643610020,4,NBP,,Nos,0,EL,EL-DI
643610020,5,FAB,,,0,EL,EL-DI
643610049,1,TYPE,,,0,EL,EL-DI
643610049,2,CAL,,AMP,1,EL,EL-DI
643610049,3,TEN,,,0,EL,EL-DI
643610049,4,NBP,,Nos,0,EL,EL-DI
643610049,5,FAB,,,0,EL,EL-DI
643610050,1,TYPE,,,0,EL,EL-DI
643610050,2,CAL,,AMP,1,EL,EL-DI
643610050,3,TEN,,,0,EL,EL-DI
643610050,4,NBP,,Nos,0,EL,EL-DI
643610050,5,FAB,,,0,EL,EL-DI
643610051,1,TYPE,,,0,EL,EL-DI
643610051,2,CAL,,AMP,1,EL,EL-DI
643610051,3,TEN,,,0,EL,EL-DI
643610051,4,NBP,,Nos,0,EL,EL-DI
643610051,5,FAB,,,0,EL,EL-DI
643610052,1,TYPE,,,0,EL,EL-DI
643610052,2,CAL,,AMP,1,EL,EL-DI
643610052,3,TEN,,,0,EL,EL-DI
643610052,4,NBP,,Nos,0,EL,EL-DI
643610052,5,FAB,,,0,EL,EL-DI
643610514,1,TYPE,,,0,HY,HY-FI
643610514,2,SEU,,Micrometer,1,HY,HY-FI
643610514,3,RAC,,,0,HY,HY-FI
643610514,4,DEB,,,0,HY,HY-FI
643610514,5,FAB,,,0,HY,HY-FI
643610516,1,TYPE,,,0,HY,HY-FI
643610516,2,SEU,,Micrometer,1,HY,HY-FI
643610516,3,RAC,,,0,HY,HY-FI
643610516,4,DEB,,,0,HY,HY-FI
643610516,5,FAB,,,0,HY,HY-FI
643610518,1,TYPE,,,0,HY,HY-FI
643610518,2,SEU,,Micrometer,1,HY,HY-FI
643610518,3,RAC,,,0,HY,HY-FI
643610518,4,DEB,,,0,HY,HY-FI
643610518,5,FAB,,,0,HY,HY-FI
644104101,1,PRC,,,1,CS,CS-SC
644104101,2,DIA,,Millimeter,0,CS,CS-SC
644104101,3,NUA,,,0,CS,CS-SC
644104101,4,TYPE,,,0,CS,CS-SC
644104101,5,CND,,,0,CS,CS-SC
644104170,1,TYPE,,,0,EL,EL-CO
644104170,2,ICM,,AMP,1,EL,EL-CO
644104170,3,TNB,,,0,EL,EL-CO
644104170,4,NBC,,Nos,0,EL,EL-CO
644104170,5,FAB,,,0,EL,EL-CO
644106021,1,TFM,,,1,EE,EE-CA
644106021,2,REF,,,0,EE,EE-CA
644106021,3,CONS,,,0,EE,EE-CA
644106021,4,ALIM,,,0,EE,EE-CA
644106021,5,VER,,,0,EE,EE-CA
644106031,1,TYPE,,,0,EL,EL-CO
644106031,2,ICM,,AMP,1,EL,EL-CO
644106031,3,TNB,,,0,EL,EL-CO
644106031,4,NBC,,Nos,0,EL,EL-CO
644106031,5,FAB,,,0,EL,EL-CO
644106058,1,TFM,,,1,EE,EE-CA
644106058,2,REF,,,0,EE,EE-CA
644106058,3,CONS,,,0,EE,EE-CA
644106058,4,ALIM,,,0,EE,EE-CA
644106058,5,VER,,,0,EE,EE-CA
644106068,1,TYPE,,,0,EL,EL-CO
644106068,2,ICM,,AMP,1,EL,EL-CO
644106068,3,TNB,,,0,EL,EL-CO
644106068,4,NBC,,Nos,0,EL,EL-CO
644106068,5,FAB,,,0,EL,EL-CO
644106069,1,TYPE,,,0,EL,EL-CO
644106069,2,ICM,,AMP,1,EL,EL-CO
644106069,3,TNB,,,0,EL,EL-CO
644106069,4,NBC,,Nos,0,EL,EL-CO
644106069,5,FAB,,,0,EL,EL-CO
644106070,1,TYPE,,,0,EL,EL-CO
644106070,2,ICM,,AMP,1,EL,EL-CO
644106070,3,TNB,,,0,EL,EL-CO
644106070,4,NBC,,Nos,0,EL,EL-CO
644106070,5,FAB,,,0,EL,EL-CO
644106071,1,TYPE,,,0,EL,EL-CO
644106071,2,ICM,,AMP,1,EL,EL-CO
644106071,3,TNB,,,0,EL,EL-CO
644106071,4,NBC,,Nos,0,EL,EL-CO
644106071,5,FAB,,,0,EL,EL-CO
644106072,1,TYPE,,,0,EL,EL-CO
644106072,2,ICM,,AMP,1,EL,EL-CO
644106072,3,TNB,,,0,EL,EL-CO
644106072,4,NBC,,Nos,0,EL,EL-CO
644106072,5,FAB,,,0,EL,EL-CO
644106073,1,TYPE,,,0,EL,EL-CO
644106073,2,ICM,,AMP,1,EL,EL-CO
644106073,3,TNB,,,0,EL,EL-CO
644106073,4,NBC,,Nos,0,EL,EL-CO
644106073,5,FAB,,,0,EL,EL-CO
644106074,1,TYPE,,,0,EL,EL-CO
644106074,2,ICM,,AMP,1,EL,EL-CO
644106074,3,TNB,,,0,EL,EL-CO
644106074,4,NBC,,Nos,0,EL,EL-CO
644106074,5,FAB,,,0,EL,EL-CO
644106076,1,TYPE,,,0,EL,EL-CO
644106076,2,ICM,,AMP,1,EL,EL-CO
644106076,3,TNB,,,0,EL,EL-CO
644106076,4,NBC,,Nos,0,EL,EL-CO
644106076,5,FAB,,,0,EL,EL-CO
644106202,1,TYPE,,,0,EL,EL-CO
644106202,2,ICM,,AMP,1,EL,EL-CO
644106202,3,TNB,,,0,EL,EL-CO
644106202,4,NBC,,Nos,0,EL,EL-CO
644106202,5,FAB,,,0,EL,EL-CO
644107001,1,TYPE,,,0,IN,IN-CP
644107001,2,PME,,Bar,1,IN,IN-CP
644107001,3,SIG,,,0,IN,IN-CP
644107001,4,RAC,,,0,IN,IN-CP
644107001,5,FAB,,,0,IN,IN-CP
644108015,1,TYPE,,,0,EL,EL-DI
644108015,2,CAL,,AMP,1,EL,EL-DI
644108015,3,TEN,,,0,EL,EL-DI
644108015,4,NBP,,Nos,0,EL,EL-DI
644108015,5,FAB,,,0,EL,EL-DI
644108024,1,TYPE,,,0,EL,EL-DI
644108024,2,CAL,,AMP,1,EL,EL-DI
644108024,3,TEN,,,0,EL,EL-DI
644108024,4,NBP,,Nos,0,EL,EL-DI
644108024,5,FAB,,,0,EL,EL-DI
644108046,1,TYPE,,,0,EL,EL-DI
644108046,2,CAL,,AMP,1,EL,EL-DI
644108046,3,TEN,,,0,EL,EL-DI
644108046,4,NBP,,Nos,0,EL,EL-DI
644108046,5,FAB,,,0,EL,EL-DI
644109005,1,TYPE,,,0,EL,EL-DI
644109005,2,CAL,,AMP,1,EL,EL-DI
644109005,3,TEN,,,0,EL,EL-DI
644109005,4,NBP,,Nos,0,EL,EL-DI
644109005,5,FAB,,,0,EL,EL-DI
644109006,1,TYPE,,,0,EL,EL-DI
644109006,2,CAL,,AMP,1,EL,EL-DI
644109006,3,TEN,,,0,EL,EL-DI
644109006,4,NBP,,Nos,0,EL,EL-DI
644109006,5,FAB,,,0,EL,EL-DI
644109008,1,TYPE,,,0,EL,EL-DI
644109008,2,CAL,,AMP,1,EL,EL-DI
644109008,3,TEN,,,0,EL,EL-DI
644109008,4,NBP,,Nos,0,EL,EL-DI
644109008,5,FAB,,,0,EL,EL-DI
644109009,1,TYPE,,,0,EL,EL-DI
644109009,2,CAL,,AMP,1,EL,EL-DI
644109009,3,TEN,,,0,EL,EL-DI
644109009,4,NBP,,Nos,0,EL,EL-DI
644109009,5,FAB,,,0,EL,EL-DI
644109010,1,TYPE,,,0,EL,EL-DI
644109010,2,CAL,,AMP,1,EL,EL-DI
644109010,3,TEN,,,0,EL,EL-DI
644109010,4,NBP,,Nos,0,EL,EL-DI
644109010,5,FAB,,,0,EL,EL-DI
644109011,1,TYPE,,,0,EL,EL-DI
644109011,2,CAL,,AMP,1,EL,EL-DI
644109011,3,TEN,,,0,EL,EL-DI
644109011,4,NBP,,Nos,0,EL,EL-DI
644109011,5,FAB,,,0,EL,EL-DI
644109013,1,TYPE,,,0,EL,EL-DI
644109013,2,CAL,,AMP,1,EL,EL-DI
644109013,3,TEN,,,0,EL,EL-DI
644109013,4,NBP,,Nos,0,EL,EL-DI
644109013,5,FAB,,,0,EL,EL-DI
644109126,1,TYPE,,,0,EL,EL-DI
644109126,2,CAL,,AMP,1,EL,EL-DI
644109126,3,TEN,,,0,EL,EL-DI
644109126,4,NBP,,Nos,0,EL,EL-DI
644109126,5,FAB,,,0,EL,EL-DI
644109130,1,TYPE,,,0,EL,EL-DI
644109130,2,CAL,,AMP,1,EL,EL-DI
644109130,3,TEN,,,0,EL,EL-DI
644109130,4,NBP,,Nos,0,EL,EL-DI
644109130,5,FAB,,,0,EL,EL-DI
644109139,1,TYPE,,,0,EL,EL-DI
644109139,2,CAL,,AMP,1,EL,EL-DI
644109139,3,TEN,,,0,EL,EL-DI
644109139,4,NBP,,Nos,0,EL,EL-DI
644109139,5,FAB,,,0,EL,EL-DI
644109477,1,TYPE,,,0,EL,EL-DI
644109477,2,CAL,,AMP,1,EL,EL-DI
644109477,3,TEN,,,0,EL,EL-DI
644109477,4,NBP,,Nos,0,EL,EL-DI
644109477,5,FAB,,,0,EL,EL-DI
644110091,1,TYPE,,,0,EL,EL-CA
644110091,2,SEC,,,1,EL,EL-CA
644110091,3,NBCD,,Nos,0,EL,EL-CA
644110091,4,MAT,,,0,EL,EL-CA
644110091,5,BLI,,,0,EL,EL-CA
644111753,1,TYPE,,,0,EL,EL-CO
644111753,2,ICM,,AMP,1,EL,EL-CO
644111753,3,TNB,,,0,EL,EL-CO
644111753,4,NBC,,Nos,0,EL,EL-CO
644111753,5,FAB,,,0,EL,EL-CO
644111914,1,TYPE,,,1,CS,CS-GC
644111914,2,GRA,,,0,CS,CS-GC
644111914,3,CND,,,0,CS,CS-GC
644111914,4,APP,,,0,CS,CS-GC
644111914,5,FAB,,,0,CS,CS-GC
644112004,1,TYPE,,,0,EL,EL-CO
644112004,2,ICM,,AMP,1,EL,EL-CO
644112004,3,TNB,,,0,EL,EL-CO
644112004,4,NBC,,Nos,0,EL,EL-CO
644112004,5,FAB,,,0,EL,EL-CO
644112012,1,TYPE,,,0,EL,EL-RE
644112012,2,TDCB,,,1,EL,EL-RE
644112012,3,CRT,,AMP,0,EL,EL-RE
644112012,4,NBC,,Nos,0,EL,EL-RE
644112012,5,FAB,,,0,EL,EL-RE
644112013,1,TYPE,,,0,EL,EL-CO
644112013,2,ICM,,AMP,1,EL,EL-CO
644112013,3,TNB,,,0,EL,EL-CO
644112013,4,NBC,,Nos,0,EL,EL-CO
644112013,5,FAB,,,0,EL,EL-CO
644112014,1,TYPE,,,0,EL,EL-CO
644112014,2,ICM,,AMP,1,EL,EL-CO
644112014,3,TNB,,,0,EL,EL-CO
644112014,4,NBC,,Nos,0,EL,EL-CO
644112014,5,FAB,,,0,EL,EL-CO
644112016,1,TYPE,,,0,EL,EL-CO
644112016,2,ICM,,AMP,1,EL,EL-CO
644112016,3,TNB,,,0,EL,EL-CO
644112016,4,NBC,,Nos,0,EL,EL-CO
644112016,5,FAB,,,0,EL,EL-CO
644112037,1,TYPE,,,0,EL,EL-CO
644112037,2,ICM,,AMP,1,EL,EL-CO
644112037,3,TNB,,,0,EL,EL-CO
644112037,4,NBC,,Nos,0,EL,EL-CO
644112037,5,FAB,,,0,EL,EL-CO
644112050,1,TYPE,,,0,EL,EL-RE
644112050,2,TDCB,,,1,EL,EL-RE
644112050,3,CRT,,AMP,0,EL,EL-RE
644112050,4,NBC,,Nos,0,EL,EL-RE
644112050,5,FAB,,,0,EL,EL-RE
644112055,1,TYPE,,,0,EL,EL-CO
644112055,2,ICM,,AMP,1,EL,EL-CO
644112055,3,TNB,,,0,EL,EL-CO
644112055,4,NBC,,Nos,0,EL,EL-CO
644112055,5,FAB,,,0,EL,EL-CO
644112075,1,TYPE,,,0,EL,EL-CO
644112075,2,ICM,,AMP,1,EL,EL-CO
644112075,3,TNB,,,0,EL,EL-CO
644112075,4,NBC,,Nos,0,EL,EL-CO
644112075,5,FAB,,,0,EL,EL-CO
644112113,1,TYPE,,,0,EL,EL-RE
644112113,2,TDCB,,,1,EL,EL-RE
644112113,3,CRT,,AMP,0,EL,EL-RE
644112113,4,NBC,,Nos,0,EL,EL-RE
644112113,5,FAB,,,0,EL,EL-RE
644112120,1,TYPE,,,0,EL,EL-RE
644112120,2,TDCB,,,1,EL,EL-RE
644112120,3,CRT,,AMP,0,EL,EL-RE
644112120,4,NBC,,Nos,0,EL,EL-RE
644112120,5,FAB,,,0,EL,EL-RE
644112185,1,TYPE,,,0,EL,EL-CO
644112185,2,ICM,,AMP,1,EL,EL-CO
644112185,3,TNB,,,0,EL,EL-CO
644112185,4,NBC,,Nos,0,EL,EL-CO
644112185,5,FAB,,,0,EL,EL-CO
644112279,1,TYPE,,,0,EL,EL-CA
644112279,2,SEC,,,1,EL,EL-CA
644112279,3,NBCD,,Nos,0,EL,EL-CA
644112279,4,MAT,,,0,EL,EL-CA
644112279,5,BLI,,,0,EL,EL-CA
644112413,1,TYPE,,,0,EL,EL-RE
644112413,2,TDCB,,,1,EL,EL-RE
644112413,3,CRT,,AMP,0,EL,EL-RE
644112413,4,NBC,,Nos,0,EL,EL-RE
644112413,5,FAB,,,0,EL,EL-RE
644112414,1,TYPE,,,0,EL,EL-RE
644112414,2,TDCB,,,1,EL,EL-RE
644112414,3,CRT,,AMP,0,EL,EL-RE
644112414,4,NBC,,Nos,0,EL,EL-RE
644112414,5,FAB,,,0,EL,EL-RE
644112415,1,TYPE,,,0,EL,EL-RE
644112415,2,TDCB,,,1,EL,EL-RE
644112415,3,CRT,,AMP,0,EL,EL-RE
644112415,4,NBC,,Nos,0,EL,EL-RE
644112415,5,FAB,,,0,EL,EL-RE
644112417,1,TYPE,,,0,EL,EL-RE
644112417,2,TDCB,,,1,EL,EL-RE
644112417,3,CRT,,AMP,0,EL,EL-RE
644112417,4,NBC,,Nos,0,EL,EL-RE
644112417,5,FAB,,,0,EL,EL-RE
644112418,1,TYPE,,,0,EL,EL-RE
644112418,2,TDCB,,,1,EL,EL-RE
644112418,3,CRT,,AMP,0,EL,EL-RE
644112418,4,NBC,,Nos,0,EL,EL-RE
644112418,5,FAB,,,0,EL,EL-RE
644112419,1,TYPE,,,0,EL,EL-RE
644112419,2,TDCB,,,1,EL,EL-RE
644112419,3,CRT,,AMP,0,EL,EL-RE
644112419,4,NBC,,Nos,0,EL,EL-RE
644112419,5,FAB,,,0,EL,EL-RE
644112420,1,TYPE,,,0,EL,EL-RE
644112420,2,TDCB,,,1,EL,EL-RE
644112420,3,CRT,,AMP,0,EL,EL-RE
644112420,4,NBC,,Nos,0,EL,EL-RE
644112420,5,FAB,,,0,EL,EL-RE
644112421,1,TYPE,,,0,EL,EL-RE
644112421,2,TDCB,,,1,EL,EL-RE
644112421,3,CRT,,AMP,0,EL,EL-RE
644112421,4,NBC,,Nos,0,EL,EL-RE
644112421,5,FAB,,,0,EL,EL-RE
644112422,1,TYPE,,,0,EL,EL-RE
644112422,2,TDCB,,,1,EL,EL-RE
644112422,3,CRT,,AMP,0,EL,EL-RE
644112422,4,NBC,,Nos,0,EL,EL-RE
644112422,5,FAB,,,0,EL,EL-RE
644112425,1,TYPE,,,0,EL,EL-RE
644112425,2,TDCB,,,1,EL,EL-RE
644112425,3,CRT,,AMP,0,EL,EL-RE
644112425,4,NBC,,Nos,0,EL,EL-RE
644112425,5,FAB,,,0,EL,EL-RE
644112428,1,TDC,,,0,EL,EL-MO
644112428,2,PUI,,Kilowatt,1,EL,EL-MO
644112428,3,VIT,,,0,EL,EL-MO
644112428,4,FIX,,,0,EL,EL-MO
644112428,5,TEN,,,0,EL,EL-MO
644112429,1,TDC,,,0,EL,EL-MO
644112429,2,PUI,,Kilowatt,1,EL,EL-MO
644112429,3,VIT,,,0,EL,EL-MO
644112429,4,FIX,,,0,EL,EL-MO
644112429,5,TEN,,,0,EL,EL-MO
644112430,1,TDC,,,0,EL,EL-MO
644112430,2,PUI,,Kilowatt,1,EL,EL-MO
644112430,3,VIT,,,0,EL,EL-MO
644112430,4,FIX,,,0,EL,EL-MO
644112430,5,TEN,,,0,EL,EL-MO
644112431,1,TDC,,,0,EL,EL-MO
644112431,2,PUI,,Kilowatt,1,EL,EL-MO
644112431,3,VIT,,,0,EL,EL-MO
644112431,4,FIX,,,0,EL,EL-MO
644112431,5,TEN,,,0,EL,EL-MO
644112433,1,TDC,,,0,EL,EL-MO
644112433,2,PUI,,Kilowatt,1,EL,EL-MO
644112433,3,VIT,,,0,EL,EL-MO
644112433,4,FIX,,,0,EL,EL-MO
644112433,5,TEN,,,0,EL,EL-MO
644112451,1,TYPE,,,0,EL,EL-RE
644112451,2,TDCB,,,1,EL,EL-RE
644112451,3,CRT,,AMP,0,EL,EL-RE
644112451,4,NBC,,Nos,0,EL,EL-RE
644112451,5,FAB,,,0,EL,EL-RE
644112457,1,TYPE,,,0,EL,EL-RE
644112457,2,TDCB,,,1,EL,EL-RE
644112457,3,CRT,,AMP,0,EL,EL-RE
644112457,4,NBC,,Nos,0,EL,EL-RE
644112457,5,FAB,,,0,EL,EL-RE
644112458,1,TYPE,,,0,EL,EL-RE
644112458,2,TDCB,,,1,EL,EL-RE
644112458,3,CRT,,AMP,0,EL,EL-RE
644112458,4,NBC,,Nos,0,EL,EL-RE
644112458,5,FAB,,,0,EL,EL-RE
644112459,1,TYPE,,,0,EL,EL-DI
644112459,2,CAL,,AMP,1,EL,EL-DI
644112459,3,TEN,,,0,EL,EL-DI
644112459,4,NBP,,Nos,0,EL,EL-DI
644112459,5,FAB,,,0,EL,EL-DI
644112460,1,TYPE,,,0,EL,EL-DI
644112460,2,CAL,,AMP,1,EL,EL-DI
644112460,3,TEN,,,0,EL,EL-DI
644112460,4,NBP,,Nos,0,EL,EL-DI
644112460,5,FAB,,,0,EL,EL-DI
644112462,1,TYPE,,,0,EL,EL-DI
644112462,2,CAL,,AMP,1,EL,EL-DI
644112462,3,TEN,,,0,EL,EL-DI
644112462,4,NBP,,Nos,0,EL,EL-DI
644112462,5,FAB,,,0,EL,EL-DI
644112463,1,TYPE,,,0,EL,EL-DI
644112463,2,CAL,,AMP,1,EL,EL-DI
644112463,3,TEN,,,0,EL,EL-DI
644112463,4,NBP,,Nos,0,EL,EL-DI
644112463,5,FAB,,,0,EL,EL-DI
644112464,1,TYPE,,,0,EL,EL-DI
644112464,2,CAL,,AMP,1,EL,EL-DI
644112464,3,TEN,,,0,EL,EL-DI
644112464,4,NBP,,Nos,0,EL,EL-DI
644112464,5,FAB,,,0,EL,EL-DI
644112465,1,TYPE,,,0,EL,EL-DI
644112465,2,CAL,,AMP,1,EL,EL-DI
644112465,3,TEN,,,0,EL,EL-DI
644112465,4,NBP,,Nos,0,EL,EL-DI
644112465,5,FAB,,,0,EL,EL-DI
644112466,1,TYPE,,,0,EL,EL-DI
644112466,2,CAL,,AMP,1,EL,EL-DI
644112466,3,TEN,,,0,EL,EL-DI
644112466,4,NBP,,Nos,0,EL,EL-DI
644112466,5,FAB,,,0,EL,EL-DI
644112467,1,TYPE,,,0,EL,EL-DI
644112467,2,CAL,,AMP,1,EL,EL-DI
644112467,3,TEN,,,0,EL,EL-DI
644112467,4,NBP,,Nos,0,EL,EL-DI
644112467,5,FAB,,,0,EL,EL-DI
644112468,1,TYPE,,,0,EL,EL-DI
644112468,2,CAL,,AMP,1,EL,EL-DI
644112468,3,TEN,,,0,EL,EL-DI
644112468,4,NBP,,Nos,0,EL,EL-DI
644112468,5,FAB,,,0,EL,EL-DI
644112469,1,TYPE,,,0,EL,EL-DI
644112469,2,CAL,,AMP,1,EL,EL-DI
644112469,3,TEN,,,0,EL,EL-DI
644112469,4,NBP,,Nos,0,EL,EL-DI
644112469,5,FAB,,,0,EL,EL-DI
644112500,1,TYPE,,,0,EL,EL-CO
644112500,2,ICM,,AMP,1,EL,EL-CO
644112500,3,TNB,,,0,EL,EL-CO
644112500,4,NBC,,Nos,0,EL,EL-CO
644112500,5,FAB,,,0,EL,EL-CO
644113500,1,TYPE,,,0,EL,EL-CO
644113500,2,ICM,,AMP,1,EL,EL-CO
644113500,3,TNB,,,0,EL,EL-CO
644113500,4,NBC,,Nos,0,EL,EL-CO
644113500,5,FAB,,,0,EL,EL-CO
644113505,1,TYPE,,,0,EL,EL-CO
644113505,2,ICM,,AMP,1,EL,EL-CO
644113505,3,TNB,,,0,EL,EL-CO
644113505,4,NBC,,Nos,0,EL,EL-CO
644113505,5,FAB,,,0,EL,EL-CO
644113506,1,TYPE,,,0,EL,EL-CO
644113506,2,ICM,,AMP,1,EL,EL-CO
644113506,3,TNB,,,0,EL,EL-CO
644113506,4,NBC,,Nos,0,EL,EL-CO
644113506,5,FAB,,,0,EL,EL-CO
644113524,1,TYPE,,,0,EL,EL-CO
644113524,2,ICM,,AMP,1,EL,EL-CO
644113524,3,TNB,,,0,EL,EL-CO
644113524,4,NBC,,Nos,0,EL,EL-CO
644113524,5,FAB,,,0,EL,EL-CO
644113532,1,TYPE,,,0,EL,EL-CO
644113532,2,ICM,,AMP,1,EL,EL-CO
644113532,3,TNB,,,0,EL,EL-CO
644113532,4,NBC,,Nos,0,EL,EL-CO
644113532,5,FAB,,,0,EL,EL-CO
644113550,1,TYPE,,,0,EL,EL-CO
644113550,2,ICM,,AMP,1,EL,EL-CO
644113550,3,TNB,,,0,EL,EL-CO
644113550,4,NBC,,Nos,0,EL,EL-CO
644113550,5,FAB,,,0,EL,EL-CO
644207002,1,TCP,,,0,EE,EE-CP
644207002,2,SIG,,,1,EE,EE-CP
644207002,3,RAC,,,0,EE,EE-CP
644207002,4,ALIM,,,0,EE,EE-CP
644207002,5,PLG,,,0,EE,EE-CP
647613220,1,TYPE,,,0,EL,EL-RE
647613220,2,TDCB,,,1,EL,EL-RE
647613220,3,CRT,,AMP,0,EL,EL-RE
647613220,4,NBC,,Nos,0,EL,EL-RE
647613220,5,FAB,,,0,EL,EL-RE
654960066,1,FTT,,,1,ME,ME-VI
654960066,2,DIA,,Millimeter,0,ME,ME-VI
654960066,3,LON,,Millimeter,0,ME,ME-VI
654960066,4,MAT,,,0,ME,ME-VI
654960066,5,FIL,,,0,ME,ME-VI
654966160,1,TYPE,,,0,EL,EL-DI
654966160,2,CAL,,AMP,1,EL,EL-DI
654966160,3,TEN,,,0,EL,EL-DI
654966160,4,NBP,,Nos,0,EL,EL-DI
654966160,5,FAB,,,0,EL,EL-DI
654966200,1,TYPE,,,0,EL,EL-DI
654966200,2,CAL,,AMP,1,EL,EL-DI
654966200,3,TEN,,,0,EL,EL-DI
654966200,4,NBP,,Nos,0,EL,EL-DI
654966200,5,FAB,,,0,EL,EL-DI
654966400,1,TYPE,,,0,EL,EL-DI
654966400,2,CAL,,AMP,1,EL,EL-DI
654966400,3,TEN,,,0,EL,EL-DI
654966400,4,NBP,,Nos,0,EL,EL-DI
654966400,5,FAB,,,0,EL,EL-DI
658101006,1,TYPE,,,0,EL,EL-FU
658101006,2,CDP,,AMP,1,EL,EL-FU
658101006,3,TAI,,,0,EL,EL-FU
658101006,4,TEN,,,0,EL,EL-FU
658101006,5,FAB,,,0,EL,EL-FU
658302125,1,TYPE,,,0,EL,EL-FU
658302125,2,CDP,,AMP,1,EL,EL-FU
658302125,3,TAI,,,0,EL,EL-FU
658302125,4,TEN,,,0,EL,EL-FU
658302125,5,FAB,,,0,EL,EL-FU
658302533,1,TYPE,,,0,EL,EL-FU
658302533,2,CDP,,AMP,1,EL,EL-FU
658302533,3,TAI,,,0,EL,EL-FU
658302533,4,TEN,,,0,EL,EL-FU
658302533,5,FAB,,,0,EL,EL-FU
658302534,1,TYPE,,,0,EL,EL-FU
658302534,2,CDP,,AMP,1,EL,EL-FU
658302534,3,TAI,,,0,EL,EL-FU
658302534,4,TEN,,,0,EL,EL-FU
658302534,5,FAB,,,0,EL,EL-FU
658303500,1,TYPE,,,0,EL,EL-FU
658303500,2,CDP,,AMP,1,EL,EL-FU
658303500,3,TAI,,,0,EL,EL-FU
658303500,4,TEN,,,0,EL,EL-FU
658303500,5,FAB,,,0,EL,EL-FU
658401001,1,TYPE,,,0,EL,EL-FU
658401001,2,CDP,,AMP,1,EL,EL-FU
658401001,3,TAI,,,0,EL,EL-FU
658401001,4,TEN,,,0,EL,EL-FU
658401001,5,FAB,,,0,EL,EL-FU
658401006,1,TYPE,,,0,EL,EL-FU
658401006,2,CDP,,AMP,1,EL,EL-FU
658401006,3,TAI,,,0,EL,EL-FU
658401006,4,TEN,,,0,EL,EL-FU
658401006,5,FAB,,,0,EL,EL-FU
658401008,1,TYPE,,,0,EL,EL-FU
658401008,2,CDP,,AMP,1,EL,EL-FU
658401008,3,TAI,,,0,EL,EL-FU
658401008,4,TEN,,,0,EL,EL-FU
658401008,5,FAB,,,0,EL,EL-FU
658901456,1,TYPE,,,0,EL,EL-FU
658901456,2,CDP,,AMP,1,EL,EL-FU
658901456,3,TAI,,,0,EL,EL-FU
658901456,4,TEN,,,0,EL,EL-FU
658901456,5,FAB,,,0,EL,EL-FU
658901457,1,TYPE,,,0,EL,EL-FU
658901457,2,CDP,,AMP,1,EL,EL-FU
658901457,3,TAI,,,0,EL,EL-FU
658901457,4,TEN,,,0,EL,EL-FU
658901457,5,FAB,,,0,EL,EL-FU
658901459,1,TYPE,,,0,EL,EL-FU
658901459,2,CDP,,AMP,1,EL,EL-FU
658901459,3,TAI,,,0,EL,EL-FU
658901459,4,TEN,,,0,EL,EL-FU
658901459,5,FAB,,,0,EL,EL-FU
658901460,1,TYPE,,,0,EL,EL-FU
658901460,2,CDP,,AMP,1,EL,EL-FU
658901460,3,TAI,,,0,EL,EL-FU
658901460,4,TEN,,,0,EL,EL-FU
658901460,5,FAB,,,0,EL,EL-FU
658901461,1,TYPE,,,0,EL,EL-FU
658901461,2,CDP,,AMP,1,EL,EL-FU
658901461,3,TAI,,,0,EL,EL-FU
658901461,4,TEN,,,0,EL,EL-FU
658901461,5,FAB,,,0,EL,EL-FU
659113585,1,TYPE,,,0,EL,EL-FU
659113585,2,CDP,,AMP,1,EL,EL-FU
659113585,3,TAI,,,0,EL,EL-FU
659113585,4,TEN,,,0,EL,EL-FU
659113585,5,FAB,,,0,EL,EL-FU
659181250,1,TYPE,,,0,EL,EL-DI
659181250,2,CAL,,AMP,1,EL,EL-DI
659181250,3,TEN,,,0,EL,EL-DI
659181250,4,NBP,,Nos,0,EL,EL-DI
659181250,5,FAB,,,0,EL,EL-DI
659181600,1,TYPE,,,0,EL,EL-DI
659181600,2,CAL,,AMP,1,EL,EL-DI
659181600,3,TEN,,,0,EL,EL-DI
659181600,4,NBP,,Nos,0,EL,EL-DI
659181600,5,FAB,,,0,EL,EL-DI
659189011,1,TYPE,,,0,EL,EL-DI
659189011,2,CAL,,AMP,1,EL,EL-DI
659189011,3,TEN,,,0,EL,EL-DI
659189011,4,NBP,,Nos,0,EL,EL-DI
659189011,5,FAB,,,0,EL,EL-DI
659189080,1,TYPE,,,0,EL,EL-DI
659189080,2,CAL,,AMP,1,EL,EL-DI
659189080,3,TEN,,,0,EL,EL-DI
659189080,4,NBP,,Nos,0,EL,EL-DI
659189080,5,FAB,,,0,EL,EL-DI
659189100,1,TYPE,,,0,EL,EL-DI
659189100,2,CAL,,AMP,1,EL,EL-DI
659189100,3,TEN,,,0,EL,EL-DI
659189100,4,NBP,,Nos,0,EL,EL-DI
659189100,5,FAB,,,0,EL,EL-DI
659189125,1,TYPE,,,0,EL,EL-DI
659189125,2,CAL,,AMP,1,EL,EL-DI
659189125,3,TEN,,,0,EL,EL-DI
659189125,4,NBP,,Nos,0,EL,EL-DI
659189125,5,FAB,,,0,EL,EL-DI
659189471,1,TYPE,,,0,EL,EL-DI
659189471,2,CAL,,AMP,1,EL,EL-DI
659189471,3,TEN,,,0,EL,EL-DI
659189471,4,NBP,,Nos,0,EL,EL-DI
659189471,5,FAB,,,0,EL,EL-DI
659189473,1,TYPE,,,0,EL,EL-DI
659189473,2,CAL,,AMP,1,EL,EL-DI
659189473,3,TEN,,,0,EL,EL-DI
659189473,4,NBP,,Nos,0,EL,EL-DI
659189473,5,FAB,,,0,EL,EL-DI
659189475,1,TYPE,,,0,EL,EL-DI
659189475,2,CAL,,AMP,1,EL,EL-DI
659189475,3,TEN,,,0,EL,EL-DI
659189475,4,NBP,,Nos,0,EL,EL-DI
659189475,5,FAB,,,0,EL,EL-DI
659189477,1,TYPE,,,0,EL,EL-DI
659189477,2,CAL,,AMP,1,EL,EL-DI
659189477,3,TEN,,,0,EL,EL-DI
659189477,4,NBP,,Nos,0,EL,EL-DI
659189477,5,FAB,,,0,EL,EL-DI
659189630,1,TYPE,,,0,EL,EL-DI
659189630,2,CAL,,AMP,1,EL,EL-DI
659189630,3,TEN,,,0,EL,EL-DI
659189630,4,NBP,,Nos,0,EL,EL-DI
659189630,5,FAB,,,0,EL,EL-DI
659189800,1,TYPE,,,0,EL,EL-DI
659189800,2,CAL,,AMP,1,EL,EL-DI
659189800,3,TEN,,,0,EL,EL-DI
659189800,4,NBP,,Nos,0,EL,EL-DI
659189800,5,FAB,,,0,EL,EL-DI
659189802,1,TYPE,,,0,EL,EL-RE
659189802,2,TDCB,,,1,EL,EL-RE
659189802,3,CRT,,AMP,0,EL,EL-RE
659189802,4,NBC,,Nos,0,EL,EL-RE
659189802,5,FAB,,,0,EL,EL-RE
659190031,1,TYPE,,,0,EL,EL-DI
659190031,2,CAL,,AMP,1,EL,EL-DI
659190031,3,TEN,,,0,EL,EL-DI
659190031,4,NBP,,Nos,0,EL,EL-DI
659190031,5,FAB,,,0,EL,EL-DI
659190033,1,TYPE,,,0,EL,EL-DI
659190033,2,CAL,,AMP,1,EL,EL-DI
659190033,3,TEN,,,0,EL,EL-DI
659190033,4,NBP,,Nos,0,EL,EL-DI
659190033,5,FAB,,,0,EL,EL-DI
659190038,1,TYPE,,,0,EL,EL-DI
659190038,2,CAL,,AMP,1,EL,EL-DI
659190038,3,TEN,,,0,EL,EL-DI
659190038,4,NBP,,Nos,0,EL,EL-DI
659190038,5,FAB,,,0,EL,EL-DI
659190046,1,TYPE,,,0,EL,EL-DI
659190046,2,CAL,,AMP,1,EL,EL-DI
659190046,3,TEN,,,0,EL,EL-DI
659190046,4,NBP,,Nos,0,EL,EL-DI
659190046,5,FAB,,,0,EL,EL-DI
659190047,1,TYPE,,,0,EL,EL-DI
659190047,2,CAL,,AMP,1,EL,EL-DI
659190047,3,TEN,,,0,EL,EL-DI
659190047,4,NBP,,Nos,0,EL,EL-DI
659190047,5,FAB,,,0,EL,EL-DI
659190048,1,TYPE,,,0,EL,EL-DI
659190048,2,CAL,,AMP,1,EL,EL-DI
659190048,3,TEN,,,0,EL,EL-DI
659190048,4,NBP,,Nos,0,EL,EL-DI
659190048,5,FAB,,,0,EL,EL-DI
660120017,1,TYPE,,,0,HY,HY-PO
660120017,2,DEB,,,1,HY,HY-PO
660120017,3,CYL,,,0,HY,HY-PO
660120017,4,PRE,,Bar,0,HY,HY-PO
660120017,5,LIQ,,,0,HY,HY-PO
662643115,1,TYPE,,,0,SE,SE-EC
662643115,2,PEN,,Watt,1,SE,SE-EC
662643115,3,TEN,,,0,SE,SE-EC
662643115,4,FOR,,,0,SE,SE-EC
662643115,5,FAB,,,0,SE,SE-EC
662643116,1,TYPE,,,0,EL,EL-CA
662643116,2,SEC,,,1,EL,EL-CA
662643116,3,NBCD,,Nos,0,EL,EL-CA
662643116,4,MAT,,,0,EL,EL-CA
662643116,5,BLI,,,0,EL,EL-CA
662643120,1,TYPE,,,0,EL,EL-CA
662643120,2,SEC,,,1,EL,EL-CA
662643120,3,NBCD,,Nos,0,EL,EL-CA
662643120,4,MAT,,,0,EL,EL-CA
662643120,5,BLI,,,0,EL,EL-CA
662643516,1,TYPE,,,0,EL,EL-CA
662643516,2,SEC,,,1,EL,EL-CA
662643516,3,NBCD,,Nos,0,EL,EL-CA
662643516,4,MAT,,,0,EL,EL-CA
662643516,5,BLI,,,0,EL,EL-CA
662643522,1,TYPE,,,0,EL,EL-CA
662643522,2,SEC,,,1,EL,EL-CA
662643522,3,NBCD,,Nos,0,EL,EL-CA
662643522,4,MAT,,,0,EL,EL-CA
662643522,5,BLI,,,0,EL,EL-CA
662643528,1,TYPE,,,0,EL,EL-CA
662643528,2,SEC,,,1,EL,EL-CA
662643528,3,NBCD,,Nos,0,EL,EL-CA
662643528,4,MAT,,,0,EL,EL-CA
662643528,5,BLI,,,0,EL,EL-CA
662643612,1,TYPE,,,0,EL,EL-CA
662643612,2,SEC,,,1,EL,EL-CA
662643612,3,NBCD,,Nos,0,EL,EL-CA
662643612,4,MAT,,,0,EL,EL-CA
662643612,5,BLI,,,0,EL,EL-CA
662643614,1,TYPE,,,0,EL,EL-CA
662643614,2,SEC,,,1,EL,EL-CA
662643614,3,NBCD,,Nos,0,EL,EL-CA
662643614,4,MAT,,,0,EL,EL-CA
662643614,5,BLI,,,0,EL,EL-CA
662643616,1,TYPE,,,0,EL,EL-CA
662643616,2,SEC,,,1,EL,EL-CA
662643616,3,NBCD,,Nos,0,EL,EL-CA
662643616,4,MAT,,,0,EL,EL-CA
662643616,5,BLI,,,0,EL,EL-CA
662643618,1,TYPE,,,0,EL,EL-CA
662643618,2,SEC,,,1,EL,EL-CA
662643618,3,NBCD,,Nos,0,EL,EL-CA
662643618,4,MAT,,,0,EL,EL-CA
662643618,5,BLI,,,0,EL,EL-CA
662643619,1,TYPE,,,0,EL,EL-CA
662643619,2,SEC,,,1,EL,EL-CA
662643619,3,NBCD,,Nos,0,EL,EL-CA
662643619,4,MAT,,,0,EL,EL-CA
662643619,5,BLI,,,0,EL,EL-CA
662643621,1,TYPE,,,0,EL,EL-CA
662643621,2,SEC,,,1,EL,EL-CA
662643621,3,NBCD,,Nos,0,EL,EL-CA
662643621,4,MAT,,,0,EL,EL-CA
662643621,5,BLI,,,0,EL,EL-CA
662643622,1,TYPE,,,0,EL,EL-CA
662643622,2,SEC,,,1,EL,EL-CA
662643622,3,NBCD,,Nos,0,EL,EL-CA
662643622,4,MAT,,,0,EL,EL-CA
662643622,5,BLI,,,0,EL,EL-CA
662643623,1,TYPE,,,0,EL,EL-CA
662643623,2,SEC,,,1,EL,EL-CA
662643623,3,NBCD,,Nos,0,EL,EL-CA
662643623,4,MAT,,,0,EL,EL-CA
662643623,5,BLI,,,0,EL,EL-CA
662643636,1,TYPE,,,0,EL,EL-CA
662643636,2,SEC,,,1,EL,EL-CA
662643636,3,NBCD,,Nos,0,EL,EL-CA
662643636,4,MAT,,,0,EL,EL-CA
662643636,5,BLI,,,0,EL,EL-CA
662643637,1,TYPE,,,0,EL,EL-CA
662643637,2,SEC,,,1,EL,EL-CA
662643637,3,NBCD,,Nos,0,EL,EL-CA
662643637,4,MAT,,,0,EL,EL-CA
662643637,5,BLI,,,0,EL,EL-CA
662643639,1,TYPE,,,0,EL,EL-CA
662643639,2,SEC,,,1,EL,EL-CA
662643639,3,NBCD,,Nos,0,EL,EL-CA
662643639,4,MAT,,,0,EL,EL-CA
662643639,5,BLI,,,0,EL,EL-CA
662643640,1,TYPE,,,0,EL,EL-CA
662643640,2,SEC,,,1,EL,EL-CA
662643640,3,NBCD,,Nos,0,EL,EL-CA
662643640,4,MAT,,,0,EL,EL-CA
662643640,5,BLI,,,0,EL,EL-CA
662643642,1,TYPE,,,0,EL,EL-CA
662643642,2,SEC,,,1,EL,EL-CA
662643642,3,NBCD,,Nos,0,EL,EL-CA
662643642,4,MAT,,,0,EL,EL-CA
662643642,5,BLI,,,0,EL,EL-CA
662743516,1,TYPE,,,0,EL,EL-CA
662743516,2,SEC,,,1,EL,EL-CA
662743516,3,NBCD,,Nos,0,EL,EL-CA
662743516,4,MAT,,,0,EL,EL-CA
662743516,5,BLI,,,0,EL,EL-CA
662743517,1,TYPE,,,0,EL,EL-CA
662743517,2,SEC,,,1,EL,EL-CA
662743517,3,NBCD,,Nos,0,EL,EL-CA
662743517,4,MAT,,,0,EL,EL-CA
662743517,5,BLI,,,0,EL,EL-CA
662743522,1,TYPE,,,0,EL,EL-CA
662743522,2,SEC,,,1,EL,EL-CA
662743522,3,NBCD,,Nos,0,EL,EL-CA
662743522,4,MAT,,,0,EL,EL-CA
662743522,5,BLI,,,0,EL,EL-CA
662743531,1,TYPE,,,0,EL,EL-CA
662743531,2,SEC,,,1,EL,EL-CA
662743531,3,NBCD,,Nos,0,EL,EL-CA
662743531,4,MAT,,,0,EL,EL-CA
662743531,5,BLI,,,0,EL,EL-CA
662743535,1,TYPE,,,0,EL,EL-CA
662743535,2,SEC,,,1,EL,EL-CA
662743535,3,NBCD,,Nos,0,EL,EL-CA
662743535,4,MAT,,,0,EL,EL-CA
662743535,5,BLI,,,0,EL,EL-CA
662743536,1,TYPE,,,0,HY,HY-FL
662743536,2,DN,,,1,HY,HY-FL
662743536,3,LON,,Millimeter,0,HY,HY-FL
662743536,4,EMB,,,0,HY,HY-FL
662743536,5,PRE,,Bar,0,HY,HY-FL
662743537,1,TYPE,,,0,HY,HY-FL
662743537,2,DN,,,1,HY,HY-FL
662743537,3,LON,,Millimeter,0,HY,HY-FL
662743537,4,EMB,,,0,HY,HY-FL
662743537,5,PRE,,Bar,0,HY,HY-FL
662743538,1,TYPE,,,0,HY,HY-FL
662743538,2,DN,,,1,HY,HY-FL
662743538,3,LON,,Millimeter,0,HY,HY-FL
662743538,4,EMB,,,0,HY,HY-FL
662743538,5,PRE,,Bar,0,HY,HY-FL
662743539,1,TYPE,,,0,EL,EL-CA
662743539,2,SEC,,,1,EL,EL-CA
662743539,3,NBCD,,Nos,0,EL,EL-CA
662743539,4,MAT,,,0,EL,EL-CA
662743539,5,BLI,,,0,EL,EL-CA
662743716,1,TYPE,,,0,EL,EL-CA
662743716,2,SEC,,,1,EL,EL-CA
662743716,3,NBCD,,Nos,0,EL,EL-CA
662743716,4,MAT,,,0,EL,EL-CA
662743716,5,BLI,,,0,EL,EL-CA
662743719,1,TYPE,,,0,EL,EL-CA
662743719,2,SEC,,,1,EL,EL-CA
662743719,3,NBCD,,Nos,0,EL,EL-CA
662743719,4,MAT,,,0,EL,EL-CA
662743719,5,BLI,,,0,EL,EL-CA
662743720,1,TYPE,,,0,EL,EL-CA
662743720,2,SEC,,,1,EL,EL-CA
662743720,3,NBCD,,Nos,0,EL,EL-CA
662743720,4,MAT,,,0,EL,EL-CA
662743720,5,BLI,,,0,EL,EL-CA
662743721,1,TYPE,,,0,EL,EL-CA
662743721,2,SEC,,,1,EL,EL-CA
662743721,3,NBCD,,Nos,0,EL,EL-CA
662743721,4,MAT,,,0,EL,EL-CA
662743721,5,BLI,,,0,EL,EL-CA
662743723,1,TYPE,,,0,EL,EL-CA
662743723,2,SEC,,,1,EL,EL-CA
662743723,3,NBCD,,Nos,0,EL,EL-CA
662743723,4,MAT,,,0,EL,EL-CA
662743723,5,BLI,,,0,EL,EL-CA
662743724,1,TYPE,,,0,EL,EL-CA
662743724,2,SEC,,,1,EL,EL-CA
662743724,3,NBCD,,Nos,0,EL,EL-CA
662743724,4,MAT,,,0,EL,EL-CA
662743724,5,BLI,,,0,EL,EL-CA
662743725,1,TYPE,,,0,EL,EL-CA
662743725,2,SEC,,,1,EL,EL-CA
662743725,3,NBCD,,Nos,0,EL,EL-CA
662743725,4,MAT,,,0,EL,EL-CA
662743725,5,BLI,,,0,EL,EL-CA
662743726,1,TYPE,,,0,EL,EL-CA
662743726,2,SEC,,,1,EL,EL-CA
662743726,3,NBCD,,Nos,0,EL,EL-CA
662743726,4,MAT,,,0,EL,EL-CA
662743726,5,BLI,,,0,EL,EL-CA
662743727,1,TYPE,,,0,EL,EL-CA
662743727,2,SEC,,,1,EL,EL-CA
662743727,3,NBCD,,Nos,0,EL,EL-CA
662743727,4,MAT,,,0,EL,EL-CA
662743727,5,BLI,,,0,EL,EL-CA
662743728,1,TYPE,,,0,EL,EL-CA
662743728,2,SEC,,,1,EL,EL-CA
662743728,3,NBCD,,Nos,0,EL,EL-CA
662743728,4,MAT,,,0,EL,EL-CA
662743728,5,BLI,,,0,EL,EL-CA
662743729,1,TYPE,,,0,EL,EL-CA
662743729,2,SEC,,,1,EL,EL-CA
662743729,3,NBCD,,Nos,0,EL,EL-CA
662743729,4,MAT,,,0,EL,EL-CA
662743729,5,BLI,,,0,EL,EL-CA
662743730,1,TYPE,,,0,EL,EL-CA
662743730,2,SEC,,,1,EL,EL-CA
662743730,3,NBCD,,Nos,0,EL,EL-CA
662743730,4,MAT,,,0,EL,EL-CA
662743730,5,BLI,,,0,EL,EL-CA
662743731,1,TYPE,,,0,EL,EL-CA
662743731,2,SEC,,,1,EL,EL-CA
662743731,3,NBCD,,Nos,0,EL,EL-CA
662743731,4,MAT,,,0,EL,EL-CA
662743731,5,BLI,,,0,EL,EL-CA
662743732,1,TYPE,,,0,EL,EL-CA
662743732,2,SEC,,,1,EL,EL-CA
662743732,3,NBCD,,Nos,0,EL,EL-CA
662743732,4,MAT,,,0,EL,EL-CA
662743732,5,BLI,,,0,EL,EL-CA
662743733,1,TYPE,,,0,EL,EL-CA
662743733,2,SEC,,,1,EL,EL-CA
662743733,3,NBCD,,Nos,0,EL,EL-CA
662743733,4,MAT,,,0,EL,EL-CA
662743733,5,BLI,,,0,EL,EL-CA
662743734,1,TYPE,,,0,EL,EL-CA
662743734,2,SEC,,,1,EL,EL-CA
662743734,3,NBCD,,Nos,0,EL,EL-CA
662743734,4,MAT,,,0,EL,EL-CA
662743734,5,BLI,,,0,EL,EL-CA
662743735,1,TYPE,,,0,EL,EL-CA
662743735,2,SEC,,,1,EL,EL-CA
662743735,3,NBCD,,Nos,0,EL,EL-CA
662743735,4,MAT,,,0,EL,EL-CA
662743735,5,BLI,,,0,EL,EL-CA
662743736,1,TYPE,,,0,EL,EL-CA
662743736,2,SEC,,,1,EL,EL-CA
662743736,3,NBCD,,Nos,0,EL,EL-CA
662743736,4,MAT,,,0,EL,EL-CA
662743736,5,BLI,,,0,EL,EL-CA
662743737,1,TYPE,,,0,EL,EL-CA
662743737,2,SEC,,,1,EL,EL-CA
662743737,3,NBCD,,Nos,0,EL,EL-CA
662743737,4,MAT,,,0,EL,EL-CA
662743737,5,BLI,,,0,EL,EL-CA
667106007,1,TYPE,,,0,HY,HY-PO
667106007,2,DEB,,,1,HY,HY-PO
667106007,3,CYL,,,0,HY,HY-PO
667106007,4,PRE,,Bar,0,HY,HY-PO
667106007,5,LIQ,,,0,HY,HY-PO
667706209,1,TYPE,,,0,EL,EL-CA
667706209,2,SEC,,,1,EL,EL-CA
667706209,3,NBCD,,Nos,0,EL,EL-CA
667706209,4,MAT,,,0,EL,EL-CA
667706209,5,BLI,,,0,EL,EL-CA
667706210,1,TYPE,,,0,EL,EL-CA
667706210,2,SEC,,,1,EL,EL-CA
667706210,3,NBCD,,Nos,0,EL,EL-CA
667706210,4,MAT,,,0,EL,EL-CA
667706210,5,BLI,,,0,EL,EL-CA
667707010,1,TYPE,,,0,EL,EL-CA
667707010,2,SEC,,,1,EL,EL-CA
667707010,3,NBCD,,Nos,0,EL,EL-CA
667707010,4,MAT,,,0,EL,EL-CA
667707010,5,BLI,,,0,EL,EL-CA
667707011,1,TYPE,,,0,EL,EL-CA
667707011,2,SEC,,,1,EL,EL-CA
667707011,3,NBCD,,Nos,0,EL,EL-CA
667707011,4,MAT,,,0,EL,EL-CA
667707011,5,BLI,,,0,EL,EL-CA
667707025,1,TYPE,,,0,EL,EL-CA
667707025,2,SEC,,,1,EL,EL-CA
667707025,3,NBCD,,Nos,0,EL,EL-CA
667707025,4,MAT,,,0,EL,EL-CA
667707025,5,BLI,,,0,EL,EL-CA
667707050,1,TYPE,,,0,EL,EL-CA
667707050,2,SEC,,,1,EL,EL-CA
667707050,3,NBCD,,Nos,0,EL,EL-CA
667707050,4,MAT,,,0,EL,EL-CA
667707050,5,BLI,,,0,EL,EL-CA
670128080,1,TYPE,,,0,SE,SE-EC
670128080,2,PEN,,Watt,1,SE,SE-EC
670128080,3,TEN,,,0,SE,SE-EC
670128080,4,FOR,,,0,SE,SE-EC
670128080,5,FAB,,,0,SE,SE-EC
670128124,1,TYPE,,,0,SE,SE-EC
670128124,2,PEN,,Watt,1,SE,SE-EC
670128124,3,TEN,,,0,SE,SE-EC
670128124,4,FOR,,,0,SE,SE-EC
670128124,5,FAB,,,0,SE,SE-EC
670128125,1,TYPE,,,0,SE,SE-EC
670128125,2,PEN,,Watt,1,SE,SE-EC
670128125,3,TEN,,,0,SE,SE-EC
670128125,4,FOR,,,0,SE,SE-EC
670128125,5,FAB,,,0,SE,SE-EC
670128126,1,TYPE,,,0,SE,SE-EC
670128126,2,PEN,,Watt,1,SE,SE-EC
670128126,3,TEN,,,0,SE,SE-EC
670128126,4,FOR,,,0,SE,SE-EC
670128126,5,FAB,,,0,SE,SE-EC
670128128,1,TYPE,,,0,SE,SE-EC
670128128,2,PEN,,Watt,1,SE,SE-EC
670128128,3,TEN,,,0,SE,SE-EC
670128128,4,FOR,,,0,SE,SE-EC
670128128,5,FAB,,,0,SE,SE-EC
670128131,1,TYPE,,,0,SE,SE-EC
670128131,2,PEN,,Watt,1,SE,SE-EC
670128131,3,TEN,,,0,SE,SE-EC
670128131,4,FOR,,,0,SE,SE-EC
670128131,5,FAB,,,0,SE,SE-EC
670128132,1,TYPE,,,0,SE,SE-EC
670128132,2,PEN,,Watt,1,SE,SE-EC
670128132,3,TEN,,,0,SE,SE-EC
670128132,4,FOR,,,0,SE,SE-EC
670128132,5,FAB,,,0,SE,SE-EC
671005020,1,TYPE,,,0,HY,HY-FL
671005020,2,DN,,,1,HY,HY-FL
671005020,3,LON,,Millimeter,0,HY,HY-FL
671005020,4,EMB,,,0,HY,HY-FL
671005020,5,PRE,,Bar,0,HY,HY-FL
671005021,1,TYPE,,,0,SE,SE-EC
671005021,2,PEN,,Watt,1,SE,SE-EC
671005021,3,TEN,,,0,SE,SE-EC
671005021,4,FOR,,,0,SE,SE-EC
671005021,5,FAB,,,0,SE,SE-EC
671005024,1,TYPE,,,0,SE,SE-EC
671005024,2,PEN,,Watt,1,SE,SE-EC
671005024,3,TEN,,,0,SE,SE-EC
671005024,4,FOR,,,0,SE,SE-EC
671005024,5,FAB,,,0,SE,SE-EC
671005025,1,TYPE,,,0,SE,SE-EC
671005025,2,PEN,,Watt,1,SE,SE-EC
671005025,3,TEN,,,0,SE,SE-EC
671005025,4,FOR,,,0,SE,SE-EC
671005025,5,FAB,,,0,SE,SE-EC
671005027,1,TYPE,,,0,SE,SE-EC
671005027,2,PEN,,Watt,1,SE,SE-EC
671005027,3,TEN,,,0,SE,SE-EC
671005027,4,FOR,,,0,SE,SE-EC
671005027,5,FAB,,,0,SE,SE-EC
671005029,1,TYPE,,,0,SE,SE-EC
671005029,2,PEN,,Watt,1,SE,SE-EC
671005029,3,TEN,,,0,SE,SE-EC
671005029,4,FOR,,,0,SE,SE-EC
671005029,5,FAB,,,0,SE,SE-EC
671005030,1,TYPE,,,0,SE,SE-EC
671005030,2,PEN,,Watt,1,SE,SE-EC
671005030,3,TEN,,,0,SE,SE-EC
671005030,4,FOR,,,0,SE,SE-EC
671005030,5,FAB,,,0,SE,SE-EC
671005031,1,TYPE,,,0,SE,SE-EC
671005031,2,PEN,,Watt,1,SE,SE-EC
671005031,3,TEN,,,0,SE,SE-EC
671005031,4,FOR,,,0,SE,SE-EC
671005031,5,FAB,,,0,SE,SE-EC
671005034,1,TYPE,,,0,SE,SE-EC
671005034,2,PEN,,Watt,1,SE,SE-EC
671005034,3,TEN,,,0,SE,SE-EC
671005034,4,FOR,,,0,SE,SE-EC
671005034,5,FAB,,,0,SE,SE-EC
671005035,1,TFM,,,1,EE,EE-CA
671005035,2,REF,,,0,EE,EE-CA
671005035,3,CONS,,,0,EE,EE-CA
671005035,4,ALIM,,,0,EE,EE-CA
671005035,5,VER,,,0,EE,EE-CA
673321011,1,TYPE,,,0,HY,HY-FL
673321011,2,DN,,,1,HY,HY-FL
673321011,3,LON,,Millimeter,0,HY,HY-FL
673321011,4,EMB,,,0,HY,HY-FL
673321011,5,PRE,,Bar,0,HY,HY-FL
673321085,1,TYPE,,,0,HY,HY-FL
673321085,2,DN,,,1,HY,HY-FL
673321085,3,LON,,Millimeter,0,HY,HY-FL
673321085,4,EMB,,,0,HY,HY-FL
673321085,5,PRE,,Bar,0,HY,HY-FL
673322085,1,TYPE,,,0,HY,HY-FL
673322085,2,DN,,,1,HY,HY-FL
673322085,3,LON,,Millimeter,0,HY,HY-FL
673322085,4,EMB,,,0,HY,HY-FL
673322085,5,PRE,,Bar,0,HY,HY-FL
673322088,1,TYPE,,,0,EL,EL-CA
673322088,2,SEC,,,1,EL,EL-CA
673322088,3,NBCD,,Nos,0,EL,EL-CA
673322088,4,MAT,,,0,EL,EL-CA
673322088,5,BLI,,,0,EL,EL-CA
673731011,1,TYPE,,,0,SE,SE-EC
673731011,2,PEN,,Watt,1,SE,SE-EC
673731011,3,TEN,,,0,SE,SE-EC
673731011,4,FOR,,,0,SE,SE-EC
673731011,5,FAB,,,0,SE,SE-EC
673731032,1,TYPE,,,0,SE,SE-EC
673731032,2,PEN,,Watt,1,SE,SE-EC
673731032,3,TEN,,,0,SE,SE-EC
673731032,4,FOR,,,0,SE,SE-EC
673731032,5,FAB,,,0,SE,SE-EC
674420010,1,TYPE,,,0,SE,SE-EC
674420010,2,PEN,,Watt,1,SE,SE-EC
674420010,3,TEN,,,0,SE,SE-EC
674420010,4,FOR,,,0,SE,SE-EC
674420010,5,FAB,,,0,SE,SE-EC
676122145,1,TYPE,,,0,SE,SE-EC
676122145,2,PEN,,Watt,1,SE,SE-EC
676122145,3,TEN,,,0,SE,SE-EC
676122145,4,FOR,,,0,SE,SE-EC
676122145,5,FAB,,,0,SE,SE-EC
676122146,1,TYPE,,,0,SE,SE-EC
676122146,2,PEN,,Watt,1,SE,SE-EC
676122146,3,TEN,,,0,SE,SE-EC
676122146,4,FOR,,,0,SE,SE-EC
676122146,5,FAB,,,0,SE,SE-EC
679148119,1,TYPE,,,0,EL,EL-RE
679148119,2,TDCB,,,1,EL,EL-RE
679148119,3,CRT,,AMP,0,EL,EL-RE
679148119,4,NBC,,Nos,0,EL,EL-RE
679148119,5,FAB,,,0,EL,EL-RE
683104180,1,TYPE,,,0,EL,EL-CA
683104180,2,SEC,,,1,EL,EL-CA
683104180,3,NBCD,,Nos,0,EL,EL-CA
683104180,4,MAT,,,0,EL,EL-CA
683104180,5,BLI,,,0,EL,EL-CA
683104400,1,TYPE,,,0,EL,EL-CA
683104400,2,SEC,,,1,EL,EL-CA
683104400,3,NBCD,,Nos,0,EL,EL-CA
683104400,4,MAT,,,0,EL,EL-CA
683104400,5,BLI,,,0,EL,EL-CA
683104401,1,TYPE,,,0,EL,EL-CA
683104401,2,SEC,,,1,EL,EL-CA
683104401,3,NBCD,,Nos,0,EL,EL-CA
683104401,4,MAT,,,0,EL,EL-CA
683104401,5,BLI,,,0,EL,EL-CA
683104402,1,TYPE,,,0,EL,EL-CA
683104402,2,SEC,,,1,EL,EL-CA
683104402,3,NBCD,,Nos,0,EL,EL-CA
683104402,4,MAT,,,0,EL,EL-CA
683104402,5,BLI,,,0,EL,EL-CA
683104403,1,TYPE,,,0,SE,SE-EC
683104403,2,PEN,,Watt,1,SE,SE-EC
683104403,3,TEN,,,0,SE,SE-EC
683104403,4,FOR,,,0,SE,SE-EC
683104403,5,FAB,,,0,SE,SE-EC
683104404,1,TYPE,,,0,EL,EL-CA
683104404,2,SEC,,,1,EL,EL-CA
683104404,3,NBCD,,Nos,0,EL,EL-CA
683104404,4,MAT,,,0,EL,EL-CA
683104404,5,BLI,,,0,EL,EL-CA
683105150,1,TYPE,,,0,EL,EL-CA
683105150,2,SEC,,,1,EL,EL-CA
683105150,3,NBCD,,Nos,0,EL,EL-CA
683105150,4,MAT,,,0,EL,EL-CA
683105150,5,BLI,,,0,EL,EL-CA
683107055,1,TYPE,,,0,EL,EL-CA
683107055,2,SEC,,,1,EL,EL-CA
683107055,3,NBCD,,Nos,0,EL,EL-CA
683107055,4,MAT,,,0,EL,EL-CA
683107055,5,BLI,,,0,EL,EL-CA
683107063,1,TYPE,,,0,EL,EL-CA
683107063,2,SEC,,,1,EL,EL-CA
683107063,3,NBCD,,Nos,0,EL,EL-CA
683107063,4,MAT,,,0,EL,EL-CA
683107063,5,BLI,,,0,EL,EL-CA
683107070,1,TYPE,,,0,EL,EL-CA
683107070,2,SEC,,,1,EL,EL-CA
683107070,3,NBCD,,Nos,0,EL,EL-CA
683107070,4,MAT,,,0,EL,EL-CA
683107070,5,BLI,,,0,EL,EL-CA
683108619,1,TYPE,,,0,EL,EL-CA
683108619,2,SEC,,,1,EL,EL-CA
683108619,3,NBCD,,Nos,0,EL,EL-CA
683108619,4,MAT,,,0,EL,EL-CA
683108619,5,BLI,,,0,EL,EL-CA
683108620,1,TYPE,,,0,EL,EL-CA
683108620,2,SEC,,,1,EL,EL-CA
683108620,3,NBCD,,Nos,0,EL,EL-CA
683108620,4,MAT,,,0,EL,EL-CA
683108620,5,BLI,,,0,EL,EL-CA
683108621,1,TYPE,,,0,EL,EL-CA
683108621,2,SEC,,,1,EL,EL-CA
683108621,3,NBCD,,Nos,0,EL,EL-CA
683108621,4,MAT,,,0,EL,EL-CA
683108621,5,BLI,,,0,EL,EL-CA
683108622,1,TYPE,,,0,EL,EL-CA
683108622,2,SEC,,,1,EL,EL-CA
683108622,3,NBCD,,Nos,0,EL,EL-CA
683108622,4,MAT,,,0,EL,EL-CA
683108622,5,BLI,,,0,EL,EL-CA
683108712,1,TYPE,,,0,EL,EL-CA
683108712,2,SEC,,,1,EL,EL-CA
683108712,3,NBCD,,Nos,0,EL,EL-CA
683108712,4,MAT,,,0,EL,EL-CA
683108712,5,BLI,,,0,EL,EL-CA
683109087,1,TYPE,,,0,EL,EL-CA
683109087,2,SEC,,,1,EL,EL-CA
683109087,3,NBCD,,Nos,0,EL,EL-CA
683109087,4,MAT,,,0,EL,EL-CA
683109087,5,BLI,,,0,EL,EL-CA
683109092,1,TYPE,,,0,EL,EL-CA
683109092,2,SEC,,,1,EL,EL-CA
683109092,3,NBCD,,Nos,0,EL,EL-CA
683109092,4,MAT,,,0,EL,EL-CA
683109092,5,BLI,,,0,EL,EL-CA
683109093,1,TYPE,,,0,EL,EL-CA
683109093,2,SEC,,,1,EL,EL-CA
683109093,3,NBCD,,Nos,0,EL,EL-CA
683109093,4,MAT,,,0,EL,EL-CA
683109093,5,BLI,,,0,EL,EL-CA
683109094,1,TYPE,,,0,EL,EL-CA
683109094,2,SEC,,,1,EL,EL-CA
683109094,3,NBCD,,Nos,0,EL,EL-CA
683109094,4,MAT,,,0,EL,EL-CA
683109094,5,BLI,,,0,EL,EL-CA
683109095,1,TYPE,,,0,EL,EL-CA
683109095,2,SEC,,,1,EL,EL-CA
683109095,3,NBCD,,Nos,0,EL,EL-CA
683109095,4,MAT,,,0,EL,EL-CA
683109095,5,BLI,,,0,EL,EL-CA
683110305,1,TYPE,,,0,EL,EL-CA
683110305,2,SEC,,,1,EL,EL-CA
683110305,3,NBCD,,Nos,0,EL,EL-CA
683110305,4,MAT,,,0,EL,EL-CA
683110305,5,BLI,,,0,EL,EL-CA
683110306,1,TYPE,,,0,EL,EL-CA
683110306,2,SEC,,,1,EL,EL-CA
683110306,3,NBCD,,Nos,0,EL,EL-CA
683110306,4,MAT,,,0,EL,EL-CA
683110306,5,BLI,,,0,EL,EL-CA
683110307,1,TYPE,,,0,EL,EL-CA
683110307,2,SEC,,,1,EL,EL-CA
683110307,3,NBCD,,Nos,0,EL,EL-CA
683110307,4,MAT,,,0,EL,EL-CA
683110307,5,BLI,,,0,EL,EL-CA
683110319,1,TYPE,,,0,EL,EL-CA
683110319,2,SEC,,,1,EL,EL-CA
683110319,3,NBCD,,Nos,0,EL,EL-CA
683110319,4,MAT,,,0,EL,EL-CA
683110319,5,BLI,,,0,EL,EL-CA
683110320,1,TYPE,,,0,EL,EL-CA
683110320,2,SEC,,,1,EL,EL-CA
683110320,3,NBCD,,Nos,0,EL,EL-CA
683110320,4,MAT,,,0,EL,EL-CA
683110320,5,BLI,,,0,EL,EL-CA
683110321,1,TYPE,,,0,EL,EL-CA
683110321,2,SEC,,,1,EL,EL-CA
683110321,3,NBCD,,Nos,0,EL,EL-CA
683110321,4,MAT,,,0,EL,EL-CA
683110321,5,BLI,,,0,EL,EL-CA
683110619,1,TYPE,,,0,EL,EL-CA
683110619,2,SEC,,,1,EL,EL-CA
683110619,3,NBCD,,Nos,0,EL,EL-CA
683110619,4,MAT,,,0,EL,EL-CA
683110619,5,BLI,,,0,EL,EL-CA
683110621,1,TYPE,,,0,EL,EL-CA
683110621,2,SEC,,,1,EL,EL-CA
683110621,3,NBCD,,Nos,0,EL,EL-CA
683110621,4,MAT,,,0,EL,EL-CA
683110621,5,BLI,,,0,EL,EL-CA
683110622,1,TYPE,,,0,EL,EL-CA
683110622,2,SEC,,,1,EL,EL-CA
683110622,3,NBCD,,Nos,0,EL,EL-CA
683110622,4,MAT,,,0,EL,EL-CA
683110622,5,BLI,,,0,EL,EL-CA
683635012,1,TYPE,,,0,EL,EL-CA
683635012,2,SEC,,,1,EL,EL-CA
683635012,3,NBCD,,Nos,0,EL,EL-CA
683635012,4,MAT,,,0,EL,EL-CA
683635012,5,BLI,,,0,EL,EL-CA
683635013,1,TYPE,,,0,EL,EL-CA
683635013,2,SEC,,,1,EL,EL-CA
683635013,3,NBCD,,Nos,0,EL,EL-CA
683635013,4,MAT,,,0,EL,EL-CA
683635013,5,BLI,,,0,EL,EL-CA
683635014,1,TYPE,,,0,EL,EL-CA
683635014,2,SEC,,,1,EL,EL-CA
683635014,3,NBCD,,Nos,0,EL,EL-CA
683635014,4,MAT,,,0,EL,EL-CA
683635014,5,BLI,,,0,EL,EL-CA
683635015,1,TYPE,,,0,EL,EL-CA
683635015,2,SEC,,,1,EL,EL-CA
683635015,3,NBCD,,Nos,0,EL,EL-CA
683635015,4,MAT,,,0,EL,EL-CA
683635015,5,BLI,,,0,EL,EL-CA
684610010,1,TYPE,,,1,CS,CS-GC
684610010,2,GRA,,,0,CS,CS-GC
684610010,3,CND,,,0,CS,CS-GC
684610010,4,APP,,,0,CS,CS-GC
684610010,5,FAB,,,0,CS,CS-GC
684610011,1,TYPE,,,1,CS,CS-AM
684610011,2,RES,,,0,CS,CS-AM
684610011,3,CND,,,0,CS,CS-AM
684610011,4,APP,,,0,CS,CS-AM
684610011,5,FAB,,,0,CS,CS-AM
684610049,1,TYPE,,,0,EL,EL-CA
684610049,2,SEC,,,1,EL,EL-CA
684610049,3,NBCD,,Nos,0,EL,EL-CA
684610049,4,MAT,,,0,EL,EL-CA
684610049,5,BLI,,,0,EL,EL-CA
684610054,1,TYPE,,,0,EL,EL-CA
684610054,2,SEC,,,1,EL,EL-CA
684610054,3,NBCD,,Nos,0,EL,EL-CA
684610054,4,MAT,,,0,EL,EL-CA
684610054,5,BLI,,,0,EL,EL-CA
684610055,1,TYPE,,,0,EL,EL-CA
684610055,2,SEC,,,1,EL,EL-CA
684610055,3,NBCD,,Nos,0,EL,EL-CA
684610055,4,MAT,,,0,EL,EL-CA
684610055,5,BLI,,,0,EL,EL-CA
684610056,1,TFM,,,1,EE,EE-CA
684610056,2,REF,,,0,EE,EE-CA
684610056,3,CONS,,,0,EE,EE-CA
684610056,4,ALIM,,,0,EE,EE-CA
684610056,5,VER,,,0,EE,EE-CA
700000002,1,TYPE,,,1,CS,CS-GC
700000002,2,GRA,,,0,CS,CS-GC
700000002,3,CND,,,0,CS,CS-GC
700000002,4,APP,,,0,CS,CS-GC
700000002,5,FAB,,,0,CS,CS-GC
700000010,1,TYPE,,,1,CS,CS-GC
700000010,2,GRA,,,0,CS,CS-GC
700000010,3,CND,,,0,CS,CS-GC
700000010,4,APP,,,0,CS,CS-GC
700000010,5,FAB,,,0,CS,CS-GC
700000018,1,TYPE,,,1,CS,CS-GC
700000018,2,GRA,,,0,CS,CS-GC
700000018,3,CND,,,0,CS,CS-GC
700000018,4,APP,,,0,CS,CS-GC
700000018,5,FAB,,,0,CS,CS-GC
700000025,1,TYPE,,,1,CS,CS-GC
700000025,2,GRA,,,0,CS,CS-GC
700000025,3,CND,,,0,CS,CS-GC
700000025,4,APP,,,0,CS,CS-GC
700000025,5,FAB,,,0,CS,CS-GC
740306067,1,TYPE,,,0,HY,HY-FL
740306067,2,DN,,,1,HY,HY-FL
740306067,3,LON,,Millimeter,0,HY,HY-FL
740306067,4,EMB,,,0,HY,HY-FL
740306067,5,PRE,,Bar,0,HY,HY-FL
740602049,1,TYPE,,,0,HY,HY-FL
740602049,2,DN,,,1,HY,HY-FL
740602049,3,LON,,Millimeter,0,HY,HY-FL
740602049,4,EMB,,,0,HY,HY-FL
740602049,5,PRE,,Bar,0,HY,HY-FL
740602067,1,TYPE,,,0,HY,HY-FL
740602067,2,DN,,,1,HY,HY-FL
740602067,3,LON,,Millimeter,0,HY,HY-FL
740602067,4,EMB,,,0,HY,HY-FL
740602067,5,PRE,,Bar,0,HY,HY-FL
740602071,1,TYPE,,,0,HY,HY-FL
740602071,2,DN,,,1,HY,HY-FL
740602071,3,LON,,Millimeter,0,HY,HY-FL
740602071,4,EMB,,,0,HY,HY-FL
740602071,5,PRE,,Bar,0,HY,HY-FL
740602100,1,TYPE,,,0,HY,HY-FL
740602100,2,DN,,,1,HY,HY-FL
740602100,3,LON,,Millimeter,0,HY,HY-FL
740602100,4,EMB,,,0,HY,HY-FL
740602100,5,PRE,,Bar,0,HY,HY-FL
740602137,1,TYPE,,,0,HY,HY-FL
740602137,2,DN,,,1,HY,HY-FL
740602137,3,LON,,Millimeter,0,HY,HY-FL
740602137,4,EMB,,,0,HY,HY-FL
740602137,5,PRE,,Bar,0,HY,HY-FL
740602169,1,TYPE,,,0,HY,HY-FL
740602169,2,DN,,,1,HY,HY-FL
740602169,3,LON,,Millimeter,0,HY,HY-FL
740602169,4,EMB,,,0,HY,HY-FL
740602169,5,PRE,,Bar,0,HY,HY-FL
740602230,1,TYPE,,,0,HY,HY-FL
740602230,2,DN,,,1,HY,HY-FL
740602230,3,LON,,Millimeter,0,HY,HY-FL
740602230,4,EMB,,,0,HY,HY-FL
740602230,5,PRE,,Bar,0,HY,HY-FL
740602231,1,TYPE,,,0,HY,HY-FL
740602231,2,DN,,,1,HY,HY-FL
740602231,3,LON,,Millimeter,0,HY,HY-FL
740602231,4,EMB,,,0,HY,HY-FL
740602231,5,PRE,,Bar,0,HY,HY-FL
740602268,1,TYPE,,,0,HY,HY-FL
740602268,2,DN,,,1,HY,HY-FL
740602268,3,LON,,Millimeter,0,HY,HY-FL
740602268,4,EMB,,,0,HY,HY-FL
740602268,5,PRE,,Bar,0,HY,HY-FL
740602269,1,TYPE,,,0,PN,PN-RA
740602269,2,DET,,Millimeter,1,PN,PN-RA
740602269,3,FIL,,,0,PN,PN-RA
740602269,4,MAT,,,0,PN,PN-RA
740602269,5,FRM,,,0,PN,PN-RA
740602318,1,TYPE,,,0,HY,HY-FL
740602318,2,DN,,,1,HY,HY-FL
740602318,3,LON,,Millimeter,0,HY,HY-FL
740602318,4,EMB,,,0,HY,HY-FL
740602318,5,PRE,,Bar,0,HY,HY-FL
740602344,1,TYPE,,,0,HY,HY-FL
740602344,2,DN,,,1,HY,HY-FL
740602344,3,LON,,Millimeter,0,HY,HY-FL
740602344,4,EMB,,,0,HY,HY-FL
740602344,5,PRE,,Bar,0,HY,HY-FL
740602346,1,TYPE,,,0,HY,HY-FL
740602346,2,DN,,,1,HY,HY-FL
740602346,3,LON,,Millimeter,0,HY,HY-FL
740602346,4,EMB,,,0,HY,HY-FL
740602346,5,PRE,,Bar,0,HY,HY-FL
740602367,1,TYPE,,,0,HY,HY-FL
740602367,2,DN,,,1,HY,HY-FL
740602367,3,LON,,Millimeter,0,HY,HY-FL
740602367,4,EMB,,,0,HY,HY-FL
740602367,5,PRE,,Bar,0,HY,HY-FL
740602503,1,TYPE,,,0,HY,HY-FL
740602503,2,DN,,,1,HY,HY-FL
740602503,3,LON,,Millimeter,0,HY,HY-FL
740602503,4,EMB,,,0,HY,HY-FL
740602503,5,PRE,,Bar,0,HY,HY-FL
740603047,1,TYPE,,,0,HY,HY-FL
740603047,2,DN,,,1,HY,HY-FL
740603047,3,LON,,Millimeter,0,HY,HY-FL
740603047,4,EMB,,,0,HY,HY-FL
740603047,5,PRE,,Bar,0,HY,HY-FL
740603100,1,TYPE,,,0,HY,HY-FL
740603100,2,DN,,,1,HY,HY-FL
740603100,3,LON,,Millimeter,0,HY,HY-FL
740603100,4,EMB,,,0,HY,HY-FL
740603100,5,PRE,,Bar,0,HY,HY-FL
740603168,1,TYPE,,,0,HY,HY-FL
740603168,2,DN,,,1,HY,HY-FL
740603168,3,LON,,Millimeter,0,HY,HY-FL
740603168,4,EMB,,,0,HY,HY-FL
740603168,5,PRE,,Bar,0,HY,HY-FL
740603230,1,TYPE,,,0,HY,HY-FL
740603230,2,DN,,,1,HY,HY-FL
740603230,3,LON,,Millimeter,0,HY,HY-FL
740603230,4,EMB,,,0,HY,HY-FL
740603230,5,PRE,,Bar,0,HY,HY-FL
740603268,1,TYPE,,,0,HY,HY-FL
740603268,2,DN,,,1,HY,HY-FL
740603268,3,LON,,Millimeter,0,HY,HY-FL
740603268,4,EMB,,,0,HY,HY-FL
740603268,5,PRE,,Bar,0,HY,HY-FL
740603315,1,TYPE,,,0,HY,HY-FL
740603315,2,DN,,,1,HY,HY-FL
740603315,3,LON,,Millimeter,0,HY,HY-FL
740603315,4,EMB,,,0,HY,HY-FL
740603315,5,PRE,,Bar,0,HY,HY-FL
740603367,1,TYPE,,,0,HY,HY-FL
740603367,2,DN,,,1,HY,HY-FL
740603367,3,LON,,Millimeter,0,HY,HY-FL
740603367,4,EMB,,,0,HY,HY-FL
740603367,5,PRE,,Bar,0,HY,HY-FL
740604503,1,TYPE,,,0,HY,HY-FL
740604503,2,DN,,,1,HY,HY-FL
740604503,3,LON,,Millimeter,0,HY,HY-FL
740604503,4,EMB,,,0,HY,HY-FL
740604503,5,PRE,,Bar,0,HY,HY-FL
740604506,1,TYPE,,,0,HY,HY-FL
740604506,2,DN,,,1,HY,HY-FL
740604506,3,LON,,Millimeter,0,HY,HY-FL
740604506,4,EMB,,,0,HY,HY-FL
740604506,5,PRE,,Bar,0,HY,HY-FL
740702049,1,TYPE,,,0,HY,HY-FL
740702049,2,DN,,,1,HY,HY-FL
740702049,3,LON,,Millimeter,0,HY,HY-FL
740702049,4,EMB,,,0,HY,HY-FL
740702049,5,PRE,,Bar,0,HY,HY-FL
740702102,1,TYPE,,,0,HY,HY-FL
740702102,2,DN,,,1,HY,HY-FL
740702102,3,LON,,Millimeter,0,HY,HY-FL
740702102,4,EMB,,,0,HY,HY-FL
740702102,5,PRE,,Bar,0,HY,HY-FL
740702110,1,TYPE,,,0,HY,HY-FL
740702110,2,DN,,,1,HY,HY-FL
740702110,3,LON,,Millimeter,0,HY,HY-FL
740702110,4,EMB,,,0,HY,HY-FL
740702110,5,PRE,,Bar,0,HY,HY-FL
740702168,1,TYPE,,,0,HY,HY-FL
740702168,2,DN,,,1,HY,HY-FL
740702168,3,LON,,Millimeter,0,HY,HY-FL
740702168,4,EMB,,,0,HY,HY-FL
740702168,5,PRE,,Bar,0,HY,HY-FL
740702230,1,TYPE,,,0,HY,HY-FL
740702230,2,DN,,,1,HY,HY-FL
740702230,3,LON,,Millimeter,0,HY,HY-FL
740702230,4,EMB,,,0,HY,HY-FL
740702230,5,PRE,,Bar,0,HY,HY-FL
740702231,1,TYPE,,,0,HY,HY-FL
740702231,2,DN,,,1,HY,HY-FL
740702231,3,LON,,Millimeter,0,HY,HY-FL
740702231,4,EMB,,,0,HY,HY-FL
740702231,5,PRE,,Bar,0,HY,HY-FL
741450029,1,TYPE,,,0,HY,HY-FL
741450029,2,DN,,,1,HY,HY-FL
741450029,3,LON,,Millimeter,0,HY,HY-FL
741450029,4,EMB,,,0,HY,HY-FL
741450029,5,PRE,,Bar,0,HY,HY-FL
741450030,1,TYPE,,,0,HY,HY-FL
741450030,2,DN,,,1,HY,HY-FL
741450030,3,LON,,Millimeter,0,HY,HY-FL
741450030,4,EMB,,,0,HY,HY-FL
741450030,5,PRE,,Bar,0,HY,HY-FL
741450181,1,TYPE,,,0,HY,HY-FL
741450181,2,DN,,,1,HY,HY-FL
741450181,3,LON,,Millimeter,0,HY,HY-FL
741450181,4,EMB,,,0,HY,HY-FL
741450181,5,PRE,,Bar,0,HY,HY-FL
741450182,1,TYPE,,,0,HY,HY-FL
741450182,2,DN,,,1,HY,HY-FL
741450182,3,LON,,Millimeter,0,HY,HY-FL
741450182,4,EMB,,,0,HY,HY-FL
741450182,5,PRE,,Bar,0,HY,HY-FL
741450183,1,TYPE,,,0,HY,HY-FL
741450183,2,DN,,,1,HY,HY-FL
741450183,3,LON,,Millimeter,0,HY,HY-FL
741450183,4,EMB,,,0,HY,HY-FL
741450183,5,PRE,,Bar,0,HY,HY-FL
741450184,1,TYPE,,,0,HY,HY-FL
741450184,2,DN,,,1,HY,HY-FL
741450184,3,LON,,Millimeter,0,HY,HY-FL
741450184,4,EMB,,,0,HY,HY-FL
741450184,5,PRE,,Bar,0,HY,HY-FL
741450324,1,TYPE,,,0,HY,HY-FL
741450324,2,DN,,,1,HY,HY-FL
741450324,3,LON,,Millimeter,0,HY,HY-FL
741450324,4,EMB,,,0,HY,HY-FL
741450324,5,PRE,,Bar,0,HY,HY-FL
741450325,1,TYPE,,,0,HY,HY-FL
741450325,2,DN,,,1,HY,HY-FL
741450325,3,LON,,Millimeter,0,HY,HY-FL
741450325,4,EMB,,,0,HY,HY-FL
741450325,5,PRE,,Bar,0,HY,HY-FL
741450326,1,TYPE,,,0,HY,HY-FL
741450326,2,DN,,,1,HY,HY-FL
741450326,3,LON,,Millimeter,0,HY,HY-FL
741450326,4,EMB,,,0,HY,HY-FL
741450326,5,PRE,,Bar,0,HY,HY-FL
741450468,1,TYPE,,,0,HY,HY-FL
741450468,2,DN,,,1,HY,HY-FL
741450468,3,LON,,Millimeter,0,HY,HY-FL
741450468,4,EMB,,,0,HY,HY-FL
741450468,5,PRE,,Bar,0,HY,HY-FL
741450471,1,TYPE,,,0,HY,HY-FL
741450471,2,DN,,,1,HY,HY-FL
741450471,3,LON,,Millimeter,0,HY,HY-FL
741450471,4,EMB,,,0,HY,HY-FL
741450471,5,PRE,,Bar,0,HY,HY-FL
741451033,1,TYPE,,,0,HY,HY-FL
741451033,2,DN,,,1,HY,HY-FL
741451033,3,LON,,Millimeter,0,HY,HY-FL
741451033,4,EMB,,,0,HY,HY-FL
741451033,5,PRE,,Bar,0,HY,HY-FL
742004032,1,TYPE,,,0,HY,HY-FL
742004032,2,DN,,,1,HY,HY-FL
742004032,3,LON,,Millimeter,0,HY,HY-FL
742004032,4,EMB,,,0,HY,HY-FL
742004032,5,PRE,,Bar,0,HY,HY-FL
742004061,1,TYPE,,,0,HY,HY-FL
742004061,2,DN,,,1,HY,HY-FL
742004061,3,LON,,Millimeter,0,HY,HY-FL
742004061,4,EMB,,,0,HY,HY-FL
742004061,5,PRE,,Bar,0,HY,HY-FL
742004065,1,TYPE,,,0,ME,ME-JO
742004065,2,DIA,,Millimeter,1,ME,ME-JO
742004065,3,DIM,,Millimeter,0,ME,ME-JO
742004065,4,MAT,,,0,ME,ME-JO
742004065,5,USG,,,0,ME,ME-JO
742004068,1,TYPE,,,0,HY,HY-FL
742004068,2,DN,,,1,HY,HY-FL
742004068,3,LON,,Millimeter,0,HY,HY-FL
742004068,4,EMB,,,0,HY,HY-FL
742004068,5,PRE,,Bar,0,HY,HY-FL
742901057,1,TYPE,,,0,HY,HY-RA
742901057,2,DTF,,,1,HY,HY-RA
742901057,3,MAT,,,0,HY,HY-RA
742901057,4,FRM,,,0,HY,HY-RA
742901057,5,PRE,,Bar,0,HY,HY-RA
742901060,1,TYPE,,,0,HY,HY-FL
742901060,2,DN,,,1,HY,HY-FL
742901060,3,LON,,Millimeter,0,HY,HY-FL
742901060,4,EMB,,,0,HY,HY-FL
742901060,5,PRE,,Bar,0,HY,HY-FL
742901062,1,TYPE,,,0,PN,PN-RA
742901062,2,DET,,Millimeter,1,PN,PN-RA
742901062,3,FIL,,,0,PN,PN-RA
742901062,4,MAT,,,0,PN,PN-RA
742901062,5,FRM,,,0,PN,PN-RA
742901063,1,TYPE,,,0,HY,HY-FL
742901063,2,DN,,,1,HY,HY-FL
742901063,3,LON,,Millimeter,0,HY,HY-FL
742901063,4,EMB,,,0,HY,HY-FL
742901063,5,PRE,,Bar,0,HY,HY-FL
742901065,1,TYPE,,,0,HY,HY-FL
742901065,2,DN,,,1,HY,HY-FL
742901065,3,LON,,Millimeter,0,HY,HY-FL
742901065,4,EMB,,,0,HY,HY-FL
742901065,5,PRE,,Bar,0,HY,HY-FL
742901066,1,TYPE,,,0,HY,HY-FL
742901066,2,DN,,,1,HY,HY-FL
742901066,3,LON,,Millimeter,0,HY,HY-FL
742901066,4,EMB,,,0,HY,HY-FL
742901066,5,PRE,,Bar,0,HY,HY-FL
742901071,1,TYPE,,,0,HY,HY-RA
742901071,2,DTF,,,1,HY,HY-RA
742901071,3,MAT,,,0,HY,HY-RA
742901071,4,FRM,,,0,HY,HY-RA
742901071,5,PRE,,Bar,0,HY,HY-RA
742901072,1,TYPE,,,0,PN,PN-RA
742901072,2,DET,,Millimeter,1,PN,PN-RA
742901072,3,FIL,,,0,PN,PN-RA
742901072,4,MAT,,,0,PN,PN-RA
742901072,5,FRM,,,0,PN,PN-RA
742901074,1,TYPE,,,1,CS,CS-AM
742901074,2,RES,,,0,CS,CS-AM
742901074,3,CND,,,0,CS,CS-AM
742901074,4,APP,,,0,CS,CS-AM
742901074,5,FAB,,,0,CS,CS-AM
742901077,1,TYPE,,,0,HY,HY-RA
742901077,2,DTF,,,1,HY,HY-RA
742901077,3,MAT,,,0,HY,HY-RA
742901077,4,FRM,,,0,HY,HY-RA
742901077,5,PRE,,Bar,0,HY,HY-RA
742901080,1,TYPE,,,0,PN,PN-RA
742901080,2,DET,,Millimeter,1,PN,PN-RA
742901080,3,FIL,,,0,PN,PN-RA
742901080,4,MAT,,,0,PN,PN-RA
742901080,5,FRM,,,0,PN,PN-RA
742901082,1,TYPE,,,0,HY,HY-FL
742901082,2,DN,,,1,HY,HY-FL
742901082,3,LON,,Millimeter,0,HY,HY-FL
742901082,4,EMB,,,0,HY,HY-FL
742901082,5,PRE,,Bar,0,HY,HY-FL
742901084,1,TYPE,,,0,HY,HY-RA
742901084,2,DTF,,,1,HY,HY-RA
742901084,3,MAT,,,0,HY,HY-RA
742901084,4,FRM,,,0,HY,HY-RA
742901084,5,PRE,,Bar,0,HY,HY-RA
742901085,1,TYPE,,,0,HY,HY-RA
742901085,2,DTF,,,1,HY,HY-RA
742901085,3,MAT,,,0,HY,HY-RA
742901085,4,FRM,,,0,HY,HY-RA
742901085,5,PRE,,Bar,0,HY,HY-RA
742901088,1,TYPE,,,0,HY,HY-FL
742901088,2,DN,,,1,HY,HY-FL
742901088,3,LON,,Millimeter,0,HY,HY-FL
742901088,4,EMB,,,0,HY,HY-FL
742901088,5,PRE,,Bar,0,HY,HY-FL
742901089,1,TYPE,,,0,PN,PN-RA
742901089,2,DET,,Millimeter,1,PN,PN-RA
742901089,3,FIL,,,0,PN,PN-RA
742901089,4,MAT,,,0,PN,PN-RA
742901089,5,FRM,,,0,PN,PN-RA
742901092,1,TYPE,,,0,HY,HY-RA
742901092,2,DTF,,,1,HY,HY-RA
742901092,3,MAT,,,0,HY,HY-RA
742901092,4,FRM,,,0,HY,HY-RA
742901092,5,PRE,,Bar,0,HY,HY-RA
742901093,1,TYPE,,,0,HY,HY-FL
742901093,2,DN,,,1,HY,HY-FL
742901093,3,LON,,Millimeter,0,HY,HY-FL
742901093,4,EMB,,,0,HY,HY-FL
742901093,5,PRE,,Bar,0,HY,HY-FL
742901100,1,TYPE,,,0,HY,HY-FL
742901100,2,DN,,,1,HY,HY-FL
742901100,3,LON,,Millimeter,0,HY,HY-FL
742901100,4,EMB,,,0,HY,HY-FL
742901100,5,PRE,,Bar,0,HY,HY-FL
742901185,1,TYPE,,,0,PN,PN-RA
742901185,2,DET,,Millimeter,1,PN,PN-RA
742901185,3,FIL,,,0,PN,PN-RA
742901185,4,MAT,,,0,PN,PN-RA
742901185,5,FRM,,,0,PN,PN-RA
742902458,1,TYPE,,,0,HY,HY-FL
742902458,2,DN,,,1,HY,HY-FL
742902458,3,LON,,Millimeter,0,HY,HY-FL
742902458,4,EMB,,,0,HY,HY-FL
742902458,5,PRE,,Bar,0,HY,HY-FL
744301019,1,TYPE,,,0,HY,HY-FL
744301019,2,DN,,,1,HY,HY-FL
744301019,3,LON,,Millimeter,0,HY,HY-FL
744301019,4,EMB,,,0,HY,HY-FL
744301019,5,PRE,,Bar,0,HY,HY-FL
744301020,1,TYPE,,,0,HY,HY-FL
744301020,2,DN,,,1,HY,HY-FL
744301020,3,LON,,Millimeter,0,HY,HY-FL
744301020,4,EMB,,,0,HY,HY-FL
744301020,5,PRE,,Bar,0,HY,HY-FL
744301021,1,TYPE,,,0,HY,HY-FL
744301021,2,DN,,,1,HY,HY-FL
744301021,3,LON,,Millimeter,0,HY,HY-FL
744301021,4,EMB,,,0,HY,HY-FL
744301021,5,PRE,,Bar,0,HY,HY-FL
744301023,1,TYPE,,,0,HY,HY-FL
744301023,2,DN,,,1,HY,HY-FL
744301023,3,LON,,Millimeter,0,HY,HY-FL
744301023,4,EMB,,,0,HY,HY-FL
744301023,5,PRE,,Bar,0,HY,HY-FL
744301026,1,TYPE,,,0,HY,HY-FL
744301026,2,DN,,,1,HY,HY-FL
744301026,3,LON,,Millimeter,0,HY,HY-FL
744301026,4,EMB,,,0,HY,HY-FL
744301026,5,PRE,,Bar,0,HY,HY-FL
744301027,1,TYPE,,,0,HY,HY-FL
744301027,2,DN,,,1,HY,HY-FL
744301027,3,LON,,Millimeter,0,HY,HY-FL
744301027,4,EMB,,,0,HY,HY-FL
744301027,5,PRE,,Bar,0,HY,HY-FL
744301028,1,TYPE,,,0,HY,HY-FL
744301028,2,DN,,,1,HY,HY-FL
744301028,3,LON,,Millimeter,0,HY,HY-FL
744301028,4,EMB,,,0,HY,HY-FL
744301028,5,PRE,,Bar,0,HY,HY-FL
744301033,1,TYPE,,,0,HY,HY-FL
744301033,2,DN,,,1,HY,HY-FL
744301033,3,LON,,Millimeter,0,HY,HY-FL
744301033,4,EMB,,,0,HY,HY-FL
744301033,5,PRE,,Bar,0,HY,HY-FL
744301035,1,TYPE,,,0,HY,HY-FL
744301035,2,DN,,,1,HY,HY-FL
744301035,3,LON,,Millimeter,0,HY,HY-FL
744301035,4,EMB,,,0,HY,HY-FL
744301035,5,PRE,,Bar,0,HY,HY-FL
744301037,1,TYPE,,,0,HY,HY-FL
744301037,2,DN,,,1,HY,HY-FL
744301037,3,LON,,Millimeter,0,HY,HY-FL
744301037,4,EMB,,,0,HY,HY-FL
744301037,5,PRE,,Bar,0,HY,HY-FL
744301040,1,TYPE,,,0,HY,HY-FL
744301040,2,DN,,,1,HY,HY-FL
744301040,3,LON,,Millimeter,0,HY,HY-FL
744301040,4,EMB,,,0,HY,HY-FL
744301040,5,PRE,,Bar,0,HY,HY-FL
744301041,1,TYPE,,,0,HY,HY-FL
744301041,2,DN,,,1,HY,HY-FL
744301041,3,LON,,Millimeter,0,HY,HY-FL
744301041,4,EMB,,,0,HY,HY-FL
744301041,5,PRE,,Bar,0,HY,HY-FL
744301043,1,TYPE,,,0,HY,HY-FL
744301043,2,DN,,,1,HY,HY-FL
744301043,3,LON,,Millimeter,0,HY,HY-FL
744301043,4,EMB,,,0,HY,HY-FL
744301043,5,PRE,,Bar,0,HY,HY-FL
744301108,1,TYPE,,,0,HY,HY-FL
744301108,2,DN,,,1,HY,HY-FL
744301108,3,LON,,Millimeter,0,HY,HY-FL
744301108,4,EMB,,,0,HY,HY-FL
744301108,5,PRE,,Bar,0,HY,HY-FL
744301159,1,TYPE,,,0,HY,HY-FL
744301159,2,DN,,,1,HY,HY-FL
744301159,3,LON,,Millimeter,0,HY,HY-FL
744301159,4,EMB,,,0,HY,HY-FL
744301159,5,PRE,,Bar,0,HY,HY-FL
744302231,1,TYPE,,,0,HY,HY-FL
744302231,2,DN,,,1,HY,HY-FL
744302231,3,LON,,Millimeter,0,HY,HY-FL
744302231,4,EMB,,,0,HY,HY-FL
744302231,5,PRE,,Bar,0,HY,HY-FL
744302359,1,TYPE,,,0,HY,HY-FL
744302359,2,DN,,,1,HY,HY-FL
744302359,3,LON,,Millimeter,0,HY,HY-FL
744302359,4,EMB,,,0,HY,HY-FL
744302359,5,PRE,,Bar,0,HY,HY-FL
744303338,1,TYPE,,,0,HY,HY-FL
744303338,2,DN,,,1,HY,HY-FL
744303338,3,LON,,Millimeter,0,HY,HY-FL
744303338,4,EMB,,,0,HY,HY-FL
744303338,5,PRE,,Bar,0,HY,HY-FL
744331011,1,TYPE,,,0,HY,HY-FL
744331011,2,DN,,,1,HY,HY-FL
744331011,3,LON,,Millimeter,0,HY,HY-FL
744331011,4,EMB,,,0,HY,HY-FL
744331011,5,PRE,,Bar,0,HY,HY-FL
744331013,1,TYPE,,,0,HY,HY-FL
744331013,2,DN,,,1,HY,HY-FL
744331013,3,LON,,Millimeter,0,HY,HY-FL
744331013,4,EMB,,,0,HY,HY-FL
744331013,5,PRE,,Bar,0,HY,HY-FL
744401004,1,TYPE,,,0,HY,HY-FL
744401004,2,DN,,,1,HY,HY-FL
744401004,3,LON,,Millimeter,0,HY,HY-FL
744401004,4,EMB,,,0,HY,HY-FL
744401004,5,PRE,,Bar,0,HY,HY-FL
744401005,1,TYPE,,,0,HY,HY-FL
744401005,2,DN,,,1,HY,HY-FL
744401005,3,LON,,Millimeter,0,HY,HY-FL
744401005,4,EMB,,,0,HY,HY-FL
744401005,5,PRE,,Bar,0,HY,HY-FL
744401310,1,TYPE,,,0,HY,HY-FL
744401310,2,DN,,,1,HY,HY-FL
744401310,3,LON,,Millimeter,0,HY,HY-FL
744401310,4,EMB,,,0,HY,HY-FL
744401310,5,PRE,,Bar,0,HY,HY-FL
745301086,1,TYPE,,,0,HY,HY-RA
745301086,2,DTF,,,1,HY,HY-RA
745301086,3,MAT,,,0,HY,HY-RA
745301086,4,FRM,,,0,HY,HY-RA
745301086,5,PRE,,Bar,0,HY,HY-RA
745301092,1,TYPE,,,0,HY,HY-FI
745301092,2,SEU,,Micrometer,1,HY,HY-FI
745301092,3,RAC,,,0,HY,HY-FI
745301092,4,DEB,,,0,HY,HY-FI
745301092,5,FAB,,,0,HY,HY-FI
745311017,1,TYPE,,,0,HY,HY-RA
745311017,2,DTF,,,1,HY,HY-RA
745311017,3,MAT,,,0,HY,HY-RA
745311017,4,FRM,,,0,HY,HY-RA
745311017,5,PRE,,Bar,0,HY,HY-RA
745311101,1,TYPE,,,0,HY,HY-RA
745311101,2,DTF,,,1,HY,HY-RA
745311101,3,MAT,,,0,HY,HY-RA
745311101,4,FRM,,,0,HY,HY-RA
745311101,5,PRE,,Bar,0,HY,HY-RA
745311102,1,TYPE,,,0,HY,HY-RA
745311102,2,DTF,,,1,HY,HY-RA
745311102,3,MAT,,,0,HY,HY-RA
745311102,4,FRM,,,0,HY,HY-RA
745311102,5,PRE,,Bar,0,HY,HY-RA
745311103,1,TYPE,,,0,HY,HY-RA
745311103,2,DTF,,,1,HY,HY-RA
745311103,3,MAT,,,0,HY,HY-RA
745311103,4,FRM,,,0,HY,HY-RA
745311103,5,PRE,,Bar,0,HY,HY-RA
745311105,1,TYPE,,,0,HY,HY-RA
745311105,2,DTF,,,1,HY,HY-RA
745311105,3,MAT,,,0,HY,HY-RA
745311105,4,FRM,,,0,HY,HY-RA
745311105,5,PRE,,Bar,0,HY,HY-RA
745311106,1,TYPE,,,0,HY,HY-RA
745311106,2,DTF,,,1,HY,HY-RA
745311106,3,MAT,,,0,HY,HY-RA
745311106,4,FRM,,,0,HY,HY-RA
745311106,5,PRE,,Bar,0,HY,HY-RA
745311230,1,TYPE,,,0,HY,HY-RA
745311230,2,DTF,,,1,HY,HY-RA
745311230,3,MAT,,,0,HY,HY-RA
745311230,4,FRM,,,0,HY,HY-RA
745311230,5,PRE,,Bar,0,HY,HY-RA
745312003,1,TYPE,,,0,HY,HY-RA
745312003,2,DTF,,,1,HY,HY-RA
745312003,3,MAT,,,0,HY,HY-RA
745312003,4,FRM,,,0,HY,HY-RA
745312003,5,PRE,,Bar,0,HY,HY-RA
745601016,1,TYPE,,,0,HY,HY-RA
745601016,2,DTF,,,1,HY,HY-RA
745601016,3,MAT,,,0,HY,HY-RA
745601016,4,FRM,,,0,HY,HY-RA
745601016,5,PRE,,Bar,0,HY,HY-RA
745601021,1,TYPE,,,0,HY,HY-RA
745601021,2,DTF,,,1,HY,HY-RA
745601021,3,MAT,,,0,HY,HY-RA
745601021,4,FRM,,,0,HY,HY-RA
745601021,5,PRE,,Bar,0,HY,HY-RA
745601030,1,TYPE,,,0,HY,HY-RA
745601030,2,DTF,,,1,HY,HY-RA
745601030,3,MAT,,,0,HY,HY-RA
745601030,4,FRM,,,0,HY,HY-RA
745601030,5,PRE,,Bar,0,HY,HY-RA
745601040,1,TYPE,,,0,HY,HY-RA
745601040,2,DTF,,,1,HY,HY-RA
745601040,3,MAT,,,0,HY,HY-RA
745601040,4,FRM,,,0,HY,HY-RA
745601040,5,PRE,,Bar,0,HY,HY-RA
745601051,1,TYPE,,,0,HY,HY-RA
745601051,2,DTF,,,1,HY,HY-RA
745601051,3,MAT,,,0,HY,HY-RA
745601051,4,FRM,,,0,HY,HY-RA
745601051,5,PRE,,Bar,0,HY,HY-RA
745601076,1,TYPE,,,0,HY,HY-RA
745601076,2,DTF,,,1,HY,HY-RA
745601076,3,MAT,,,0,HY,HY-RA
745601076,4,FRM,,,0,HY,HY-RA
745601076,5,PRE,,Bar,0,HY,HY-RA
745601078,1,TYPE,,,0,HY,HY-RA
745601078,2,DTF,,,1,HY,HY-RA
745601078,3,MAT,,,0,HY,HY-RA
745601078,4,FRM,,,0,HY,HY-RA
745601078,5,PRE,,Bar,0,HY,HY-RA
745601100,1,TYPE,,,0,HY,HY-RA
745601100,2,DTF,,,1,HY,HY-RA
745601100,3,MAT,,,0,HY,HY-RA
745601100,4,FRM,,,0,HY,HY-RA
745601100,5,PRE,,Bar,0,HY,HY-RA
745601101,1,TYPE,,,0,HY,HY-RA
745601101,2,DTF,,,1,HY,HY-RA
745601101,3,MAT,,,0,HY,HY-RA
745601101,4,FRM,,,0,HY,HY-RA
745601101,5,PRE,,Bar,0,HY,HY-RA
745601107,1,TDC,,,0,EL,EL-MO
745601107,2,PUI,,Kilowatt,1,EL,EL-MO
745601107,3,VIT,,,0,EL,EL-MO
745601107,4,FIX,,,0,EL,EL-MO
745601107,5,TEN,,,0,EL,EL-MO
745601230,1,TYPE,,,0,HY,HY-RA
745601230,2,DTF,,,1,HY,HY-RA
745601230,3,MAT,,,0,HY,HY-RA
745601230,4,FRM,,,0,HY,HY-RA
745601230,5,PRE,,Bar,0,HY,HY-RA
745601540,1,TYPE,,,0,HY,HY-RA
745601540,2,DTF,,,1,HY,HY-RA
745601540,3,MAT,,,0,HY,HY-RA
745601540,4,FRM,,,0,HY,HY-RA
745601540,5,PRE,,Bar,0,HY,HY-RA
745601545,1,TYPE,,,0,HY,HY-RA
745601545,2,DTF,,,1,HY,HY-RA
745601545,3,MAT,,,0,HY,HY-RA
745601545,4,FRM,,,0,HY,HY-RA
745601545,5,PRE,,Bar,0,HY,HY-RA
745601552,1,TYPE,,,0,HY,HY-RA
745601552,2,DTF,,,1,HY,HY-RA
745601552,3,MAT,,,0,HY,HY-RA
745601552,4,FRM,,,0,HY,HY-RA
745601552,5,PRE,,Bar,0,HY,HY-RA
745601553,1,TYPE,,,0,HY,HY-RA
745601553,2,DTF,,,1,HY,HY-RA
745601553,3,MAT,,,0,HY,HY-RA
745601553,4,FRM,,,0,HY,HY-RA
745601553,5,PRE,,Bar,0,HY,HY-RA
745692248,1,TYPE,,,0,HY,HY-FL
745692248,2,DN,,,1,HY,HY-FL
745692248,3,LON,,Millimeter,0,HY,HY-FL
745692248,4,EMB,,,0,HY,HY-FL
745692248,5,PRE,,Bar,0,HY,HY-FL
745692250,1,TYPE,,,0,HY,HY-FL
745692250,2,DN,,,1,HY,HY-FL
745692250,3,LON,,Millimeter,0,HY,HY-FL
745692250,4,EMB,,,0,HY,HY-FL
745692250,5,PRE,,Bar,0,HY,HY-FL
745692251,1,TYPE,,,0,HY,HY-FL
745692251,2,DN,,,1,HY,HY-FL
745692251,3,LON,,Millimeter,0,HY,HY-FL
745692251,4,EMB,,,0,HY,HY-FL
745692251,5,PRE,,Bar,0,HY,HY-FL
745692252,1,TYPE,,,0,HY,HY-FL
745692252,2,DN,,,1,HY,HY-FL
745692252,3,LON,,Millimeter,0,HY,HY-FL
745692252,4,EMB,,,0,HY,HY-FL
745692252,5,PRE,,Bar,0,HY,HY-FL
745767016,1,TYPE,,,0,PN,PN-RA
745767016,2,DET,,Millimeter,1,PN,PN-RA
745767016,3,FIL,,,0,PN,PN-RA
745767016,4,MAT,,,0,PN,PN-RA
745767016,5,FRM,,,0,PN,PN-RA
745767021,1,TYPE,,,0,PN,PN-RA
745767021,2,DET,,Millimeter,1,PN,PN-RA
745767021,3,FIL,,,0,PN,PN-RA
745767021,4,MAT,,,0,PN,PN-RA
745767021,5,FRM,,,0,PN,PN-RA
745767031,1,TYPE,,,0,PN,PN-RA
745767031,2,DET,,Millimeter,1,PN,PN-RA
745767031,3,FIL,,,0,PN,PN-RA
745767031,4,MAT,,,0,PN,PN-RA
745767031,5,FRM,,,0,PN,PN-RA
745767051,1,TYPE,,,0,PN,PN-RA
745767051,2,DET,,Millimeter,1,PN,PN-RA
745767051,3,FIL,,,0,PN,PN-RA
745767051,4,MAT,,,0,PN,PN-RA
745767051,5,FRM,,,0,PN,PN-RA
745767061,1,TYPE,,,0,PN,PN-RA
745767061,2,DET,,Millimeter,1,PN,PN-RA
745767061,3,FIL,,,0,PN,PN-RA
745767061,4,MAT,,,0,PN,PN-RA
745767061,5,FRM,,,0,PN,PN-RA
745767062,1,TYPE,,,0,PN,PN-RA
745767062,2,DET,,Millimeter,1,PN,PN-RA
745767062,3,FIL,,,0,PN,PN-RA
745767062,4,MAT,,,0,PN,PN-RA
745767062,5,FRM,,,0,PN,PN-RA
745767067,1,TYPE,,,0,PN,PN-RA
745767067,2,DET,,Millimeter,1,PN,PN-RA
745767067,3,FIL,,,0,PN,PN-RA
745767067,4,MAT,,,0,PN,PN-RA
745767067,5,FRM,,,0,PN,PN-RA
745767068,1,TYPE,,,0,PN,PN-RA
745767068,2,DET,,Millimeter,1,PN,PN-RA
745767068,3,FIL,,,0,PN,PN-RA
745767068,4,MAT,,,0,PN,PN-RA
745767068,5,FRM,,,0,PN,PN-RA
745768043,1,TYPE,,,0,PN,PN-RA
745768043,2,DET,,Millimeter,1,PN,PN-RA
745768043,3,FIL,,,0,PN,PN-RA
745768043,4,MAT,,,0,PN,PN-RA
745768043,5,FRM,,,0,PN,PN-RA
745768047,1,TYPE,,,0,PN,PN-RA
745768047,2,DET,,Millimeter,1,PN,PN-RA
745768047,3,FIL,,,0,PN,PN-RA
745768047,4,MAT,,,0,PN,PN-RA
745768047,5,FRM,,,0,PN,PN-RA
746062246,1,TYPE,,,0,HY,HY-RA
746062246,2,DTF,,,1,HY,HY-RA
746062246,3,MAT,,,0,HY,HY-RA
746062246,4,FRM,,,0,HY,HY-RA
746062246,5,PRE,,Bar,0,HY,HY-RA
747903150,1,TYPE,,,0,HY,HY-RA
747903150,2,DTF,,,1,HY,HY-RA
747903150,3,MAT,,,0,HY,HY-RA
747903150,4,FRM,,,0,HY,HY-RA
747903150,5,PRE,,Bar,0,HY,HY-RA
747950161,1,TYPE,,,0,HY,HY-RA
747950161,2,DTF,,,1,HY,HY-RA
747950161,3,MAT,,,0,HY,HY-RA
747950161,4,FRM,,,0,HY,HY-RA
747950161,5,PRE,,Bar,0,HY,HY-RA
747953152,1,TYPE,,,0,HY,HY-FL
747953152,2,DN,,,1,HY,HY-FL
747953152,3,LON,,Millimeter,0,HY,HY-FL
747953152,4,EMB,,,0,HY,HY-FL
747953152,5,PRE,,Bar,0,HY,HY-FL
748422359,1,FON,,,0,PN,PN-EV
748422359,2,DDR,,,1,PN,PN-EV
748422359,3,FIL,,,0,PN,PN-EV
748422359,4,TNC,,,0,PN,PN-EV
748422359,5,TYPE,,,0,PN,PN-EV
748425327,1,TYPE,,,0,ME,ME-JO
748425327,2,DIA,,Millimeter,1,ME,ME-JO
748425327,3,DIM,,Millimeter,0,ME,ME-JO
748425327,4,MAT,,,0,ME,ME-JO
748425327,5,USG,,,0,ME,ME-JO
748425330,1,TYPE,,,0,ME,ME-JO
748425330,2,DIA,,Millimeter,1,ME,ME-JO
748425330,3,DIM,,Millimeter,0,ME,ME-JO
748425330,4,MAT,,,0,ME,ME-JO
748425330,5,USG,,,0,ME,ME-JO
750526010,1,TYPE,,,0,HY,HY-FL
750526010,2,DN,,,1,HY,HY-FL
750526010,3,LON,,Millimeter,0,HY,HY-FL
750526010,4,EMB,,,0,HY,HY-FL
750526010,5,PRE,,Bar,0,HY,HY-FL
750526014,1,TYPE,,,0,HY,HY-FL
750526014,2,DN,,,1,HY,HY-FL
750526014,3,LON,,Millimeter,0,HY,HY-FL
750526014,4,EMB,,,0,HY,HY-FL
750526014,5,PRE,,Bar,0,HY,HY-FL
750526190,1,TYPE,,,0,HY,HY-FL
750526190,2,DN,,,1,HY,HY-FL
750526190,3,LON,,Millimeter,0,HY,HY-FL
750526190,4,EMB,,,0,HY,HY-FL
750526190,5,PRE,,Bar,0,HY,HY-FL
750526191,1,TYPE,,,0,HY,HY-FL
750526191,2,DN,,,1,HY,HY-FL
750526191,3,LON,,Millimeter,0,HY,HY-FL
750526191,4,EMB,,,0,HY,HY-FL
750526191,5,PRE,,Bar,0,HY,HY-FL
750526193,1,TYPE,,,0,HY,HY-FL
750526193,2,DN,,,1,HY,HY-FL
750526193,3,LON,,Millimeter,0,HY,HY-FL
750526193,4,EMB,,,0,HY,HY-FL
750526193,5,PRE,,Bar,0,HY,HY-FL
750528216,1,TYPE,,,0,PN,PN-DI
750528216,2,DTC,,,1,PN,PN-DI
750528216,3,NBV,,Nos,0,PN,PN-DI
750528216,4,TIR,,,0,PN,PN-DI
750528216,5,TNB,,,0,PN,PN-DI
750697205,1,PRC,,,1,CS,CS-SC
750697205,2,DIA,,Millimeter,0,CS,CS-SC
750697205,3,NUA,,,0,CS,CS-SC
750697205,4,TYPE,,,0,CS,CS-SC
750697205,5,CND,,,0,CS,CS-SC
756616025,1,TYPE,,,0,HY,HY-FI
756616025,2,SEU,,Micrometer,1,HY,HY-FI
756616025,3,RAC,,,0,HY,HY-FI
756616025,4,DEB,,,0,HY,HY-FI
756616025,5,FAB,,,0,HY,HY-FI
756616050,1,TYPE,,,0,HY,HY-FI
756616050,2,SEU,,Micrometer,1,HY,HY-FI
756616050,3,RAC,,,0,HY,HY-FI
756616050,4,DEB,,,0,HY,HY-FI
756616050,5,FAB,,,0,HY,HY-FI
756616080,1,TYPE,,,0,HY,HY-FI
756616080,2,SEU,,Micrometer,1,HY,HY-FI
756616080,3,RAC,,,0,HY,HY-FI
756616080,4,DEB,,,0,HY,HY-FI
756616080,5,FAB,,,0,HY,HY-FI
756617016,1,TYPE,,,0,HY,HY-FI
756617016,2,SEU,,Micrometer,1,HY,HY-FI
756617016,3,RAC,,,0,HY,HY-FI
756617016,4,DEB,,,0,HY,HY-FI
756617016,5,FAB,,,0,HY,HY-FI
756617017,1,TYPE,,,0,HY,HY-FI
756617017,2,SEU,,Micrometer,1,HY,HY-FI
756617017,3,RAC,,,0,HY,HY-FI
756617017,4,DEB,,,0,HY,HY-FI
756617017,5,FAB,,,0,HY,HY-FI
756617018,1,TYPE,,,0,HY,HY-FI
756617018,2,SEU,,Micrometer,1,HY,HY-FI
756617018,3,RAC,,,0,HY,HY-FI
756617018,4,DEB,,,0,HY,HY-FI
756617018,5,FAB,,,0,HY,HY-FI
756617020,1,TYPE,,,0,HY,HY-FI
756617020,2,SEU,,Micrometer,1,HY,HY-FI
756617020,3,RAC,,,0,HY,HY-FI
756617020,4,DEB,,,0,HY,HY-FI
756617020,5,FAB,,,0,HY,HY-FI
756617027,1,TYPE,,,0,HY,HY-FI
756617027,2,SEU,,Micrometer,1,HY,HY-FI
756617027,3,RAC,,,0,HY,HY-FI
756617027,4,DEB,,,0,HY,HY-FI
756617027,5,FAB,,,0,HY,HY-FI
756617050,1,TYPE,,,0,HY,HY-FI
756617050,2,SEU,,Micrometer,1,HY,HY-FI
756617050,3,RAC,,,0,HY,HY-FI
756617050,4,DEB,,,0,HY,HY-FI
756617050,5,FAB,,,0,HY,HY-FI
756618049,1,TYPE,,,0,HY,HY-FI
756618049,2,SEU,,Micrometer,1,HY,HY-FI
756618049,3,RAC,,,0,HY,HY-FI
756618049,4,DEB,,,0,HY,HY-FI
756618049,5,FAB,,,0,HY,HY-FI
756618050,1,TYPE,,,0,HY,HY-FI
756618050,2,SEU,,Micrometer,1,HY,HY-FI
756618050,3,RAC,,,0,HY,HY-FI
756618050,4,DEB,,,0,HY,HY-FI
756618050,5,FAB,,,0,HY,HY-FI
756618051,1,TYPE,,,0,HY,HY-FI
756618051,2,SEU,,Micrometer,1,HY,HY-FI
756618051,3,RAC,,,0,HY,HY-FI
756618051,4,DEB,,,0,HY,HY-FI
756618051,5,FAB,,,0,HY,HY-FI
757101005,1,TS,,,0,IN,IN-TE
757101005,2,PMEAS,,Celsius,1,IN,IN-TE
757101005,3,LON,,Millimeter,0,IN,IN-TE
757101005,4,DGT,,Millimeter,0,IN,IN-TE
757101005,5,RAC,,,0,IN,IN-TE
757109727,1,TYPE,,,0,ME,ME-JO
757109727,2,DIA,,Millimeter,1,ME,ME-JO
757109727,3,DIM,,Millimeter,0,ME,ME-JO
757109727,4,MAT,,,0,ME,ME-JO
757109727,5,USG,,,0,ME,ME-JO
757109728,1,TYPE,,,0,ME,ME-JO
757109728,2,DIA,,Millimeter,1,ME,ME-JO
757109728,3,DIM,,Millimeter,0,ME,ME-JO
757109728,4,MAT,,,0,ME,ME-JO
757109728,5,USG,,,0,ME,ME-JO
757109729,1,TYPE,,,0,ME,ME-JO
757109729,2,DIA,,Millimeter,1,ME,ME-JO
757109729,3,DIM,,Millimeter,0,ME,ME-JO
757109729,4,MAT,,,0,ME,ME-JO
757109729,5,USG,,,0,ME,ME-JO
757109730,1,TYPE,,,0,ME,ME-JO
757109730,2,DIA,,Millimeter,1,ME,ME-JO
757109730,3,DIM,,Millimeter,0,ME,ME-JO
757109730,4,MAT,,,0,ME,ME-JO
757109730,5,USG,,,0,ME,ME-JO
757525016,1,TYPE,,,1,CS,CS-EP
757525016,2,TAI,,,0,CS,CS-EP
757525016,3,NPR,,,0,CS,CS-EP
757525016,4,MAT,,,0,CS,CS-EP
757525016,5,NOR,,,0,CS,CS-EP
757525017,1,TYPE,,,1,CS,CS-EP
757525017,2,TAI,,,0,CS,CS-EP
757525017,3,NPR,,,0,CS,CS-EP
757525017,4,MAT,,,0,CS,CS-EP
757525017,5,NOR,,,0,CS,CS-EP
758864127,1,TYPE,,,0,PN,PN-VE
758864127,2,DAP,,Millimeter,1,PN,PN-VE
758864127,3,COU,,Millimeter,0,PN,PN-VE
758864127,4,AMO,,,0,PN,PN-VE
758864127,5,RAC,,,0,PN,PN-VE
759558003,1,TYPE,,,0,HY,HY-PO
759558003,2,DEB,,,1,HY,HY-PO
759558003,3,CYL,,,0,HY,HY-PO
759558003,4,PRE,,Bar,0,HY,HY-PO
759558003,5,LIQ,,,0,HY,HY-PO
759558004,1,TYPE,,,0,HY,HY-PO
759558004,2,DEB,,,1,HY,HY-PO
759558004,3,CYL,,,0,HY,HY-PO
759558004,4,PRE,,Bar,0,HY,HY-PO
759558004,5,LIQ,,,0,HY,HY-PO
770101716,1,TYPE,,,0,ME,ME-RO
770101716,2,DIAI,,Millimeter,1,ME,ME-RO
770101716,3,SR,,,0,ME,ME-RO
770101716,4,DIAE,,Millimeter,0,ME,ME-RO
770101716,5,EPJ,,,0,ME,ME-RO
770102013,1,TYPE,,,0,ME,ME-RO
770102013,2,DIAI,,Millimeter,1,ME,ME-RO
770102013,3,SR,,,0,ME,ME-RO
770102013,4,DIAE,,Millimeter,0,ME,ME-RO
770102013,5,EPJ,,,0,ME,ME-RO
770102019,1,TYPE,,,0,ME,ME-RO
770102019,2,DIAI,,Millimeter,1,ME,ME-RO
770102019,3,SR,,,0,ME,ME-RO
770102019,4,DIAE,,Millimeter,0,ME,ME-RO
770102019,5,EPJ,,,0,ME,ME-RO
770102024,1,TYPE,,,0,ME,ME-RO
770102024,2,DIAI,,Millimeter,1,ME,ME-RO
770102024,3,SR,,,0,ME,ME-RO
770102024,4,DIAE,,Millimeter,0,ME,ME-RO
770102024,5,EPJ,,,0,ME,ME-RO
770102035,1,TYPE,,,0,ME,ME-RO
770102035,2,DIAI,,Millimeter,1,ME,ME-RO
770102035,3,SR,,,0,ME,ME-RO
770102035,4,DIAE,,Millimeter,0,ME,ME-RO
770102035,5,EPJ,,,0,ME,ME-RO
770102036,1,TYPE,,,0,ME,ME-RO
770102036,2,DIAI,,Millimeter,1,ME,ME-RO
770102036,3,SR,,,0,ME,ME-RO
770102036,4,DIAE,,Millimeter,0,ME,ME-RO
770102036,5,EPJ,,,0,ME,ME-RO
770102149,1,TYPE,,,0,ME,ME-RO
770102149,2,DIAI,,Millimeter,1,ME,ME-RO
770102149,3,SR,,,0,ME,ME-RO
770102149,4,DIAE,,Millimeter,0,ME,ME-RO
770102149,5,EPJ,,,0,ME,ME-RO
770102713,1,TYPE,,,0,ME,ME-RO
770102713,2,DIAI,,Millimeter,1,ME,ME-RO
770102713,3,SR,,,0,ME,ME-RO
770102713,4,DIAE,,Millimeter,0,ME,ME-RO
770102713,5,EPJ,,,0,ME,ME-RO
770102714,1,TYPE,,,0,ME,ME-RO
770102714,2,DIAI,,Millimeter,1,ME,ME-RO
770102714,3,SR,,,0,ME,ME-RO
770102714,4,DIAE,,Millimeter,0,ME,ME-RO
770102714,5,EPJ,,,0,ME,ME-RO
770102715,1,TYPE,,,0,ME,ME-RO
770102715,2,DIAI,,Millimeter,1,ME,ME-RO
770102715,3,SR,,,0,ME,ME-RO
770102715,4,DIAE,,Millimeter,0,ME,ME-RO
770102715,5,EPJ,,,0,ME,ME-RO
770102716,1,TYPE,,,0,ME,ME-RO
770102716,2,DIAI,,Millimeter,1,ME,ME-RO
770102716,3,SR,,,0,ME,ME-RO
770102716,4,DIAE,,Millimeter,0,ME,ME-RO
770102716,5,EPJ,,,0,ME,ME-RO
770102717,1,TYPE,,,0,ME,ME-RO
770102717,2,DIAI,,Millimeter,1,ME,ME-RO
770102717,3,SR,,,0,ME,ME-RO
770102717,4,DIAE,,Millimeter,0,ME,ME-RO
770102717,5,EPJ,,,0,ME,ME-RO
770102719,1,TYPE,,,0,ME,ME-RO
770102719,2,DIAI,,Millimeter,1,ME,ME-RO
770102719,3,SR,,,0,ME,ME-RO
770102719,4,DIAE,,Millimeter,0,ME,ME-RO
770102719,5,EPJ,,,0,ME,ME-RO
770102721,1,TYPE,,,0,ME,ME-RO
770102721,2,DIAI,,Millimeter,1,ME,ME-RO
770102721,3,SR,,,0,ME,ME-RO
770102721,4,DIAE,,Millimeter,0,ME,ME-RO
770102721,5,EPJ,,,0,ME,ME-RO
770102723,1,TYPE,,,0,ME,ME-RO
770102723,2,DIAI,,Millimeter,1,ME,ME-RO
770102723,3,SR,,,0,ME,ME-RO
770102723,4,DIAE,,Millimeter,0,ME,ME-RO
770102723,5,EPJ,,,0,ME,ME-RO
770102724,1,TYPE,,,0,ME,ME-RO
770102724,2,DIAI,,Millimeter,1,ME,ME-RO
770102724,3,SR,,,0,ME,ME-RO
770102724,4,DIAE,,Millimeter,0,ME,ME-RO
770102724,5,EPJ,,,0,ME,ME-RO
770102725,1,TYPE,,,0,ME,ME-RO
770102725,2,DIAI,,Millimeter,1,ME,ME-RO
770102725,3,SR,,,0,ME,ME-RO
770102725,4,DIAE,,Millimeter,0,ME,ME-RO
770102725,5,EPJ,,,0,ME,ME-RO
770102726,1,TYPE,,,0,ME,ME-RO
770102726,2,DIAI,,Millimeter,1,ME,ME-RO
770102726,3,SR,,,0,ME,ME-RO
770102726,4,DIAE,,Millimeter,0,ME,ME-RO
770102726,5,EPJ,,,0,ME,ME-RO
770102728,1,TYPE,,,0,ME,ME-RO
770102728,2,DIAI,,Millimeter,1,ME,ME-RO
770102728,3,SR,,,0,ME,ME-RO
770102728,4,DIAE,,Millimeter,0,ME,ME-RO
770102728,5,EPJ,,,0,ME,ME-RO
770102729,1,TYPE,,,0,ME,ME-RO
770102729,2,DIAI,,Millimeter,1,ME,ME-RO
770102729,3,SR,,,0,ME,ME-RO
770102729,4,DIAE,,Millimeter,0,ME,ME-RO
770102729,5,EPJ,,,0,ME,ME-RO
770102730,1,TYPE,,,0,ME,ME-RO
770102730,2,DIAI,,Millimeter,1,ME,ME-RO
770102730,3,SR,,,0,ME,ME-RO
770102730,4,DIAE,,Millimeter,0,ME,ME-RO
770102730,5,EPJ,,,0,ME,ME-RO
770102731,1,TYPE,,,0,ME,ME-RO
770102731,2,DIAI,,Millimeter,1,ME,ME-RO
770102731,3,SR,,,0,ME,ME-RO
770102731,4,DIAE,,Millimeter,0,ME,ME-RO
770102731,5,EPJ,,,0,ME,ME-RO
770102733,1,TYPE,,,0,ME,ME-RO
770102733,2,DIAI,,Millimeter,1,ME,ME-RO
770102733,3,SR,,,0,ME,ME-RO
770102733,4,DIAE,,Millimeter,0,ME,ME-RO
770102733,5,EPJ,,,0,ME,ME-RO
770102735,1,TYPE,,,0,ME,ME-RO
770102735,2,DIAI,,Millimeter,1,ME,ME-RO
770102735,3,SR,,,0,ME,ME-RO
770102735,4,DIAE,,Millimeter,0,ME,ME-RO
770102735,5,EPJ,,,0,ME,ME-RO
770102739,1,TYPE,,,0,ME,ME-RO
770102739,2,DIAI,,Millimeter,1,ME,ME-RO
770102739,3,SR,,,0,ME,ME-RO
770102739,4,DIAE,,Millimeter,0,ME,ME-RO
770102739,5,EPJ,,,0,ME,ME-RO
770102740,1,TYPE,,,0,ME,ME-RO
770102740,2,DIAI,,Millimeter,1,ME,ME-RO
770102740,3,SR,,,0,ME,ME-RO
770102740,4,DIAE,,Millimeter,0,ME,ME-RO
770102740,5,EPJ,,,0,ME,ME-RO
770102741,1,TYPE,,,0,ME,ME-RO
770102741,2,DIAI,,Millimeter,1,ME,ME-RO
770102741,3,SR,,,0,ME,ME-RO
770102741,4,DIAE,,Millimeter,0,ME,ME-RO
770102741,5,EPJ,,,0,ME,ME-RO
770102745,1,TYPE,,,0,ME,ME-RO
770102745,2,DIAI,,Millimeter,1,ME,ME-RO
770102745,3,SR,,,0,ME,ME-RO
770102745,4,DIAE,,Millimeter,0,ME,ME-RO
770102745,5,EPJ,,,0,ME,ME-RO
770102746,1,TYPE,,,0,ME,ME-RO
770102746,2,DIAI,,Millimeter,1,ME,ME-RO
770102746,3,SR,,,0,ME,ME-RO
770102746,4,DIAE,,Millimeter,0,ME,ME-RO
770102746,5,EPJ,,,0,ME,ME-RO
770102747,1,TYPE,,,0,ME,ME-RO
770102747,2,DIAI,,Millimeter,1,ME,ME-RO
770102747,3,SR,,,0,ME,ME-RO
770102747,4,DIAE,,Millimeter,0,ME,ME-RO
770102747,5,EPJ,,,0,ME,ME-RO
770102914,1,TYPE,,,0,ME,ME-RO
770102914,2,DIAI,,Millimeter,1,ME,ME-RO
770102914,3,SR,,,0,ME,ME-RO
770102914,4,DIAE,,Millimeter,0,ME,ME-RO
770102914,5,EPJ,,,0,ME,ME-RO
770102923,1,TYPE,,,0,ME,ME-RO
770102923,2,DIAI,,Millimeter,1,ME,ME-RO
770102923,3,SR,,,0,ME,ME-RO
770102923,4,DIAE,,Millimeter,0,ME,ME-RO
770102923,5,EPJ,,,0,ME,ME-RO
770102926,1,TYPE,,,0,ME,ME-RO
770102926,2,DIAI,,Millimeter,1,ME,ME-RO
770102926,3,SR,,,0,ME,ME-RO
770102926,4,DIAE,,Millimeter,0,ME,ME-RO
770102926,5,EPJ,,,0,ME,ME-RO
770102927,1,TYPE,,,0,ME,ME-RO
770102927,2,DIAI,,Millimeter,1,ME,ME-RO
770102927,3,SR,,,0,ME,ME-RO
770102927,4,DIAE,,Millimeter,0,ME,ME-RO
770102927,5,EPJ,,,0,ME,ME-RO
770102932,1,TYPE,,,0,ME,ME-RO
770102932,2,DIAI,,Millimeter,1,ME,ME-RO
770102932,3,SR,,,0,ME,ME-RO
770102932,4,DIAE,,Millimeter,0,ME,ME-RO
770102932,5,EPJ,,,0,ME,ME-RO
770103013,1,TYPE,,,0,ME,ME-RO
770103013,2,DIAI,,Millimeter,1,ME,ME-RO
770103013,3,SR,,,0,ME,ME-RO
770103013,4,DIAE,,Millimeter,0,ME,ME-RO
770103013,5,EPJ,,,0,ME,ME-RO
770103014,1,TYPE,,,0,ME,ME-RO
770103014,2,DIAI,,Millimeter,1,ME,ME-RO
770103014,3,SR,,,0,ME,ME-RO
770103014,4,DIAE,,Millimeter,0,ME,ME-RO
770103014,5,EPJ,,,0,ME,ME-RO
770103025,1,TYPE,,,0,ME,ME-RO
770103025,2,DIAI,,Millimeter,1,ME,ME-RO
770103025,3,SR,,,0,ME,ME-RO
770103025,4,DIAE,,Millimeter,0,ME,ME-RO
770103025,5,EPJ,,,0,ME,ME-RO
770103028,1,TYPE,,,0,ME,ME-RO
770103028,2,DIAI,,Millimeter,1,ME,ME-RO
770103028,3,SR,,,0,ME,ME-RO
770103028,4,DIAE,,Millimeter,0,ME,ME-RO
770103028,5,EPJ,,,0,ME,ME-RO
770103033,1,TYPE,,,0,ME,ME-RO
770103033,2,DIAI,,Millimeter,1,ME,ME-RO
770103033,3,SR,,,0,ME,ME-RO
770103033,4,DIAE,,Millimeter,0,ME,ME-RO
770103033,5,EPJ,,,0,ME,ME-RO
770103035,1,TYPE,,,0,ME,ME-RO
770103035,2,DIAI,,Millimeter,1,ME,ME-RO
770103035,3,SR,,,0,ME,ME-RO
770103035,4,DIAE,,Millimeter,0,ME,ME-RO
770103035,5,EPJ,,,0,ME,ME-RO
770103036,1,TYPE,,,0,ME,ME-RO
770103036,2,DIAI,,Millimeter,1,ME,ME-RO
770103036,3,SR,,,0,ME,ME-RO
770103036,4,DIAE,,Millimeter,0,ME,ME-RO
770103036,5,EPJ,,,0,ME,ME-RO
770103713,1,TYPE,,,0,ME,ME-RO
770103713,2,DIAI,,Millimeter,1,ME,ME-RO
770103713,3,SR,,,0,ME,ME-RO
770103713,4,DIAE,,Millimeter,0,ME,ME-RO
770103713,5,EPJ,,,0,ME,ME-RO
770103715,1,TYPE,,,0,ME,ME-RO
770103715,2,DIAI,,Millimeter,1,ME,ME-RO
770103715,3,SR,,,0,ME,ME-RO
770103715,4,DIAE,,Millimeter,0,ME,ME-RO
770103715,5,EPJ,,,0,ME,ME-RO
770103716,1,TYPE,,,0,ME,ME-RO
770103716,2,DIAI,,Millimeter,1,ME,ME-RO
770103716,3,SR,,,0,ME,ME-RO
770103716,4,DIAE,,Millimeter,0,ME,ME-RO
770103716,5,EPJ,,,0,ME,ME-RO
770103717,1,TYPE,,,0,ME,ME-RO
770103717,2,DIAI,,Millimeter,1,ME,ME-RO
770103717,3,SR,,,0,ME,ME-RO
770103717,4,DIAE,,Millimeter,0,ME,ME-RO
770103717,5,EPJ,,,0,ME,ME-RO
770103719,1,TYPE,,,0,ME,ME-RO
770103719,2,DIAI,,Millimeter,1,ME,ME-RO
770103719,3,SR,,,0,ME,ME-RO
770103719,4,DIAE,,Millimeter,0,ME,ME-RO
770103719,5,EPJ,,,0,ME,ME-RO
770103721,1,TYPE,,,0,ME,ME-RO
770103721,2,DIAI,,Millimeter,1,ME,ME-RO
770103721,3,SR,,,0,ME,ME-RO
770103721,4,DIAE,,Millimeter,0,ME,ME-RO
770103721,5,EPJ,,,0,ME,ME-RO
770103723,1,TYPE,,,0,ME,ME-RO
770103723,2,DIAI,,Millimeter,1,ME,ME-RO
770103723,3,SR,,,0,ME,ME-RO
770103723,4,DIAE,,Millimeter,0,ME,ME-RO
770103723,5,EPJ,,,0,ME,ME-RO
770103724,1,TYPE,,,0,ME,ME-RO
770103724,2,DIAI,,Millimeter,1,ME,ME-RO
770103724,3,SR,,,0,ME,ME-RO
770103724,4,DIAE,,Millimeter,0,ME,ME-RO
770103724,5,EPJ,,,0,ME,ME-RO
770103725,1,TYPE,,,0,ME,ME-RO
770103725,2,DIAI,,Millimeter,1,ME,ME-RO
770103725,3,SR,,,0,ME,ME-RO
770103725,4,DIAE,,Millimeter,0,ME,ME-RO
770103725,5,EPJ,,,0,ME,ME-RO
770103726,1,TYPE,,,0,ME,ME-RO
770103726,2,DIAI,,Millimeter,1,ME,ME-RO
770103726,3,SR,,,0,ME,ME-RO
770103726,4,DIAE,,Millimeter,0,ME,ME-RO
770103726,5,EPJ,,,0,ME,ME-RO
770103728,1,TYPE,,,0,ME,ME-RO
770103728,2,DIAI,,Millimeter,1,ME,ME-RO
770103728,3,SR,,,0,ME,ME-RO
770103728,4,DIAE,,Millimeter,0,ME,ME-RO
770103728,5,EPJ,,,0,ME,ME-RO
770103729,1,TYPE,,,0,ME,ME-RO
770103729,2,DIAI,,Millimeter,1,ME,ME-RO
770103729,3,SR,,,0,ME,ME-RO
770103729,4,DIAE,,Millimeter,0,ME,ME-RO
770103729,5,EPJ,,,0,ME,ME-RO
770103730,1,TYPE,,,0,ME,ME-RO
770103730,2,DIAI,,Millimeter,1,ME,ME-RO
770103730,3,SR,,,0,ME,ME-RO
770103730,4,DIAE,,Millimeter,0,ME,ME-RO
770103730,5,EPJ,,,0,ME,ME-RO
770103738,1,TYPE,,,0,ME,ME-RO
770103738,2,DIAI,,Millimeter,1,ME,ME-RO
770103738,3,SR,,,0,ME,ME-RO
770103738,4,DIAE,,Millimeter,0,ME,ME-RO
770103738,5,EPJ,,,0,ME,ME-RO
770103741,1,TYPE,,,0,ME,ME-RO
770103741,2,DIAI,,Millimeter,1,ME,ME-RO
770103741,3,SR,,,0,ME,ME-RO
770103741,4,DIAE,,Millimeter,0,ME,ME-RO
770103741,5,EPJ,,,0,ME,ME-RO
770103742,1,TYPE,,,0,ME,ME-RO
770103742,2,DIAI,,Millimeter,1,ME,ME-RO
770103742,3,SR,,,0,ME,ME-RO
770103742,4,DIAE,,Millimeter,0,ME,ME-RO
770103742,5,EPJ,,,0,ME,ME-RO
770103743,1,TYPE,,,0,ME,ME-RO
770103743,2,DIAI,,Millimeter,1,ME,ME-RO
770103743,3,SR,,,0,ME,ME-RO
770103743,4,DIAE,,Millimeter,0,ME,ME-RO
770103743,5,EPJ,,,0,ME,ME-RO
770103744,1,TYPE,,,0,ME,ME-RO
770103744,2,DIAI,,Millimeter,1,ME,ME-RO
770103744,3,SR,,,0,ME,ME-RO
770103744,4,DIAE,,Millimeter,0,ME,ME-RO
770103744,5,EPJ,,,0,ME,ME-RO
770103745,1,TYPE,,,0,ME,ME-RO
770103745,2,DIAI,,Millimeter,1,ME,ME-RO
770103745,3,SR,,,0,ME,ME-RO
770103745,4,DIAE,,Millimeter,0,ME,ME-RO
770103745,5,EPJ,,,0,ME,ME-RO
770103746,1,TYPE,,,0,ME,ME-RO
770103746,2,DIAI,,Millimeter,1,ME,ME-RO
770103746,3,SR,,,0,ME,ME-RO
770103746,4,DIAE,,Millimeter,0,ME,ME-RO
770103746,5,EPJ,,,0,ME,ME-RO
770103817,1,TYPE,,,0,ME,ME-RO
770103817,2,DIAI,,Millimeter,1,ME,ME-RO
770103817,3,SR,,,0,ME,ME-RO
770103817,4,DIAE,,Millimeter,0,ME,ME-RO
770103817,5,EPJ,,,0,ME,ME-RO
770103917,1,TYPE,,,0,ME,ME-RO
770103917,2,DIAI,,Millimeter,1,ME,ME-RO
770103917,3,SR,,,0,ME,ME-RO
770103917,4,DIAE,,Millimeter,0,ME,ME-RO
770103917,5,EPJ,,,0,ME,ME-RO
770103919,1,TYPE,,,0,ME,ME-RO
770103919,2,DIAI,,Millimeter,1,ME,ME-RO
770103919,3,SR,,,0,ME,ME-RO
770103919,4,DIAE,,Millimeter,0,ME,ME-RO
770103919,5,EPJ,,,0,ME,ME-RO
770103923,1,TYPE,,,0,ME,ME-RO
770103923,2,DIAI,,Millimeter,1,ME,ME-RO
770103923,3,SR,,,0,ME,ME-RO
770103923,4,DIAE,,Millimeter,0,ME,ME-RO
770103923,5,EPJ,,,0,ME,ME-RO
770103924,1,TYPE,,,0,ME,ME-RO
770103924,2,DIAI,,Millimeter,1,ME,ME-RO
770103924,3,SR,,,0,ME,ME-RO
770103924,4,DIAE,,Millimeter,0,ME,ME-RO
770103924,5,EPJ,,,0,ME,ME-RO
770103926,1,TYPE,,,0,ME,ME-RO
770103926,2,DIAI,,Millimeter,1,ME,ME-RO
770103926,3,SR,,,0,ME,ME-RO
770103926,4,DIAE,,Millimeter,0,ME,ME-RO
770103926,5,EPJ,,,0,ME,ME-RO
770103927,1,TYPE,,,0,ME,ME-RO
770103927,2,DIAI,,Millimeter,1,ME,ME-RO
770103927,3,SR,,,0,ME,ME-RO
770103927,4,DIAE,,Millimeter,0,ME,ME-RO
770103927,5,EPJ,,,0,ME,ME-RO
770103931,1,TYPE,,,0,ME,ME-RO
770103931,2,DIAI,,Millimeter,1,ME,ME-RO
770103931,3,SR,,,0,ME,ME-RO
770103931,4,DIAE,,Millimeter,0,ME,ME-RO
770103931,5,EPJ,,,0,ME,ME-RO
770103932,1,TYPE,,,0,ME,ME-RO
770103932,2,DIAI,,Millimeter,1,ME,ME-RO
770103932,3,SR,,,0,ME,ME-RO
770103932,4,DIAE,,Millimeter,0,ME,ME-RO
770103932,5,EPJ,,,0,ME,ME-RO
770104021,1,TYPE,,,0,ME,ME-RO
770104021,2,DIAI,,Millimeter,1,ME,ME-RO
770104021,3,SR,,,0,ME,ME-RO
770104021,4,DIAE,,Millimeter,0,ME,ME-RO
770104021,5,EPJ,,,0,ME,ME-RO
770104022,1,TYPE,,,0,ME,ME-RO
770104022,2,DIAI,,Millimeter,1,ME,ME-RO
770104022,3,SR,,,0,ME,ME-RO
770104022,4,DIAE,,Millimeter,0,ME,ME-RO
770104022,5,EPJ,,,0,ME,ME-RO
770104023,1,TYPE,,,0,ME,ME-RO
770104023,2,DIAI,,Millimeter,1,ME,ME-RO
770104023,3,SR,,,0,ME,ME-RO
770104023,4,DIAE,,Millimeter,0,ME,ME-RO
770104023,5,EPJ,,,0,ME,ME-RO
770104024,1,TYPE,,,0,ME,ME-RO
770104024,2,DIAI,,Millimeter,1,ME,ME-RO
770104024,3,SR,,,0,ME,ME-RO
770104024,4,DIAE,,Millimeter,0,ME,ME-RO
770104024,5,EPJ,,,0,ME,ME-RO
770104032,1,TYPE,,,0,ME,ME-RO
770104032,2,DIAI,,Millimeter,1,ME,ME-RO
770104032,3,SR,,,0,ME,ME-RO
770104032,4,DIAE,,Millimeter,0,ME,ME-RO
770104032,5,EPJ,,,0,ME,ME-RO
770104034,1,TYPE,,,0,ME,ME-RO
770104034,2,DIAI,,Millimeter,1,ME,ME-RO
770104034,3,SR,,,0,ME,ME-RO
770104034,4,DIAE,,Millimeter,0,ME,ME-RO
770104034,5,EPJ,,,0,ME,ME-RO
770104035,1,TYPE,,,0,ME,ME-RO
770104035,2,DIAI,,Millimeter,1,ME,ME-RO
770104035,3,SR,,,0,ME,ME-RO
770104035,4,DIAE,,Millimeter,0,ME,ME-RO
770104035,5,EPJ,,,0,ME,ME-RO
770104036,1,TYPE,,,0,ME,ME-RO
770104036,2,DIAI,,Millimeter,1,ME,ME-RO
770104036,3,SR,,,0,ME,ME-RO
770104036,4,DIAE,,Millimeter,0,ME,ME-RO
770104036,5,EPJ,,,0,ME,ME-RO
770104037,1,TYPE,,,0,ME,ME-RO
770104037,2,DIAI,,Millimeter,1,ME,ME-RO
770104037,3,SR,,,0,ME,ME-RO
770104037,4,DIAE,,Millimeter,0,ME,ME-RO
770104037,5,EPJ,,,0,ME,ME-RO
770104038,1,TYPE,,,0,ME,ME-RO
770104038,2,DIAI,,Millimeter,1,ME,ME-RO
770104038,3,SR,,,0,ME,ME-RO
770104038,4,DIAE,,Millimeter,0,ME,ME-RO
770104038,5,EPJ,,,0,ME,ME-RO
770104039,1,TYPE,,,0,ME,ME-RO
770104039,2,DIAI,,Millimeter,1,ME,ME-RO
770104039,3,SR,,,0,ME,ME-RO
770104039,4,DIAE,,Millimeter,0,ME,ME-RO
770104039,5,EPJ,,,0,ME,ME-RO
770104040,1,TYPE,,,0,ME,ME-RO
770104040,2,DIAI,,Millimeter,1,ME,ME-RO
770104040,3,SR,,,0,ME,ME-RO
770104040,4,DIAE,,Millimeter,0,ME,ME-RO
770104040,5,EPJ,,,0,ME,ME-RO
770104041,1,TYPE,,,0,ME,ME-RO
770104041,2,DIAI,,Millimeter,1,ME,ME-RO
770104041,3,SR,,,0,ME,ME-RO
770104041,4,DIAE,,Millimeter,0,ME,ME-RO
770104041,5,EPJ,,,0,ME,ME-RO
770104042,1,TYPE,,,0,ME,ME-RO
770104042,2,DIAI,,Millimeter,1,ME,ME-RO
770104042,3,SR,,,0,ME,ME-RO
770104042,4,DIAE,,Millimeter,0,ME,ME-RO
770104042,5,EPJ,,,0,ME,ME-RO
770104043,1,TYPE,,,0,ME,ME-RO
770104043,2,DIAI,,Millimeter,1,ME,ME-RO
770104043,3,SR,,,0,ME,ME-RO
770104043,4,DIAE,,Millimeter,0,ME,ME-RO
770104043,5,EPJ,,,0,ME,ME-RO
770104044,1,TYPE,,,0,ME,ME-RO
770104044,2,DIAI,,Millimeter,1,ME,ME-RO
770104044,3,SR,,,0,ME,ME-RO
770104044,4,DIAE,,Millimeter,0,ME,ME-RO
770104044,5,EPJ,,,0,ME,ME-RO
770104045,1,TYPE,,,0,ME,ME-RO
770104045,2,DIAI,,Millimeter,1,ME,ME-RO
770104045,3,SR,,,0,ME,ME-RO
770104045,4,DIAE,,Millimeter,0,ME,ME-RO
770104045,5,EPJ,,,0,ME,ME-RO
770104046,1,TYPE,,,0,ME,ME-RO
770104046,2,DIAI,,Millimeter,1,ME,ME-RO
770104046,3,SR,,,0,ME,ME-RO
770104046,4,DIAE,,Millimeter,0,ME,ME-RO
770104046,5,EPJ,,,0,ME,ME-RO
770104047,1,TYPE,,,0,ME,ME-RO
770104047,2,DIAI,,Millimeter,1,ME,ME-RO
770104047,3,SR,,,0,ME,ME-RO
770104047,4,DIAE,,Millimeter,0,ME,ME-RO
770104047,5,EPJ,,,0,ME,ME-RO
770104050,1,TYPE,,,0,ME,ME-RO
770104050,2,DIAI,,Millimeter,1,ME,ME-RO
770104050,3,SR,,,0,ME,ME-RO
770104050,4,DIAE,,Millimeter,0,ME,ME-RO
770104050,5,EPJ,,,0,ME,ME-RO
770104052,1,TYPE,,,0,ME,ME-RO
770104052,2,DIAI,,Millimeter,1,ME,ME-RO
770104052,3,SR,,,0,ME,ME-RO
770104052,4,DIAE,,Millimeter,0,ME,ME-RO
770104052,5,EPJ,,,0,ME,ME-RO
770104053,1,TYPE,,,0,ME,ME-RO
770104053,2,DIAI,,Millimeter,1,ME,ME-RO
770104053,3,SR,,,0,ME,ME-RO
770104053,4,DIAE,,Millimeter,0,ME,ME-RO
770104053,5,EPJ,,,0,ME,ME-RO
770104054,1,TYPE,,,0,ME,ME-RO
770104054,2,DIAI,,Millimeter,1,ME,ME-RO
770104054,3,SR,,,0,ME,ME-RO
770104054,4,DIAE,,Millimeter,0,ME,ME-RO
770104054,5,EPJ,,,0,ME,ME-RO
770104055,1,TYPE,,,0,ME,ME-RO
770104055,2,DIAI,,Millimeter,1,ME,ME-RO
770104055,3,SR,,,0,ME,ME-RO
770104055,4,DIAE,,Millimeter,0,ME,ME-RO
770104055,5,EPJ,,,0,ME,ME-RO
770104056,1,TYPE,,,0,ME,ME-RO
770104056,2,DIAI,,Millimeter,1,ME,ME-RO
770104056,3,SR,,,0,ME,ME-RO
770104056,4,DIAE,,Millimeter,0,ME,ME-RO
770104056,5,EPJ,,,0,ME,ME-RO
770104057,1,TYPE,,,0,ME,ME-RO
770104057,2,DIAI,,Millimeter,1,ME,ME-RO
770104057,3,SR,,,0,ME,ME-RO
770104057,4,DIAE,,Millimeter,0,ME,ME-RO
770104057,5,EPJ,,,0,ME,ME-RO
770104058,1,TYPE,,,0,ME,ME-RO
770104058,2,DIAI,,Millimeter,1,ME,ME-RO
770104058,3,SR,,,0,ME,ME-RO
770104058,4,DIAE,,Millimeter,0,ME,ME-RO
770104058,5,EPJ,,,0,ME,ME-RO
770110021,1,TYPE,,,0,ME,ME-RO
770110021,2,DIAI,,Millimeter,1,ME,ME-RO
770110021,3,SR,,,0,ME,ME-RO
770110021,4,DIAE,,Millimeter,0,ME,ME-RO
770110021,5,EPJ,,,0,ME,ME-RO
770110036,1,TYPE,,,0,ME,ME-RO
770110036,2,DIAI,,Millimeter,1,ME,ME-RO
770110036,3,SR,,,0,ME,ME-RO
770110036,4,DIAE,,Millimeter,0,ME,ME-RO
770110036,5,EPJ,,,0,ME,ME-RO
770110711,1,TYPE,,,0,ME,ME-RO
770110711,2,DIAI,,Millimeter,1,ME,ME-RO
770110711,3,SR,,,0,ME,ME-RO
770110711,4,DIAE,,Millimeter,0,ME,ME-RO
770110711,5,EPJ,,,0,ME,ME-RO
770110712,1,TYPE,,,0,ME,ME-RO
770110712,2,DIAI,,Millimeter,1,ME,ME-RO
770110712,3,SR,,,0,ME,ME-RO
770110712,4,DIAE,,Millimeter,0,ME,ME-RO
770110712,5,EPJ,,,0,ME,ME-RO
770110713,1,TYPE,,,0,ME,ME-RO
770110713,2,DIAI,,Millimeter,1,ME,ME-RO
770110713,3,SR,,,0,ME,ME-RO
770110713,4,DIAE,,Millimeter,0,ME,ME-RO
770110713,5,EPJ,,,0,ME,ME-RO
770110714,1,TYPE,,,0,ME,ME-RO
770110714,2,DIAI,,Millimeter,1,ME,ME-RO
770110714,3,SR,,,0,ME,ME-RO
770110714,4,DIAE,,Millimeter,0,ME,ME-RO
770110714,5,EPJ,,,0,ME,ME-RO
770110715,1,TYPE,,,0,ME,ME-RO
770110715,2,DIAI,,Millimeter,1,ME,ME-RO
770110715,3,SR,,,0,ME,ME-RO
770110715,4,DIAE,,Millimeter,0,ME,ME-RO
770110715,5,EPJ,,,0,ME,ME-RO
770110717,1,TYPE,,,0,ME,ME-RO
770110717,2,DIAI,,Millimeter,1,ME,ME-RO
770110717,3,SR,,,0,ME,ME-RO
770110717,4,DIAE,,Millimeter,0,ME,ME-RO
770110717,5,EPJ,,,0,ME,ME-RO
770110719,1,TYPE,,,0,ME,ME-RO
770110719,2,DIAI,,Millimeter,1,ME,ME-RO
770110719,3,SR,,,0,ME,ME-RO
770110719,4,DIAE,,Millimeter,0,ME,ME-RO
770110719,5,EPJ,,,0,ME,ME-RO
770110721,1,TYPE,,,0,ME,ME-RO
770110721,2,DIAI,,Millimeter,1,ME,ME-RO
770110721,3,SR,,,0,ME,ME-RO
770110721,4,DIAE,,Millimeter,0,ME,ME-RO
770110721,5,EPJ,,,0,ME,ME-RO
770110722,1,TYPE,,,0,ME,ME-RO
770110722,2,DIAI,,Millimeter,1,ME,ME-RO
770110722,3,SR,,,0,ME,ME-RO
770110722,4,DIAE,,Millimeter,0,ME,ME-RO
770110722,5,EPJ,,,0,ME,ME-RO
770110724,1,TYPE,,,0,ME,ME-RO
770110724,2,DIAI,,Millimeter,1,ME,ME-RO
770110724,3,SR,,,0,ME,ME-RO
770110724,4,DIAE,,Millimeter,0,ME,ME-RO
770110724,5,EPJ,,,0,ME,ME-RO
770110726,1,TYPE,,,0,ME,ME-RO
770110726,2,DIAI,,Millimeter,1,ME,ME-RO
770110726,3,SR,,,0,ME,ME-RO
770110726,4,DIAE,,Millimeter,0,ME,ME-RO
770110726,5,EPJ,,,0,ME,ME-RO
770110731,1,TYPE,,,0,ME,ME-RO
770110731,2,DIAI,,Millimeter,1,ME,ME-RO
770110731,3,SR,,,0,ME,ME-RO
770110731,4,DIAE,,Millimeter,0,ME,ME-RO
770110731,5,EPJ,,,0,ME,ME-RO
770110732,1,TDC,,,0,EL,EL-MO
770110732,2,PUI,,Kilowatt,1,EL,EL-MO
770110732,3,VIT,,,0,EL,EL-MO
770110732,4,FIX,,,0,EL,EL-MO
770110732,5,TEN,,,0,EL,EL-MO
770110925,1,TYPE,,,0,ME,ME-RO
770110925,2,DIAI,,Millimeter,1,ME,ME-RO
770110925,3,SR,,,0,ME,ME-RO
770110925,4,DIAE,,Millimeter,0,ME,ME-RO
770110925,5,EPJ,,,0,ME,ME-RO
770189210,1,TYPE,,,0,ME,ME-RO
770189210,2,DIAI,,Millimeter,1,ME,ME-RO
770189210,3,SR,,,0,ME,ME-RO
770189210,4,DIAE,,Millimeter,0,ME,ME-RO
770189210,5,EPJ,,,0,ME,ME-RO
770189211,1,TYPE,,,0,ME,ME-RO
770189211,2,DIAI,,Millimeter,1,ME,ME-RO
770189211,3,SR,,,0,ME,ME-RO
770189211,4,DIAE,,Millimeter,0,ME,ME-RO
770189211,5,EPJ,,,0,ME,ME-RO
770189213,1,TYPE,,,0,ME,ME-RO
770189213,2,DIAI,,Millimeter,1,ME,ME-RO
770189213,3,SR,,,0,ME,ME-RO
770189213,4,DIAE,,Millimeter,0,ME,ME-RO
770189213,5,EPJ,,,0,ME,ME-RO
770189221,1,TYPE,,,0,ME,ME-RO
770189221,2,DIAI,,Millimeter,1,ME,ME-RO
770189221,3,SR,,,0,ME,ME-RO
770189221,4,DIAE,,Millimeter,0,ME,ME-RO
770189221,5,EPJ,,,0,ME,ME-RO
770189228,1,TYPE,,,0,ME,ME-RO
770189228,2,DIAI,,Millimeter,1,ME,ME-RO
770189228,3,SR,,,0,ME,ME-RO
770189228,4,DIAE,,Millimeter,0,ME,ME-RO
770189228,5,EPJ,,,0,ME,ME-RO
770189246,1,TYPE,,,0,ME,ME-RO
770189246,2,DIAI,,Millimeter,1,ME,ME-RO
770189246,3,SR,,,0,ME,ME-RO
770189246,4,DIAE,,Millimeter,0,ME,ME-RO
770189246,5,EPJ,,,0,ME,ME-RO
770193028,1,TYPE,,,0,ME,ME-RO
770193028,2,DIAI,,Millimeter,1,ME,ME-RO
770193028,3,SR,,,0,ME,ME-RO
770193028,4,DIAE,,Millimeter,0,ME,ME-RO
770193028,5,EPJ,,,0,ME,ME-RO
770196030,1,TYPE,,,0,ME,ME-RO
770196030,2,DIAI,,Millimeter,1,ME,ME-RO
770196030,3,SR,,,0,ME,ME-RO
770196030,4,DIAE,,Millimeter,0,ME,ME-RO
770196030,5,EPJ,,,0,ME,ME-RO
770222027,1,TYPE,,,0,ME,ME-RO
770222027,2,DIAI,,Millimeter,1,ME,ME-RO
770222027,3,SR,,,0,ME,ME-RO
770222027,4,DIAE,,Millimeter,0,ME,ME-RO
770222027,5,EPJ,,,0,ME,ME-RO
770223017,1,TYPE,,,0,ME,ME-RO
770223017,2,DIAI,,Millimeter,1,ME,ME-RO
770223017,3,SR,,,0,ME,ME-RO
770223017,4,DIAE,,Millimeter,0,ME,ME-RO
770223017,5,EPJ,,,0,ME,ME-RO
770223025,1,TYPE,,,0,ME,ME-RO
770223025,2,DIAI,,Millimeter,1,ME,ME-RO
770223025,3,SR,,,0,ME,ME-RO
770223025,4,DIAE,,Millimeter,0,ME,ME-RO
770223025,5,EPJ,,,0,ME,ME-RO
770303916,1,TYPE,,,0,ME,ME-RO
770303916,2,DIAI,,Millimeter,1,ME,ME-RO
770303916,3,SR,,,0,ME,ME-RO
770303916,4,DIAE,,Millimeter,0,ME,ME-RO
770303916,5,EPJ,,,0,ME,ME-RO
770401011,1,TYPE,,,0,ME,ME-RO
770401011,2,DIAI,,Millimeter,1,ME,ME-RO
770401011,3,SR,,,0,ME,ME-RO
770401011,4,DIAE,,Millimeter,0,ME,ME-RO
770401011,5,EPJ,,,0,ME,ME-RO
770402022,1,TYPE,,,0,ME,ME-RO
770402022,2,DIAI,,Millimeter,1,ME,ME-RO
770402022,3,SR,,,0,ME,ME-RO
770402022,4,DIAE,,Millimeter,0,ME,ME-RO
770402022,5,EPJ,,,0,ME,ME-RO
770402025,1,TYPE,,,0,ME,ME-RO
770402025,2,DIAI,,Millimeter,1,ME,ME-RO
770402025,3,SR,,,0,ME,ME-RO
770402025,4,DIAE,,Millimeter,0,ME,ME-RO
770402025,5,EPJ,,,0,ME,ME-RO
770402026,1,TYPE,,,0,ME,ME-RO
770402026,2,DIAI,,Millimeter,1,ME,ME-RO
770402026,3,SR,,,0,ME,ME-RO
770402026,4,DIAE,,Millimeter,0,ME,ME-RO
770402026,5,EPJ,,,0,ME,ME-RO
770402028,1,TYPE,,,0,ME,ME-RO
770402028,2,DIAI,,Millimeter,1,ME,ME-RO
770402028,3,SR,,,0,ME,ME-RO
770402028,4,DIAE,,Millimeter,0,ME,ME-RO
770402028,5,EPJ,,,0,ME,ME-RO
770422012,1,TYPE,,,0,ME,ME-RO
770422012,2,DIAI,,Millimeter,1,ME,ME-RO
770422012,3,SR,,,0,ME,ME-RO
770422012,4,DIAE,,Millimeter,0,ME,ME-RO
770422012,5,EPJ,,,0,ME,ME-RO
770422023,1,TYPE,,,0,ME,ME-RO
770422023,2,DIAI,,Millimeter,1,ME,ME-RO
770422023,3,SR,,,0,ME,ME-RO
770422023,4,DIAE,,Millimeter,0,ME,ME-RO
770422023,5,EPJ,,,0,ME,ME-RO
770422025,1,TYPE,,,0,ME,ME-RO
770422025,2,DIAI,,Millimeter,1,ME,ME-RO
770422025,3,SR,,,0,ME,ME-RO
770422025,4,DIAE,,Millimeter,0,ME,ME-RO
770422025,5,EPJ,,,0,ME,ME-RO
770422026,1,TYPE,,,0,ME,ME-RO
770422026,2,DIAI,,Millimeter,1,ME,ME-RO
770422026,3,SR,,,0,ME,ME-RO
770422026,4,DIAE,,Millimeter,0,ME,ME-RO
770422026,5,EPJ,,,0,ME,ME-RO
770422029,1,TYPE,,,0,ME,ME-RO
770422029,2,DIAI,,Millimeter,1,ME,ME-RO
770422029,3,SR,,,0,ME,ME-RO
770422029,4,DIAE,,Millimeter,0,ME,ME-RO
770422029,5,EPJ,,,0,ME,ME-RO
770423031,1,TYPE,,,0,ME,ME-RO
770423031,2,DIAI,,Millimeter,1,ME,ME-RO
770423031,3,SR,,,0,ME,ME-RO
770423031,4,DIAE,,Millimeter,0,ME,ME-RO
770423031,5,EPJ,,,0,ME,ME-RO
770502012,1,TYPE,,,0,ME,ME-RO
770502012,2,DIAI,,Millimeter,1,ME,ME-RO
770502012,3,SR,,,0,ME,ME-RO
770502012,4,DIAE,,Millimeter,0,ME,ME-RO
770502012,5,EPJ,,,0,ME,ME-RO
770502022,1,TYPE,,,0,ME,ME-RO
770502022,2,DIAI,,Millimeter,1,ME,ME-RO
770502022,3,SR,,,0,ME,ME-RO
770502022,4,DIAE,,Millimeter,0,ME,ME-RO
770502022,5,EPJ,,,0,ME,ME-RO
770502023,1,TYPE,,,0,ME,ME-RO
770502023,2,DIAI,,Millimeter,1,ME,ME-RO
770502023,3,SR,,,0,ME,ME-RO
770502023,4,DIAE,,Millimeter,0,ME,ME-RO
770502023,5,EPJ,,,0,ME,ME-RO
770503019,1,TYPE,,,0,ME,ME-RO
770503019,2,DIAI,,Millimeter,1,ME,ME-RO
770503019,3,SR,,,0,ME,ME-RO
770503019,4,DIAE,,Millimeter,0,ME,ME-RO
770503019,5,EPJ,,,0,ME,ME-RO
770503023,1,TYPE,,,0,ME,ME-RO
770503023,2,DIAI,,Millimeter,1,ME,ME-RO
770503023,3,SR,,,0,ME,ME-RO
770503023,4,DIAE,,Millimeter,0,ME,ME-RO
770503023,5,EPJ,,,0,ME,ME-RO
770503025,1,TYPE,,,0,ME,ME-RO
770503025,2,DIAI,,Millimeter,1,ME,ME-RO
770503025,3,SR,,,0,ME,ME-RO
770503025,4,DIAE,,Millimeter,0,ME,ME-RO
770503025,5,EPJ,,,0,ME,ME-RO
770503027,1,TYPE,,,0,ME,ME-RO
770503027,2,DIAI,,Millimeter,1,ME,ME-RO
770503027,3,SR,,,0,ME,ME-RO
770503027,4,DIAE,,Millimeter,0,ME,ME-RO
770503027,5,EPJ,,,0,ME,ME-RO
770503028,1,TYPE,,,0,ME,ME-RO
770503028,2,DIAI,,Millimeter,1,ME,ME-RO
770503028,3,SR,,,0,ME,ME-RO
770503028,4,DIAE,,Millimeter,0,ME,ME-RO
770503028,5,EPJ,,,0,ME,ME-RO
770503038,1,TYPE,,,0,ME,ME-RO
770503038,2,DIAI,,Millimeter,1,ME,ME-RO
770503038,3,SR,,,0,ME,ME-RO
770503038,4,DIAE,,Millimeter,0,ME,ME-RO
770503038,5,EPJ,,,0,ME,ME-RO
770503730,1,TYPE,,,0,ME,ME-RO
770503730,2,DIAI,,Millimeter,1,ME,ME-RO
770503730,3,SR,,,0,ME,ME-RO
770503730,4,DIAE,,Millimeter,0,ME,ME-RO
770503730,5,EPJ,,,0,ME,ME-RO
770512031,1,TYPE,,,0,ME,ME-RO
770512031,2,DIAI,,Millimeter,1,ME,ME-RO
770512031,3,SR,,,0,ME,ME-RO
770512031,4,DIAE,,Millimeter,0,ME,ME-RO
770512031,5,EPJ,,,0,ME,ME-RO
770522014,1,TYPE,,,0,ME,ME-RO
770522014,2,DIAI,,Millimeter,1,ME,ME-RO
770522014,3,SR,,,0,ME,ME-RO
770522014,4,DIAE,,Millimeter,0,ME,ME-RO
770522014,5,EPJ,,,0,ME,ME-RO
770522017,1,TYPE,,,0,ME,ME-RO
770522017,2,DIAI,,Millimeter,1,ME,ME-RO
770522017,3,SR,,,0,ME,ME-RO
770522017,4,DIAE,,Millimeter,0,ME,ME-RO
770522017,5,EPJ,,,0,ME,ME-RO
770522018,1,TYPE,,,0,ME,ME-RO
770522018,2,DIAI,,Millimeter,1,ME,ME-RO
770522018,3,SR,,,0,ME,ME-RO
770522018,4,DIAE,,Millimeter,0,ME,ME-RO
770522018,5,EPJ,,,0,ME,ME-RO
770522020,1,TYPE,,,0,ME,ME-RO
770522020,2,DIAI,,Millimeter,1,ME,ME-RO
770522020,3,SR,,,0,ME,ME-RO
770522020,4,DIAE,,Millimeter,0,ME,ME-RO
770522020,5,EPJ,,,0,ME,ME-RO
770532009,1,TYPE,,,0,ME,ME-RO
770532009,2,DIAI,,Millimeter,1,ME,ME-RO
770532009,3,SR,,,0,ME,ME-RO
770532009,4,DIAE,,Millimeter,0,ME,ME-RO
770532009,5,EPJ,,,0,ME,ME-RO
770532123,1,TYPE,,,0,ME,ME-RO
770532123,2,DIAI,,Millimeter,1,ME,ME-RO
770532123,3,SR,,,0,ME,ME-RO
770532123,4,DIAE,,Millimeter,0,ME,ME-RO
770532123,5,EPJ,,,0,ME,ME-RO
770532130,1,TYPE,,,0,ME,ME-RO
770532130,2,DIAI,,Millimeter,1,ME,ME-RO
770532130,3,SR,,,0,ME,ME-RO
770532130,4,DIAE,,Millimeter,0,ME,ME-RO
770532130,5,EPJ,,,0,ME,ME-RO
770533120,1,TYPE,,,0,ME,ME-RO
770533120,2,DIAI,,Millimeter,1,ME,ME-RO
770533120,3,SR,,,0,ME,ME-RO
770533120,4,DIAE,,Millimeter,0,ME,ME-RO
770533120,5,EPJ,,,0,ME,ME-RO
770533123,1,TYPE,,,0,ME,ME-RO
770533123,2,DIAI,,Millimeter,1,ME,ME-RO
770533123,3,SR,,,0,ME,ME-RO
770533123,4,DIAE,,Millimeter,0,ME,ME-RO
770533123,5,EPJ,,,0,ME,ME-RO
770533124,1,TYPE,,,0,ME,ME-RO
770533124,2,DIAI,,Millimeter,1,ME,ME-RO
770533124,3,SR,,,0,ME,ME-RO
770533124,4,DIAE,,Millimeter,0,ME,ME-RO
770533124,5,EPJ,,,0,ME,ME-RO
770533125,1,TYPE,,,0,ME,ME-RO
770533125,2,DIAI,,Millimeter,1,ME,ME-RO
770533125,3,SR,,,0,ME,ME-RO
770533125,4,DIAE,,Millimeter,0,ME,ME-RO
770533125,5,EPJ,,,0,ME,ME-RO
770533126,1,TYPE,,,0,ME,ME-RO
770533126,2,DIAI,,Millimeter,1,ME,ME-RO
770533126,3,SR,,,0,ME,ME-RO
770533126,4,DIAE,,Millimeter,0,ME,ME-RO
770533126,5,EPJ,,,0,ME,ME-RO
770533127,1,TYPE,,,0,ME,ME-RO
770533127,2,DIAI,,Millimeter,1,ME,ME-RO
770533127,3,SR,,,0,ME,ME-RO
770533127,4,DIAE,,Millimeter,0,ME,ME-RO
770533127,5,EPJ,,,0,ME,ME-RO
770533205,1,TYPE,,,0,ME,ME-RO
770533205,2,DIAI,,Millimeter,1,ME,ME-RO
770533205,3,SR,,,0,ME,ME-RO
770533205,4,DIAE,,Millimeter,0,ME,ME-RO
770533205,5,EPJ,,,0,ME,ME-RO
770611015,1,TYPE,,,0,ME,ME-RO
770611015,2,DIAI,,Millimeter,1,ME,ME-RO
770611015,3,SR,,,0,ME,ME-RO
770611015,4,DIAE,,Millimeter,0,ME,ME-RO
770611015,5,EPJ,,,0,ME,ME-RO
770611016,1,TYPE,,,0,ME,ME-RO
770611016,2,DIAI,,Millimeter,1,ME,ME-RO
770611016,3,SR,,,0,ME,ME-RO
770611016,4,DIAE,,Millimeter,0,ME,ME-RO
770611016,5,EPJ,,,0,ME,ME-RO
770611029,1,TYPE,,,0,ME,ME-RO
770611029,2,DIAI,,Millimeter,1,ME,ME-RO
770611029,3,SR,,,0,ME,ME-RO
770611029,4,DIAE,,Millimeter,0,ME,ME-RO
770611029,5,EPJ,,,0,ME,ME-RO
770611034,1,TYPE,,,0,ME,ME-RO
770611034,2,DIAI,,Millimeter,1,ME,ME-RO
770611034,3,SR,,,0,ME,ME-RO
770611034,4,DIAE,,Millimeter,0,ME,ME-RO
770611034,5,EPJ,,,0,ME,ME-RO
770611041,1,TYPE,,,0,ME,ME-RO
770611041,2,DIAI,,Millimeter,1,ME,ME-RO
770611041,3,SR,,,0,ME,ME-RO
770611041,4,DIAE,,Millimeter,0,ME,ME-RO
770611041,5,EPJ,,,0,ME,ME-RO
770611042,1,TYPE,,,0,ME,ME-RO
770611042,2,DIAI,,Millimeter,1,ME,ME-RO
770611042,3,SR,,,0,ME,ME-RO
770611042,4,DIAE,,Millimeter,0,ME,ME-RO
770611042,5,EPJ,,,0,ME,ME-RO
770612017,1,TYPE,,,0,ME,ME-RO
770612017,2,DIAI,,Millimeter,1,ME,ME-RO
770612017,3,SR,,,0,ME,ME-RO
770612017,4,DIAE,,Millimeter,0,ME,ME-RO
770612017,5,EPJ,,,0,ME,ME-RO
770612037,1,TYPE,,,0,ME,ME-RO
770612037,2,DIAI,,Millimeter,1,ME,ME-RO
770612037,3,SR,,,0,ME,ME-RO
770612037,4,DIAE,,Millimeter,0,ME,ME-RO
770612037,5,EPJ,,,0,ME,ME-RO
770613225,1,TYPE,,,0,ME,ME-RO
770613225,2,DIAI,,Millimeter,1,ME,ME-RO
770613225,3,SR,,,0,ME,ME-RO
770613225,4,DIAE,,Millimeter,0,ME,ME-RO
770613225,5,EPJ,,,0,ME,ME-RO
770633019,1,TYPE,,,0,ME,ME-RO
770633019,2,DIAI,,Millimeter,1,ME,ME-RO
770633019,3,SR,,,0,ME,ME-RO
770633019,4,DIAE,,Millimeter,0,ME,ME-RO
770633019,5,EPJ,,,0,ME,ME-RO
770756029,1,TYPE,,,0,ME,ME-RO
770756029,2,DIAI,,Millimeter,1,ME,ME-RO
770756029,3,SR,,,0,ME,ME-RO
770756029,4,DIAE,,Millimeter,0,ME,ME-RO
770756029,5,EPJ,,,0,ME,ME-RO
771103030,1,TYPE,,,0,ME,ME-RO
771103030,2,DIAI,,Millimeter,1,ME,ME-RO
771103030,3,SR,,,0,ME,ME-RO
771103030,4,DIAE,,Millimeter,0,ME,ME-RO
771103030,5,EPJ,,,0,ME,ME-RO
771103031,1,TYPE,,,0,ME,ME-RO
771103031,2,DIAI,,Millimeter,1,ME,ME-RO
771103031,3,SR,,,0,ME,ME-RO
771103031,4,DIAE,,Millimeter,0,ME,ME-RO
771103031,5,EPJ,,,0,ME,ME-RO
771103032,1,TYPE,,,0,ME,ME-RO
771103032,2,DIAI,,Millimeter,1,ME,ME-RO
771103032,3,SR,,,0,ME,ME-RO
771103032,4,DIAE,,Millimeter,0,ME,ME-RO
771103032,5,EPJ,,,0,ME,ME-RO
771103033,1,TYPE,,,0,ME,ME-RO
771103033,2,DIAI,,Millimeter,1,ME,ME-RO
771103033,3,SR,,,0,ME,ME-RO
771103033,4,DIAE,,Millimeter,0,ME,ME-RO
771103033,5,EPJ,,,0,ME,ME-RO
771122026,1,TYPE,,,0,ME,ME-RO
771122026,2,DIAI,,Millimeter,1,ME,ME-RO
771122026,3,SR,,,0,ME,ME-RO
771122026,4,DIAE,,Millimeter,0,ME,ME-RO
771122026,5,EPJ,,,0,ME,ME-RO
771122027,1,TYPE,,,0,ME,ME-RO
771122027,2,DIAI,,Millimeter,1,ME,ME-RO
771122027,3,SR,,,0,ME,ME-RO
771122027,4,DIAE,,Millimeter,0,ME,ME-RO
771122027,5,EPJ,,,0,ME,ME-RO
771122028,1,TYPE,,,0,ME,ME-RO
771122028,2,DIAI,,Millimeter,1,ME,ME-RO
771122028,3,SR,,,0,ME,ME-RO
771122028,4,DIAE,,Millimeter,0,ME,ME-RO
771122028,5,EPJ,,,0,ME,ME-RO
771122029,1,TYPE,,,0,ME,ME-RO
771122029,2,DIAI,,Millimeter,1,ME,ME-RO
771122029,3,SR,,,0,ME,ME-RO
771122029,4,DIAE,,Millimeter,0,ME,ME-RO
771122029,5,EPJ,,,0,ME,ME-RO
771122030,1,TYPE,,,0,ME,ME-RO
771122030,2,DIAI,,Millimeter,1,ME,ME-RO
771122030,3,SR,,,0,ME,ME-RO
771122030,4,DIAE,,Millimeter,0,ME,ME-RO
771122030,5,EPJ,,,0,ME,ME-RO
771122033,1,TYPE,,,0,ME,ME-RO
771122033,2,DIAI,,Millimeter,1,ME,ME-RO
771122033,3,SR,,,0,ME,ME-RO
771122033,4,DIAE,,Millimeter,0,ME,ME-RO
771122033,5,EPJ,,,0,ME,ME-RO
771122035,1,TYPE,,,0,ME,ME-RO
771122035,2,DIAI,,Millimeter,1,ME,ME-RO
771122035,3,SR,,,0,ME,ME-RO
771122035,4,DIAE,,Millimeter,0,ME,ME-RO
771122035,5,EPJ,,,0,ME,ME-RO
771123025,1,TYPE,,,0,ME,ME-RO
771123025,2,DIAI,,Millimeter,1,ME,ME-RO
771123025,3,SR,,,0,ME,ME-RO
771123025,4,DIAE,,Millimeter,0,ME,ME-RO
771123025,5,EPJ,,,0,ME,ME-RO
771123027,1,TYPE,,,0,ME,ME-RO
771123027,2,DIAI,,Millimeter,1,ME,ME-RO
771123027,3,SR,,,0,ME,ME-RO
771123027,4,DIAE,,Millimeter,0,ME,ME-RO
771123027,5,EPJ,,,0,ME,ME-RO
771123028,1,TYPE,,,0,ME,ME-RO
771123028,2,DIAI,,Millimeter,1,ME,ME-RO
771123028,3,SR,,,0,ME,ME-RO
771123028,4,DIAE,,Millimeter,0,ME,ME-RO
771123028,5,EPJ,,,0,ME,ME-RO
771123030,1,TYPE,,,0,ME,ME-RO
771123030,2,DIAI,,Millimeter,1,ME,ME-RO
771123030,3,SR,,,0,ME,ME-RO
771123030,4,DIAE,,Millimeter,0,ME,ME-RO
771123030,5,EPJ,,,0,ME,ME-RO
771123031,1,TYPE,,,0,ME,ME-RO
771123031,2,DIAI,,Millimeter,1,ME,ME-RO
771123031,3,SR,,,0,ME,ME-RO
771123031,4,DIAE,,Millimeter,0,ME,ME-RO
771123031,5,EPJ,,,0,ME,ME-RO
771123034,1,TYPE,,,0,ME,ME-RO
771123034,2,DIAI,,Millimeter,1,ME,ME-RO
771123034,3,SR,,,0,ME,ME-RO
771123034,4,DIAE,,Millimeter,0,ME,ME-RO
771123034,5,EPJ,,,0,ME,ME-RO
771129019,1,TYPE,,,0,ME,ME-RO
771129019,2,DIAI,,Millimeter,1,ME,ME-RO
771129019,3,SR,,,0,ME,ME-RO
771129019,4,DIAE,,Millimeter,0,ME,ME-RO
771129019,5,EPJ,,,0,ME,ME-RO
771130024,1,TYPE,,,0,ME,ME-RO
771130024,2,DIAI,,Millimeter,1,ME,ME-RO
771130024,3,SR,,,0,ME,ME-RO
771130024,4,DIAE,,Millimeter,0,ME,ME-RO
771130024,5,EPJ,,,0,ME,ME-RO
771130034,1,TYPE,,,0,ME,ME-RO
771130034,2,DIAI,,Millimeter,1,ME,ME-RO
771130034,3,SR,,,0,ME,ME-RO
771130034,4,DIAE,,Millimeter,0,ME,ME-RO
771130034,5,EPJ,,,0,ME,ME-RO
771130035,1,TYPE,,,0,ME,ME-RO
771130035,2,DIAI,,Millimeter,1,ME,ME-RO
771130035,3,SR,,,0,ME,ME-RO
771130035,4,DIAE,,Millimeter,0,ME,ME-RO
771130035,5,EPJ,,,0,ME,ME-RO
771130040,1,TYPE,,,0,ME,ME-RO
771130040,2,DIAI,,Millimeter,1,ME,ME-RO
771130040,3,SR,,,0,ME,ME-RO
771130040,4,DIAE,,Millimeter,0,ME,ME-RO
771130040,5,EPJ,,,0,ME,ME-RO
771130041,1,TYPE,,,0,ME,ME-RO
771130041,2,DIAI,,Millimeter,1,ME,ME-RO
771130041,3,SR,,,0,ME,ME-RO
771130041,4,DIAE,,Millimeter,0,ME,ME-RO
771130041,5,EPJ,,,0,ME,ME-RO
771156015,1,TYPE,,,0,ME,ME-RO
771156015,2,DIAI,,Millimeter,1,ME,ME-RO
771156015,3,SR,,,0,ME,ME-RO
771156015,4,DIAE,,Millimeter,0,ME,ME-RO
771156015,5,EPJ,,,0,ME,ME-RO
771202016,1,TYPE,,,0,ME,ME-RO
771202016,2,DIAI,,Millimeter,1,ME,ME-RO
771202016,3,SR,,,0,ME,ME-RO
771202016,4,DIAE,,Millimeter,0,ME,ME-RO
771202016,5,EPJ,,,0,ME,ME-RO
771202017,1,TYPE,,,0,ME,ME-RO
771202017,2,DIAI,,Millimeter,1,ME,ME-RO
771202017,3,SR,,,0,ME,ME-RO
771202017,4,DIAE,,Millimeter,0,ME,ME-RO
771202017,5,EPJ,,,0,ME,ME-RO
771202021,1,TYPE,,,0,ME,ME-RO
771202021,2,DIAI,,Millimeter,1,ME,ME-RO
771202021,3,SR,,,0,ME,ME-RO
771202021,4,DIAE,,Millimeter,0,ME,ME-RO
771202021,5,EPJ,,,0,ME,ME-RO
771202022,1,TYPE,,,0,ME,ME-RO
771202022,2,DIAI,,Millimeter,1,ME,ME-RO
771202022,3,SR,,,0,ME,ME-RO
771202022,4,DIAE,,Millimeter,0,ME,ME-RO
771202022,5,EPJ,,,0,ME,ME-RO
771202024,1,TYPE,,,0,ME,ME-RO
771202024,2,DIAI,,Millimeter,1,ME,ME-RO
771202024,3,SR,,,0,ME,ME-RO
771202024,4,DIAE,,Millimeter,0,ME,ME-RO
771202024,5,EPJ,,,0,ME,ME-RO
771202029,1,TYPE,,,0,ME,ME-RO
771202029,2,DIAI,,Millimeter,1,ME,ME-RO
771202029,3,SR,,,0,ME,ME-RO
771202029,4,DIAE,,Millimeter,0,ME,ME-RO
771202029,5,EPJ,,,0,ME,ME-RO
771202123,1,TYPE,,,0,ME,ME-RO
771202123,2,DIAI,,Millimeter,1,ME,ME-RO
771202123,3,SR,,,0,ME,ME-RO
771202123,4,DIAE,,Millimeter,0,ME,ME-RO
771202123,5,EPJ,,,0,ME,ME-RO
771202124,1,TYPE,,,0,ME,ME-RO
771202124,2,DIAI,,Millimeter,1,ME,ME-RO
771202124,3,SR,,,0,ME,ME-RO
771202124,4,DIAE,,Millimeter,0,ME,ME-RO
771202124,5,EPJ,,,0,ME,ME-RO
771202125,1,TYPE,,,0,ME,ME-RO
771202125,2,DIAI,,Millimeter,1,ME,ME-RO
771202125,3,SR,,,0,ME,ME-RO
771202125,4,DIAE,,Millimeter,0,ME,ME-RO
771202125,5,EPJ,,,0,ME,ME-RO
771203019,1,TYPE,,,0,ME,ME-RO
771203019,2,DIAI,,Millimeter,1,ME,ME-RO
771203019,3,SR,,,0,ME,ME-RO
771203019,4,DIAE,,Millimeter,0,ME,ME-RO
771203019,5,EPJ,,,0,ME,ME-RO
771203023,1,TYPE,,,0,ME,ME-RO
771203023,2,DIAI,,Millimeter,1,ME,ME-RO
771203023,3,SR,,,0,ME,ME-RO
771203023,4,DIAE,,Millimeter,0,ME,ME-RO
771203023,5,EPJ,,,0,ME,ME-RO
771203024,1,TYPE,,,0,ME,ME-RO
771203024,2,DIAI,,Millimeter,1,ME,ME-RO
771203024,3,SR,,,0,ME,ME-RO
771203024,4,DIAE,,Millimeter,0,ME,ME-RO
771203024,5,EPJ,,,0,ME,ME-RO
771203025,1,TYPE,,,0,ME,ME-RO
771203025,2,DIAI,,Millimeter,1,ME,ME-RO
771203025,3,SR,,,0,ME,ME-RO
771203025,4,DIAE,,Millimeter,0,ME,ME-RO
771203025,5,EPJ,,,0,ME,ME-RO
771203027,1,TYPE,,,0,ME,ME-RO
771203027,2,DIAI,,Millimeter,1,ME,ME-RO
771203027,3,SR,,,0,ME,ME-RO
771203027,4,DIAE,,Millimeter,0,ME,ME-RO
771203027,5,EPJ,,,0,ME,ME-RO
771203029,1,TYPE,,,0,ME,ME-RO
771203029,2,DIAI,,Millimeter,1,ME,ME-RO
771203029,3,SR,,,0,ME,ME-RO
771203029,4,DIAE,,Millimeter,0,ME,ME-RO
771203029,5,EPJ,,,0,ME,ME-RO
771203031,1,TYPE,,,0,ME,ME-RO
771203031,2,DIAI,,Millimeter,1,ME,ME-RO
771203031,3,SR,,,0,ME,ME-RO
771203031,4,DIAE,,Millimeter,0,ME,ME-RO
771203031,5,EPJ,,,0,ME,ME-RO
771203034,1,TYPE,,,0,ME,ME-RO
771203034,2,DIAI,,Millimeter,1,ME,ME-RO
771203034,3,SR,,,0,ME,ME-RO
771203034,4,DIAE,,Millimeter,0,ME,ME-RO
771203034,5,EPJ,,,0,ME,ME-RO
771203119,1,TYPE,,,0,ME,ME-RO
771203119,2,DIAI,,Millimeter,1,ME,ME-RO
771203119,3,SR,,,0,ME,ME-RO
771203119,4,DIAE,,Millimeter,0,ME,ME-RO
771203119,5,EPJ,,,0,ME,ME-RO
771203120,1,TYPE,,,0,ME,ME-RO
771203120,2,DIAI,,Millimeter,1,ME,ME-RO
771203120,3,SR,,,0,ME,ME-RO
771203120,4,DIAE,,Millimeter,0,ME,ME-RO
771203120,5,EPJ,,,0,ME,ME-RO
771203121,1,TDC,,,0,EL,EL-MO
771203121,2,PUI,,Kilowatt,1,EL,EL-MO
771203121,3,VIT,,,0,EL,EL-MO
771203121,4,FIX,,,0,EL,EL-MO
771203121,5,TEN,,,0,EL,EL-MO
771204023,1,TYPE,,,0,ME,ME-RO
771204023,2,DIAI,,Millimeter,1,ME,ME-RO
771204023,3,SR,,,0,ME,ME-RO
771204023,4,DIAE,,Millimeter,0,ME,ME-RO
771204023,5,EPJ,,,0,ME,ME-RO
771204024,1,TYPE,,,0,ME,ME-RO
771204024,2,DIAI,,Millimeter,1,ME,ME-RO
771204024,3,SR,,,0,ME,ME-RO
771204024,4,DIAE,,Millimeter,0,ME,ME-RO
771204024,5,EPJ,,,0,ME,ME-RO
771222005,1,TYPE,,,0,ME,ME-RO
771222005,2,DIAI,,Millimeter,1,ME,ME-RO
771222005,3,SR,,,0,ME,ME-RO
771222005,4,DIAE,,Millimeter,0,ME,ME-RO
771222005,5,EPJ,,,0,ME,ME-RO
771222006,1,TYPE,,,0,ME,ME-RO
771222006,2,DIAI,,Millimeter,1,ME,ME-RO
771222006,3,SR,,,0,ME,ME-RO
771222006,4,DIAE,,Millimeter,0,ME,ME-RO
771222006,5,EPJ,,,0,ME,ME-RO
771222007,1,TYPE,,,0,ME,ME-RO
771222007,2,DIAI,,Millimeter,1,ME,ME-RO
771222007,3,SR,,,0,ME,ME-RO
771222007,4,DIAE,,Millimeter,0,ME,ME-RO
771222007,5,EPJ,,,0,ME,ME-RO
771222034,1,TYPE,,,0,ME,ME-RO
771222034,2,DIAI,,Millimeter,1,ME,ME-RO
771222034,3,SR,,,0,ME,ME-RO
771222034,4,DIAE,,Millimeter,0,ME,ME-RO
771222034,5,EPJ,,,0,ME,ME-RO
771223024,1,TYPE,,,0,ME,ME-RO
771223024,2,DIAI,,Millimeter,1,ME,ME-RO
771223024,3,SR,,,0,ME,ME-RO
771223024,4,DIAE,,Millimeter,0,ME,ME-RO
771223024,5,EPJ,,,0,ME,ME-RO
771223026,1,TYPE,,,0,ME,ME-RO
771223026,2,DIAI,,Millimeter,1,ME,ME-RO
771223026,3,SR,,,0,ME,ME-RO
771223026,4,DIAE,,Millimeter,0,ME,ME-RO
771223026,5,EPJ,,,0,ME,ME-RO
771223030,1,TYPE,,,0,ME,ME-RO
771223030,2,DIAI,,Millimeter,1,ME,ME-RO
771223030,3,SR,,,0,ME,ME-RO
771223030,4,DIAE,,Millimeter,0,ME,ME-RO
771223030,5,EPJ,,,0,ME,ME-RO
771229023,1,TYPE,,,0,ME,ME-RO
771229023,2,DIAI,,Millimeter,1,ME,ME-RO
771229023,3,SR,,,0,ME,ME-RO
771229023,4,DIAE,,Millimeter,0,ME,ME-RO
771229023,5,EPJ,,,0,ME,ME-RO
771521006,1,TYPE,,,0,ME,ME-RO
771521006,2,DIAI,,Millimeter,1,ME,ME-RO
771521006,3,SR,,,0,ME,ME-RO
771521006,4,DIAE,,Millimeter,0,ME,ME-RO
771521006,5,EPJ,,,0,ME,ME-RO
771602021,1,TYPE,,,0,ME,ME-RO
771602021,2,DIAI,,Millimeter,1,ME,ME-RO
771602021,3,SR,,,0,ME,ME-RO
771602021,4,DIAE,,Millimeter,0,ME,ME-RO
771602021,5,EPJ,,,0,ME,ME-RO
771602023,1,TYPE,,,0,ME,ME-RO
771602023,2,DIAI,,Millimeter,1,ME,ME-RO
771602023,3,SR,,,0,ME,ME-RO
771602023,4,DIAE,,Millimeter,0,ME,ME-RO
771602023,5,EPJ,,,0,ME,ME-RO
771602025,1,TYPE,,,0,ME,ME-RO
771602025,2,DIAI,,Millimeter,1,ME,ME-RO
771602025,3,SR,,,0,ME,ME-RO
771602025,4,DIAE,,Millimeter,0,ME,ME-RO
771602025,5,EPJ,,,0,ME,ME-RO
771602029,1,TYPE,,,0,ME,ME-RO
771602029,2,DIAI,,Millimeter,1,ME,ME-RO
771602029,3,SR,,,0,ME,ME-RO
771602029,4,DIAE,,Millimeter,0,ME,ME-RO
771602029,5,EPJ,,,0,ME,ME-RO
771602209,1,TYPE,,,0,ME,ME-RO
771602209,2,DIAI,,Millimeter,1,ME,ME-RO
771602209,3,SR,,,0,ME,ME-RO
771602209,4,DIAE,,Millimeter,0,ME,ME-RO
771602209,5,EPJ,,,0,ME,ME-RO
771603003,1,TYPE,,,0,ME,ME-RO
771603003,2,DIAI,,Millimeter,1,ME,ME-RO
771603003,3,SR,,,0,ME,ME-RO
771603003,4,DIAE,,Millimeter,0,ME,ME-RO
771603003,5,EPJ,,,0,ME,ME-RO
771603004,1,TYPE,,,0,ME,ME-RO
771603004,2,DIAI,,Millimeter,1,ME,ME-RO
771603004,3,SR,,,0,ME,ME-RO
771603004,4,DIAE,,Millimeter,0,ME,ME-RO
771603004,5,EPJ,,,0,ME,ME-RO
771603008,1,TYPE,,,0,ME,ME-RO
771603008,2,DIAI,,Millimeter,1,ME,ME-RO
771603008,3,SR,,,0,ME,ME-RO
771603008,4,DIAE,,Millimeter,0,ME,ME-RO
771603008,5,EPJ,,,0,ME,ME-RO
771603205,1,TYPE,,,0,ME,ME-RO
771603205,2,DIAI,,Millimeter,1,ME,ME-RO
771603205,3,SR,,,0,ME,ME-RO
771603205,4,DIAE,,Millimeter,0,ME,ME-RO
771603205,5,EPJ,,,0,ME,ME-RO
771603206,1,TYPE,,,0,ME,ME-RO
771603206,2,DIAI,,Millimeter,1,ME,ME-RO
771603206,3,SR,,,0,ME,ME-RO
771603206,4,DIAE,,Millimeter,0,ME,ME-RO
771603206,5,EPJ,,,0,ME,ME-RO
771603207,1,TYPE,,,0,ME,ME-RO
771603207,2,DIAI,,Millimeter,1,ME,ME-RO
771603207,3,SR,,,0,ME,ME-RO
771603207,4,DIAE,,Millimeter,0,ME,ME-RO
771603207,5,EPJ,,,0,ME,ME-RO
771603208,1,TYPE,,,0,ME,ME-RO
771603208,2,DIAI,,Millimeter,1,ME,ME-RO
771603208,3,SR,,,0,ME,ME-RO
771603208,4,DIAE,,Millimeter,0,ME,ME-RO
771603208,5,EPJ,,,0,ME,ME-RO
771622002,1,TYPE,,,0,ME,ME-RO
771622002,2,DIAI,,Millimeter,1,ME,ME-RO
771622002,3,SR,,,0,ME,ME-RO
771622002,4,DIAE,,Millimeter,0,ME,ME-RO
771622002,5,EPJ,,,0,ME,ME-RO
771622003,1,TYPE,,,0,ME,ME-RO
771622003,2,DIAI,,Millimeter,1,ME,ME-RO
771622003,3,SR,,,0,ME,ME-RO
771622003,4,DIAE,,Millimeter,0,ME,ME-RO
771622003,5,EPJ,,,0,ME,ME-RO
771622024,1,TYPE,,,0,ME,ME-RO
771622024,2,DIAI,,Millimeter,1,ME,ME-RO
771622024,3,SR,,,0,ME,ME-RO
771622024,4,DIAE,,Millimeter,0,ME,ME-RO
771622024,5,EPJ,,,0,ME,ME-RO
771622031,1,TYPE,,,0,ME,ME-RO
771622031,2,DIAI,,Millimeter,1,ME,ME-RO
771622031,3,SR,,,0,ME,ME-RO
771622031,4,DIAE,,Millimeter,0,ME,ME-RO
771622031,5,EPJ,,,0,ME,ME-RO
771622033,1,TYPE,,,0,ME,ME-RO
771622033,2,DIAI,,Millimeter,1,ME,ME-RO
771622033,3,SR,,,0,ME,ME-RO
771622033,4,DIAE,,Millimeter,0,ME,ME-RO
771622033,5,EPJ,,,0,ME,ME-RO
771622040,1,TYPE,,,0,ME,ME-RO
771622040,2,DIAI,,Millimeter,1,ME,ME-RO
771622040,3,SR,,,0,ME,ME-RO
771622040,4,DIAE,,Millimeter,0,ME,ME-RO
771622040,5,EPJ,,,0,ME,ME-RO
771710140,1,TYPE,,,0,ME,ME-RO
771710140,2,DIAI,,Millimeter,1,ME,ME-RO
771710140,3,SR,,,0,ME,ME-RO
771710140,4,DIAE,,Millimeter,0,ME,ME-RO
771710140,5,EPJ,,,0,ME,ME-RO
771710146,1,TYPE,,,0,ME,ME-RO
771710146,2,DIAI,,Millimeter,1,ME,ME-RO
771710146,3,SR,,,0,ME,ME-RO
771710146,4,DIAE,,Millimeter,0,ME,ME-RO
771710146,5,EPJ,,,0,ME,ME-RO
771710432,1,TYPE,,,0,ME,ME-RO
771710432,2,DIAI,,Millimeter,1,ME,ME-RO
771710432,3,SR,,,0,ME,ME-RO
771710432,4,DIAE,,Millimeter,0,ME,ME-RO
771710432,5,EPJ,,,0,ME,ME-RO
771824033,1,TYPE,,,0,ME,ME-RO
771824033,2,DIAI,,Millimeter,1,ME,ME-RO
771824033,3,SR,,,0,ME,ME-RO
771824033,4,DIAE,,Millimeter,0,ME,ME-RO
771824033,5,EPJ,,,0,ME,ME-RO
771824034,1,TYPE,,,0,ME,ME-RO
771824034,2,DIAI,,Millimeter,1,ME,ME-RO
771824034,3,SR,,,0,ME,ME-RO
771824034,4,DIAE,,Millimeter,0,ME,ME-RO
771824034,5,EPJ,,,0,ME,ME-RO
772103132,1,TYPE,,,0,ME,ME-RO
772103132,2,DIAI,,Millimeter,1,ME,ME-RO
772103132,3,SR,,,0,ME,ME-RO
772103132,4,DIAE,,Millimeter,0,ME,ME-RO
772103132,5,EPJ,,,0,ME,ME-RO
772103135,1,TYPE,,,0,ME,ME-RO
772103135,2,DIAI,,Millimeter,1,ME,ME-RO
772103135,3,SR,,,0,ME,ME-RO
772103135,4,DIAE,,Millimeter,0,ME,ME-RO
772103135,5,EPJ,,,0,ME,ME-RO
772103137,1,TYPE,,,0,ME,ME-RO
772103137,2,DIAI,,Millimeter,1,ME,ME-RO
772103137,3,SR,,,0,ME,ME-RO
772103137,4,DIAE,,Millimeter,0,ME,ME-RO
772103137,5,EPJ,,,0,ME,ME-RO
772112500,1,TYPE,,,0,ME,ME-RO
772112500,2,DIAI,,Millimeter,1,ME,ME-RO
772112500,3,SR,,,0,ME,ME-RO
772112500,4,DIAE,,Millimeter,0,ME,ME-RO
772112500,5,EPJ,,,0,ME,ME-RO
772801212,1,TYPE,,,0,ME,ME-RO
772801212,2,DIAI,,Millimeter,1,ME,ME-RO
772801212,3,SR,,,0,ME,ME-RO
772801212,4,DIAE,,Millimeter,0,ME,ME-RO
772801212,5,EPJ,,,0,ME,ME-RO
773005097,1,TPR,,,0,ME,ME-CO
773005097,2,LPR,,Millimeter,1,ME,ME-CO
773005097,3,LEP,,Millimeter,0,ME,ME-CO
773005097,4,PDE,,,0,ME,ME-CO
773005097,5,MAT,,,0,ME,ME-CO
773005101,1,TPR,,,0,ME,ME-CO
773005101,2,LPR,,Millimeter,1,ME,ME-CO
773005101,3,LEP,,Millimeter,0,ME,ME-CO
773005101,4,PDE,,,0,ME,ME-CO
773005101,5,MAT,,,0,ME,ME-CO
773005104,1,TPR,,,0,ME,ME-CO
773005104,2,LPR,,Millimeter,1,ME,ME-CO
773005104,3,LEP,,Millimeter,0,ME,ME-CO
773005104,4,PDE,,,0,ME,ME-CO
773005104,5,MAT,,,0,ME,ME-CO
773005106,1,TPR,,,0,ME,ME-CO
773005106,2,LPR,,Millimeter,1,ME,ME-CO
773005106,3,LEP,,Millimeter,0,ME,ME-CO
773005106,4,PDE,,,0,ME,ME-CO
773005106,5,MAT,,,0,ME,ME-CO
773005107,1,TPR,,,0,ME,ME-CO
773005107,2,LPR,,Millimeter,1,ME,ME-CO
773005107,3,LEP,,Millimeter,0,ME,ME-CO
773005107,4,PDE,,,0,ME,ME-CO
773005107,5,MAT,,,0,ME,ME-CO
773005109,1,TPR,,,0,ME,ME-CO
773005109,2,LPR,,Millimeter,1,ME,ME-CO
773005109,3,LEP,,Millimeter,0,ME,ME-CO
773005109,4,PDE,,,0,ME,ME-CO
773005109,5,MAT,,,0,ME,ME-CO
773005129,1,TPR,,,0,ME,ME-CO
773005129,2,LPR,,Millimeter,1,ME,ME-CO
773005129,3,LEP,,Millimeter,0,ME,ME-CO
773005129,4,PDE,,,0,ME,ME-CO
773005129,5,MAT,,,0,ME,ME-CO
773005137,1,TPR,,,0,ME,ME-CO
773005137,2,LPR,,Millimeter,1,ME,ME-CO
773005137,3,LEP,,Millimeter,0,ME,ME-CO
773005137,4,PDE,,,0,ME,ME-CO
773005137,5,MAT,,,0,ME,ME-CO
773005140,1,TPR,,,0,ME,ME-CO
773005140,2,LPR,,Millimeter,1,ME,ME-CO
773005140,3,LEP,,Millimeter,0,ME,ME-CO
773005140,4,PDE,,,0,ME,ME-CO
773005140,5,MAT,,,0,ME,ME-CO
773005145,1,TPR,,,0,ME,ME-CO
773005145,2,LPR,,Millimeter,1,ME,ME-CO
773005145,3,LEP,,Millimeter,0,ME,ME-CO
773005145,4,PDE,,,0,ME,ME-CO
773005145,5,MAT,,,0,ME,ME-CO
773005149,1,TPR,,,0,ME,ME-CO
773005149,2,LPR,,Millimeter,1,ME,ME-CO
773005149,3,LEP,,Millimeter,0,ME,ME-CO
773005149,4,PDE,,,0,ME,ME-CO
773005149,5,MAT,,,0,ME,ME-CO
773005150,1,TPR,,,0,ME,ME-CO
773005150,2,LPR,,Millimeter,1,ME,ME-CO
773005150,3,LEP,,Millimeter,0,ME,ME-CO
773005150,4,PDE,,,0,ME,ME-CO
773005150,5,MAT,,,0,ME,ME-CO
773005151,1,TPR,,,0,ME,ME-CO
773005151,2,LPR,,Millimeter,1,ME,ME-CO
773005151,3,LEP,,Millimeter,0,ME,ME-CO
773005151,4,PDE,,,0,ME,ME-CO
773005151,5,MAT,,,0,ME,ME-CO
773005157,1,TPR,,,0,ME,ME-CO
773005157,2,LPR,,Millimeter,1,ME,ME-CO
773005157,3,LEP,,Millimeter,0,ME,ME-CO
773005157,4,PDE,,,0,ME,ME-CO
773005157,5,MAT,,,0,ME,ME-CO
773005161,1,TPR,,,0,ME,ME-CO
773005161,2,LPR,,Millimeter,1,ME,ME-CO
773005161,3,LEP,,Millimeter,0,ME,ME-CO
773005161,4,PDE,,,0,ME,ME-CO
773005161,5,MAT,,,0,ME,ME-CO
773005169,1,TPR,,,0,ME,ME-CO
773005169,2,LPR,,Millimeter,1,ME,ME-CO
773005169,3,LEP,,Millimeter,0,ME,ME-CO
773005169,4,PDE,,,0,ME,ME-CO
773005169,5,MAT,,,0,ME,ME-CO
773005176,1,TPR,,,0,ME,ME-CO
773005176,2,LPR,,Millimeter,1,ME,ME-CO
773005176,3,LEP,,Millimeter,0,ME,ME-CO
773005176,4,PDE,,,0,ME,ME-CO
773005176,5,MAT,,,0,ME,ME-CO
773005177,1,TPR,,,0,ME,ME-CO
773005177,2,LPR,,Millimeter,1,ME,ME-CO
773005177,3,LEP,,Millimeter,0,ME,ME-CO
773005177,4,PDE,,,0,ME,ME-CO
773005177,5,MAT,,,0,ME,ME-CO
773005178,1,TPR,,,0,ME,ME-CO
773005178,2,LPR,,Millimeter,1,ME,ME-CO
773005178,3,LEP,,Millimeter,0,ME,ME-CO
773005178,4,PDE,,,0,ME,ME-CO
773005178,5,MAT,,,0,ME,ME-CO
773005179,1,TPR,,,0,ME,ME-CO
773005179,2,LPR,,Millimeter,1,ME,ME-CO
773005179,3,LEP,,Millimeter,0,ME,ME-CO
773005179,4,PDE,,,0,ME,ME-CO
773005179,5,MAT,,,0,ME,ME-CO
773005189,1,TPR,,,0,ME,ME-CO
773005189,2,LPR,,Millimeter,1,ME,ME-CO
773005189,3,LEP,,Millimeter,0,ME,ME-CO
773005189,4,PDE,,,0,ME,ME-CO
773005189,5,MAT,,,0,ME,ME-CO
773005193,1,TPR,,,0,ME,ME-CO
773005193,2,LPR,,Millimeter,1,ME,ME-CO
773005193,3,LEP,,Millimeter,0,ME,ME-CO
773005193,4,PDE,,,0,ME,ME-CO
773005193,5,MAT,,,0,ME,ME-CO
773006113,1,TPR,,,0,ME,ME-CO
773006113,2,LPR,,Millimeter,1,ME,ME-CO
773006113,3,LEP,,Millimeter,0,ME,ME-CO
773006113,4,PDE,,,0,ME,ME-CO
773006113,5,MAT,,,0,ME,ME-CO
773006120,1,TPR,,,0,ME,ME-CO
773006120,2,LPR,,Millimeter,1,ME,ME-CO
773006120,3,LEP,,Millimeter,0,ME,ME-CO
773006120,4,PDE,,,0,ME,ME-CO
773006120,5,MAT,,,0,ME,ME-CO
773006123,1,TPR,,,0,ME,ME-CO
773006123,2,LPR,,Millimeter,1,ME,ME-CO
773006123,3,LEP,,Millimeter,0,ME,ME-CO
773006123,4,PDE,,,0,ME,ME-CO
773006123,5,MAT,,,0,ME,ME-CO
773006129,1,TPR,,,0,ME,ME-CO
773006129,2,LPR,,Millimeter,1,ME,ME-CO
773006129,3,LEP,,Millimeter,0,ME,ME-CO
773006129,4,PDE,,,0,ME,ME-CO
773006129,5,MAT,,,0,ME,ME-CO
773006135,1,TPR,,,0,ME,ME-CO
773006135,2,LPR,,Millimeter,1,ME,ME-CO
773006135,3,LEP,,Millimeter,0,ME,ME-CO
773006135,4,PDE,,,0,ME,ME-CO
773006135,5,MAT,,,0,ME,ME-CO
773006138,1,TPR,,,0,ME,ME-CO
773006138,2,LPR,,Millimeter,1,ME,ME-CO
773006138,3,LEP,,Millimeter,0,ME,ME-CO
773006138,4,PDE,,,0,ME,ME-CO
773006138,5,MAT,,,0,ME,ME-CO
773006145,1,TPR,,,0,ME,ME-CO
773006145,2,LPR,,Millimeter,1,ME,ME-CO
773006145,3,LEP,,Millimeter,0,ME,ME-CO
773006145,4,PDE,,,0,ME,ME-CO
773006145,5,MAT,,,0,ME,ME-CO
773006150,1,TPR,,,0,ME,ME-CO
773006150,2,LPR,,Millimeter,1,ME,ME-CO
773006150,3,LEP,,Millimeter,0,ME,ME-CO
773006150,4,PDE,,,0,ME,ME-CO
773006150,5,MAT,,,0,ME,ME-CO
773006153,1,TPR,,,0,ME,ME-CO
773006153,2,LPR,,Millimeter,1,ME,ME-CO
773006153,3,LEP,,Millimeter,0,ME,ME-CO
773006153,4,PDE,,,0,ME,ME-CO
773006153,5,MAT,,,0,ME,ME-CO
773006154,1,TPR,,,0,ME,ME-CO
773006154,2,LPR,,Millimeter,1,ME,ME-CO
773006154,3,LEP,,Millimeter,0,ME,ME-CO
773006154,4,PDE,,,0,ME,ME-CO
773006154,5,MAT,,,0,ME,ME-CO
773006157,1,TPR,,,0,ME,ME-CO
773006157,2,LPR,,Millimeter,1,ME,ME-CO
773006157,3,LEP,,Millimeter,0,ME,ME-CO
773006157,4,PDE,,,0,ME,ME-CO
773006157,5,MAT,,,0,ME,ME-CO
773006161,1,TPR,,,0,ME,ME-CO
773006161,2,LPR,,Millimeter,1,ME,ME-CO
773006161,3,LEP,,Millimeter,0,ME,ME-CO
773006161,4,PDE,,,0,ME,ME-CO
773006161,5,MAT,,,0,ME,ME-CO
773006169,1,TPR,,,0,ME,ME-CO
773006169,2,LPR,,Millimeter,1,ME,ME-CO
773006169,3,LEP,,Millimeter,0,ME,ME-CO
773006169,4,PDE,,,0,ME,ME-CO
773006169,5,MAT,,,0,ME,ME-CO
773006171,1,TPR,,,0,ME,ME-CO
773006171,2,LPR,,Millimeter,1,ME,ME-CO
773006171,3,LEP,,Millimeter,0,ME,ME-CO
773006171,4,PDE,,,0,ME,ME-CO
773006171,5,MAT,,,0,ME,ME-CO
773006184,1,TPR,,,0,ME,ME-CO
773006184,2,LPR,,Millimeter,1,ME,ME-CO
773006184,3,LEP,,Millimeter,0,ME,ME-CO
773006184,4,PDE,,,0,ME,ME-CO
773006184,5,MAT,,,0,ME,ME-CO
773006185,1,TPR,,,0,ME,ME-CO
773006185,2,LPR,,Millimeter,1,ME,ME-CO
773006185,3,LEP,,Millimeter,0,ME,ME-CO
773006185,4,PDE,,,0,ME,ME-CO
773006185,5,MAT,,,0,ME,ME-CO
773006189,1,TPR,,,0,ME,ME-CO
773006189,2,LPR,,Millimeter,1,ME,ME-CO
773006189,3,LEP,,Millimeter,0,ME,ME-CO
773006189,4,PDE,,,0,ME,ME-CO
773006189,5,MAT,,,0,ME,ME-CO
773006190,1,TPR,,,0,ME,ME-CO
773006190,2,LPR,,Millimeter,1,ME,ME-CO
773006190,3,LEP,,Millimeter,0,ME,ME-CO
773006190,4,PDE,,,0,ME,ME-CO
773006190,5,MAT,,,0,ME,ME-CO
773006199,1,TPR,,,0,ME,ME-CO
773006199,2,LPR,,Millimeter,1,ME,ME-CO
773006199,3,LEP,,Millimeter,0,ME,ME-CO
773006199,4,PDE,,,0,ME,ME-CO
773006199,5,MAT,,,0,ME,ME-CO
773006200,1,TPR,,,0,ME,ME-CO
773006200,2,LPR,,Millimeter,1,ME,ME-CO
773006200,3,LEP,,Millimeter,0,ME,ME-CO
773006200,4,PDE,,,0,ME,ME-CO
773006200,5,MAT,,,0,ME,ME-CO
773006208,1,TPR,,,0,ME,ME-CO
773006208,2,LPR,,Millimeter,1,ME,ME-CO
773006208,3,LEP,,Millimeter,0,ME,ME-CO
773006208,4,PDE,,,0,ME,ME-CO
773006208,5,MAT,,,0,ME,ME-CO
773006209,1,TPR,,,0,ME,ME-CO
773006209,2,LPR,,Millimeter,1,ME,ME-CO
773006209,3,LEP,,Millimeter,0,ME,ME-CO
773006209,4,PDE,,,0,ME,ME-CO
773006209,5,MAT,,,0,ME,ME-CO
773007090,1,TPR,,,0,ME,ME-CO
773007090,2,LPR,,Millimeter,1,ME,ME-CO
773007090,3,LEP,,Millimeter,0,ME,ME-CO
773007090,4,PDE,,,0,ME,ME-CO
773007090,5,MAT,,,0,ME,ME-CO
773008016,1,TPR,,,0,ME,ME-CO
773008016,2,LPR,,Millimeter,1,ME,ME-CO
773008016,3,LEP,,Millimeter,0,ME,ME-CO
773008016,4,PDE,,,0,ME,ME-CO
773008016,5,MAT,,,0,ME,ME-CO
773008017,1,TPR,,,0,ME,ME-CO
773008017,2,LPR,,Millimeter,1,ME,ME-CO
773008017,3,LEP,,Millimeter,0,ME,ME-CO
773008017,4,PDE,,,0,ME,ME-CO
773008017,5,MAT,,,0,ME,ME-CO
773008127,1,TPR,,,0,ME,ME-CO
773008127,2,LPR,,Millimeter,1,ME,ME-CO
773008127,3,LEP,,Millimeter,0,ME,ME-CO
773008127,4,PDE,,,0,ME,ME-CO
773008127,5,MAT,,,0,ME,ME-CO
773008128,1,TPR,,,0,ME,ME-CO
773008128,2,LPR,,Millimeter,1,ME,ME-CO
773008128,3,LEP,,Millimeter,0,ME,ME-CO
773008128,4,PDE,,,0,ME,ME-CO
773008128,5,MAT,,,0,ME,ME-CO
773008165,1,TPR,,,0,ME,ME-CO
773008165,2,LPR,,Millimeter,1,ME,ME-CO
773008165,3,LEP,,Millimeter,0,ME,ME-CO
773008165,4,PDE,,,0,ME,ME-CO
773008165,5,MAT,,,0,ME,ME-CO
773008208,1,TPR,,,0,ME,ME-CO
773008208,2,LPR,,Millimeter,1,ME,ME-CO
773008208,3,LEP,,Millimeter,0,ME,ME-CO
773008208,4,PDE,,,0,ME,ME-CO
773008208,5,MAT,,,0,ME,ME-CO
773008215,1,TPR,,,0,ME,ME-CO
773008215,2,LPR,,Millimeter,1,ME,ME-CO
773008215,3,LEP,,Millimeter,0,ME,ME-CO
773008215,4,PDE,,,0,ME,ME-CO
773008215,5,MAT,,,0,ME,ME-CO
773008236,1,TPR,,,0,ME,ME-CO
773008236,2,LPR,,Millimeter,1,ME,ME-CO
773008236,3,LEP,,Millimeter,0,ME,ME-CO
773008236,4,PDE,,,0,ME,ME-CO
773008236,5,MAT,,,0,ME,ME-CO
773008239,1,TPR,,,0,ME,ME-CO
773008239,2,LPR,,Millimeter,1,ME,ME-CO
773008239,3,LEP,,Millimeter,0,ME,ME-CO
773008239,4,PDE,,,0,ME,ME-CO
773008239,5,MAT,,,0,ME,ME-CO
773008240,1,TPR,,,0,ME,ME-CO
773008240,2,LPR,,Millimeter,1,ME,ME-CO
773008240,3,LEP,,Millimeter,0,ME,ME-CO
773008240,4,PDE,,,0,ME,ME-CO
773008240,5,MAT,,,0,ME,ME-CO
773008241,1,TPR,,,0,ME,ME-CO
773008241,2,LPR,,Millimeter,1,ME,ME-CO
773008241,3,LEP,,Millimeter,0,ME,ME-CO
773008241,4,PDE,,,0,ME,ME-CO
773008241,5,MAT,,,0,ME,ME-CO
773008335,1,TPR,,,0,ME,ME-CO
773008335,2,LPR,,Millimeter,1,ME,ME-CO
773008335,3,LEP,,Millimeter,0,ME,ME-CO
773008335,4,PDE,,,0,ME,ME-CO
773008335,5,MAT,,,0,ME,ME-CO
773008342,1,TPR,,,0,ME,ME-CO
773008342,2,LPR,,Millimeter,1,ME,ME-CO
773008342,3,LEP,,Millimeter,0,ME,ME-CO
773008342,4,PDE,,,0,ME,ME-CO
773008342,5,MAT,,,0,ME,ME-CO
773008344,1,TPR,,,0,ME,ME-CO
773008344,2,LPR,,Millimeter,1,ME,ME-CO
773008344,3,LEP,,Millimeter,0,ME,ME-CO
773008344,4,PDE,,,0,ME,ME-CO
773008344,5,MAT,,,0,ME,ME-CO
773008345,1,TPR,,,0,ME,ME-CO
773008345,2,LPR,,Millimeter,1,ME,ME-CO
773008345,3,LEP,,Millimeter,0,ME,ME-CO
773008345,4,PDE,,,0,ME,ME-CO
773008345,5,MAT,,,0,ME,ME-CO
773034205,1,TPR,,,0,ME,ME-CO
773034205,2,LPR,,Millimeter,1,ME,ME-CO
773034205,3,LEP,,Millimeter,0,ME,ME-CO
773034205,4,PDE,,,0,ME,ME-CO
773034205,5,MAT,,,0,ME,ME-CO
773201150,1,TPR,,,0,ME,ME-CO
773201150,2,LPR,,Millimeter,1,ME,ME-CO
773201150,3,LEP,,Millimeter,0,ME,ME-CO
773201150,4,PDE,,,0,ME,ME-CO
773201150,5,MAT,,,0,ME,ME-CO
773201200,1,TPR,,,0,ME,ME-CO
773201200,2,LPR,,Millimeter,1,ME,ME-CO
773201200,3,LEP,,Millimeter,0,ME,ME-CO
773201200,4,PDE,,,0,ME,ME-CO
773201200,5,MAT,,,0,ME,ME-CO
773201520,1,TPR,,,0,ME,ME-CO
773201520,2,LPR,,Millimeter,1,ME,ME-CO
773201520,3,LEP,,Millimeter,0,ME,ME-CO
773201520,4,PDE,,,0,ME,ME-CO
773201520,5,MAT,,,0,ME,ME-CO
773311003,1,TYPE,,,0,ME,ME-CH
773311003,2,PAS,,Millimeter,1,ME,ME-CH
773311003,3,NBM,,Nos,0,ME,ME-CH
773311003,4,LON,,Millimeter,0,ME,ME-CH
773311003,5,STD,,,0,ME,ME-CH
773401016,1,TYPE,,,0,ME,ME-CH
773401016,2,PAS,,Millimeter,1,ME,ME-CH
773401016,3,NBM,,Nos,0,ME,ME-CH
773401016,4,LON,,Millimeter,0,ME,ME-CH
773401016,5,STD,,,0,ME,ME-CH
791450012,1,TYPE,,,0,ME,ME-EN
791450012,2,NDR,,,1,ME,ME-EN
791450012,3,MODU,,,0,ME,ME-EN
791450012,4,DIM,,Millimeter,0,ME,ME-EN
791450012,5,MAT,,,0,ME,ME-EN
792102500,1,TFM,,,1,EE,EE-CA
792102500,2,REF,,,0,EE,EE-CA
792102500,3,CONS,,,0,EE,EE-CA
792102500,4,ALIM,,,0,EE,EE-CA
792102500,5,VER,,,0,EE,EE-CA
792137900,1,TFM,,,1,EE,EE-CA
792137900,2,REF,,,0,EE,EE-CA
792137900,3,CONS,,,0,EE,EE-CA
792137900,4,ALIM,,,0,EE,EE-CA
792137900,5,VER,,,0,EE,EE-CA
792138015,1,TFM,,,1,EE,EE-CA
792138015,2,REF,,,0,EE,EE-CA
792138015,3,CONS,,,0,EE,EE-CA
792138015,4,ALIM,,,0,EE,EE-CA
792138015,5,VER,,,0,EE,EE-CA
793197013,1,TYPE,,,0,IN,IN-DE
793197013,2,PDM,,,1,IN,IN-DE
793197013,3,DNR,,,0,IN,IN-DE
793197013,4,SOR,,,0,IN,IN-DE
793197013,5,FAB,,,0,IN,IN-DE
793197014,1,TYPE,,,0,IN,IN-DE
793197014,2,PDM,,,1,IN,IN-DE
793197014,3,DNR,,,0,IN,IN-DE
793197014,4,SOR,,,0,IN,IN-DE
793197014,5,FAB,,,0,IN,IN-DE
793197017,1,TYPE,,,0,IN,IN-DE
793197017,2,PDM,,,1,IN,IN-DE
793197017,3,DNR,,,0,IN,IN-DE
793197017,4,SOR,,,0,IN,IN-DE
793197017,5,FAB,,,0,IN,IN-DE
793197021,1,TYPE,,,0,IN,IN-DE
793197021,2,PDM,,,1,IN,IN-DE
793197021,3,DNR,,,0,IN,IN-DE
793197021,4,SOR,,,0,IN,IN-DE
793197021,5,FAB,,,0,IN,IN-DE
793197022,1,TYPE,,,0,HY,HY-FI
793197022,2,SEU,,Micrometer,1,HY,HY-FI
793197022,3,RAC,,,0,HY,HY-FI
793197022,4,DEB,,,0,HY,HY-FI
793197022,5,FAB,,,0,HY,HY-FI
793197050,1,TYPE,,,0,IN,IN-DE
793197050,2,PDM,,,1,IN,IN-DE
793197050,3,DNR,,,0,IN,IN-DE
793197050,4,SOR,,,0,IN,IN-DE
793197050,5,FAB,,,0,IN,IN-DE
793197051,1,TFM,,,1,EE,EE-CA
793197051,2,REF,,,0,EE,EE-CA
793197051,3,CONS,,,0,EE,EE-CA
793197051,4,ALIM,,,0,EE,EE-CA
793197051,5,VER,,,0,EE,EE-CA
793198250,1,TYPE,,,0,IN,IN-DE
793198250,2,PDM,,,1,IN,IN-DE
793198250,3,DNR,,,0,IN,IN-DE
793198250,4,SOR,,,0,IN,IN-DE
793198250,5,FAB,,,0,IN,IN-DE
793198259,1,TYPE,,,0,IN,IN-DE
793198259,2,PDM,,,1,IN,IN-DE
793198259,3,DNR,,,0,IN,IN-DE
793198259,4,SOR,,,0,IN,IN-DE
793198259,5,FAB,,,0,IN,IN-DE
793198263,1,TYPE,,,0,IN,IN-DE
793198263,2,PDM,,,1,IN,IN-DE
793198263,3,DNR,,,0,IN,IN-DE
793198263,4,SOR,,,0,IN,IN-DE
793198263,5,FAB,,,0,IN,IN-DE
794001604,1,TYPE,,,0,IN,IN-DE
794001604,2,PDM,,,1,IN,IN-DE
794001604,3,DNR,,,0,IN,IN-DE
794001604,4,SOR,,,0,IN,IN-DE
794001604,5,FAB,,,0,IN,IN-DE
794001654,1,TYPE,,,0,IN,IN-DE
794001654,2,PDM,,,1,IN,IN-DE
794001654,3,DNR,,,0,IN,IN-DE
794001654,4,SOR,,,0,IN,IN-DE
794001654,5,FAB,,,0,IN,IN-DE
794001655,1,TYPE,,,0,HY,HY-FI
794001655,2,SEU,,Micrometer,1,HY,HY-FI
794001655,3,RAC,,,0,HY,HY-FI
794001655,4,DEB,,,0,HY,HY-FI
794001655,5,FAB,,,0,HY,HY-FI
795026016,1,TYPE,,,0,HY,HY-FL
795026016,2,DN,,,1,HY,HY-FL
795026016,3,LON,,Millimeter,0,HY,HY-FL
795026016,4,EMB,,,0,HY,HY-FL
795026016,5,PRE,,Bar,0,HY,HY-FL
795703009,1,FIL,,,0,PN,PN-RE
795703009,2,PPM,,Bar,1,PN,PN-RE
795703009,3,OPT,,,0,PN,PN-RE
795703009,4,TYPE,,,0,PN,PN-RE
795703009,5,DEB,,,0,PN,PN-RE
810109139,1,FTT,,,1,ME,ME-VI
810109139,2,DIA,,Millimeter,0,ME,ME-VI
810109139,3,LON,,Millimeter,0,ME,ME-VI
810109139,4,MAT,,,0,ME,ME-VI
810109139,5,FIL,,,0,ME,ME-VI
810282050,1,TYPE,,,0,HY,HY-FL
810282050,2,DN,,,1,HY,HY-FL
810282050,3,LON,,Millimeter,0,HY,HY-FL
810282050,4,EMB,,,0,HY,HY-FL
810282050,5,PRE,,Bar,0,HY,HY-FL
810702002,1,TYPE,,,0,EL,EL-CA
810702002,2,SEC,,,1,EL,EL-CA
810702002,3,NBCD,,Nos,0,EL,EL-CA
810702002,4,MAT,,,0,EL,EL-CA
810702002,5,BLI,,,0,EL,EL-CA
810703145,1,TYPE,,,0,EL,EL-CA
810703145,2,SEC,,,1,EL,EL-CA
810703145,3,NBCD,,Nos,0,EL,EL-CA
810703145,4,MAT,,,0,EL,EL-CA
810703145,5,BLI,,,0,EL,EL-CA
820109154,1,FTT,,,1,ME,ME-VI
820109154,2,DIA,,Millimeter,0,ME,ME-VI
820109154,3,LON,,Millimeter,0,ME,ME-VI
820109154,4,MAT,,,0,ME,ME-VI
820109154,5,FIL,,,0,ME,ME-VI
820109159,1,FTT,,,1,ME,ME-VI
820109159,2,DIA,,Millimeter,0,ME,ME-VI
820109159,3,LON,,Millimeter,0,ME,ME-VI
820109159,4,MAT,,,0,ME,ME-VI
820109159,5,FIL,,,0,ME,ME-VI
820109167,1,FTT,,,1,ME,ME-VI
820109167,2,DIA,,Millimeter,0,ME,ME-VI
820109167,3,LON,,Millimeter,0,ME,ME-VI
820109167,4,MAT,,,0,ME,ME-VI
820109167,5,FIL,,,0,ME,ME-VI
820109190,1,FTT,,,1,ME,ME-VI
820109190,2,DIA,,Millimeter,0,ME,ME-VI
820109190,3,LON,,Millimeter,0,ME,ME-VI
820109190,4,MAT,,,0,ME,ME-VI
820109190,5,FIL,,,0,ME,ME-VI
820109191,1,FTT,,,1,ME,ME-VI
820109191,2,DIA,,Millimeter,0,ME,ME-VI
820109191,3,LON,,Millimeter,0,ME,ME-VI
820109191,4,MAT,,,0,ME,ME-VI
820109191,5,FIL,,,0,ME,ME-VI
820109192,1,FTT,,,1,ME,ME-VI
820109192,2,DIA,,Millimeter,0,ME,ME-VI
820109192,3,LON,,Millimeter,0,ME,ME-VI
820109192,4,MAT,,,0,ME,ME-VI
820109192,5,FIL,,,0,ME,ME-VI
820109197,1,FTT,,,1,ME,ME-VI
820109197,2,DIA,,Millimeter,0,ME,ME-VI
820109197,3,LON,,Millimeter,0,ME,ME-VI
820109197,4,MAT,,,0,ME,ME-VI
820109197,5,FIL,,,0,ME,ME-VI
820109198,1,FTT,,,1,ME,ME-VI
820109198,2,DIA,,Millimeter,0,ME,ME-VI
820109198,3,LON,,Millimeter,0,ME,ME-VI
820109198,4,MAT,,,0,ME,ME-VI
820109198,5,FIL,,,0,ME,ME-VI
820109205,1,FTT,,,1,ME,ME-VI
820109205,2,DIA,,Millimeter,0,ME,ME-VI
820109205,3,LON,,Millimeter,0,ME,ME-VI
820109205,4,MAT,,,0,ME,ME-VI
820109205,5,FIL,,,0,ME,ME-VI
820109214,1,FTT,,,1,ME,ME-VI
820109214,2,DIA,,Millimeter,0,ME,ME-VI
820109214,3,LON,,Millimeter,0,ME,ME-VI
820109214,4,MAT,,,0,ME,ME-VI
820109214,5,FIL,,,0,ME,ME-VI
820209010,1,FTT,,,1,ME,ME-VI
820209010,2,DIA,,Millimeter,0,ME,ME-VI
820209010,3,LON,,Millimeter,0,ME,ME-VI
820209010,4,MAT,,,0,ME,ME-VI
820209010,5,FIL,,,0,ME,ME-VI
820901006,1,FTT,,,1,ME,ME-VI
820901006,2,DIA,,Millimeter,0,ME,ME-VI
820901006,3,LON,,Millimeter,0,ME,ME-VI
820901006,4,MAT,,,0,ME,ME-VI
820901006,5,FIL,,,0,ME,ME-VI
820901010,1,FTT,,,1,ME,ME-VI
820901010,2,DIA,,Millimeter,0,ME,ME-VI
820901010,3,LON,,Millimeter,0,ME,ME-VI
820901010,4,MAT,,,0,ME,ME-VI
820901010,5,FIL,,,0,ME,ME-VI
820901021,1,FTT,,,1,ME,ME-VI
820901021,2,DIA,,Millimeter,0,ME,ME-VI
820901021,3,LON,,Millimeter,0,ME,ME-VI
820901021,4,MAT,,,0,ME,ME-VI
820901021,5,FIL,,,0,ME,ME-VI
820901022,1,FTT,,,1,ME,ME-VI
820901022,2,DIA,,Millimeter,0,ME,ME-VI
820901022,3,LON,,Millimeter,0,ME,ME-VI
820901022,4,MAT,,,0,ME,ME-VI
820901022,5,FIL,,,0,ME,ME-VI
820901023,1,FTT,,,1,ME,ME-VI
820901023,2,DIA,,Millimeter,0,ME,ME-VI
820901023,3,LON,,Millimeter,0,ME,ME-VI
820901023,4,MAT,,,0,ME,ME-VI
820901023,5,FIL,,,0,ME,ME-VI
820901024,1,FTT,,,1,ME,ME-VI
820901024,2,DIA,,Millimeter,0,ME,ME-VI
820901024,3,LON,,Millimeter,0,ME,ME-VI
820901024,4,MAT,,,0,ME,ME-VI
820901024,5,FIL,,,0,ME,ME-VI
820901025,1,FTT,,,1,ME,ME-VI
820901025,2,DIA,,Millimeter,0,ME,ME-VI
820901025,3,LON,,Millimeter,0,ME,ME-VI
820901025,4,MAT,,,0,ME,ME-VI
820901025,5,FIL,,,0,ME,ME-VI
820901035,1,FTT,,,1,ME,ME-VI
820901035,2,DIA,,Millimeter,0,ME,ME-VI
820901035,3,LON,,Millimeter,0,ME,ME-VI
820901035,4,MAT,,,0,ME,ME-VI
820901035,5,FIL,,,0,ME,ME-VI
820901037,1,FTT,,,1,ME,ME-VI
820901037,2,DIA,,Millimeter,0,ME,ME-VI
820901037,3,LON,,Millimeter,0,ME,ME-VI
820901037,4,MAT,,,0,ME,ME-VI
820901037,5,FIL,,,0,ME,ME-VI
820901038,1,FTT,,,1,ME,ME-VI
820901038,2,DIA,,Millimeter,0,ME,ME-VI
820901038,3,LON,,Millimeter,0,ME,ME-VI
820901038,4,MAT,,,0,ME,ME-VI
820901038,5,FIL,,,0,ME,ME-VI
820901039,1,FTT,,,1,ME,ME-VI
820901039,2,DIA,,Millimeter,0,ME,ME-VI
820901039,3,LON,,Millimeter,0,ME,ME-VI
820901039,4,MAT,,,0,ME,ME-VI
820901039,5,FIL,,,0,ME,ME-VI
820901040,1,FTT,,,1,ME,ME-VI
820901040,2,DIA,,Millimeter,0,ME,ME-VI
820901040,3,LON,,Millimeter,0,ME,ME-VI
820901040,4,MAT,,,0,ME,ME-VI
820901040,5,FIL,,,0,ME,ME-VI
820901041,1,FTT,,,1,ME,ME-VI
820901041,2,DIA,,Millimeter,0,ME,ME-VI
820901041,3,LON,,Millimeter,0,ME,ME-VI
820901041,4,MAT,,,0,ME,ME-VI
820901041,5,FIL,,,0,ME,ME-VI
820901042,1,FTT,,,1,ME,ME-VI
820901042,2,DIA,,Millimeter,0,ME,ME-VI
820901042,3,LON,,Millimeter,0,ME,ME-VI
820901042,4,MAT,,,0,ME,ME-VI
820901042,5,FIL,,,0,ME,ME-VI
820901043,1,FTT,,,1,ME,ME-VI
820901043,2,DIA,,Millimeter,0,ME,ME-VI
820901043,3,LON,,Millimeter,0,ME,ME-VI
820901043,4,MAT,,,0,ME,ME-VI
820901043,5,FIL,,,0,ME,ME-VI
820901046,1,FTT,,,1,ME,ME-VI
820901046,2,DIA,,Millimeter,0,ME,ME-VI
820901046,3,LON,,Millimeter,0,ME,ME-VI
820901046,4,MAT,,,0,ME,ME-VI
820901046,5,FIL,,,0,ME,ME-VI
820901048,1,FTT,,,1,ME,ME-VI
820901048,2,DIA,,Millimeter,0,ME,ME-VI
820901048,3,LON,,Millimeter,0,ME,ME-VI
820901048,4,MAT,,,0,ME,ME-VI
820901048,5,FIL,,,0,ME,ME-VI
820901049,1,FTT,,,1,ME,ME-VI
820901049,2,DIA,,Millimeter,0,ME,ME-VI
820901049,3,LON,,Millimeter,0,ME,ME-VI
820901049,4,MAT,,,0,ME,ME-VI
820901049,5,FIL,,,0,ME,ME-VI
820901112,1,FTT,,,1,ME,ME-VI
820901112,2,DIA,,Millimeter,0,ME,ME-VI
820901112,3,LON,,Millimeter,0,ME,ME-VI
820901112,4,MAT,,,0,ME,ME-VI
820901112,5,FIL,,,0,ME,ME-VI
820901114,1,FTT,,,1,ME,ME-VI
820901114,2,DIA,,Millimeter,0,ME,ME-VI
820901114,3,LON,,Millimeter,0,ME,ME-VI
820901114,4,MAT,,,0,ME,ME-VI
820901114,5,FIL,,,0,ME,ME-VI
820901127,1,FTT,,,1,ME,ME-VI
820901127,2,DIA,,Millimeter,0,ME,ME-VI
820901127,3,LON,,Millimeter,0,ME,ME-VI
820901127,4,MAT,,,0,ME,ME-VI
820901127,5,FIL,,,0,ME,ME-VI
820901128,1,FTT,,,1,ME,ME-VI
820901128,2,DIA,,Millimeter,0,ME,ME-VI
820901128,3,LON,,Millimeter,0,ME,ME-VI
820901128,4,MAT,,,0,ME,ME-VI
820901128,5,FIL,,,0,ME,ME-VI
820901131,1,FTT,,,1,ME,ME-VI
820901131,2,DIA,,Millimeter,0,ME,ME-VI
820901131,3,LON,,Millimeter,0,ME,ME-VI
820901131,4,MAT,,,0,ME,ME-VI
820901131,5,FIL,,,0,ME,ME-VI
820901132,1,FTT,,,1,ME,ME-VI
820901132,2,DIA,,Millimeter,0,ME,ME-VI
820901132,3,LON,,Millimeter,0,ME,ME-VI
820901132,4,MAT,,,0,ME,ME-VI
820901132,5,FIL,,,0,ME,ME-VI
822401001,1,FTT,,,1,ME,ME-VI
822401001,2,DIA,,Millimeter,0,ME,ME-VI
822401001,3,LON,,Millimeter,0,ME,ME-VI
822401001,4,MAT,,,0,ME,ME-VI
822401001,5,FIL,,,0,ME,ME-VI
822401008,1,FTT,,,1,ME,ME-VI
822401008,2,DIA,,Millimeter,0,ME,ME-VI
822401008,3,LON,,Millimeter,0,ME,ME-VI
822401008,4,MAT,,,0,ME,ME-VI
822401008,5,FIL,,,0,ME,ME-VI
822401011,1,FTT,,,1,ME,ME-VI
822401011,2,DIA,,Millimeter,0,ME,ME-VI
822401011,3,LON,,Millimeter,0,ME,ME-VI
822401011,4,MAT,,,0,ME,ME-VI
822401011,5,FIL,,,0,ME,ME-VI
822401013,1,FTT,,,1,ME,ME-VI
822401013,2,DIA,,Millimeter,0,ME,ME-VI
822401013,3,LON,,Millimeter,0,ME,ME-VI
822401013,4,MAT,,,0,ME,ME-VI
822401013,5,FIL,,,0,ME,ME-VI
822401016,1,FTT,,,1,ME,ME-VI
822401016,2,DIA,,Millimeter,0,ME,ME-VI
822401016,3,LON,,Millimeter,0,ME,ME-VI
822401016,4,MAT,,,0,ME,ME-VI
822401016,5,FIL,,,0,ME,ME-VI
822401098,1,FTT,,,1,ME,ME-VI
822401098,2,DIA,,Millimeter,0,ME,ME-VI
822401098,3,LON,,Millimeter,0,ME,ME-VI
822401098,4,MAT,,,0,ME,ME-VI
822401098,5,FIL,,,0,ME,ME-VI
822401122,1,FTT,,,1,ME,ME-VI
822401122,2,DIA,,Millimeter,0,ME,ME-VI
822401122,3,LON,,Millimeter,0,ME,ME-VI
822401122,4,MAT,,,0,ME,ME-VI
822401122,5,FIL,,,0,ME,ME-VI
822401132,1,FTT,,,1,ME,ME-VI
822401132,2,DIA,,Millimeter,0,ME,ME-VI
822401132,3,LON,,Millimeter,0,ME,ME-VI
822401132,4,MAT,,,0,ME,ME-VI
822401132,5,FIL,,,0,ME,ME-VI
822401144,1,FTT,,,1,ME,ME-VI
822401144,2,DIA,,Millimeter,0,ME,ME-VI
822401144,3,LON,,Millimeter,0,ME,ME-VI
822401144,4,MAT,,,0,ME,ME-VI
822401144,5,FIL,,,0,ME,ME-VI
822401150,1,FTT,,,1,ME,ME-VI
822401150,2,DIA,,Millimeter,0,ME,ME-VI
822401150,3,LON,,Millimeter,0,ME,ME-VI
822401150,4,MAT,,,0,ME,ME-VI
822401150,5,FIL,,,0,ME,ME-VI
822401151,1,FTT,,,1,ME,ME-VI
822401151,2,DIA,,Millimeter,0,ME,ME-VI
822401151,3,LON,,Millimeter,0,ME,ME-VI
822401151,4,MAT,,,0,ME,ME-VI
822401151,5,FIL,,,0,ME,ME-VI
822401152,1,FTT,,,1,ME,ME-VI
822401152,2,DIA,,Millimeter,0,ME,ME-VI
822401152,3,LON,,Millimeter,0,ME,ME-VI
822401152,4,MAT,,,0,ME,ME-VI
822401152,5,FIL,,,0,ME,ME-VI
822401161,1,FTT,,,1,ME,ME-VI
822401161,2,DIA,,Millimeter,0,ME,ME-VI
822401161,3,LON,,Millimeter,0,ME,ME-VI
822401161,4,MAT,,,0,ME,ME-VI
822401161,5,FIL,,,0,ME,ME-VI
822401163,1,FTT,,,1,ME,ME-VI
822401163,2,DIA,,Millimeter,0,ME,ME-VI
822401163,3,LON,,Millimeter,0,ME,ME-VI
822401163,4,MAT,,,0,ME,ME-VI
822401163,5,FIL,,,0,ME,ME-VI
822401167,1,FTT,,,1,ME,ME-VI
822401167,2,DIA,,Millimeter,0,ME,ME-VI
822401167,3,LON,,Millimeter,0,ME,ME-VI
822401167,4,MAT,,,0,ME,ME-VI
822401167,5,FIL,,,0,ME,ME-VI
822401169,1,FTT,,,1,ME,ME-VI
822401169,2,DIA,,Millimeter,0,ME,ME-VI
822401169,3,LON,,Millimeter,0,ME,ME-VI
822401169,4,MAT,,,0,ME,ME-VI
822401169,5,FIL,,,0,ME,ME-VI
822401171,1,FTT,,,1,ME,ME-VI
822401171,2,DIA,,Millimeter,0,ME,ME-VI
822401171,3,LON,,Millimeter,0,ME,ME-VI
822401171,4,MAT,,,0,ME,ME-VI
822401171,5,FIL,,,0,ME,ME-VI
822401172,1,FTT,,,1,ME,ME-VI
822401172,2,DIA,,Millimeter,0,ME,ME-VI
822401172,3,LON,,Millimeter,0,ME,ME-VI
822401172,4,MAT,,,0,ME,ME-VI
822401172,5,FIL,,,0,ME,ME-VI
822401187,1,FTT,,,1,ME,ME-VI
822401187,2,DIA,,Millimeter,0,ME,ME-VI
822401187,3,LON,,Millimeter,0,ME,ME-VI
822401187,4,MAT,,,0,ME,ME-VI
822401187,5,FIL,,,0,ME,ME-VI
822401188,1,FTT,,,1,ME,ME-VI
822401188,2,DIA,,Millimeter,0,ME,ME-VI
822401188,3,LON,,Millimeter,0,ME,ME-VI
822401188,4,MAT,,,0,ME,ME-VI
822401188,5,FIL,,,0,ME,ME-VI
822401189,1,FTT,,,1,ME,ME-VI
822401189,2,DIA,,Millimeter,0,ME,ME-VI
822401189,3,LON,,Millimeter,0,ME,ME-VI
822401189,4,MAT,,,0,ME,ME-VI
822401189,5,FIL,,,0,ME,ME-VI
822401191,1,FTT,,,1,ME,ME-VI
822401191,2,DIA,,Millimeter,0,ME,ME-VI
822401191,3,LON,,Millimeter,0,ME,ME-VI
822401191,4,MAT,,,0,ME,ME-VI
822401191,5,FIL,,,0,ME,ME-VI
822401193,1,FTT,,,1,ME,ME-VI
822401193,2,DIA,,Millimeter,0,ME,ME-VI
822401193,3,LON,,Millimeter,0,ME,ME-VI
822401193,4,MAT,,,0,ME,ME-VI
822401193,5,FIL,,,0,ME,ME-VI
822401194,1,FTT,,,1,ME,ME-VI
822401194,2,DIA,,Millimeter,0,ME,ME-VI
822401194,3,LON,,Millimeter,0,ME,ME-VI
822401194,4,MAT,,,0,ME,ME-VI
822401194,5,FIL,,,0,ME,ME-VI
822401195,1,FTT,,,1,ME,ME-VI
822401195,2,DIA,,Millimeter,0,ME,ME-VI
822401195,3,LON,,Millimeter,0,ME,ME-VI
822401195,4,MAT,,,0,ME,ME-VI
822401195,5,FIL,,,0,ME,ME-VI
822401202,1,FTT,,,1,ME,ME-VI
822401202,2,DIA,,Millimeter,0,ME,ME-VI
822401202,3,LON,,Millimeter,0,ME,ME-VI
822401202,4,MAT,,,0,ME,ME-VI
822401202,5,FIL,,,0,ME,ME-VI
822401204,1,FTT,,,1,ME,ME-VI
822401204,2,DIA,,Millimeter,0,ME,ME-VI
822401204,3,LON,,Millimeter,0,ME,ME-VI
822401204,4,MAT,,,0,ME,ME-VI
822401204,5,FIL,,,0,ME,ME-VI
822401205,1,FTT,,,1,ME,ME-VI
822401205,2,DIA,,Millimeter,0,ME,ME-VI
822401205,3,LON,,Millimeter,0,ME,ME-VI
822401205,4,MAT,,,0,ME,ME-VI
822401205,5,FIL,,,0,ME,ME-VI
822401206,1,FTT,,,1,ME,ME-VI
822401206,2,DIA,,Millimeter,0,ME,ME-VI
822401206,3,LON,,Millimeter,0,ME,ME-VI
822401206,4,MAT,,,0,ME,ME-VI
822401206,5,FIL,,,0,ME,ME-VI
822401210,1,FTT,,,1,ME,ME-VI
822401210,2,DIA,,Millimeter,0,ME,ME-VI
822401210,3,LON,,Millimeter,0,ME,ME-VI
822401210,4,MAT,,,0,ME,ME-VI
822401210,5,FIL,,,0,ME,ME-VI
822401212,1,FTT,,,1,ME,ME-VI
822401212,2,DIA,,Millimeter,0,ME,ME-VI
822401212,3,LON,,Millimeter,0,ME,ME-VI
822401212,4,MAT,,,0,ME,ME-VI
822401212,5,FIL,,,0,ME,ME-VI
822401214,1,FTT,,,1,ME,ME-VI
822401214,2,DIA,,Millimeter,0,ME,ME-VI
822401214,3,LON,,Millimeter,0,ME,ME-VI
822401214,4,MAT,,,0,ME,ME-VI
822401214,5,FIL,,,0,ME,ME-VI
822401215,1,FTT,,,1,ME,ME-VI
822401215,2,DIA,,Millimeter,0,ME,ME-VI
822401215,3,LON,,Millimeter,0,ME,ME-VI
822401215,4,MAT,,,0,ME,ME-VI
822401215,5,FIL,,,0,ME,ME-VI
822401216,1,FTT,,,1,ME,ME-VI
822401216,2,DIA,,Millimeter,0,ME,ME-VI
822401216,3,LON,,Millimeter,0,ME,ME-VI
822401216,4,MAT,,,0,ME,ME-VI
822401216,5,FIL,,,0,ME,ME-VI
822401217,1,FTT,,,1,ME,ME-VI
822401217,2,DIA,,Millimeter,0,ME,ME-VI
822401217,3,LON,,Millimeter,0,ME,ME-VI
822401217,4,MAT,,,0,ME,ME-VI
822401217,5,FIL,,,0,ME,ME-VI
822401219,1,FTT,,,1,ME,ME-VI
822401219,2,DIA,,Millimeter,0,ME,ME-VI
822401219,3,LON,,Millimeter,0,ME,ME-VI
822401219,4,MAT,,,0,ME,ME-VI
822401219,5,FIL,,,0,ME,ME-VI
822401221,1,FTT,,,1,ME,ME-VI
822401221,2,DIA,,Millimeter,0,ME,ME-VI
822401221,3,LON,,Millimeter,0,ME,ME-VI
822401221,4,MAT,,,0,ME,ME-VI
822401221,5,FIL,,,0,ME,ME-VI
822401224,1,FTT,,,1,ME,ME-VI
822401224,2,DIA,,Millimeter,0,ME,ME-VI
822401224,3,LON,,Millimeter,0,ME,ME-VI
822401224,4,MAT,,,0,ME,ME-VI
822401224,5,FIL,,,0,ME,ME-VI
822401227,1,FTT,,,1,ME,ME-VI
822401227,2,DIA,,Millimeter,0,ME,ME-VI
822401227,3,LON,,Millimeter,0,ME,ME-VI
822401227,4,MAT,,,0,ME,ME-VI
822401227,5,FIL,,,0,ME,ME-VI
822401234,1,FTT,,,1,ME,ME-VI
822401234,2,DIA,,Millimeter,0,ME,ME-VI
822401234,3,LON,,Millimeter,0,ME,ME-VI
822401234,4,MAT,,,0,ME,ME-VI
822401234,5,FIL,,,0,ME,ME-VI
822401236,1,FTT,,,1,ME,ME-VI
822401236,2,DIA,,Millimeter,0,ME,ME-VI
822401236,3,LON,,Millimeter,0,ME,ME-VI
822401236,4,MAT,,,0,ME,ME-VI
822401236,5,FIL,,,0,ME,ME-VI
822401237,1,FTT,,,1,ME,ME-VI
822401237,2,DIA,,Millimeter,0,ME,ME-VI
822401237,3,LON,,Millimeter,0,ME,ME-VI
822401237,4,MAT,,,0,ME,ME-VI
822401237,5,FIL,,,0,ME,ME-VI
822401238,1,FTT,,,1,ME,ME-VI
822401238,2,DIA,,Millimeter,0,ME,ME-VI
822401238,3,LON,,Millimeter,0,ME,ME-VI
822401238,4,MAT,,,0,ME,ME-VI
822401238,5,FIL,,,0,ME,ME-VI
822401239,1,FTT,,,1,ME,ME-VI
822401239,2,DIA,,Millimeter,0,ME,ME-VI
822401239,3,LON,,Millimeter,0,ME,ME-VI
822401239,4,MAT,,,0,ME,ME-VI
822401239,5,FIL,,,0,ME,ME-VI
822401242,1,FTT,,,1,ME,ME-VI
822401242,2,DIA,,Millimeter,0,ME,ME-VI
822401242,3,LON,,Millimeter,0,ME,ME-VI
822401242,4,MAT,,,0,ME,ME-VI
822401242,5,FIL,,,0,ME,ME-VI
822401274,1,FTT,,,1,ME,ME-VI
822401274,2,DIA,,Millimeter,0,ME,ME-VI
822401274,3,LON,,Millimeter,0,ME,ME-VI
822401274,4,MAT,,,0,ME,ME-VI
822401274,5,FIL,,,0,ME,ME-VI
822401275,1,FTT,,,1,ME,ME-VI
822401275,2,DIA,,Millimeter,0,ME,ME-VI
822401275,3,LON,,Millimeter,0,ME,ME-VI
822401275,4,MAT,,,0,ME,ME-VI
822401275,5,FIL,,,0,ME,ME-VI
822401278,1,FTT,,,1,ME,ME-VI
822401278,2,DIA,,Millimeter,0,ME,ME-VI
822401278,3,LON,,Millimeter,0,ME,ME-VI
822401278,4,MAT,,,0,ME,ME-VI
822401278,5,FIL,,,0,ME,ME-VI
822401282,1,FTT,,,1,ME,ME-VI
822401282,2,DIA,,Millimeter,0,ME,ME-VI
822401282,3,LON,,Millimeter,0,ME,ME-VI
822401282,4,MAT,,,0,ME,ME-VI
822401282,5,FIL,,,0,ME,ME-VI
822401283,1,FTT,,,1,ME,ME-VI
822401283,2,DIA,,Millimeter,0,ME,ME-VI
822401283,3,LON,,Millimeter,0,ME,ME-VI
822401283,4,MAT,,,0,ME,ME-VI
822401283,5,FIL,,,0,ME,ME-VI
822401284,1,FTT,,,1,ME,ME-VI
822401284,2,DIA,,Millimeter,0,ME,ME-VI
822401284,3,LON,,Millimeter,0,ME,ME-VI
822401284,4,MAT,,,0,ME,ME-VI
822401284,5,FIL,,,0,ME,ME-VI
822401285,1,FTT,,,1,ME,ME-VI
822401285,2,DIA,,Millimeter,0,ME,ME-VI
822401285,3,LON,,Millimeter,0,ME,ME-VI
822401285,4,MAT,,,0,ME,ME-VI
822401285,5,FIL,,,0,ME,ME-VI
822401288,1,FTT,,,1,ME,ME-VI
822401288,2,DIA,,Millimeter,0,ME,ME-VI
822401288,3,LON,,Millimeter,0,ME,ME-VI
822401288,4,MAT,,,0,ME,ME-VI
822401288,5,FIL,,,0,ME,ME-VI
822401289,1,FTT,,,1,ME,ME-VI
822401289,2,DIA,,Millimeter,0,ME,ME-VI
822401289,3,LON,,Millimeter,0,ME,ME-VI
822401289,4,MAT,,,0,ME,ME-VI
822401289,5,FIL,,,0,ME,ME-VI
822401291,1,FTT,,,1,ME,ME-VI
822401291,2,DIA,,Millimeter,0,ME,ME-VI
822401291,3,LON,,Millimeter,0,ME,ME-VI
822401291,4,MAT,,,0,ME,ME-VI
822401291,5,FIL,,,0,ME,ME-VI
822401292,1,FTT,,,1,ME,ME-VI
822401292,2,DIA,,Millimeter,0,ME,ME-VI
822401292,3,LON,,Millimeter,0,ME,ME-VI
822401292,4,MAT,,,0,ME,ME-VI
822401292,5,FIL,,,0,ME,ME-VI
822401293,1,FTT,,,1,ME,ME-VI
822401293,2,DIA,,Millimeter,0,ME,ME-VI
822401293,3,LON,,Millimeter,0,ME,ME-VI
822401293,4,MAT,,,0,ME,ME-VI
822401293,5,FIL,,,0,ME,ME-VI
822401294,1,FTT,,,1,ME,ME-VI
822401294,2,DIA,,Millimeter,0,ME,ME-VI
822401294,3,LON,,Millimeter,0,ME,ME-VI
822401294,4,MAT,,,0,ME,ME-VI
822401294,5,FIL,,,0,ME,ME-VI
822401297,1,FTT,,,1,ME,ME-VI
822401297,2,DIA,,Millimeter,0,ME,ME-VI
822401297,3,LON,,Millimeter,0,ME,ME-VI
822401297,4,MAT,,,0,ME,ME-VI
822401297,5,FIL,,,0,ME,ME-VI
822401298,1,FTT,,,1,ME,ME-VI
822401298,2,DIA,,Millimeter,0,ME,ME-VI
822401298,3,LON,,Millimeter,0,ME,ME-VI
822401298,4,MAT,,,0,ME,ME-VI
822401298,5,FIL,,,0,ME,ME-VI
822401299,1,FTT,,,1,ME,ME-VI
822401299,2,DIA,,Millimeter,0,ME,ME-VI
822401299,3,LON,,Millimeter,0,ME,ME-VI
822401299,4,MAT,,,0,ME,ME-VI
822401299,5,FIL,,,0,ME,ME-VI
822401303,1,FTT,,,1,ME,ME-VI
822401303,2,DIA,,Millimeter,0,ME,ME-VI
822401303,3,LON,,Millimeter,0,ME,ME-VI
822401303,4,MAT,,,0,ME,ME-VI
822401303,5,FIL,,,0,ME,ME-VI
822401341,1,FTT,,,1,ME,ME-VI
822401341,2,DIA,,Millimeter,0,ME,ME-VI
822401341,3,LON,,Millimeter,0,ME,ME-VI
822401341,4,MAT,,,0,ME,ME-VI
822401341,5,FIL,,,0,ME,ME-VI
822401342,1,FTT,,,1,ME,ME-VI
822401342,2,DIA,,Millimeter,0,ME,ME-VI
822401342,3,LON,,Millimeter,0,ME,ME-VI
822401342,4,MAT,,,0,ME,ME-VI
822401342,5,FIL,,,0,ME,ME-VI
822401348,1,FTT,,,1,ME,ME-VI
822401348,2,DIA,,Millimeter,0,ME,ME-VI
822401348,3,LON,,Millimeter,0,ME,ME-VI
822401348,4,MAT,,,0,ME,ME-VI
822401348,5,FIL,,,0,ME,ME-VI
822401349,1,FTT,,,1,ME,ME-VI
822401349,2,DIA,,Millimeter,0,ME,ME-VI
822401349,3,LON,,Millimeter,0,ME,ME-VI
822401349,4,MAT,,,0,ME,ME-VI
822401349,5,FIL,,,0,ME,ME-VI
822401350,1,FTT,,,1,ME,ME-VI
822401350,2,DIA,,Millimeter,0,ME,ME-VI
822401350,3,LON,,Millimeter,0,ME,ME-VI
822401350,4,MAT,,,0,ME,ME-VI
822401350,5,FIL,,,0,ME,ME-VI
822401354,1,FTT,,,1,ME,ME-VI
822401354,2,DIA,,Millimeter,0,ME,ME-VI
822401354,3,LON,,Millimeter,0,ME,ME-VI
822401354,4,MAT,,,0,ME,ME-VI
822401354,5,FIL,,,0,ME,ME-VI
822401358,1,FTT,,,1,ME,ME-VI
822401358,2,DIA,,Millimeter,0,ME,ME-VI
822401358,3,LON,,Millimeter,0,ME,ME-VI
822401358,4,MAT,,,0,ME,ME-VI
822401358,5,FIL,,,0,ME,ME-VI
822402006,1,FTT,,,1,ME,ME-VI
822402006,2,DIA,,Millimeter,0,ME,ME-VI
822402006,3,LON,,Millimeter,0,ME,ME-VI
822402006,4,MAT,,,0,ME,ME-VI
822402006,5,FIL,,,0,ME,ME-VI
822403276,1,FTT,,,1,ME,ME-VI
822403276,2,DIA,,Millimeter,0,ME,ME-VI
822403276,3,LON,,Millimeter,0,ME,ME-VI
822403276,4,MAT,,,0,ME,ME-VI
822403276,5,FIL,,,0,ME,ME-VI
825801574,1,TYPE,,,0,ME,ME-JO
825801574,2,DIA,,Millimeter,1,ME,ME-JO
825801574,3,DIM,,Millimeter,0,ME,ME-JO
825801574,4,MAT,,,0,ME,ME-JO
825801574,5,USG,,,0,ME,ME-JO
825801584,1,FTT,,,1,ME,ME-VI
825801584,2,DIA,,Millimeter,0,ME,ME-VI
825801584,3,LON,,Millimeter,0,ME,ME-VI
825801584,4,MAT,,,0,ME,ME-VI
825801584,5,FIL,,,0,ME,ME-VI
825801585,1,FTT,,,1,ME,ME-VI
825801585,2,DIA,,Millimeter,0,ME,ME-VI
825801585,3,LON,,Millimeter,0,ME,ME-VI
825801585,4,MAT,,,0,ME,ME-VI
825801585,5,FIL,,,0,ME,ME-VI
825801586,1,FTT,,,1,ME,ME-VI
825801586,2,DIA,,Millimeter,0,ME,ME-VI
825801586,3,LON,,Millimeter,0,ME,ME-VI
825801586,4,MAT,,,0,ME,ME-VI
825801586,5,FIL,,,0,ME,ME-VI
826601011,1,TYPE,,,0,PN,PN-RA
826601011,2,DET,,Millimeter,1,PN,PN-RA
826601011,3,FIL,,,0,PN,PN-RA
826601011,4,MAT,,,0,PN,PN-RA
826601011,5,FRM,,,0,PN,PN-RA
826601012,1,TYPE,,,0,ME,ME-JO
826601012,2,DIA,,Millimeter,1,ME,ME-JO
826601012,3,DIM,,Millimeter,0,ME,ME-JO
826601012,4,MAT,,,0,ME,ME-JO
826601012,5,USG,,,0,ME,ME-JO
827305001,1,TYPE,,,0,PN,PN-CO
827305001,2,PMD,,,1,PN,PN-CO
827305001,3,CCU,,L,0,PN,PN-CO
827305001,4,PRE,,Bar,0,PN,PN-CO
827305001,5,FAB,,,0,PN,PN-CO
827305037,1,TYPE,,,0,ME,ME-JO
827305037,2,DIA,,Millimeter,1,ME,ME-JO
827305037,3,DIM,,Millimeter,0,ME,ME-JO
827305037,4,MAT,,,0,ME,ME-JO
827305037,5,USG,,,0,ME,ME-JO
827305050,1,TYPE,,,0,ME,ME-JO
827305050,2,DIA,,Millimeter,1,ME,ME-JO
827305050,3,DIM,,Millimeter,0,ME,ME-JO
827305050,4,MAT,,,0,ME,ME-JO
827305050,5,USG,,,0,ME,ME-JO
827407120,1,FTT,,,1,ME,ME-VI
827407120,2,DIA,,Millimeter,0,ME,ME-VI
827407120,3,LON,,Millimeter,0,ME,ME-VI
827407120,4,MAT,,,0,ME,ME-VI
827407120,5,FIL,,,0,ME,ME-VI
828836008,1,PRC,,,1,CS,CS-SC
828836008,2,DIA,,Millimeter,0,CS,CS-SC
828836008,3,NUA,,,0,CS,CS-SC
828836008,4,TYPE,,,0,CS,CS-SC
828836008,5,CND,,,0,CS,CS-SC
828836009,1,PRC,,,1,CS,CS-SC
828836009,2,DIA,,Millimeter,0,CS,CS-SC
828836009,3,NUA,,,0,CS,CS-SC
828836009,4,TYPE,,,0,CS,CS-SC
828836009,5,CND,,,0,CS,CS-SC
828904190,1,PRC,,,1,CS,CS-SC
828904190,2,DIA,,Millimeter,0,CS,CS-SC
828904190,3,NUA,,,0,CS,CS-SC
828904190,4,TYPE,,,0,CS,CS-SC
828904190,5,CND,,,0,CS,CS-SC
829042101,1,PRC,,,1,CS,CS-SC
829042101,2,DIA,,Millimeter,0,CS,CS-SC
829042101,3,NUA,,,0,CS,CS-SC
829042101,4,TYPE,,,0,CS,CS-SC
829042101,5,CND,,,0,CS,CS-SC
829042103,1,PRC,,,1,CS,CS-SC
829042103,2,DIA,,Millimeter,0,CS,CS-SC
829042103,3,NUA,,,0,CS,CS-SC
829042103,4,TYPE,,,0,CS,CS-SC
829042103,5,CND,,,0,CS,CS-SC
829082096,1,PRC,,,1,CS,CS-SC
829082096,2,DIA,,Millimeter,0,CS,CS-SC
829082096,3,NUA,,,0,CS,CS-SC
829082096,4,TYPE,,,0,CS,CS-SC
829082096,5,CND,,,0,CS,CS-SC
829217065,1,PRC,,,1,CS,CS-SC
829217065,2,DIA,,Millimeter,0,CS,CS-SC
829217065,3,NUA,,,0,CS,CS-SC
829217065,4,TYPE,,,0,CS,CS-SC
829217065,5,CND,,,0,CS,CS-SC
829260167,1,PRC,,,1,CS,CS-SC
829260167,2,DIA,,Millimeter,0,CS,CS-SC
829260167,3,NUA,,,0,CS,CS-SC
829260167,4,TYPE,,,0,CS,CS-SC
829260167,5,CND,,,0,CS,CS-SC
829260168,1,PRC,,,1,CS,CS-SC
829260168,2,DIA,,Millimeter,0,CS,CS-SC
829260168,3,NUA,,,0,CS,CS-SC
829260168,4,TYPE,,,0,CS,CS-SC
829260168,5,CND,,,0,CS,CS-SC
829260169,1,TYPE,,,0,ME,ME-RO
829260169,2,DIAI,,Millimeter,1,ME,ME-RO
829260169,3,SR,,,0,ME,ME-RO
829260169,4,DIAE,,Millimeter,0,ME,ME-RO
829260169,5,EPJ,,,0,ME,ME-RO
829260170,1,PRC,,,1,CS,CS-SC
829260170,2,DIA,,Millimeter,0,CS,CS-SC
829260170,3,NUA,,,0,CS,CS-SC
829260170,4,TYPE,,,0,CS,CS-SC
829260170,5,CND,,,0,CS,CS-SC
829260171,1,PRC,,,1,CS,CS-SC
829260171,2,DIA,,Millimeter,0,CS,CS-SC
829260171,3,NUA,,,0,CS,CS-SC
829260171,4,TYPE,,,0,CS,CS-SC
829260171,5,CND,,,0,CS,CS-SC
829260173,1,PRC,,,1,CS,CS-SC
829260173,2,DIA,,Millimeter,0,CS,CS-SC
829260173,3,NUA,,,0,CS,CS-SC
829260173,4,TYPE,,,0,CS,CS-SC
829260173,5,CND,,,0,CS,CS-SC
829260174,1,PRC,,,1,CS,CS-SC
829260174,2,DIA,,Millimeter,0,CS,CS-SC
829260174,3,NUA,,,0,CS,CS-SC
829260174,4,TYPE,,,0,CS,CS-SC
829260174,5,CND,,,0,CS,CS-SC
829260175,1,PRC,,,1,CS,CS-SC
829260175,2,DIA,,Millimeter,0,CS,CS-SC
829260175,3,NUA,,,0,CS,CS-SC
829260175,4,TYPE,,,0,CS,CS-SC
829260175,5,CND,,,0,CS,CS-SC
829260178,1,PRC,,,1,CS,CS-SC
829260178,2,DIA,,Millimeter,0,CS,CS-SC
829260178,3,NUA,,,0,CS,CS-SC
829260178,4,TYPE,,,0,CS,CS-SC
829260178,5,CND,,,0,CS,CS-SC
829260180,1,TYPE,,,0,ME,ME-RO
829260180,2,DIAI,,Millimeter,1,ME,ME-RO
829260180,3,SR,,,0,ME,ME-RO
829260180,4,DIAE,,Millimeter,0,ME,ME-RO
829260180,5,EPJ,,,0,ME,ME-RO
830347018,1,TYPE,,,0,ME,ME-JO
830347018,2,DIA,,Millimeter,1,ME,ME-JO
830347018,3,DIM,,Millimeter,0,ME,ME-JO
830347018,4,MAT,,,0,ME,ME-JO
830347018,5,USG,,,0,ME,ME-JO
830347025,1,TYPE,,,0,ME,ME-JO
830347025,2,DIA,,Millimeter,1,ME,ME-JO
830347025,3,DIM,,Millimeter,0,ME,ME-JO
830347025,4,MAT,,,0,ME,ME-JO
830347025,5,USG,,,0,ME,ME-JO
830347026,1,TYPE,,,0,ME,ME-JO
830347026,2,DIA,,Millimeter,1,ME,ME-JO
830347026,3,DIM,,Millimeter,0,ME,ME-JO
830347026,4,MAT,,,0,ME,ME-JO
830347026,5,USG,,,0,ME,ME-JO
830347027,1,TYPE,,,0,ME,ME-JO
830347027,2,DIA,,Millimeter,1,ME,ME-JO
830347027,3,DIM,,Millimeter,0,ME,ME-JO
830347027,4,MAT,,,0,ME,ME-JO
830347027,5,USG,,,0,ME,ME-JO
830347028,1,TYPE,,,0,ME,ME-JO
830347028,2,DIA,,Millimeter,1,ME,ME-JO
830347028,3,DIM,,Millimeter,0,ME,ME-JO
830347028,4,MAT,,,0,ME,ME-JO
830347028,5,USG,,,0,ME,ME-JO
830347036,1,TYPE,,,0,ME,ME-JO
830347036,2,DIA,,Millimeter,1,ME,ME-JO
830347036,3,DIM,,Millimeter,0,ME,ME-JO
830347036,4,MAT,,,0,ME,ME-JO
830347036,5,USG,,,0,ME,ME-JO
830347037,1,TYPE,,,0,ME,ME-JO
830347037,2,DIA,,Millimeter,1,ME,ME-JO
830347037,3,DIM,,Millimeter,0,ME,ME-JO
830347037,4,MAT,,,0,ME,ME-JO
830347037,5,USG,,,0,ME,ME-JO
830349015,1,TYPE,,,0,ME,ME-JO
830349015,2,DIA,,Millimeter,1,ME,ME-JO
830349015,3,DIM,,Millimeter,0,ME,ME-JO
830349015,4,MAT,,,0,ME,ME-JO
830349015,5,USG,,,0,ME,ME-JO
830546039,1,TYPE,,,0,ME,ME-JO
830546039,2,DIA,,Millimeter,1,ME,ME-JO
830546039,3,DIM,,Millimeter,0,ME,ME-JO
830546039,4,MAT,,,0,ME,ME-JO
830546039,5,USG,,,0,ME,ME-JO
830546040,1,TYPE,,,0,ME,ME-JO
830546040,2,DIA,,Millimeter,1,ME,ME-JO
830546040,3,DIM,,Millimeter,0,ME,ME-JO
830546040,4,MAT,,,0,ME,ME-JO
830546040,5,USG,,,0,ME,ME-JO
833401026,1,TYPE,,,0,ME,ME-JO
833401026,2,DIA,,Millimeter,1,ME,ME-JO
833401026,3,DIM,,Millimeter,0,ME,ME-JO
833401026,4,MAT,,,0,ME,ME-JO
833401026,5,USG,,,0,ME,ME-JO
833401033,1,TYPE,,,0,ME,ME-JO
833401033,2,DIA,,Millimeter,1,ME,ME-JO
833401033,3,DIM,,Millimeter,0,ME,ME-JO
833401033,4,MAT,,,0,ME,ME-JO
833401033,5,USG,,,0,ME,ME-JO
833401035,1,TYPE,,,0,ME,ME-JO
833401035,2,DIA,,Millimeter,1,ME,ME-JO
833401035,3,DIM,,Millimeter,0,ME,ME-JO
833401035,4,MAT,,,0,ME,ME-JO
833401035,5,USG,,,0,ME,ME-JO
833401036,1,TYPE,,,0,ME,ME-JO
833401036,2,DIA,,Millimeter,1,ME,ME-JO
833401036,3,DIM,,Millimeter,0,ME,ME-JO
833401036,4,MAT,,,0,ME,ME-JO
833401036,5,USG,,,0,ME,ME-JO
833401037,1,TYPE,,,0,ME,ME-JO
833401037,2,DIA,,Millimeter,1,ME,ME-JO
833401037,3,DIM,,Millimeter,0,ME,ME-JO
833401037,4,MAT,,,0,ME,ME-JO
833401037,5,USG,,,0,ME,ME-JO
833401042,1,TYPE,,,0,ME,ME-JO
833401042,2,DIA,,Millimeter,1,ME,ME-JO
833401042,3,DIM,,Millimeter,0,ME,ME-JO
833401042,4,MAT,,,0,ME,ME-JO
833401042,5,USG,,,0,ME,ME-JO
833401054,1,TYPE,,,0,ME,ME-JO
833401054,2,DIA,,Millimeter,1,ME,ME-JO
833401054,3,DIM,,Millimeter,0,ME,ME-JO
833401054,4,MAT,,,0,ME,ME-JO
833401054,5,USG,,,0,ME,ME-JO
833401058,1,TYPE,,,0,ME,ME-JO
833401058,2,DIA,,Millimeter,1,ME,ME-JO
833401058,3,DIM,,Millimeter,0,ME,ME-JO
833401058,4,MAT,,,0,ME,ME-JO
833401058,5,USG,,,0,ME,ME-JO
833401376,1,TYPE,,,0,ME,ME-JO
833401376,2,DIA,,Millimeter,1,ME,ME-JO
833401376,3,DIM,,Millimeter,0,ME,ME-JO
833401376,4,MAT,,,0,ME,ME-JO
833401376,5,USG,,,0,ME,ME-JO
833401842,1,TYPE,,,0,ME,ME-JO
833401842,2,DIA,,Millimeter,1,ME,ME-JO
833401842,3,DIM,,Millimeter,0,ME,ME-JO
833401842,4,MAT,,,0,ME,ME-JO
833401842,5,USG,,,0,ME,ME-JO
833402012,1,TYPE,,,0,ME,ME-JO
833402012,2,DIA,,Millimeter,1,ME,ME-JO
833402012,3,DIM,,Millimeter,0,ME,ME-JO
833402012,4,MAT,,,0,ME,ME-JO
833402012,5,USG,,,0,ME,ME-JO
833402019,1,TYPE,,,0,ME,ME-JO
833402019,2,DIA,,Millimeter,1,ME,ME-JO
833402019,3,DIM,,Millimeter,0,ME,ME-JO
833402019,4,MAT,,,0,ME,ME-JO
833402019,5,USG,,,0,ME,ME-JO
833402029,1,TYPE,,,0,ME,ME-JO
833402029,2,DIA,,Millimeter,1,ME,ME-JO
833402029,3,DIM,,Millimeter,0,ME,ME-JO
833402029,4,MAT,,,0,ME,ME-JO
833402029,5,USG,,,0,ME,ME-JO
833402030,1,TYPE,,,0,ME,ME-JO
833402030,2,DIA,,Millimeter,1,ME,ME-JO
833402030,3,DIM,,Millimeter,0,ME,ME-JO
833402030,4,MAT,,,0,ME,ME-JO
833402030,5,USG,,,0,ME,ME-JO
833612446,1,TYPE,,,0,HY,HY-PO
833612446,2,DEB,,,1,HY,HY-PO
833612446,3,CYL,,,0,HY,HY-PO
833612446,4,PRE,,Bar,0,HY,HY-PO
833612446,5,LIQ,,,0,HY,HY-PO
837223071,1,TYPE,,,0,ME,ME-JO
837223071,2,DIA,,Millimeter,1,ME,ME-JO
837223071,3,DIM,,Millimeter,0,ME,ME-JO
837223071,4,MAT,,,0,ME,ME-JO
837223071,5,USG,,,0,ME,ME-JO
837223072,1,TYPE,,,0,ME,ME-JO
837223072,2,DIA,,Millimeter,1,ME,ME-JO
837223072,3,DIM,,Millimeter,0,ME,ME-JO
837223072,4,MAT,,,0,ME,ME-JO
837223072,5,USG,,,0,ME,ME-JO
837231002,1,TYPE,,,0,ME,ME-JO
837231002,2,DIA,,Millimeter,1,ME,ME-JO
837231002,3,DIM,,Millimeter,0,ME,ME-JO
837231002,4,MAT,,,0,ME,ME-JO
837231002,5,USG,,,0,ME,ME-JO
837231003,1,TYPE,,,0,ME,ME-JO
837231003,2,DIA,,Millimeter,1,ME,ME-JO
837231003,3,DIM,,Millimeter,0,ME,ME-JO
837231003,4,MAT,,,0,ME,ME-JO
837231003,5,USG,,,0,ME,ME-JO
837231006,1,TYPE,,,0,ME,ME-JO
837231006,2,DIA,,Millimeter,1,ME,ME-JO
837231006,3,DIM,,Millimeter,0,ME,ME-JO
837231006,4,MAT,,,0,ME,ME-JO
837231006,5,USG,,,0,ME,ME-JO
837231007,1,TYPE,,,0,ME,ME-JO
837231007,2,DIA,,Millimeter,1,ME,ME-JO
837231007,3,DIM,,Millimeter,0,ME,ME-JO
837231007,4,MAT,,,0,ME,ME-JO
837231007,5,USG,,,0,ME,ME-JO
837231010,1,TYPE,,,0,ME,ME-JO
837231010,2,DIA,,Millimeter,1,ME,ME-JO
837231010,3,DIM,,Millimeter,0,ME,ME-JO
837231010,4,MAT,,,0,ME,ME-JO
837231010,5,USG,,,0,ME,ME-JO
837231012,1,TYPE,,,0,ME,ME-JO
837231012,2,DIA,,Millimeter,1,ME,ME-JO
837231012,3,DIM,,Millimeter,0,ME,ME-JO
837231012,4,MAT,,,0,ME,ME-JO
837231012,5,USG,,,0,ME,ME-JO
837231013,1,TYPE,,,0,ME,ME-JO
837231013,2,DIA,,Millimeter,1,ME,ME-JO
837231013,3,DIM,,Millimeter,0,ME,ME-JO
837231013,4,MAT,,,0,ME,ME-JO
837231013,5,USG,,,0,ME,ME-JO
837231014,1,TYPE,,,0,ME,ME-JO
837231014,2,DIA,,Millimeter,1,ME,ME-JO
837231014,3,DIM,,Millimeter,0,ME,ME-JO
837231014,4,MAT,,,0,ME,ME-JO
837231014,5,USG,,,0,ME,ME-JO
837231015,1,TYPE,,,0,ME,ME-JO
837231015,2,DIA,,Millimeter,1,ME,ME-JO
837231015,3,DIM,,Millimeter,0,ME,ME-JO
837231015,4,MAT,,,0,ME,ME-JO
837231015,5,USG,,,0,ME,ME-JO
837231016,1,TYPE,,,0,ME,ME-JO
837231016,2,DIA,,Millimeter,1,ME,ME-JO
837231016,3,DIM,,Millimeter,0,ME,ME-JO
837231016,4,MAT,,,0,ME,ME-JO
837231016,5,USG,,,0,ME,ME-JO
837231017,1,TYPE,,,0,ME,ME-JO
837231017,2,DIA,,Millimeter,1,ME,ME-JO
837231017,3,DIM,,Millimeter,0,ME,ME-JO
837231017,4,MAT,,,0,ME,ME-JO
837231017,5,USG,,,0,ME,ME-JO
837231018,1,TYPE,,,0,ME,ME-JO
837231018,2,DIA,,Millimeter,1,ME,ME-JO
837231018,3,DIM,,Millimeter,0,ME,ME-JO
837231018,4,MAT,,,0,ME,ME-JO
837231018,5,USG,,,0,ME,ME-JO
837231020,1,TYPE,,,0,ME,ME-JO
837231020,2,DIA,,Millimeter,1,ME,ME-JO
837231020,3,DIM,,Millimeter,0,ME,ME-JO
837231020,4,MAT,,,0,ME,ME-JO
837231020,5,USG,,,0,ME,ME-JO
837231021,1,TYPE,,,0,ME,ME-JO
837231021,2,DIA,,Millimeter,1,ME,ME-JO
837231021,3,DIM,,Millimeter,0,ME,ME-JO
837231021,4,MAT,,,0,ME,ME-JO
837231021,5,USG,,,0,ME,ME-JO
837231023,1,TYPE,,,0,ME,ME-JO
837231023,2,DIA,,Millimeter,1,ME,ME-JO
837231023,3,DIM,,Millimeter,0,ME,ME-JO
837231023,4,MAT,,,0,ME,ME-JO
837231023,5,USG,,,0,ME,ME-JO
837231024,1,TYPE,,,0,ME,ME-JO
837231024,2,DIA,,Millimeter,1,ME,ME-JO
837231024,3,DIM,,Millimeter,0,ME,ME-JO
837231024,4,MAT,,,0,ME,ME-JO
837231024,5,USG,,,0,ME,ME-JO
837231026,1,TYPE,,,0,ME,ME-JO
837231026,2,DIA,,Millimeter,1,ME,ME-JO
837231026,3,DIM,,Millimeter,0,ME,ME-JO
837231026,4,MAT,,,0,ME,ME-JO
837231026,5,USG,,,0,ME,ME-JO
837231027,1,TYPE,,,0,ME,ME-JO
837231027,2,DIA,,Millimeter,1,ME,ME-JO
837231027,3,DIM,,Millimeter,0,ME,ME-JO
837231027,4,MAT,,,0,ME,ME-JO
837231027,5,USG,,,0,ME,ME-JO
837231029,1,TYPE,,,0,ME,ME-JO
837231029,2,DIA,,Millimeter,1,ME,ME-JO
837231029,3,DIM,,Millimeter,0,ME,ME-JO
837231029,4,MAT,,,0,ME,ME-JO
837231029,5,USG,,,0,ME,ME-JO
837231030,1,TYPE,,,0,ME,ME-JO
837231030,2,DIA,,Millimeter,1,ME,ME-JO
837231030,3,DIM,,Millimeter,0,ME,ME-JO
837231030,4,MAT,,,0,ME,ME-JO
837231030,5,USG,,,0,ME,ME-JO
837231031,1,TYPE,,,0,ME,ME-JO
837231031,2,DIA,,Millimeter,1,ME,ME-JO
837231031,3,DIM,,Millimeter,0,ME,ME-JO
837231031,4,MAT,,,0,ME,ME-JO
837231031,5,USG,,,0,ME,ME-JO
837231033,1,TYPE,,,0,ME,ME-JO
837231033,2,DIA,,Millimeter,1,ME,ME-JO
837231033,3,DIM,,Millimeter,0,ME,ME-JO
837231033,4,MAT,,,0,ME,ME-JO
837231033,5,USG,,,0,ME,ME-JO
837231034,1,TYPE,,,0,ME,ME-JO
837231034,2,DIA,,Millimeter,1,ME,ME-JO
837231034,3,DIM,,Millimeter,0,ME,ME-JO
837231034,4,MAT,,,0,ME,ME-JO
837231034,5,USG,,,0,ME,ME-JO
837231039,1,TYPE,,,0,ME,ME-JO
837231039,2,DIA,,Millimeter,1,ME,ME-JO
837231039,3,DIM,,Millimeter,0,ME,ME-JO
837231039,4,MAT,,,0,ME,ME-JO
837231039,5,USG,,,0,ME,ME-JO
837231040,1,TYPE,,,0,ME,ME-JO
837231040,2,DIA,,Millimeter,1,ME,ME-JO
837231040,3,DIM,,Millimeter,0,ME,ME-JO
837231040,4,MAT,,,0,ME,ME-JO
837231040,5,USG,,,0,ME,ME-JO
837231042,1,TYPE,,,0,ME,ME-JO
837231042,2,DIA,,Millimeter,1,ME,ME-JO
837231042,3,DIM,,Millimeter,0,ME,ME-JO
837231042,4,MAT,,,0,ME,ME-JO
837231042,5,USG,,,0,ME,ME-JO
837231047,1,TYPE,,,0,ME,ME-JO
837231047,2,DIA,,Millimeter,1,ME,ME-JO
837231047,3,DIM,,Millimeter,0,ME,ME-JO
837231047,4,MAT,,,0,ME,ME-JO
837231047,5,USG,,,0,ME,ME-JO
837231048,1,TYPE,,,0,ME,ME-JO
837231048,2,DIA,,Millimeter,1,ME,ME-JO
837231048,3,DIM,,Millimeter,0,ME,ME-JO
837231048,4,MAT,,,0,ME,ME-JO
837231048,5,USG,,,0,ME,ME-JO
837231051,1,TYPE,,,0,ME,ME-JO
837231051,2,DIA,,Millimeter,1,ME,ME-JO
837231051,3,DIM,,Millimeter,0,ME,ME-JO
837231051,4,MAT,,,0,ME,ME-JO
837231051,5,USG,,,0,ME,ME-JO
837231053,1,TYPE,,,0,ME,ME-JO
837231053,2,DIA,,Millimeter,1,ME,ME-JO
837231053,3,DIM,,Millimeter,0,ME,ME-JO
837231053,4,MAT,,,0,ME,ME-JO
837231053,5,USG,,,0,ME,ME-JO
837231055,1,TYPE,,,0,ME,ME-JO
837231055,2,DIA,,Millimeter,1,ME,ME-JO
837231055,3,DIM,,Millimeter,0,ME,ME-JO
837231055,4,MAT,,,0,ME,ME-JO
837231055,5,USG,,,0,ME,ME-JO
837231056,1,TYPE,,,0,ME,ME-JO
837231056,2,DIA,,Millimeter,1,ME,ME-JO
837231056,3,DIM,,Millimeter,0,ME,ME-JO
837231056,4,MAT,,,0,ME,ME-JO
837231056,5,USG,,,0,ME,ME-JO
837231058,1,TYPE,,,0,ME,ME-JO
837231058,2,DIA,,Millimeter,1,ME,ME-JO
837231058,3,DIM,,Millimeter,0,ME,ME-JO
837231058,4,MAT,,,0,ME,ME-JO
837231058,5,USG,,,0,ME,ME-JO
837231059,1,TYPE,,,0,ME,ME-JO
837231059,2,DIA,,Millimeter,1,ME,ME-JO
837231059,3,DIM,,Millimeter,0,ME,ME-JO
837231059,4,MAT,,,0,ME,ME-JO
837231059,5,USG,,,0,ME,ME-JO
837231060,1,TYPE,,,0,ME,ME-JO
837231060,2,DIA,,Millimeter,1,ME,ME-JO
837231060,3,DIM,,Millimeter,0,ME,ME-JO
837231060,4,MAT,,,0,ME,ME-JO
837231060,5,USG,,,0,ME,ME-JO
837231061,1,TYPE,,,0,ME,ME-JO
837231061,2,DIA,,Millimeter,1,ME,ME-JO
837231061,3,DIM,,Millimeter,0,ME,ME-JO
837231061,4,MAT,,,0,ME,ME-JO
837231061,5,USG,,,0,ME,ME-JO
837231063,1,TYPE,,,0,ME,ME-JO
837231063,2,DIA,,Millimeter,1,ME,ME-JO
837231063,3,DIM,,Millimeter,0,ME,ME-JO
837231063,4,MAT,,,0,ME,ME-JO
837231063,5,USG,,,0,ME,ME-JO
837231066,1,TYPE,,,0,ME,ME-JO
837231066,2,DIA,,Millimeter,1,ME,ME-JO
837231066,3,DIM,,Millimeter,0,ME,ME-JO
837231066,4,MAT,,,0,ME,ME-JO
837231066,5,USG,,,0,ME,ME-JO
837231068,1,TYPE,,,0,ME,ME-JO
837231068,2,DIA,,Millimeter,1,ME,ME-JO
837231068,3,DIM,,Millimeter,0,ME,ME-JO
837231068,4,MAT,,,0,ME,ME-JO
837231068,5,USG,,,0,ME,ME-JO
837231071,1,TYPE,,,0,ME,ME-JO
837231071,2,DIA,,Millimeter,1,ME,ME-JO
837231071,3,DIM,,Millimeter,0,ME,ME-JO
837231071,4,MAT,,,0,ME,ME-JO
837231071,5,USG,,,0,ME,ME-JO
837231072,1,TYPE,,,0,ME,ME-JO
837231072,2,DIA,,Millimeter,1,ME,ME-JO
837231072,3,DIM,,Millimeter,0,ME,ME-JO
837231072,4,MAT,,,0,ME,ME-JO
837231072,5,USG,,,0,ME,ME-JO
837231073,1,TYPE,,,0,ME,ME-JO
837231073,2,DIA,,Millimeter,1,ME,ME-JO
837231073,3,DIM,,Millimeter,0,ME,ME-JO
837231073,4,MAT,,,0,ME,ME-JO
837231073,5,USG,,,0,ME,ME-JO
837231075,1,TYPE,,,0,ME,ME-JO
837231075,2,DIA,,Millimeter,1,ME,ME-JO
837231075,3,DIM,,Millimeter,0,ME,ME-JO
837231075,4,MAT,,,0,ME,ME-JO
837231075,5,USG,,,0,ME,ME-JO
837231076,1,TYPE,,,0,ME,ME-JO
837231076,2,DIA,,Millimeter,1,ME,ME-JO
837231076,3,DIM,,Millimeter,0,ME,ME-JO
837231076,4,MAT,,,0,ME,ME-JO
837231076,5,USG,,,0,ME,ME-JO
837231077,1,TYPE,,,0,ME,ME-JO
837231077,2,DIA,,Millimeter,1,ME,ME-JO
837231077,3,DIM,,Millimeter,0,ME,ME-JO
837231077,4,MAT,,,0,ME,ME-JO
837231077,5,USG,,,0,ME,ME-JO
837231079,1,TYPE,,,0,ME,ME-JO
837231079,2,DIA,,Millimeter,1,ME,ME-JO
837231079,3,DIM,,Millimeter,0,ME,ME-JO
837231079,4,MAT,,,0,ME,ME-JO
837231079,5,USG,,,0,ME,ME-JO
837231080,1,TYPE,,,0,ME,ME-JO
837231080,2,DIA,,Millimeter,1,ME,ME-JO
837231080,3,DIM,,Millimeter,0,ME,ME-JO
837231080,4,MAT,,,0,ME,ME-JO
837231080,5,USG,,,0,ME,ME-JO
837231082,1,TYPE,,,0,ME,ME-JO
837231082,2,DIA,,Millimeter,1,ME,ME-JO
837231082,3,DIM,,Millimeter,0,ME,ME-JO
837231082,4,MAT,,,0,ME,ME-JO
837231082,5,USG,,,0,ME,ME-JO
837231083,1,TYPE,,,0,ME,ME-RO
837231083,2,DIAI,,Millimeter,1,ME,ME-RO
837231083,3,SR,,,0,ME,ME-RO
837231083,4,DIAE,,Millimeter,0,ME,ME-RO
837231083,5,EPJ,,,0,ME,ME-RO
837231085,1,TYPE,,,0,ME,ME-RO
837231085,2,DIAI,,Millimeter,1,ME,ME-RO
837231085,3,SR,,,0,ME,ME-RO
837231085,4,DIAE,,Millimeter,0,ME,ME-RO
837231085,5,EPJ,,,0,ME,ME-RO
837231086,1,TYPE,,,0,ME,ME-JO
837231086,2,DIA,,Millimeter,1,ME,ME-JO
837231086,3,DIM,,Millimeter,0,ME,ME-JO
837231086,4,MAT,,,0,ME,ME-JO
837231086,5,USG,,,0,ME,ME-JO
837231088,1,TYPE,,,0,HY,HY-PO
837231088,2,DEB,,,1,HY,HY-PO
837231088,3,CYL,,,0,HY,HY-PO
837231088,4,PRE,,Bar,0,HY,HY-PO
837231088,5,LIQ,,,0,HY,HY-PO
837231089,1,TYPE,,,0,ME,ME-JO
837231089,2,DIA,,Millimeter,1,ME,ME-JO
837231089,3,DIM,,Millimeter,0,ME,ME-JO
837231089,4,MAT,,,0,ME,ME-JO
837231089,5,USG,,,0,ME,ME-JO
837231093,1,TYPE,,,0,ME,ME-JO
837231093,2,DIA,,Millimeter,1,ME,ME-JO
837231093,3,DIM,,Millimeter,0,ME,ME-JO
837231093,4,MAT,,,0,ME,ME-JO
837231093,5,USG,,,0,ME,ME-JO
837231094,1,TYPE,,,0,ME,ME-JO
837231094,2,DIA,,Millimeter,1,ME,ME-JO
837231094,3,DIM,,Millimeter,0,ME,ME-JO
837231094,4,MAT,,,0,ME,ME-JO
837231094,5,USG,,,0,ME,ME-JO
837231095,1,TYPE,,,0,ME,ME-JO
837231095,2,DIA,,Millimeter,1,ME,ME-JO
837231095,3,DIM,,Millimeter,0,ME,ME-JO
837231095,4,MAT,,,0,ME,ME-JO
837231095,5,USG,,,0,ME,ME-JO
837231096,1,TYPE,,,0,ME,ME-JO
837231096,2,DIA,,Millimeter,1,ME,ME-JO
837231096,3,DIM,,Millimeter,0,ME,ME-JO
837231096,4,MAT,,,0,ME,ME-JO
837231096,5,USG,,,0,ME,ME-JO
837231097,1,TYPE,,,0,ME,ME-JO
837231097,2,DIA,,Millimeter,1,ME,ME-JO
837231097,3,DIM,,Millimeter,0,ME,ME-JO
837231097,4,MAT,,,0,ME,ME-JO
837231097,5,USG,,,0,ME,ME-JO
837231099,1,TYPE,,,0,ME,ME-JO
837231099,2,DIA,,Millimeter,1,ME,ME-JO
837231099,3,DIM,,Millimeter,0,ME,ME-JO
837231099,4,MAT,,,0,ME,ME-JO
837231099,5,USG,,,0,ME,ME-JO
837231101,1,TYPE,,,0,ME,ME-JO
837231101,2,DIA,,Millimeter,1,ME,ME-JO
837231101,3,DIM,,Millimeter,0,ME,ME-JO
837231101,4,MAT,,,0,ME,ME-JO
837231101,5,USG,,,0,ME,ME-JO
837231102,1,TYPE,,,0,ME,ME-JO
837231102,2,DIA,,Millimeter,1,ME,ME-JO
837231102,3,DIM,,Millimeter,0,ME,ME-JO
837231102,4,MAT,,,0,ME,ME-JO
837231102,5,USG,,,0,ME,ME-JO
837231103,1,TYPE,,,0,ME,ME-JO
837231103,2,DIA,,Millimeter,1,ME,ME-JO
837231103,3,DIM,,Millimeter,0,ME,ME-JO
837231103,4,MAT,,,0,ME,ME-JO
837231103,5,USG,,,0,ME,ME-JO
837231104,1,TYPE,,,0,ME,ME-JO
837231104,2,DIA,,Millimeter,1,ME,ME-JO
837231104,3,DIM,,Millimeter,0,ME,ME-JO
837231104,4,MAT,,,0,ME,ME-JO
837231104,5,USG,,,0,ME,ME-JO
837231143,1,TYPE,,,0,ME,ME-JO
837231143,2,DIA,,Millimeter,1,ME,ME-JO
837231143,3,DIM,,Millimeter,0,ME,ME-JO
837231143,4,MAT,,,0,ME,ME-JO
837231143,5,USG,,,0,ME,ME-JO
837231250,1,TYPE,,,0,ME,ME-JO
837231250,2,DIA,,Millimeter,1,ME,ME-JO
837231250,3,DIM,,Millimeter,0,ME,ME-JO
837231250,4,MAT,,,0,ME,ME-JO
837231250,5,USG,,,0,ME,ME-JO
837231252,1,TYPE,,,0,ME,ME-JO
837231252,2,DIA,,Millimeter,1,ME,ME-JO
837231252,3,DIM,,Millimeter,0,ME,ME-JO
837231252,4,MAT,,,0,ME,ME-JO
837231252,5,USG,,,0,ME,ME-JO
837231253,1,TYPE,,,0,ME,ME-JO
837231253,2,DIA,,Millimeter,1,ME,ME-JO
837231253,3,DIM,,Millimeter,0,ME,ME-JO
837231253,4,MAT,,,0,ME,ME-JO
837231253,5,USG,,,0,ME,ME-JO
837231254,1,TYPE,,,0,ME,ME-JO
837231254,2,DIA,,Millimeter,1,ME,ME-JO
837231254,3,DIM,,Millimeter,0,ME,ME-JO
837231254,4,MAT,,,0,ME,ME-JO
837231254,5,USG,,,0,ME,ME-JO
837231255,1,TYPE,,,0,ME,ME-JO
837231255,2,DIA,,Millimeter,1,ME,ME-JO
837231255,3,DIM,,Millimeter,0,ME,ME-JO
837231255,4,MAT,,,0,ME,ME-JO
837231255,5,USG,,,0,ME,ME-JO
837231256,1,TYPE,,,0,ME,ME-JO
837231256,2,DIA,,Millimeter,1,ME,ME-JO
837231256,3,DIM,,Millimeter,0,ME,ME-JO
837231256,4,MAT,,,0,ME,ME-JO
837231256,5,USG,,,0,ME,ME-JO
837231257,1,TYPE,,,0,ME,ME-JO
837231257,2,DIA,,Millimeter,1,ME,ME-JO
837231257,3,DIM,,Millimeter,0,ME,ME-JO
837231257,4,MAT,,,0,ME,ME-JO
837231257,5,USG,,,0,ME,ME-JO
837231258,1,TYPE,,,0,ME,ME-JO
837231258,2,DIA,,Millimeter,1,ME,ME-JO
837231258,3,DIM,,Millimeter,0,ME,ME-JO
837231258,4,MAT,,,0,ME,ME-JO
837231258,5,USG,,,0,ME,ME-JO
837231259,1,TYPE,,,0,ME,ME-JO
837231259,2,DIA,,Millimeter,1,ME,ME-JO
837231259,3,DIM,,Millimeter,0,ME,ME-JO
837231259,4,MAT,,,0,ME,ME-JO
837231259,5,USG,,,0,ME,ME-JO
837231260,1,TYPE,,,0,ME,ME-JO
837231260,2,DIA,,Millimeter,1,ME,ME-JO
837231260,3,DIM,,Millimeter,0,ME,ME-JO
837231260,4,MAT,,,0,ME,ME-JO
837231260,5,USG,,,0,ME,ME-JO
837231261,1,TYPE,,,0,ME,ME-JO
837231261,2,DIA,,Millimeter,1,ME,ME-JO
837231261,3,DIM,,Millimeter,0,ME,ME-JO
837231261,4,MAT,,,0,ME,ME-JO
837231261,5,USG,,,0,ME,ME-JO
838904189,1,PRC,,,1,CS,CS-SC
838904189,2,DIA,,Millimeter,0,CS,CS-SC
838904189,3,NUA,,,0,CS,CS-SC
838904189,4,TYPE,,,0,CS,CS-SC
838904189,5,CND,,,0,CS,CS-SC
839805134,1,TYPE,,,1,CS,CS-GC
839805134,2,GRA,,,0,CS,CS-GC
839805134,3,CND,,,0,CS,CS-GC
839805134,4,APP,,,0,CS,CS-GC
839805134,5,FAB,,,0,CS,CS-GC
839805161,1,TYPE,,,0,HY,HY-FL
839805161,2,DN,,,1,HY,HY-FL
839805161,3,LON,,Millimeter,0,HY,HY-FL
839805161,4,EMB,,,0,HY,HY-FL
839805161,5,PRE,,Bar,0,HY,HY-FL
839805180,1,TYPE,,,0,HY,HY-FL
839805180,2,DN,,,1,HY,HY-FL
839805180,3,LON,,Millimeter,0,HY,HY-FL
839805180,4,EMB,,,0,HY,HY-FL
839805180,5,PRE,,Bar,0,HY,HY-FL
846149014,1,TDC,,,0,EL,EL-MO
846149014,2,PUI,,Kilowatt,1,EL,EL-MO
846149014,3,VIT,,,0,EL,EL-MO
846149014,4,FIX,,,0,EL,EL-MO
846149014,5,TEN,,,0,EL,EL-MO
846149015,1,TDC,,,0,EL,EL-MO
846149015,2,PUI,,Kilowatt,1,EL,EL-MO
846149015,3,VIT,,,0,EL,EL-MO
846149015,4,FIX,,,0,EL,EL-MO
846149015,5,TEN,,,0,EL,EL-MO
846149016,1,TCP,,,0,EE,EE-CP
846149016,2,SIG,,,1,EE,EE-CP
846149016,3,RAC,,,0,EE,EE-CP
846149016,4,ALIM,,,0,EE,EE-CP
846149016,5,PLG,,,0,EE,EE-CP
846149017,1,TYPE,,,0,ME,ME-EN
846149017,2,NDR,,,1,ME,ME-EN
846149017,3,MODU,,,0,ME,ME-EN
846149017,4,DIM,,Millimeter,0,ME,ME-EN
846149017,5,MAT,,,0,ME,ME-EN
846149020,1,TYPE,,,0,ME,ME-RO
846149020,2,DIAI,,Millimeter,1,ME,ME-RO
846149020,3,SR,,,0,ME,ME-RO
846149020,4,DIAE,,Millimeter,0,ME,ME-RO
846149020,5,EPJ,,,0,ME,ME-RO
850215183,1,PRC,,,1,CS,CS-SC
850215183,2,DIA,,Millimeter,0,CS,CS-SC
850215183,3,NUA,,,0,CS,CS-SC
850215183,4,TYPE,,,0,CS,CS-SC
850215183,5,CND,,,0,CS,CS-SC
850215190,1,FTT,,,1,ME,ME-VI
850215190,2,DIA,,Millimeter,0,ME,ME-VI
850215190,3,LON,,Millimeter,0,ME,ME-VI
850215190,4,MAT,,,0,ME,ME-VI
850215190,5,FIL,,,0,ME,ME-VI
850215192,1,PRC,,,1,CS,CS-SC
850215192,2,DIA,,Millimeter,0,CS,CS-SC
850215192,3,NUA,,,0,CS,CS-SC
850215192,4,TYPE,,,0,CS,CS-SC
850215192,5,CND,,,0,CS,CS-SC
850215193,1,TYPE,,,0,HY,HY-RA
850215193,2,DTF,,,1,HY,HY-RA
850215193,3,MAT,,,0,HY,HY-RA
850215193,4,FRM,,,0,HY,HY-RA
850215193,5,PRE,,Bar,0,HY,HY-RA
851201020,1,TYPE,,,1,CS,CS-MS
851201020,2,CAP,,,0,CS,CS-MS
851201020,3,CLS,,,0,CS,CS-MS
851201020,4,DIM,,Millimeter,0,CS,CS-MS
851201020,5,NOR,,,0,CS,CS-MS
851201065,1,TYPE,,,1,CS,CS-MS
851201065,2,CAP,,,0,CS,CS-MS
851201065,3,CLS,,,0,CS,CS-MS
851201065,4,DIM,,Millimeter,0,CS,CS-MS
851201065,5,NOR,,,0,CS,CS-MS
851201066,1,TYPE,,,1,CS,CS-MS
851201066,2,CAP,,,0,CS,CS-MS
851201066,3,CLS,,,0,CS,CS-MS
851201066,4,DIM,,Millimeter,0,CS,CS-MS
851201066,5,NOR,,,0,CS,CS-MS
851701051,1,TYPE,,,0,HY,HY-VE
851701051,2,DAP,,Millimeter,1,HY,HY-VE
851701051,3,DGT,,Millimeter,0,HY,HY-VE
851701051,4,COU,,Millimeter,0,HY,HY-VE
851701051,5,PRE,,Bar,0,HY,HY-VE
851701052,1,TYPE,,,0,HY,HY-VE
851701052,2,DAP,,Millimeter,1,HY,HY-VE
851701052,3,DGT,,Millimeter,0,HY,HY-VE
851701052,4,COU,,Millimeter,0,HY,HY-VE
851701052,5,PRE,,Bar,0,HY,HY-VE
851701054,1,FTT,,,1,ME,ME-VI
851701054,2,DIA,,Millimeter,0,ME,ME-VI
851701054,3,LON,,Millimeter,0,ME,ME-VI
851701054,4,MAT,,,0,ME,ME-VI
851701054,5,FIL,,,0,ME,ME-VI
851701055,1,FTT,,,1,ME,ME-VI
851701055,2,DIA,,Millimeter,0,ME,ME-VI
851701055,3,LON,,Millimeter,0,ME,ME-VI
851701055,4,MAT,,,0,ME,ME-VI
851701055,5,FIL,,,0,ME,ME-VI
853402112,1,FTT,,,1,ME,ME-VI
853402112,2,DIA,,Millimeter,0,ME,ME-VI
853402112,3,LON,,Millimeter,0,ME,ME-VI
853402112,4,MAT,,,0,ME,ME-VI
853402112,5,FIL,,,0,ME,ME-VI
854067018,1,TYPE,,,0,HY,HY-FL
854067018,2,DN,,,1,HY,HY-FL
854067018,3,LON,,Millimeter,0,HY,HY-FL
854067018,4,EMB,,,0,HY,HY-FL
854067018,5,PRE,,Bar,0,HY,HY-FL
854404161,1,TYPE,,,1,CS,CS-GC
854404161,2,GRA,,,0,CS,CS-GC
854404161,3,CND,,,0,CS,CS-GC
854404161,4,APP,,,0,CS,CS-GC
854404161,5,FAB,,,0,CS,CS-GC
854701001,1,TYPE,,,1,CS,CS-AM
854701001,2,RES,,,0,CS,CS-AM
854701001,3,CND,,,0,CS,CS-AM
854701001,4,APP,,,0,CS,CS-AM
854701001,5,FAB,,,0,CS,CS-AM
854701003,1,TYPE,,,1,CS,CS-AM
854701003,2,RES,,,0,CS,CS-AM
854701003,3,CND,,,0,CS,CS-AM
854701003,4,APP,,,0,CS,CS-AM
854701003,5,FAB,,,0,CS,CS-AM
854701006,1,TYPE,,,1,CS,CS-AM
854701006,2,RES,,,0,CS,CS-AM
854701006,3,CND,,,0,CS,CS-AM
854701006,4,APP,,,0,CS,CS-AM
854701006,5,FAB,,,0,CS,CS-AM
854701007,1,TYPE,,,1,CS,CS-AM
854701007,2,RES,,,0,CS,CS-AM
854701007,3,CND,,,0,CS,CS-AM
854701007,4,APP,,,0,CS,CS-AM
854701007,5,FAB,,,0,CS,CS-AM
854701010,1,TYPE,,,0,ME,ME-JO
854701010,2,DIA,,Millimeter,1,ME,ME-JO
854701010,3,DIM,,Millimeter,0,ME,ME-JO
854701010,4,MAT,,,0,ME,ME-JO
854701010,5,USG,,,0,ME,ME-JO
854701014,1,TYPE,,,1,CS,CS-AM
854701014,2,RES,,,0,CS,CS-AM
854701014,3,CND,,,0,CS,CS-AM
854701014,4,APP,,,0,CS,CS-AM
854701014,5,FAB,,,0,CS,CS-AM
854701015,1,TYPE,,,1,CS,CS-AM
854701015,2,RES,,,0,CS,CS-AM
854701015,3,CND,,,0,CS,CS-AM
854701015,4,APP,,,0,CS,CS-AM
854701015,5,FAB,,,0,CS,CS-AM
854701016,1,TYPE,,,1,CS,CS-AM
854701016,2,RES,,,0,CS,CS-AM
854701016,3,CND,,,0,CS,CS-AM
854701016,4,APP,,,0,CS,CS-AM
854701016,5,FAB,,,0,CS,CS-AM
854701017,1,TYPE,,,1,CS,CS-AM
854701017,2,RES,,,0,CS,CS-AM
854701017,3,CND,,,0,CS,CS-AM
854701017,4,APP,,,0,CS,CS-AM
854701017,5,FAB,,,0,CS,CS-AM
854701031,1,TYPE,,,0,ME,ME-JO
854701031,2,DIA,,Millimeter,1,ME,ME-JO
854701031,3,DIM,,Millimeter,0,ME,ME-JO
854701031,4,MAT,,,0,ME,ME-JO
854701031,5,USG,,,0,ME,ME-JO
854701049,1,TYPE,,,1,CS,CS-GC
854701049,2,GRA,,,0,CS,CS-GC
854701049,3,CND,,,0,CS,CS-GC
854701049,4,APP,,,0,CS,CS-GC
854701049,5,FAB,,,0,CS,CS-GC
854701069,1,TYPE,,,1,CS,CS-AM
854701069,2,RES,,,0,CS,CS-AM
854701069,3,CND,,,0,CS,CS-AM
854701069,4,APP,,,0,CS,CS-AM
854701069,5,FAB,,,0,CS,CS-AM
855222125,1,TYPE,,,1,CS,CS-EP
855222125,2,TAI,,,0,CS,CS-EP
855222125,3,NPR,,,0,CS,CS-EP
855222125,4,MAT,,,0,CS,CS-EP
855222125,5,NOR,,,0,CS,CS-EP
856520112,1,TYPE,,,0,HY,HY-PO
856520112,2,DEB,,,1,HY,HY-PO
856520112,3,CYL,,,0,HY,HY-PO
856520112,4,PRE,,Bar,0,HY,HY-PO
856520112,5,LIQ,,,0,HY,HY-PO
857025060,1,TYPE,,,0,SE,SE-EC
857025060,2,PEN,,Watt,1,SE,SE-EC
857025060,3,TEN,,,0,SE,SE-EC
857025060,4,FOR,,,0,SE,SE-EC
857025060,5,FAB,,,0,SE,SE-EC
857025069,1,TFM,,,1,EE,EE-CA
857025069,2,REF,,,0,EE,EE-CA
857025069,3,CONS,,,0,EE,EE-CA
857025069,4,ALIM,,,0,EE,EE-CA
857025069,5,VER,,,0,EE,EE-CA
857025115,1,FTT,,,1,ME,ME-VI
857025115,2,DIA,,Millimeter,0,ME,ME-VI
857025115,3,LON,,Millimeter,0,ME,ME-VI
857025115,4,MAT,,,0,ME,ME-VI
857025115,5,FIL,,,0,ME,ME-VI
857034002,1,TYPE,,,1,CS,CS-EP
857034002,2,TAI,,,0,CS,CS-EP
857034002,3,NPR,,,0,CS,CS-EP
857034002,4,MAT,,,0,CS,CS-EP
857034002,5,NOR,,,0,CS,CS-EP
857034003,1,TYPE,,,1,CS,CS-EP
857034003,2,TAI,,,0,CS,CS-EP
857034003,3,NPR,,,0,CS,CS-EP
857034003,4,MAT,,,0,CS,CS-EP
857034003,5,NOR,,,0,CS,CS-EP
857034016,1,TYPE,,,1,CS,CS-EP
857034016,2,TAI,,,0,CS,CS-EP
857034016,3,NPR,,,0,CS,CS-EP
857034016,4,MAT,,,0,CS,CS-EP
857034016,5,NOR,,,0,CS,CS-EP
857034021,1,TYPE,,,0,SE,SE-PM
857034021,2,MAF,,,1,SE,SE-PM
857034021,3,DIM,,Millimeter,0,SE,SE-PM
857034021,4,CPS,,,0,SE,SE-PM
857034021,5,TEN,,,0,SE,SE-PM
857039608,1,TCP,,,0,EE,EE-CP
857039608,2,SIG,,,1,EE,EE-CP
857039608,3,RAC,,,0,EE,EE-CP
857039608,4,ALIM,,,0,EE,EE-CP
857039608,5,PLG,,,0,EE,EE-CP
857039609,1,TYPE,,,0,EL,EL-DI
857039609,2,CAL,,AMP,1,EL,EL-DI
857039609,3,TEN,,,0,EL,EL-DI
857039609,4,NBP,,Nos,0,EL,EL-DI
857039609,5,FAB,,,0,EL,EL-DI
857039611,1,PRC,,,1,CS,CS-SC
857039611,2,DIA,,Millimeter,0,CS,CS-SC
857039611,3,NUA,,,0,CS,CS-SC
857039611,4,TYPE,,,0,CS,CS-SC
857039611,5,CND,,,0,CS,CS-SC
857039613,1,TYPE,,,0,EL,EL-FU
857039613,2,CDP,,AMP,1,EL,EL-FU
857039613,3,TAI,,,0,EL,EL-FU
857039613,4,TEN,,,0,EL,EL-FU
857039613,5,FAB,,,0,EL,EL-FU
857039617,1,PRC,,,1,CS,CS-SC
857039617,2,DIA,,Millimeter,0,CS,CS-SC
857039617,3,NUA,,,0,CS,CS-SC
857039617,4,TYPE,,,0,CS,CS-SC
857039617,5,CND,,,0,CS,CS-SC
857039621,1,PRC,,,1,CS,CS-SC
857039621,2,DIA,,Millimeter,0,CS,CS-SC
857039621,3,NUA,,,0,CS,CS-SC
857039621,4,TYPE,,,0,CS,CS-SC
857039621,5,CND,,,0,CS,CS-SC
857039632,1,TYPE,,,1,CS,CS-GC
857039632,2,GRA,,,0,CS,CS-GC
857039632,3,CND,,,0,CS,CS-GC
857039632,4,APP,,,0,CS,CS-GC
857039632,5,FAB,,,0,CS,CS-GC
857039633,1,TYPE,,,1,CS,CS-GC
857039633,2,GRA,,,0,CS,CS-GC
857039633,3,CND,,,0,CS,CS-GC
857039633,4,APP,,,0,CS,CS-GC
857039633,5,FAB,,,0,CS,CS-GC
857039640,1,TYPE,,,0,EL,EL-CA
857039640,2,SEC,,,1,EL,EL-CA
857039640,3,NBCD,,Nos,0,EL,EL-CA
857039640,4,MAT,,,0,EL,EL-CA
857039640,5,BLI,,,0,EL,EL-CA
857039641,1,PRC,,,1,CS,CS-SC
857039641,2,DIA,,Millimeter,0,CS,CS-SC
857039641,3,NUA,,,0,CS,CS-SC
857039641,4,TYPE,,,0,CS,CS-SC
857039641,5,CND,,,0,CS,CS-SC
857039643,1,TYPE,,,0,SE,SE-PM
857039643,2,MAF,,,1,SE,SE-PM
857039643,3,DIM,,Millimeter,0,SE,SE-PM
857039643,4,CPS,,,0,SE,SE-PM
857039643,5,TEN,,,0,SE,SE-PM
857039644,1,TYPE,,,0,SE,SE-PM
857039644,2,MAF,,,1,SE,SE-PM
857039644,3,DIM,,Millimeter,0,SE,SE-PM
857039644,4,CPS,,,0,SE,SE-PM
857039644,5,TEN,,,0,SE,SE-PM
857039646,1,TYPE,,,0,EL,EL-CA
857039646,2,SEC,,,1,EL,EL-CA
857039646,3,NBCD,,Nos,0,EL,EL-CA
857039646,4,MAT,,,0,EL,EL-CA
857039646,5,BLI,,,0,EL,EL-CA
857039647,1,TYPE,,,0,EL,EL-CA
857039647,2,SEC,,,1,EL,EL-CA
857039647,3,NBCD,,Nos,0,EL,EL-CA
857039647,4,MAT,,,0,EL,EL-CA
857039647,5,BLI,,,0,EL,EL-CA
857039649,1,PRC,,,1,CS,CS-SC
857039649,2,DIA,,Millimeter,0,CS,CS-SC
857039649,3,NUA,,,0,CS,CS-SC
857039649,4,TYPE,,,0,CS,CS-SC
857039649,5,CND,,,0,CS,CS-SC
857040235,1,PRC,,,1,CS,CS-SC
857040235,2,DIA,,Millimeter,0,CS,CS-SC
857040235,3,NUA,,,0,CS,CS-SC
857040235,4,TYPE,,,0,CS,CS-SC
857040235,5,CND,,,0,CS,CS-SC
857041004,1,PRC,,,1,CS,CS-SC
857041004,2,DIA,,Millimeter,0,CS,CS-SC
857041004,3,NUA,,,0,CS,CS-SC
857041004,4,TYPE,,,0,CS,CS-SC
857041004,5,CND,,,0,CS,CS-SC
857050016,1,TYPE,,,0,SE,SE-EC
857050016,2,PEN,,Watt,1,SE,SE-EC
857050016,3,TEN,,,0,SE,SE-EC
857050016,4,FOR,,,0,SE,SE-EC
857050016,5,FAB,,,0,SE,SE-EC
857050018,1,FTT,,,1,ME,ME-VI
857050018,2,DIA,,Millimeter,0,ME,ME-VI
857050018,3,LON,,Millimeter,0,ME,ME-VI
857050018,4,MAT,,,0,ME,ME-VI
857050018,5,FIL,,,0,ME,ME-VI
857050019,1,FTT,,,1,ME,ME-VI
857050019,2,DIA,,Millimeter,0,ME,ME-VI
857050019,3,LON,,Millimeter,0,ME,ME-VI
857050019,4,MAT,,,0,ME,ME-VI
857050019,5,FIL,,,0,ME,ME-VI
857051001,1,FTT,,,1,ME,ME-VI
857051001,2,DIA,,Millimeter,0,ME,ME-VI
857051001,3,LON,,Millimeter,0,ME,ME-VI
857051001,4,MAT,,,0,ME,ME-VI
857051001,5,FIL,,,0,ME,ME-VI
857051002,1,FTT,,,1,ME,ME-VI
857051002,2,DIA,,Millimeter,0,ME,ME-VI
857051002,3,LON,,Millimeter,0,ME,ME-VI
857051002,4,MAT,,,0,ME,ME-VI
857051002,5,FIL,,,0,ME,ME-VI
857051003,1,FTT,,,1,ME,ME-VI
857051003,2,DIA,,Millimeter,0,ME,ME-VI
857051003,3,LON,,Millimeter,0,ME,ME-VI
857051003,4,MAT,,,0,ME,ME-VI
857051003,5,FIL,,,0,ME,ME-VI
857051004,1,TYPE,,,0,EL,EL-CA
857051004,2,SEC,,,1,EL,EL-CA
857051004,3,NBCD,,Nos,0,EL,EL-CA
857051004,4,MAT,,,0,EL,EL-CA
857051004,5,BLI,,,0,EL,EL-CA
857051035,1,FTT,,,1,ME,ME-VI
857051035,2,DIA,,Millimeter,0,ME,ME-VI
857051035,3,LON,,Millimeter,0,ME,ME-VI
857051035,4,MAT,,,0,ME,ME-VI
857051035,5,FIL,,,0,ME,ME-VI
857231025,1,TYPE,,,0,ME,ME-JO
857231025,2,DIA,,Millimeter,1,ME,ME-JO
857231025,3,DIM,,Millimeter,0,ME,ME-JO
857231025,4,MAT,,,0,ME,ME-JO
857231025,5,USG,,,0,ME,ME-JO
857231026,1,TYPE,,,0,ME,ME-JO
857231026,2,DIA,,Millimeter,1,ME,ME-JO
857231026,3,DIM,,Millimeter,0,ME,ME-JO
857231026,4,MAT,,,0,ME,ME-JO
857231026,5,USG,,,0,ME,ME-JO
857231027,1,TYPE,,,0,ME,ME-JO
857231027,2,DIA,,Millimeter,1,ME,ME-JO
857231027,3,DIM,,Millimeter,0,ME,ME-JO
857231027,4,MAT,,,0,ME,ME-JO
857231027,5,USG,,,0,ME,ME-JO
857231029,1,TYPE,,,0,ME,ME-JO
857231029,2,DIA,,Millimeter,1,ME,ME-JO
857231029,3,DIM,,Millimeter,0,ME,ME-JO
857231029,4,MAT,,,0,ME,ME-JO
857231029,5,USG,,,0,ME,ME-JO
857307011,1,FTT,,,1,ME,ME-VI
857307011,2,DIA,,Millimeter,0,ME,ME-VI
857307011,3,LON,,Millimeter,0,ME,ME-VI
857307011,4,MAT,,,0,ME,ME-VI
857307011,5,FIL,,,0,ME,ME-VI
857612000,1,TYPE,,,0,SE,SE-EC
857612000,2,PEN,,Watt,1,SE,SE-EC
857612000,3,TEN,,,0,SE,SE-EC
857612000,4,FOR,,,0,SE,SE-EC
857612000,5,FAB,,,0,SE,SE-EC
857612040,1,TYPE,,,1,CS,CS-CA
857612040,2,DIM,,Millimeter,0,CS,CS-CA
857612040,3,CND,,,0,CS,CS-CA
857612040,4,MAT,,,0,CS,CS-CA
857612040,5,FAB,,,0,CS,CS-CA
857612045,1,TYPE,,,0,SE,SE-EC
857612045,2,PEN,,Watt,1,SE,SE-EC
857612045,3,TEN,,,0,SE,SE-EC
857612045,4,FOR,,,0,SE,SE-EC
857612045,5,FAB,,,0,SE,SE-EC
857612047,1,TYPE,,,0,SE,SE-EC
857612047,2,PEN,,Watt,1,SE,SE-EC
857612047,3,TEN,,,0,SE,SE-EC
857612047,4,FOR,,,0,SE,SE-EC
857612047,5,FAB,,,0,SE,SE-EC
857612056,1,TYPE,,,0,SE,SE-EC
857612056,2,PEN,,Watt,1,SE,SE-EC
857612056,3,TEN,,,0,SE,SE-EC
857612056,4,FOR,,,0,SE,SE-EC
857612056,5,FAB,,,0,SE,SE-EC
857612057,1,TYPE,,,0,SE,SE-EC
857612057,2,PEN,,Watt,1,SE,SE-EC
857612057,3,TEN,,,0,SE,SE-EC
857612057,4,FOR,,,0,SE,SE-EC
857612057,5,FAB,,,0,SE,SE-EC
857612058,1,TYPE,,,0,SE,SE-EC
857612058,2,PEN,,Watt,1,SE,SE-EC
857612058,3,TEN,,,0,SE,SE-EC
857612058,4,FOR,,,0,SE,SE-EC
857612058,5,FAB,,,0,SE,SE-EC
857612059,1,TYPE,,,0,SE,SE-EC
857612059,2,PEN,,Watt,1,SE,SE-EC
857612059,3,TEN,,,0,SE,SE-EC
857612059,4,FOR,,,0,SE,SE-EC
857612059,5,FAB,,,0,SE,SE-EC
857612060,1,TYPE,,,0,SE,SE-EC
857612060,2,PEN,,Watt,1,SE,SE-EC
857612060,3,TEN,,,0,SE,SE-EC
857612060,4,FOR,,,0,SE,SE-EC
857612060,5,FAB,,,0,SE,SE-EC
857612061,1,TYPE,,,0,SE,SE-EC
857612061,2,PEN,,Watt,1,SE,SE-EC
857612061,3,TEN,,,0,SE,SE-EC
857612061,4,FOR,,,0,SE,SE-EC
857612061,5,FAB,,,0,SE,SE-EC
857612062,1,TYPE,,,0,SE,SE-EC
857612062,2,PEN,,Watt,1,SE,SE-EC
857612062,3,TEN,,,0,SE,SE-EC
857612062,4,FOR,,,0,SE,SE-EC
857612062,5,FAB,,,0,SE,SE-EC
857612063,1,TYPE,,,0,SE,SE-EC
857612063,2,PEN,,Watt,1,SE,SE-EC
857612063,3,TEN,,,0,SE,SE-EC
857612063,4,FOR,,,0,SE,SE-EC
857612063,5,FAB,,,0,SE,SE-EC
857612064,1,TYPE,,,0,SE,SE-EC
857612064,2,PEN,,Watt,1,SE,SE-EC
857612064,3,TEN,,,0,SE,SE-EC
857612064,4,FOR,,,0,SE,SE-EC
857612064,5,FAB,,,0,SE,SE-EC
857805002,1,FTT,,,1,ME,ME-VI
857805002,2,DIA,,Millimeter,0,ME,ME-VI
857805002,3,LON,,Millimeter,0,ME,ME-VI
857805002,4,MAT,,,0,ME,ME-VI
857805002,5,FIL,,,0,ME,ME-VI
857805004,1,FTT,,,1,ME,ME-VI
857805004,2,DIA,,Millimeter,0,ME,ME-VI
857805004,3,LON,,Millimeter,0,ME,ME-VI
857805004,4,MAT,,,0,ME,ME-VI
857805004,5,FIL,,,0,ME,ME-VI
857805005,1,FTT,,,1,ME,ME-VI
857805005,2,DIA,,Millimeter,0,ME,ME-VI
857805005,3,LON,,Millimeter,0,ME,ME-VI
857805005,4,MAT,,,0,ME,ME-VI
857805005,5,FIL,,,0,ME,ME-VI
857805011,1,TYPE,,,1,CS,CS-CA
857805011,2,DIM,,Millimeter,0,CS,CS-CA
857805011,3,CND,,,0,CS,CS-CA
857805011,4,MAT,,,0,CS,CS-CA
857805011,5,FAB,,,0,CS,CS-CA
857805012,1,TYPE,,,0,HY,HY-FL
857805012,2,DN,,,1,HY,HY-FL
857805012,3,LON,,Millimeter,0,HY,HY-FL
857805012,4,EMB,,,0,HY,HY-FL
857805012,5,PRE,,Bar,0,HY,HY-FL
857805020,1,TYPE,,,0,HY,HY-FL
857805020,2,DN,,,1,HY,HY-FL
857805020,3,LON,,Millimeter,0,HY,HY-FL
857805020,4,EMB,,,0,HY,HY-FL
857805020,5,PRE,,Bar,0,HY,HY-FL
857805051,1,TYPE,,,1,CS,CS-GC
857805051,2,GRA,,,0,CS,CS-GC
857805051,3,CND,,,0,CS,CS-GC
857805051,4,APP,,,0,CS,CS-GC
857805051,5,FAB,,,0,CS,CS-GC
857805052,1,TYPE,,,1,CS,CS-GC
857805052,2,GRA,,,0,CS,CS-GC
857805052,3,CND,,,0,CS,CS-GC
857805052,4,APP,,,0,CS,CS-GC
857805052,5,FAB,,,0,CS,CS-GC
858461000,1,TYPE,,,0,EL,EL-CA
858461000,2,SEC,,,1,EL,EL-CA
858461000,3,NBCD,,Nos,0,EL,EL-CA
858461000,4,MAT,,,0,EL,EL-CA
858461000,5,BLI,,,0,EL,EL-CA
858461003,1,TYPE,,,0,EL,EL-CA
858461003,2,SEC,,,1,EL,EL-CA
858461003,3,NBCD,,Nos,0,EL,EL-CA
858461003,4,MAT,,,0,EL,EL-CA
858461003,5,BLI,,,0,EL,EL-CA
858461007,1,TYPE,,,0,EL,EL-CA
858461007,2,SEC,,,1,EL,EL-CA
858461007,3,NBCD,,Nos,0,EL,EL-CA
858461007,4,MAT,,,0,EL,EL-CA
858461007,5,BLI,,,0,EL,EL-CA
858461013,1,TYPE,,,0,EL,EL-CA
858461013,2,SEC,,,1,EL,EL-CA
858461013,3,NBCD,,Nos,0,EL,EL-CA
858461013,4,MAT,,,0,EL,EL-CA
858461013,5,BLI,,,0,EL,EL-CA
858462015,1,TYPE,,,0,EL,EL-CA
858462015,2,SEC,,,1,EL,EL-CA
858462015,3,NBCD,,Nos,0,EL,EL-CA
858462015,4,MAT,,,0,EL,EL-CA
858462015,5,BLI,,,0,EL,EL-CA
858462044,1,TYPE,,,0,PN,PN-CO
858462044,2,PMD,,,1,PN,PN-CO
858462044,3,CCU,,L,0,PN,PN-CO
858462044,4,PRE,,Bar,0,PN,PN-CO
858462044,5,FAB,,,0,PN,PN-CO
858462063,1,TYPE,,,1,CS,CS-GC
858462063,2,GRA,,,0,CS,CS-GC
858462063,3,CND,,,0,CS,CS-GC
858462063,4,APP,,,0,CS,CS-GC
858462063,5,FAB,,,0,CS,CS-GC
858462069,1,TYPE,,,1,CS,CS-GC
858462069,2,GRA,,,0,CS,CS-GC
858462069,3,CND,,,0,CS,CS-GC
858462069,4,APP,,,0,CS,CS-GC
858462069,5,FAB,,,0,CS,CS-GC
858462070,1,TYPE,,,1,CS,CS-AM
858462070,2,RES,,,0,CS,CS-AM
858462070,3,CND,,,0,CS,CS-AM
858462070,4,APP,,,0,CS,CS-AM
858462070,5,FAB,,,0,CS,CS-AM
858462075,1,TYPE,,,0,ME,ME-JO
858462075,2,DIA,,Millimeter,1,ME,ME-JO
858462075,3,DIM,,Millimeter,0,ME,ME-JO
858462075,4,MAT,,,0,ME,ME-JO
858462075,5,USG,,,0,ME,ME-JO
858463029,1,TYPE,,,0,EL,EL-CA
858463029,2,SEC,,,1,EL,EL-CA
858463029,3,NBCD,,Nos,0,EL,EL-CA
858463029,4,MAT,,,0,EL,EL-CA
858463029,5,BLI,,,0,EL,EL-CA
882901234,1,TYPE,,,1,CS,CS-GC
882901234,2,GRA,,,0,CS,CS-GC
882901234,3,CND,,,0,CS,CS-GC
882901234,4,APP,,,0,CS,CS-GC
882901234,5,FAB,,,0,CS,CS-GC
882902175,1,TS,,,0,IN,IN-TE
882902175,2,PMEAS,,Celsius,1,IN,IN-TE
882902175,3,LON,,Millimeter,0,IN,IN-TE
882902175,4,DGT,,Millimeter,0,IN,IN-TE
882902175,5,RAC,,,0,IN,IN-TE
882902178,1,TYPE,,,1,CS,CS-GC
882902178,2,GRA,,,0,CS,CS-GC
882902178,3,CND,,,0,CS,CS-GC
882902178,4,APP,,,0,CS,CS-GC
882902178,5,FAB,,,0,CS,CS-GC
882902384,1,TYPE,,,1,CS,CS-GC
882902384,2,GRA,,,0,CS,CS-GC
882902384,3,CND,,,0,CS,CS-GC
882902384,4,APP,,,0,CS,CS-GC
882902384,5,FAB,,,0,CS,CS-GC
882902385,1,TYPE,,,1,CS,CS-GC
882902385,2,GRA,,,0,CS,CS-GC
882902385,3,CND,,,0,CS,CS-GC
882902385,4,APP,,,0,CS,CS-GC
882902385,5,FAB,,,0,CS,CS-GC
882902386,1,FTT,,,1,ME,ME-VI
882902386,2,DIA,,Millimeter,0,ME,ME-VI
882902386,3,LON,,Millimeter,0,ME,ME-VI
882902386,4,MAT,,,0,ME,ME-VI
882902386,5,FIL,,,0,ME,ME-VI
882902440,1,TYPE,,,1,CS,CS-GC
882902440,2,GRA,,,0,CS,CS-GC
882902440,3,CND,,,0,CS,CS-GC
882902440,4,APP,,,0,CS,CS-GC
882902440,5,FAB,,,0,CS,CS-GC
882902443,1,TYPE,,,1,CS,CS-GC
882902443,2,GRA,,,0,CS,CS-GC
882902443,3,CND,,,0,CS,CS-GC
882902443,4,APP,,,0,CS,CS-GC
882902443,5,FAB,,,0,CS,CS-GC
882902927,1,TYPE,,,1,CS,CS-GC
882902927,2,GRA,,,0,CS,CS-GC
882902927,3,CND,,,0,CS,CS-GC
882902927,4,APP,,,0,CS,CS-GC
882902927,5,FAB,,,0,CS,CS-GC
882902933,1,TYPE,,,1,CS,CS-GC
882902933,2,GRA,,,0,CS,CS-GC
882902933,3,CND,,,0,CS,CS-GC
882902933,4,APP,,,0,CS,CS-GC
882902933,5,FAB,,,0,CS,CS-GC
882902935,1,TYPE,,,1,CS,CS-GC
882902935,2,GRA,,,0,CS,CS-GC
882902935,3,CND,,,0,CS,CS-GC
882902935,4,APP,,,0,CS,CS-GC
882902935,5,FAB,,,0,CS,CS-GC
882902961,1,TYPE,,,0,PN,PN-CO
882902961,2,PMD,,,1,PN,PN-CO
882902961,3,CCU,,L,0,PN,PN-CO
882902961,4,PRE,,Bar,0,PN,PN-CO
882902961,5,FAB,,,0,PN,PN-CO
882903161,1,TYPE,,,0,HY,HY-RA
882903161,2,DTF,,,1,HY,HY-RA
882903161,3,MAT,,,0,HY,HY-RA
882903161,4,FRM,,,0,HY,HY-RA
882903161,5,PRE,,Bar,0,HY,HY-RA
882903164,1,TYPE,,,1,CS,CS-GC
882903164,2,GRA,,,0,CS,CS-GC
882903164,3,CND,,,0,CS,CS-GC
882903164,4,APP,,,0,CS,CS-GC
882903164,5,FAB,,,0,CS,CS-GC
882903441,1,TYPE,,,1,CS,CS-GC
882903441,2,GRA,,,0,CS,CS-GC
882903441,3,CND,,,0,CS,CS-GC
882903441,4,APP,,,0,CS,CS-GC
882903441,5,FAB,,,0,CS,CS-GC
882903443,1,TYPE,,,1,CS,CS-GC
882903443,2,GRA,,,0,CS,CS-GC
882903443,3,CND,,,0,CS,CS-GC
882903443,4,APP,,,0,CS,CS-GC
882903443,5,FAB,,,0,CS,CS-GC
886705002,1,TYPE,,,1,CS,CS-GC
886705002,2,GRA,,,0,CS,CS-GC
886705002,3,CND,,,0,CS,CS-GC
886705002,4,APP,,,0,CS,CS-GC
886705002,5,FAB,,,0,CS,CS-GC
886705008,1,TYPE,,,1,CS,CS-GC
886705008,2,GRA,,,0,CS,CS-GC
886705008,3,CND,,,0,CS,CS-GC
886705008,4,APP,,,0,CS,CS-GC
886705008,5,FAB,,,0,CS,CS-GC
889201009,1,TYPE,,,0,IN,IN-DE
889201009,2,PDM,,,1,IN,IN-DE
889201009,3,DNR,,,0,IN,IN-DE
889201009,4,SOR,,,0,IN,IN-DE
889201009,5,FAB,,,0,IN,IN-DE
901101011,1,TYPE,,,0,HY,HY-FI
901101011,2,SEU,,Micrometer,1,HY,HY-FI
901101011,3,RAC,,,0,HY,HY-FI
901101011,4,DEB,,,0,HY,HY-FI
901101011,5,FAB,,,0,HY,HY-FI
901101012,1,TYPE,,,0,HY,HY-FI
901101012,2,SEU,,Micrometer,1,HY,HY-FI
901101012,3,RAC,,,0,HY,HY-FI
901101012,4,DEB,,,0,HY,HY-FI
901101012,5,FAB,,,0,HY,HY-FI
930503009,1,TYPE,,,1,CS,CS-EP
930503009,2,TAI,,,0,CS,CS-EP
930503009,3,NPR,,,0,CS,CS-EP
930503009,4,MAT,,,0,CS,CS-EP
930503009,5,NOR,,,0,CS,CS-EP
930503010,1,TYPE,,,1,CS,CS-EP
930503010,2,TAI,,,0,CS,CS-EP
930503010,3,NPR,,,0,CS,CS-EP
930503010,4,MAT,,,0,CS,CS-EP
930503010,5,NOR,,,0,CS,CS-EP
930503011,1,TYPE,,,1,CS,CS-EP
930503011,2,TAI,,,0,CS,CS-EP
930503011,3,NPR,,,0,CS,CS-EP
930503011,4,MAT,,,0,CS,CS-EP
930503011,5,NOR,,,0,CS,CS-EP
930503014,1,TYPE,,,1,CS,CS-EP
930503014,2,TAI,,,0,CS,CS-EP
930503014,3,NPR,,,0,CS,CS-EP
930503014,4,MAT,,,0,CS,CS-EP
930503014,5,NOR,,,0,CS,CS-EP
930503015,1,TYPE,,,1,CS,CS-EP
930503015,2,TAI,,,0,CS,CS-EP
930503015,3,NPR,,,0,CS,CS-EP
930503015,4,MAT,,,0,CS,CS-EP
930503015,5,NOR,,,0,CS,CS-EP
930503060,1,PRC,,,1,CS,CS-SC
930503060,2,DIA,,Millimeter,0,CS,CS-SC
930503060,3,NUA,,,0,CS,CS-SC
930503060,4,TYPE,,,0,CS,CS-SC
930503060,5,CND,,,0,CS,CS-SC
930503061,1,TYPE,,,0,HY,HY-FL
930503061,2,DN,,,1,HY,HY-FL
930503061,3,LON,,Millimeter,0,HY,HY-FL
930503061,4,EMB,,,0,HY,HY-FL
930503061,5,PRE,,Bar,0,HY,HY-FL
950110052,1,TYPE,,,0,HY,HY-VE
950110052,2,DAP,,Millimeter,1,HY,HY-VE
950110052,3,DGT,,Millimeter,0,HY,HY-VE
950110052,4,COU,,Millimeter,0,HY,HY-VE
950110052,5,PRE,,Bar,0,HY,HY-VE
950110053,1,TYPE,,,0,HY,HY-VE
950110053,2,DAP,,Millimeter,1,HY,HY-VE
950110053,3,DGT,,Millimeter,0,HY,HY-VE
950110053,4,COU,,Millimeter,0,HY,HY-VE
950110053,5,PRE,,Bar,0,HY,HY-VE
950110056,1,TYPE,,,0,HY,HY-VE
950110056,2,DAP,,Millimeter,1,HY,HY-VE
950110056,3,DGT,,Millimeter,0,HY,HY-VE
950110056,4,COU,,Millimeter,0,HY,HY-VE
950110056,5,PRE,,Bar,0,HY,HY-VE
950110057,1,FTT,,,1,ME,ME-VI
950110057,2,DIA,,Millimeter,0,ME,ME-VI
950110057,3,LON,,Millimeter,0,ME,ME-VI
950110057,4,MAT,,,0,ME,ME-VI
950110057,5,FIL,,,0,ME,ME-VI
950110058,1,TYPE,,,0,HY,HY-VE
950110058,2,DAP,,Millimeter,1,HY,HY-VE
950110058,3,DGT,,Millimeter,0,HY,HY-VE
950110058,4,COU,,Millimeter,0,HY,HY-VE
950110058,5,PRE,,Bar,0,HY,HY-VE
950110059,1,TYPE,,,0,HY,HY-VE
950110059,2,DAP,,Millimeter,1,HY,HY-VE
950110059,3,DGT,,Millimeter,0,HY,HY-VE
950110059,4,COU,,Millimeter,0,HY,HY-VE
950110059,5,PRE,,Bar,0,HY,HY-VE
960300002,1,TYPE,,,1,CS,CS-EP
960300002,2,TAI,,,0,CS,CS-EP
960300002,3,NPR,,,0,CS,CS-EP
960300002,4,MAT,,,0,CS,CS-EP
960300002,5,NOR,,,0,CS,CS-EP
960300004,1,PRC,,,1,CS,CS-SC
960300004,2,DIA,,Millimeter,0,CS,CS-SC
960300004,3,NUA,,,0,CS,CS-SC
960300004,4,TYPE,,,0,CS,CS-SC
960300004,5,CND,,,0,CS,CS-SC
960300008,1,TYPE,,,1,CS,CS-EP
960300008,2,TAI,,,0,CS,CS-EP
960300008,3,NPR,,,0,CS,CS-EP
960300008,4,MAT,,,0,CS,CS-EP
960300008,5,NOR,,,0,CS,CS-EP
960300009,1,TYPE,,,1,CS,CS-EP
960300009,2,TAI,,,0,CS,CS-EP
960300009,3,NPR,,,0,CS,CS-EP
960300009,4,MAT,,,0,CS,CS-EP
960300009,5,NOR,,,0,CS,CS-EP
960300010,1,TYPE,,,1,CS,CS-EP
960300010,2,TAI,,,0,CS,CS-EP
960300010,3,NPR,,,0,CS,CS-EP
960300010,4,MAT,,,0,CS,CS-EP
960300010,5,NOR,,,0,CS,CS-EP
960300018,1,TYPE,,,1,CS,CS-EP
960300018,2,TAI,,,0,CS,CS-EP
960300018,3,NPR,,,0,CS,CS-EP
960300018,4,MAT,,,0,CS,CS-EP
960300018,5,NOR,,,0,CS,CS-EP
960503036,1,TYPE,,,0,SE,SE-PM
960503036,2,MAF,,,1,SE,SE-PM
960503036,3,DIM,,Millimeter,0,SE,SE-PM
960503036,4,CPS,,,0,SE,SE-PM
960503036,5,TEN,,,0,SE,SE-PM
990102063,1,TFM,,,1,EE,EE-CA
990102063,2,REF,,,0,EE,EE-CA
990102063,3,CONS,,,0,EE,EE-CA
990102063,4,ALIM,,,0,EE,EE-CA
990102063,5,VER,,,0,EE,EE-CA
990102077,1,TYPE,,,0,EL,EL-CA
990102077,2,SEC,,,1,EL,EL-CA
990102077,3,NBCD,,Nos,0,EL,EL-CA
990102077,4,MAT,,,0,EL,EL-CA
990102077,5,BLI,,,0,EL,EL-CA
990102127,1,TYPE,,,0,EL,EL-CA
990102127,2,SEC,,,1,EL,EL-CA
990102127,3,NBCD,,Nos,0,EL,EL-CA
990102127,4,MAT,,,0,EL,EL-CA
990102127,5,BLI,,,0,EL,EL-CA
990102129,1,TYPE,,,0,EL,EL-CA
990102129,2,SEC,,,1,EL,EL-CA
990102129,3,NBCD,,Nos,0,EL,EL-CA
990102129,4,MAT,,,0,EL,EL-CA
990102129,5,BLI,,,0,EL,EL-CA
990102137,1,TCP,,,0,EE,EE-CP
990102137,2,SIG,,,1,EE,EE-CP
990102137,3,RAC,,,0,EE,EE-CP
990102137,4,ALIM,,,0,EE,EE-CP
990102137,5,PLG,,,0,EE,EE-CP
990102152,1,TYPE,,,0,EL,EL-CA
990102152,2,SEC,,,1,EL,EL-CA
990102152,3,NBCD,,Nos,0,EL,EL-CA
990102152,4,MAT,,,0,EL,EL-CA
990102152,5,BLI,,,0,EL,EL-CA
990102304,1,TCP,,,0,EE,EE-CP
990102304,2,SIG,,,1,EE,EE-CP
990102304,3,RAC,,,0,EE,EE-CP
990102304,4,ALIM,,,0,EE,EE-CP
990102304,5,PLG,,,0,EE,EE-CP
990102506,1,TFM,,,1,EE,EE-CA
990102506,2,REF,,,0,EE,EE-CA
990102506,3,CONS,,,0,EE,EE-CA
990102506,4,ALIM,,,0,EE,EE-CA
990102506,5,VER,,,0,EE,EE-CA
990102522,1,TYPE,,,0,SE,SE-EC
990102522,2,PEN,,Watt,1,SE,SE-EC
990102522,3,TEN,,,0,SE,SE-EC
990102522,4,FOR,,,0,SE,SE-EC
990102522,5,FAB,,,0,SE,SE-EC
990102534,1,TYPE,,,0,EL,EL-DI
990102534,2,CAL,,AMP,1,EL,EL-DI
990102534,3,TEN,,,0,EL,EL-DI
990102534,4,NBP,,Nos,0,EL,EL-DI
990102534,5,FAB,,,0,EL,EL-DI
990102535,1,TYPE,,,0,EL,EL-DI
990102535,2,CAL,,AMP,1,EL,EL-DI
990102535,3,TEN,,,0,EL,EL-DI
990102535,4,NBP,,Nos,0,EL,EL-DI
990102535,5,FAB,,,0,EL,EL-DI
990102568,1,TFM,,,1,EE,EE-CA
990102568,2,REF,,,0,EE,EE-CA
990102568,3,CONS,,,0,EE,EE-CA
990102568,4,ALIM,,,0,EE,EE-CA
990102568,5,VER,,,0,EE,EE-CA
990102578,1,TYPE,,,0,EL,EL-DI
990102578,2,CAL,,AMP,1,EL,EL-DI
990102578,3,TEN,,,0,EL,EL-DI
990102578,4,NBP,,Nos,0,EL,EL-DI
990102578,5,FAB,,,0,EL,EL-DI
990102635,1,TYPE,,,1,CS,CS-GC
990102635,2,GRA,,,0,CS,CS-GC
990102635,3,CND,,,0,CS,CS-GC
990102635,4,APP,,,0,CS,CS-GC
990102635,5,FAB,,,0,CS,CS-GC
990102684,1,TYPE,,,0,PN,PN-CO
990102684,2,PMD,,,1,PN,PN-CO
990102684,3,CCU,,L,0,PN,PN-CO
990102684,4,PRE,,Bar,0,PN,PN-CO
990102684,5,FAB,,,0,PN,PN-CO
990103000,1,TYPE,,,0,EL,EL-DI
990103000,2,CAL,,AMP,1,EL,EL-DI
990103000,3,TEN,,,0,EL,EL-DI
990103000,4,NBP,,Nos,0,EL,EL-DI
990103000,5,FAB,,,0,EL,EL-DI
990106105,1,TYPE,,,1,CS,CS-AM
990106105,2,RES,,,0,CS,CS-AM
990106105,3,CND,,,0,CS,CS-AM
990106105,4,APP,,,0,CS,CS-AM
990106105,5,FAB,,,0,CS,CS-AM
999000033,1,PRC,,,1,CS,CS-SC
999000033,2,DIA,,Millimeter,0,CS,CS-SC
999000033,3,NUA,,,0,CS,CS-SC
999000033,4,TYPE,,,0,CS,CS-SC
999000033,5,CND,,,0,CS,CS-SC
999000034,1,TYPE,,,0,ME,ME-JO
999000034,2,DIA,,Millimeter,1,ME,ME-JO
999000034,3,DIM,,Millimeter,0,ME,ME-JO
999000034,4,MAT,,,0,ME,ME-JO
999000034,5,USG,,,0,ME,ME-JO
999000035,1,TYPE,,,0,ME,ME-JO
999000035,2,DIA,,Millimeter,1,ME,ME-JO
999000035,3,DIM,,Millimeter,0,ME,ME-JO
999000035,4,MAT,,,0,ME,ME-JO
999000035,5,USG,,,0,ME,ME-JO
999000036,1,TYPE,,,0,ME,ME-JO
999000036,2,DIA,,Millimeter,1,ME,ME-JO
999000036,3,DIM,,Millimeter,0,ME,ME-JO
999000036,4,MAT,,,0,ME,ME-JO
999000036,5,USG,,,0,ME,ME-JO
999000039,1,TYPE,,,1,CS,CS-AM
999000039,2,RES,,,0,CS,CS-AM
999000039,3,CND,,,0,CS,CS-AM
999000039,4,APP,,,0,CS,CS-AM
999000039,5,FAB,,,0,CS,CS-AM
999000042,1,TYPE,,,1,CS,CS-AM
999000042,2,RES,,,0,CS,CS-AM
999000042,3,CND,,,0,CS,CS-AM
999000042,4,APP,,,0,CS,CS-AM
999000042,5,FAB,,,0,CS,CS-AM
999000043,1,TYPE,,,1,CS,CS-AM
999000043,2,RES,,,0,CS,CS-AM
999000043,3,CND,,,0,CS,CS-AM
999000043,4,APP,,,0,CS,CS-AM
999000043,5,FAB,,,0,CS,CS-AM
999000045,1,TYPE,,,1,CS,CS-AM
999000045,2,RES,,,0,CS,CS-AM
999000045,3,CND,,,0,CS,CS-AM
999000045,4,APP,,,0,CS,CS-AM
999000045,5,FAB,,,0,CS,CS-AM
MATPPE00555,1,FON,,,0,PN,PN-EV
MATPPE00555,2,DDR,,,1,PN,PN-EV
MATPPE00555,3,FIL,,,0,PN,PN-EV
MATPPE00555,4,TNC,,,0,PN,PN-EV
MATPPE00555,5,TYPE,,,0,PN,PN-EV
MATPPE00569,1,TYPE,,,0,HY,HY-PO
MATPPE00569,2,DEB,,,1,HY,HY-PO
MATPPE00569,3,CYL,,,0,HY,HY-PO
MATPPE00569,4,PRE,,Bar,0,HY,HY-PO
MATPPE00569,5,LIQ,,,0,HY,HY-PO
MATPPE00571,1,TYPE,,,0,EL,EL-DI
MATPPE00571,2,CAL,,AMP,1,EL,EL-DI
MATPPE00571,3,TEN,,,0,EL,EL-DI
MATPPE00571,4,NBP,,Nos,0,EL,EL-DI
MATPPE00571,5,FAB,,,0,EL,EL-DI
100828325,1,TAL,,,0,IN,IN-VA
100828325,2,PMM,,Kilowatt,1,IN,IN-VA
100828325,3,MOD,,,0,IN,IN-VA
100828325,4,TEN,,,0,IN,IN-VA
100828325,5,FAB,,,0,IN,IN-VA
270828055,1,TCO,,,1,IN,IN-TH
270828055,2,LGA,,Millimeter,0,IN,IN-TH
270828055,3,DGA,,Millimeter,0,IN,IN-TH
270828055,4,RAC,,,0,IN,IN-TH
270828055,5,FAB,,,0,IN,IN-TH
270828109,1,TPR,,,0,ME,ME-CO
270828109,2,LPR,,Millimeter,1,ME,ME-CO
270828109,3,LEP,,Millimeter,0,ME,ME-CO
270828109,4,PDE,,,0,ME,ME-CO
270828109,5,MAT,,,0,ME,ME-CO
270828204,1,TYPE,,,0,HY,HY-VE
270828204,2,DAP,,Millimeter,1,HY,HY-VE
270828204,3,DGT,,Millimeter,0,HY,HY-VE
270828204,4,COU,,Millimeter,0,HY,HY-VE
270828204,5,PRE,,Bar,0,HY,HY-VE
270828262,1,TCP,,,0,EE,EE-CP
270828262,2,SIG,,,1,EE,EE-CP
270828262,3,RAC,,,0,EE,EE-CP
270828262,4,ALIM,,,0,EE,EE-CP
270828262,5,PLG,,,0,EE,EE-CP
270828291,1,SER,,,0,EE,EE-AU
270828291,2,NES,,Nos,1,EE,EE-AU
270828291,3,ALIM,,,0,EE,EE-AU
270828291,4,CONS,,,0,EE,EE-AU
270828291,5,TMO,,,0,EE,EE-AU
277317010,1,TCO,,,1,IN,IN-TH
277317010,2,LGA,,Millimeter,0,IN,IN-TH
277317010,3,DGA,,Millimeter,0,IN,IN-TH
277317010,4,RAC,,,0,IN,IN-TH
277317010,5,FAB,,,0,IN,IN-TH
277317023,1,TDC,,,0,EL,EL-MO
277317023,2,PUI,,Kilowatt,1,EL,EL-MO
277317023,3,VIT,,,0,EL,EL-MO
277317023,4,FIX,,,0,EL,EL-MO
277317023,5,TEN,,,0,EL,EL-MO
277317071,1,TPR,,,0,ME,ME-CO
277317071,2,LPR,,Millimeter,1,ME,ME-CO
277317071,3,LEP,,Millimeter,0,ME,ME-CO
277317071,4,PDE,,,0,ME,ME-CO
277317071,5,MAT,,,0,ME,ME-CO
300102472,1,TYPE,,,0,HY,HY-VE
300102472,2,DAP,,Millimeter,1,HY,HY-VE
300102472,3,DGT,,Millimeter,0,HY,HY-VE
300102472,4,COU,,Millimeter,0,HY,HY-VE
300102472,5,PRE,,Bar,0,HY,HY-VE
357767001,1,TYPE,,,0,HY,HY-FI
357767001,2,SEU,,Micrometer,1,HY,HY-FI
357767001,3,RAC,,,0,HY,HY-FI
357767001,4,DEB,,,0,HY,HY-FI
357767001,5,FAB,,,0,HY,HY-FI
700000030,1,TYPE,,,1,CS,CS-AM
700000030,2,RES,,,0,CS,CS-AM
700000030,3,CND,,,0,CS,CS-AM
700000030,4,APP,,,0,CS,CS-AM
700000030,5,FAB,,,0,CS,CS-AM
